# Blender 4.0.2
# www.blender.org
mtllib traveler_apose.mtl
o Traveler
v 0.000000 0.988168 -0.121353
v 0.000000 0.900000 -0.150000
v 0.000000 0.853647 -0.142658
v 0.000000 0.811832 -0.121353
v 0.000000 0.757342 -0.046353
v 0.017738 1.042658 -0.042824
v 0.033740 1.021353 -0.081456
v 0.046440 0.988168 -0.112115
v 0.054593 0.946353 -0.131799
v 0.057403 0.900000 -0.138582
v 0.054593 0.853647 -0.131799
v 0.046440 0.811832 -0.112115
v 0.033740 0.778647 -0.081456
v 0.017738 0.757342 -0.042824
v 0.032776 1.042658 -0.032776
v 0.062344 1.021353 -0.062344
v 0.085809 0.988168 -0.085809
v 0.100875 0.946353 -0.100875
v 0.106066 0.900000 -0.106066
v 0.100875 0.853647 -0.100875
v 0.085809 0.811832 -0.085809
v 0.062344 0.778647 -0.062344
v 0.032776 0.757342 -0.032776
v 0.042824 1.042658 -0.017738
v 0.081456 1.021353 -0.033740
v 0.112115 0.988168 -0.046440
v 0.131799 0.946353 -0.054593
v 0.138582 0.900000 -0.057403
v 0.131799 0.853647 -0.054593
v 0.112115 0.811832 -0.046440
v 0.081456 0.778647 -0.033740
v 0.042824 0.757342 -0.017738
v 0.046353 1.042658 0.000000
v 0.088168 1.021353 0.000000
v 0.121353 0.988168 0.000000
v 0.142658 0.946353 0.000000
v 0.150000 0.900000 0.000000
v 0.142658 0.853647 0.000000
v 0.121353 0.811832 0.000000
v 0.088168 0.778647 0.000000
v 0.046353 0.757342 0.000000
v 0.042824 1.042658 0.017738
v 0.081456 1.021353 0.033740
v 0.112115 0.988168 0.046440
v 0.131799 0.946353 0.054593
v 0.138582 0.900000 0.057403
v 0.131799 0.853647 0.054593
v 0.112115 0.811832 0.046440
v 0.081456 0.778647 0.033740
v 0.042824 0.757342 0.017738
v 0.032776 1.042658 0.032776
v 0.062344 1.021353 0.062344
v 0.085809 0.988168 0.085809
v 0.100875 0.946353 0.100875
v 0.106066 0.900000 0.106066
v 0.100875 0.853647 0.100875
v 0.085809 0.811832 0.085809
v 0.062344 0.778647 0.062344
v 0.032776 0.757342 0.032776
v 0.017738 1.042658 0.042824
v 0.033740 1.021353 0.081456
v 0.046440 0.988168 0.112115
v 0.054593 0.946353 0.131799
v 0.057402 0.900000 0.138582
v 0.054593 0.853647 0.131799
v 0.046440 0.811832 0.112115
v 0.033740 0.778647 0.081456
v 0.017738 0.757342 0.042824
v -0.000000 1.042658 0.046353
v -0.000000 1.021353 0.088168
v -0.000000 0.988168 0.121353
v -0.000000 0.946353 0.142658
v -0.000000 0.900000 0.150000
v -0.000000 0.853647 0.142658
v -0.000000 0.811832 0.121353
v -0.000000 0.778647 0.088168
v -0.000000 0.757342 0.046353
v 0.000000 0.750000 0.000000
v -0.017738 1.042658 0.042824
v -0.033740 1.021353 0.081456
v -0.046440 0.988168 0.112115
v -0.054593 0.946353 0.131799
v -0.057403 0.900000 0.138582
v -0.054593 0.853647 0.131799
v -0.046440 0.811832 0.112115
v -0.033740 0.778647 0.081456
v -0.017738 0.757342 0.042824
v 0.000000 1.050000 0.000000
v -0.032776 1.042658 0.032776
v -0.062344 1.021353 0.062344
v -0.085809 0.988168 0.085809
v -0.100875 0.946353 0.100875
v -0.106066 0.900000 0.106066
v -0.100875 0.853647 0.100875
v -0.085809 0.811832 0.085809
v -0.062344 0.778647 0.062344
v -0.032776 0.757342 0.032776
v -0.042824 1.042658 0.017738
v -0.081456 1.021353 0.033740
v -0.112115 0.988168 0.046440
v -0.131799 0.946353 0.054593
v -0.138582 0.900000 0.057402
v -0.131799 0.853647 0.054593
v -0.112115 0.811832 0.046440
v -0.081456 0.778647 0.033740
v -0.042824 0.757342 0.017738
v -0.046353 1.042658 -0.000000
v -0.088168 1.021353 -0.000000
v -0.121353 0.988168 -0.000000
v -0.142658 0.946353 -0.000000
v -0.150000 0.900000 -0.000000
v -0.142658 0.853647 -0.000000
v -0.121353 0.811832 -0.000000
v -0.088168 0.778647 -0.000000
v -0.046353 0.757342 -0.000000
v -0.042824 1.042658 -0.017738
v -0.081456 1.021353 -0.033740
v -0.112115 0.988168 -0.046440
v -0.131799 0.946353 -0.054593
v -0.138582 0.900000 -0.057403
v -0.131799 0.853647 -0.054593
v -0.112115 0.811832 -0.046440
v -0.081456 0.778647 -0.033740
v -0.042824 0.757342 -0.017738
v -0.032776 1.042658 -0.032776
v -0.062344 1.021353 -0.062344
v -0.085809 0.988168 -0.085809
v -0.100875 0.946353 -0.100875
v -0.106066 0.900000 -0.106066
v -0.100875 0.853647 -0.100875
v -0.085809 0.811832 -0.085809
v -0.062344 0.778647 -0.062344
v -0.032776 0.757342 -0.032776
v -0.017738 1.042658 -0.042824
v -0.033740 1.021353 -0.081456
v -0.046440 0.988168 -0.112115
v -0.054593 0.946353 -0.131799
v -0.057402 0.900000 -0.138582
v -0.054593 0.853647 -0.131799
v -0.046440 0.811832 -0.112115
v -0.033740 0.778647 -0.081456
v -0.017738 0.757342 -0.042824
v 0.000000 1.042658 -0.046353
v 0.000000 1.021353 -0.088168
v 0.000000 0.946353 -0.142658
v 0.000000 0.778647 -0.088168
v 0.000000 0.930000 -0.150000
v 0.000000 1.200000 -0.150000
v 0.065083 0.930000 -0.135145
v 0.065083 1.200000 -0.135145
v 0.117275 0.930000 -0.093523
v 0.117275 1.200000 -0.093523
v 0.146239 0.930000 -0.033378
v 0.146239 1.200000 -0.033378
v 0.146239 0.930000 0.033378
v 0.146239 1.200000 0.033378
v 0.117275 0.930000 0.093523
v 0.117275 1.200000 0.093523
v 0.065083 0.930000 0.135145
v 0.065083 1.200000 0.135145
v 0.000000 0.930000 0.150000
v 0.000000 1.200000 0.150000
v -0.065083 0.930000 0.135145
v -0.065083 1.200000 0.135145
v -0.117275 0.930000 0.093523
v -0.117275 1.200000 0.093523
v -0.146239 0.930000 0.033378
v -0.146239 1.200000 0.033378
v -0.146239 0.930000 -0.033378
v -0.146239 1.200000 -0.033378
v -0.117275 0.930000 -0.093523
v -0.117275 1.200000 -0.093523
v -0.065083 0.930000 -0.135145
v -0.065083 1.200000 -0.135145
v 0.000000 1.018168 -0.121353
v 0.000000 0.930000 -0.150000
v 0.000000 0.883647 -0.142658
v 0.000000 0.841832 -0.121353
v 0.000000 0.787342 -0.046353
v 0.017738 1.072659 -0.042824
v 0.033740 1.051353 -0.081456
v 0.046440 1.018168 -0.112115
v 0.054593 0.976353 -0.131799
v 0.057403 0.930000 -0.138582
v 0.054593 0.883647 -0.131799
v 0.046440 0.841832 -0.112115
v 0.033740 0.808647 -0.081456
v 0.017738 0.787342 -0.042824
v 0.032776 1.072659 -0.032776
v 0.062344 1.051353 -0.062344
v 0.085809 1.018168 -0.085809
v 0.100875 0.976353 -0.100875
v 0.106066 0.930000 -0.106066
v 0.100875 0.883647 -0.100875
v 0.085809 0.841832 -0.085809
v 0.062344 0.808647 -0.062344
v 0.032776 0.787342 -0.032776
v 0.042824 1.072659 -0.017738
v 0.081456 1.051353 -0.033740
v 0.112115 1.018168 -0.046440
v 0.131799 0.976353 -0.054593
v 0.138582 0.930000 -0.057403
v 0.131799 0.883647 -0.054593
v 0.112115 0.841832 -0.046440
v 0.081456 0.808647 -0.033740
v 0.042824 0.787342 -0.017738
v 0.046353 1.072659 0.000000
v 0.088168 1.051353 0.000000
v 0.121353 1.018168 0.000000
v 0.142658 0.976353 0.000000
v 0.150000 0.930000 0.000000
v 0.142658 0.883647 0.000000
v 0.121353 0.841832 0.000000
v 0.088168 0.808647 0.000000
v 0.046353 0.787342 0.000000
v 0.042824 1.072659 0.017738
v 0.081456 1.051353 0.033740
v 0.112115 1.018168 0.046440
v 0.131799 0.976353 0.054593
v 0.138582 0.930000 0.057403
v 0.131799 0.883647 0.054593
v 0.112115 0.841832 0.046440
v 0.081456 0.808647 0.033740
v 0.042824 0.787342 0.017738
v 0.032776 1.072659 0.032776
v 0.062344 1.051353 0.062344
v 0.085809 1.018168 0.085809
v 0.100875 0.976353 0.100875
v 0.106066 0.930000 0.106066
v 0.100875 0.883647 0.100875
v 0.085809 0.841832 0.085809
v 0.062344 0.808647 0.062344
v 0.032776 0.787342 0.032776
v 0.017738 1.072659 0.042824
v 0.033740 1.051353 0.081456
v 0.046440 1.018168 0.112115
v 0.054593 0.976353 0.131799
v 0.057402 0.930000 0.138582
v 0.054593 0.883647 0.131799
v 0.046440 0.841832 0.112115
v 0.033740 0.808647 0.081456
v 0.017738 0.787342 0.042824
v -0.000000 1.072659 0.046353
v -0.000000 1.051353 0.088168
v -0.000000 1.018168 0.121353
v -0.000000 0.976353 0.142658
v -0.000000 0.930000 0.150000
v -0.000000 0.883647 0.142658
v -0.000000 0.841832 0.121353
v -0.000000 0.808647 0.088168
v -0.000000 0.787342 0.046353
v 0.000000 0.780000 0.000000
v -0.017738 1.072659 0.042824
v -0.033740 1.051353 0.081456
v -0.046440 1.018168 0.112115
v -0.054593 0.976353 0.131799
v -0.057403 0.930000 0.138582
v -0.054593 0.883647 0.131799
v -0.046440 0.841832 0.112115
v -0.033740 0.808647 0.081456
v -0.017738 0.787342 0.042824
v 0.000000 1.080000 0.000000
v -0.032776 1.072659 0.032776
v -0.062344 1.051353 0.062344
v -0.085809 1.018168 0.085809
v -0.100875 0.976353 0.100875
v -0.106066 0.930000 0.106066
v -0.100875 0.883647 0.100875
v -0.085809 0.841832 0.085809
v -0.062344 0.808647 0.062344
v -0.032776 0.787342 0.032776
v -0.042824 1.072659 0.017738
v -0.081456 1.051353 0.033740
v -0.112115 1.018168 0.046440
v -0.131799 0.976353 0.054593
v -0.138582 0.930000 0.057402
v -0.131799 0.883647 0.054593
v -0.112115 0.841832 0.046440
v -0.081456 0.808647 0.033740
v -0.042824 0.787342 0.017738
v -0.046353 1.072659 -0.000000
v -0.088168 1.051353 -0.000000
v -0.121353 1.018168 -0.000000
v -0.142658 0.976353 -0.000000
v -0.150000 0.930000 -0.000000
v -0.142658 0.883647 -0.000000
v -0.121353 0.841832 -0.000000
v -0.088168 0.808647 -0.000000
v -0.046353 0.787342 -0.000000
v -0.042824 1.072659 -0.017738
v -0.081456 1.051353 -0.033740
v -0.112115 1.018168 -0.046440
v -0.131799 0.976353 -0.054593
v -0.138582 0.930000 -0.057403
v -0.131799 0.883647 -0.054593
v -0.112115 0.841832 -0.046440
v -0.081456 0.808647 -0.033740
v -0.042824 0.787342 -0.017738
v -0.032776 1.072659 -0.032776
v -0.062344 1.051353 -0.062344
v -0.085809 1.018168 -0.085809
v -0.100875 0.976353 -0.100875
v -0.106066 0.930000 -0.106066
v -0.100875 0.883647 -0.100875
v -0.085809 0.841832 -0.085809
v -0.062344 0.808647 -0.062344
v -0.032776 0.787342 -0.032776
v -0.017738 1.072659 -0.042824
v -0.033740 1.051353 -0.081456
v -0.046440 1.018168 -0.112115
v -0.054593 0.976353 -0.131799
v -0.057402 0.930000 -0.138582
v -0.054593 0.883647 -0.131799
v -0.046440 0.841832 -0.112115
v -0.033740 0.808647 -0.081456
v -0.017738 0.787342 -0.042824
v 0.000000 1.072659 -0.046353
v 0.000000 1.051353 -0.088168
v 0.000000 0.976353 -0.142658
v 0.000000 0.808647 -0.088168
v 0.000000 1.288168 -0.121353
v 0.000000 1.200000 -0.150000
v 0.000000 1.153647 -0.142658
v 0.000000 1.111832 -0.121353
v 0.000000 1.057342 -0.046353
v 0.017738 1.342659 -0.042824
v 0.033740 1.321353 -0.081456
v 0.046440 1.288168 -0.112115
v 0.054593 1.246353 -0.131799
v 0.057403 1.200000 -0.138582
v 0.054593 1.153647 -0.131799
v 0.046440 1.111832 -0.112115
v 0.033740 1.078647 -0.081456
v 0.017738 1.057342 -0.042824
v 0.032776 1.342659 -0.032776
v 0.062344 1.321353 -0.062344
v 0.085809 1.288168 -0.085809
v 0.100875 1.246353 -0.100875
v 0.106066 1.200000 -0.106066
v 0.100875 1.153647 -0.100875
v 0.085809 1.111832 -0.085809
v 0.062344 1.078647 -0.062344
v 0.032776 1.057342 -0.032776
v 0.042824 1.342659 -0.017738
v 0.081456 1.321353 -0.033740
v 0.112115 1.288168 -0.046440
v 0.131799 1.246353 -0.054593
v 0.138582 1.200000 -0.057403
v 0.131799 1.153647 -0.054593
v 0.112115 1.111832 -0.046440
v 0.081456 1.078647 -0.033740
v 0.042824 1.057342 -0.017738
v 0.046353 1.342659 0.000000
v 0.088168 1.321353 0.000000
v 0.121353 1.288168 0.000000
v 0.142658 1.246353 0.000000
v 0.150000 1.200000 0.000000
v 0.142658 1.153647 0.000000
v 0.121353 1.111832 0.000000
v 0.088168 1.078647 0.000000
v 0.046353 1.057342 0.000000
v 0.042824 1.342659 0.017738
v 0.081456 1.321353 0.033740
v 0.112115 1.288168 0.046440
v 0.131799 1.246353 0.054593
v 0.138582 1.200000 0.057403
v 0.131799 1.153647 0.054593
v 0.112115 1.111832 0.046440
v 0.081456 1.078647 0.033740
v 0.042824 1.057342 0.017738
v 0.032776 1.342659 0.032776
v 0.062344 1.321353 0.062344
v 0.085809 1.288168 0.085809
v 0.100875 1.246353 0.100875
v 0.106066 1.200000 0.106066
v 0.100875 1.153647 0.100875
v 0.085809 1.111832 0.085809
v 0.062344 1.078647 0.062344
v 0.032776 1.057342 0.032776
v 0.017738 1.342659 0.042824
v 0.033740 1.321353 0.081456
v 0.046440 1.288168 0.112115
v 0.054593 1.246353 0.131799
v 0.057402 1.200000 0.138582
v 0.054593 1.153647 0.131799
v 0.046440 1.111832 0.112115
v 0.033740 1.078647 0.081456
v 0.017738 1.057342 0.042824
v -0.000000 1.342659 0.046353
v -0.000000 1.321353 0.088168
v -0.000000 1.288168 0.121353
v -0.000000 1.246353 0.142658
v -0.000000 1.200000 0.150000
v -0.000000 1.153647 0.142658
v -0.000000 1.111832 0.121353
v -0.000000 1.078647 0.088168
v -0.000000 1.057342 0.046353
v 0.000000 1.050000 0.000000
v -0.017738 1.342659 0.042824
v -0.033740 1.321353 0.081456
v -0.046440 1.288168 0.112115
v -0.054593 1.246353 0.131799
v -0.057403 1.200000 0.138582
v -0.054593 1.153647 0.131799
v -0.046440 1.111832 0.112115
v -0.033740 1.078647 0.081456
v -0.017738 1.057342 0.042824
v 0.000000 1.350000 0.000000
v -0.032776 1.342659 0.032776
v -0.062344 1.321353 0.062344
v -0.085809 1.288168 0.085809
v -0.100875 1.246353 0.100875
v -0.106066 1.200000 0.106066
v -0.100875 1.153647 0.100875
v -0.085809 1.111832 0.085809
v -0.062344 1.078647 0.062344
v -0.032776 1.057342 0.032776
v -0.042824 1.342659 0.017738
v -0.081456 1.321353 0.033740
v -0.112115 1.288168 0.046440
v -0.131799 1.246353 0.054593
v -0.138582 1.200000 0.057402
v -0.131799 1.153647 0.054593
v -0.112115 1.111832 0.046440
v -0.081456 1.078647 0.033740
v -0.042824 1.057342 0.017738
v -0.046353 1.342659 -0.000000
v -0.088168 1.321353 -0.000000
v -0.121353 1.288168 -0.000000
v -0.142658 1.246353 -0.000000
v -0.150000 1.200000 -0.000000
v -0.142658 1.153647 -0.000000
v -0.121353 1.111832 -0.000000
v -0.088168 1.078647 -0.000000
v -0.046353 1.057342 -0.000000
v -0.042824 1.342659 -0.017738
v -0.081456 1.321353 -0.033740
v -0.112115 1.288168 -0.046440
v -0.131799 1.246353 -0.054593
v -0.138582 1.200000 -0.057403
v -0.131799 1.153647 -0.054593
v -0.112115 1.111832 -0.046440
v -0.081456 1.078647 -0.033740
v -0.042824 1.057342 -0.017738
v -0.032776 1.342659 -0.032776
v -0.062344 1.321353 -0.062344
v -0.085809 1.288168 -0.085809
v -0.100875 1.246353 -0.100875
v -0.106066 1.200000 -0.106066
v -0.100875 1.153647 -0.100875
v -0.085809 1.111832 -0.085809
v -0.062344 1.078647 -0.062344
v -0.032776 1.057342 -0.032776
v -0.017738 1.342659 -0.042824
v -0.033740 1.321353 -0.081456
v -0.046440 1.288168 -0.112115
v -0.054593 1.246353 -0.131799
v -0.057402 1.200000 -0.138582
v -0.054593 1.153647 -0.131799
v -0.046440 1.111832 -0.112115
v -0.033740 1.078647 -0.081456
v -0.017738 1.057342 -0.042824
v 0.000000 1.342659 -0.046353
v 0.000000 1.321353 -0.088168
v 0.000000 1.246353 -0.142658
v 0.000000 1.078647 -0.088168
v 0.000000 1.256084 -0.060676
v 0.000000 1.212000 -0.075000
v 0.000000 1.188824 -0.071329
v 0.000000 1.167916 -0.060676
v 0.000000 1.140671 -0.023176
v 0.008869 1.283329 -0.021412
v 0.016870 1.272676 -0.040728
v 0.023220 1.256084 -0.056058
v 0.027297 1.235176 -0.065900
v 0.028701 1.212000 -0.069291
v 0.027297 1.188824 -0.065900
v 0.023220 1.167916 -0.056058
v 0.016870 1.151324 -0.040728
v 0.008869 1.140671 -0.021412
v 0.016388 1.283329 -0.016388
v 0.031172 1.272676 -0.031172
v 0.042905 1.256084 -0.042905
v 0.050437 1.235176 -0.050437
v 0.053033 1.212000 -0.053033
v 0.050437 1.188824 -0.050437
v 0.042905 1.167916 -0.042905
v 0.031172 1.151324 -0.031172
v 0.016388 1.140671 -0.016388
v 0.021412 1.283329 -0.008869
v 0.040728 1.272676 -0.016870
v 0.056058 1.256084 -0.023220
v 0.065900 1.235176 -0.027297
v 0.069291 1.212000 -0.028701
v 0.065900 1.188824 -0.027297
v 0.056058 1.167916 -0.023220
v 0.040728 1.151324 -0.016870
v 0.021412 1.140671 -0.008869
v 0.023176 1.283329 0.000000
v 0.044084 1.272676 0.000000
v 0.060676 1.256084 0.000000
v 0.071329 1.235176 0.000000
v 0.075000 1.212000 0.000000
v 0.071329 1.188824 0.000000
v 0.060676 1.167916 0.000000
v 0.044084 1.151324 0.000000
v 0.023176 1.140671 0.000000
v 0.021412 1.283329 0.008869
v 0.040728 1.272676 0.016870
v 0.056058 1.256084 0.023220
v 0.065900 1.235176 0.027297
v 0.069291 1.212000 0.028701
v 0.065900 1.188824 0.027297
v 0.056058 1.167916 0.023220
v 0.040728 1.151324 0.016870
v 0.021412 1.140671 0.008869
v 0.016388 1.283329 0.016388
v 0.031172 1.272676 0.031172
v 0.042905 1.256084 0.042905
v 0.050437 1.235176 0.050437
v 0.053033 1.212000 0.053033
v 0.050437 1.188824 0.050437
v 0.042905 1.167916 0.042905
v 0.031172 1.151324 0.031172
v 0.016388 1.140671 0.016388
v 0.008869 1.283329 0.021412
v 0.016870 1.272676 0.040728
v 0.023220 1.256084 0.056058
v 0.027297 1.235176 0.065900
v 0.028701 1.212000 0.069291
v 0.027297 1.188824 0.065900
v 0.023220 1.167916 0.056058
v 0.016870 1.151324 0.040728
v 0.008869 1.140671 0.021412
v -0.000000 1.283329 0.023176
v -0.000000 1.272676 0.044084
v -0.000000 1.256084 0.060676
v -0.000000 1.235176 0.071329
v -0.000000 1.212000 0.075000
v -0.000000 1.188824 0.071329
v -0.000000 1.167916 0.060676
v -0.000000 1.151324 0.044084
v -0.000000 1.140671 0.023176
v 0.000000 1.137000 0.000000
v -0.008869 1.283329 0.021412
v -0.016870 1.272676 0.040728
v -0.023220 1.256084 0.056058
v -0.027297 1.235176 0.065900
v -0.028701 1.212000 0.069291
v -0.027297 1.188824 0.065900
v -0.023220 1.167916 0.056058
v -0.016870 1.151324 0.040728
v -0.008869 1.140671 0.021412
v 0.000000 1.287000 0.000000
v -0.016388 1.283329 0.016388
v -0.031172 1.272676 0.031172
v -0.042905 1.256084 0.042905
v -0.050437 1.235176 0.050437
v -0.053033 1.212000 0.053033
v -0.050437 1.188824 0.050437
v -0.042905 1.167916 0.042905
v -0.031172 1.151324 0.031172
v -0.016388 1.140671 0.016388
v -0.021412 1.283329 0.008869
v -0.040728 1.272676 0.016870
v -0.056058 1.256084 0.023220
v -0.065900 1.235176 0.027296
v -0.069291 1.212000 0.028701
v -0.065900 1.188824 0.027296
v -0.056058 1.167916 0.023220
v -0.040728 1.151324 0.016870
v -0.021412 1.140671 0.008869
v -0.023176 1.283329 -0.000000
v -0.044084 1.272676 -0.000000
v -0.060676 1.256084 -0.000000
v -0.071329 1.235176 -0.000000
v -0.075000 1.212000 -0.000000
v -0.071329 1.188824 -0.000000
v -0.060676 1.167916 -0.000000
v -0.044084 1.151324 -0.000000
v -0.023176 1.140671 -0.000000
v -0.021412 1.283329 -0.008869
v -0.040728 1.272676 -0.016870
v -0.056058 1.256084 -0.023220
v -0.065900 1.235176 -0.027297
v -0.069291 1.212000 -0.028701
v -0.065900 1.188824 -0.027297
v -0.056058 1.167916 -0.023220
v -0.040728 1.151324 -0.016870
v -0.021412 1.140671 -0.008869
v -0.016388 1.283329 -0.016388
v -0.031172 1.272676 -0.031172
v -0.042905 1.256084 -0.042905
v -0.050437 1.235176 -0.050437
v -0.053033 1.212000 -0.053033
v -0.050437 1.188824 -0.050437
v -0.042905 1.167916 -0.042905
v -0.031172 1.151324 -0.031172
v -0.016388 1.140671 -0.016388
v -0.008869 1.283329 -0.021412
v -0.016870 1.272676 -0.040728
v -0.023220 1.256084 -0.056058
v -0.027296 1.235176 -0.065900
v -0.028701 1.212000 -0.069291
v -0.027296 1.188824 -0.065900
v -0.023220 1.167916 -0.056058
v -0.016870 1.151324 -0.040728
v -0.008869 1.140671 -0.021412
v 0.000000 1.283329 -0.023176
v 0.000000 1.272676 -0.044084
v 0.000000 1.235176 -0.071329
v 0.000000 1.151324 -0.044084
v 0.000000 1.548168 -0.121353
v 0.000000 1.460000 -0.150000
v 0.000000 1.413647 -0.142658
v 0.000000 1.371832 -0.121353
v 0.000000 1.317342 -0.046353
v 0.017738 1.602659 -0.042824
v 0.033740 1.581353 -0.081456
v 0.046440 1.548168 -0.112115
v 0.054593 1.506353 -0.131799
v 0.057403 1.460000 -0.138582
v 0.054593 1.413647 -0.131799
v 0.046440 1.371832 -0.112115
v 0.033740 1.338647 -0.081456
v 0.017738 1.317342 -0.042824
v 0.032776 1.602659 -0.032776
v 0.062344 1.581353 -0.062344
v 0.085809 1.548168 -0.085809
v 0.100875 1.506353 -0.100875
v 0.106066 1.460000 -0.106066
v 0.100875 1.413647 -0.100875
v 0.085809 1.371832 -0.085809
v 0.062344 1.338647 -0.062344
v 0.032776 1.317342 -0.032776
v 0.042824 1.602659 -0.017738
v 0.081456 1.581353 -0.033740
v 0.112115 1.548168 -0.046440
v 0.131799 1.506353 -0.054593
v 0.138582 1.460000 -0.057403
v 0.131799 1.413647 -0.054593
v 0.112115 1.371832 -0.046440
v 0.081456 1.338647 -0.033740
v 0.042824 1.317342 -0.017738
v 0.046353 1.602659 0.000000
v 0.088168 1.581353 0.000000
v 0.121353 1.548168 0.000000
v 0.142658 1.506353 0.000000
v 0.150000 1.460000 0.000000
v 0.142658 1.413647 0.000000
v 0.121353 1.371832 0.000000
v 0.088168 1.338647 0.000000
v 0.046353 1.317342 0.000000
v 0.042824 1.602659 0.017738
v 0.081456 1.581353 0.033740
v 0.112115 1.548168 0.046440
v 0.131799 1.506353 0.054593
v 0.138582 1.460000 0.057403
v 0.131799 1.413647 0.054593
v 0.112115 1.371832 0.046440
v 0.081456 1.338647 0.033740
v 0.042824 1.317342 0.017738
v 0.032776 1.602659 0.032776
v 0.062344 1.581353 0.062344
v 0.085809 1.548168 0.085809
v 0.100875 1.506353 0.100875
v 0.106066 1.460000 0.106066
v 0.100875 1.413647 0.100875
v 0.085809 1.371832 0.085809
v 0.062344 1.338647 0.062344
v 0.032776 1.317342 0.032776
v 0.017738 1.602659 0.042824
v 0.033740 1.581353 0.081456
v 0.046440 1.548168 0.112115
v 0.054593 1.506353 0.131799
v 0.057402 1.460000 0.138582
v 0.054593 1.413647 0.131799
v 0.046440 1.371832 0.112115
v 0.033740 1.338647 0.081456
v 0.017738 1.317342 0.042824
v -0.000000 1.602659 0.046353
v -0.000000 1.581353 0.088168
v -0.000000 1.548168 0.121353
v -0.000000 1.506353 0.142658
v -0.000000 1.460000 0.150000
v -0.000000 1.413647 0.142658
v -0.000000 1.371832 0.121353
v -0.000000 1.338647 0.088168
v -0.000000 1.317342 0.046353
v 0.000000 1.310000 0.000000
v -0.017738 1.602659 0.042824
v -0.033740 1.581353 0.081456
v -0.046440 1.548168 0.112115
v -0.054593 1.506353 0.131799
v -0.057403 1.460000 0.138582
v -0.054593 1.413647 0.131799
v -0.046440 1.371832 0.112115
v -0.033740 1.338647 0.081456
v -0.017738 1.317342 0.042824
v 0.000000 1.610000 0.000000
v -0.032776 1.602659 0.032776
v -0.062344 1.581353 0.062344
v -0.085809 1.548168 0.085809
v -0.100875 1.506353 0.100875
v -0.106066 1.460000 0.106066
v -0.100875 1.413647 0.100875
v -0.085809 1.371832 0.085809
v -0.062344 1.338647 0.062344
v -0.032776 1.317342 0.032776
v -0.042824 1.602659 0.017738
v -0.081456 1.581353 0.033740
v -0.112115 1.548168 0.046440
v -0.131799 1.506353 0.054593
v -0.138582 1.460000 0.057402
v -0.131799 1.413647 0.054593
v -0.112115 1.371832 0.046440
v -0.081456 1.338647 0.033740
v -0.042824 1.317342 0.017738
v -0.046353 1.602659 -0.000000
v -0.088168 1.581353 -0.000000
v -0.121353 1.548168 -0.000000
v -0.142658 1.506353 -0.000000
v -0.150000 1.460000 -0.000000
v -0.142658 1.413647 -0.000000
v -0.121353 1.371832 -0.000000
v -0.088168 1.338647 -0.000000
v -0.046353 1.317342 -0.000000
v -0.042824 1.602659 -0.017738
v -0.081456 1.581353 -0.033740
v -0.112115 1.548168 -0.046440
v -0.131799 1.506353 -0.054593
v -0.138582 1.460000 -0.057403
v -0.131799 1.413647 -0.054593
v -0.112115 1.371832 -0.046440
v -0.081456 1.338647 -0.033740
v -0.042824 1.317342 -0.017738
v -0.032776 1.602659 -0.032776
v -0.062344 1.581353 -0.062344
v -0.085809 1.548168 -0.085809
v -0.100875 1.506353 -0.100875
v -0.106066 1.460000 -0.106066
v -0.100875 1.413647 -0.100875
v -0.085809 1.371832 -0.085809
v -0.062344 1.338647 -0.062344
v -0.032776 1.317342 -0.032776
v -0.017738 1.602659 -0.042824
v -0.033740 1.581353 -0.081456
v -0.046440 1.548168 -0.112115
v -0.054593 1.506353 -0.131799
v -0.057402 1.460000 -0.138582
v -0.054593 1.413647 -0.131799
v -0.046440 1.371832 -0.112115
v -0.033740 1.338647 -0.081456
v -0.017738 1.317342 -0.042824
v 0.000000 1.602659 -0.046353
v 0.000000 1.581353 -0.088168
v 0.000000 1.506353 -0.142658
v 0.000000 1.338647 -0.088168
v -0.055000 1.496458 0.107348
v -0.055000 1.480000 0.102000
v -0.055000 1.471348 0.103370
v -0.055000 1.463542 0.107348
v -0.055000 1.453370 0.121348
v -0.051689 1.506630 0.122006
v -0.048702 1.502653 0.114795
v -0.046331 1.496458 0.109072
v -0.044809 1.488652 0.105397
v -0.044285 1.480000 0.104131
v -0.044809 1.471348 0.105397
v -0.046331 1.463542 0.109072
v -0.048702 1.457348 0.114795
v -0.051689 1.453370 0.122006
v -0.048882 1.506630 0.123882
v -0.043362 1.502653 0.118362
v -0.038982 1.496458 0.113982
v -0.036170 1.488652 0.111170
v -0.035201 1.480000 0.110201
v -0.036170 1.471348 0.111170
v -0.038982 1.463542 0.113982
v -0.043362 1.457348 0.118362
v -0.048882 1.453370 0.123882
v -0.047006 1.506630 0.126689
v -0.039795 1.502653 0.123702
v -0.034072 1.496458 0.121331
v -0.030397 1.488652 0.119809
v -0.029131 1.480000 0.119285
v -0.030397 1.471348 0.119809
v -0.034072 1.463542 0.121331
v -0.039795 1.457348 0.123702
v -0.047006 1.453370 0.126689
v -0.046348 1.506630 0.130000
v -0.038542 1.502653 0.130000
v -0.032348 1.496458 0.130000
v -0.028370 1.488652 0.130000
v -0.027000 1.480000 0.130000
v -0.028370 1.471348 0.130000
v -0.032348 1.463542 0.130000
v -0.038542 1.457348 0.130000
v -0.046348 1.453370 0.130000
v -0.047006 1.506630 0.133311
v -0.039795 1.502653 0.136298
v -0.034072 1.496458 0.138669
v -0.030397 1.488652 0.140191
v -0.029131 1.480000 0.140715
v -0.030397 1.471348 0.140191
v -0.034072 1.463542 0.138669
v -0.039795 1.457348 0.136298
v -0.047006 1.453370 0.133311
v -0.048882 1.506630 0.136118
v -0.043362 1.502653 0.141638
v -0.038982 1.496458 0.146018
v -0.036170 1.488652 0.148830
v -0.035201 1.480000 0.149799
v -0.036170 1.471348 0.148830
v -0.038982 1.463542 0.146018
v -0.043362 1.457348 0.141638
v -0.048882 1.453370 0.136118
v -0.051689 1.506630 0.137994
v -0.048702 1.502653 0.145205
v -0.046331 1.496458 0.150928
v -0.044809 1.488652 0.154603
v -0.044285 1.480000 0.155869
v -0.044809 1.471348 0.154603
v -0.046331 1.463542 0.150928
v -0.048702 1.457348 0.145205
v -0.051689 1.453370 0.137994
v -0.055000 1.506630 0.138652
v -0.055000 1.502653 0.146458
v -0.055000 1.496458 0.152652
v -0.055000 1.488652 0.156630
v -0.055000 1.480000 0.158000
v -0.055000 1.471348 0.156630
v -0.055000 1.463542 0.152652
v -0.055000 1.457348 0.146458
v -0.055000 1.453370 0.138652
v -0.055000 1.452000 0.130000
v -0.058311 1.506630 0.137994
v -0.061298 1.502653 0.145205
v -0.063669 1.496458 0.150928
v -0.065191 1.488652 0.154603
v -0.065715 1.480000 0.155869
v -0.065191 1.471348 0.154603
v -0.063669 1.463542 0.150928
v -0.061298 1.457348 0.145205
v -0.058311 1.453370 0.137994
v -0.055000 1.508000 0.130000
v -0.061118 1.506630 0.136118
v -0.066638 1.502653 0.141638
v -0.071018 1.496458 0.146018
v -0.073830 1.488652 0.148830
v -0.074799 1.480000 0.149799
v -0.073830 1.471348 0.148830
v -0.071018 1.463542 0.146018
v -0.066638 1.457348 0.141638
v -0.061118 1.453370 0.136118
v -0.062994 1.506630 0.133311
v -0.070205 1.502653 0.136298
v -0.075928 1.496458 0.138669
v -0.079603 1.488652 0.140191
v -0.080869 1.480000 0.140715
v -0.079603 1.471348 0.140191
v -0.075928 1.463542 0.138669
v -0.070205 1.457348 0.136298
v -0.062994 1.453370 0.133311
v -0.063652 1.506630 0.130000
v -0.071458 1.502653 0.130000
v -0.077652 1.496458 0.130000
v -0.081630 1.488652 0.130000
v -0.083000 1.480000 0.130000
v -0.081630 1.471348 0.130000
v -0.077652 1.463542 0.130000
v -0.071458 1.457348 0.130000
v -0.063652 1.453370 0.130000
v -0.062994 1.506630 0.126689
v -0.070205 1.502653 0.123702
v -0.075928 1.496458 0.121331
v -0.079603 1.488652 0.119809
v -0.080869 1.480000 0.119285
v -0.079603 1.471348 0.119809
v -0.075928 1.463542 0.121331
v -0.070205 1.457348 0.123702
v -0.062994 1.453370 0.126689
v -0.061118 1.506630 0.123882
v -0.066638 1.502653 0.118362
v -0.071018 1.496458 0.113982
v -0.073830 1.488652 0.111170
v -0.074799 1.480000 0.110201
v -0.073830 1.471348 0.111170
v -0.071018 1.463542 0.113982
v -0.066638 1.457348 0.118362
v -0.061118 1.453370 0.123882
v -0.058311 1.506630 0.122006
v -0.061298 1.502653 0.114795
v -0.063669 1.496458 0.109072
v -0.065191 1.488652 0.105397
v -0.065715 1.480000 0.104131
v -0.065191 1.471348 0.105397
v -0.063669 1.463542 0.109072
v -0.061298 1.457348 0.114795
v -0.058311 1.453370 0.122006
v -0.055000 1.506630 0.121348
v -0.055000 1.502653 0.113542
v -0.055000 1.488652 0.103370
v -0.055000 1.457348 0.113542
v 0.055000 1.496458 0.107348
v 0.055000 1.480000 0.102000
v 0.055000 1.471348 0.103370
v 0.055000 1.463542 0.107348
v 0.055000 1.453370 0.121348
v 0.058311 1.506630 0.122006
v 0.061298 1.502653 0.114795
v 0.063669 1.496458 0.109072
v 0.065191 1.488652 0.105397
v 0.065715 1.480000 0.104131
v 0.065191 1.471348 0.105397
v 0.063669 1.463542 0.109072
v 0.061298 1.457348 0.114795
v 0.058311 1.453370 0.122006
v 0.061118 1.506630 0.123882
v 0.066638 1.502653 0.118362
v 0.071018 1.496458 0.113982
v 0.073830 1.488652 0.111170
v 0.074799 1.480000 0.110201
v 0.073830 1.471348 0.111170
v 0.071018 1.463542 0.113982
v 0.066638 1.457348 0.118362
v 0.061118 1.453370 0.123882
v 0.062994 1.506630 0.126689
v 0.070205 1.502653 0.123702
v 0.075928 1.496458 0.121331
v 0.079603 1.488652 0.119809
v 0.080869 1.480000 0.119285
v 0.079603 1.471348 0.119809
v 0.075928 1.463542 0.121331
v 0.070205 1.457348 0.123702
v 0.062994 1.453370 0.126689
v 0.063652 1.506630 0.130000
v 0.071458 1.502653 0.130000
v 0.077652 1.496458 0.130000
v 0.081630 1.488652 0.130000
v 0.083000 1.480000 0.130000
v 0.081630 1.471348 0.130000
v 0.077652 1.463542 0.130000
v 0.071458 1.457348 0.130000
v 0.063652 1.453370 0.130000
v 0.062994 1.506630 0.133311
v 0.070205 1.502653 0.136298
v 0.075928 1.496458 0.138669
v 0.079603 1.488652 0.140191
v 0.080869 1.480000 0.140715
v 0.079603 1.471348 0.140191
v 0.075928 1.463542 0.138669
v 0.070205 1.457348 0.136298
v 0.062994 1.453370 0.133311
v 0.061118 1.506630 0.136118
v 0.066638 1.502653 0.141638
v 0.071018 1.496458 0.146018
v 0.073830 1.488652 0.148830
v 0.074799 1.480000 0.149799
v 0.073830 1.471348 0.148830
v 0.071018 1.463542 0.146018
v 0.066638 1.457348 0.141638
v 0.061118 1.453370 0.136118
v 0.058311 1.506630 0.137994
v 0.061298 1.502653 0.145205
v 0.063669 1.496458 0.150928
v 0.065191 1.488652 0.154603
v 0.065715 1.480000 0.155869
v 0.065191 1.471348 0.154603
v 0.063669 1.463542 0.150928
v 0.061298 1.457348 0.145205
v 0.058311 1.453370 0.137994
v 0.055000 1.506630 0.138652
v 0.055000 1.502653 0.146458
v 0.055000 1.496458 0.152652
v 0.055000 1.488652 0.156630
v 0.055000 1.480000 0.158000
v 0.055000 1.471348 0.156630
v 0.055000 1.463542 0.152652
v 0.055000 1.457348 0.146458
v 0.055000 1.453370 0.138652
v 0.055000 1.452000 0.130000
v 0.051689 1.506630 0.137994
v 0.048702 1.502653 0.145205
v 0.046331 1.496458 0.150928
v 0.044809 1.488652 0.154603
v 0.044285 1.480000 0.155869
v 0.044809 1.471348 0.154603
v 0.046331 1.463542 0.150928
v 0.048702 1.457348 0.145205
v 0.051689 1.453370 0.137994
v 0.055000 1.508000 0.130000
v 0.048882 1.506630 0.136118
v 0.043362 1.502653 0.141638
v 0.038982 1.496458 0.146018
v 0.036170 1.488652 0.148830
v 0.035201 1.480000 0.149799
v 0.036170 1.471348 0.148830
v 0.038982 1.463542 0.146018
v 0.043362 1.457348 0.141638
v 0.048882 1.453370 0.136118
v 0.047006 1.506630 0.133311
v 0.039795 1.502653 0.136298
v 0.034072 1.496458 0.138669
v 0.030397 1.488652 0.140191
v 0.029131 1.480000 0.140715
v 0.030397 1.471348 0.140191
v 0.034072 1.463542 0.138669
v 0.039795 1.457348 0.136298
v 0.047006 1.453370 0.133311
v 0.046348 1.506630 0.130000
v 0.038542 1.502653 0.130000
v 0.032348 1.496458 0.130000
v 0.028370 1.488652 0.130000
v 0.027000 1.480000 0.130000
v 0.028370 1.471348 0.130000
v 0.032348 1.463542 0.130000
v 0.038542 1.457348 0.130000
v 0.046348 1.453370 0.130000
v 0.047006 1.506630 0.126689
v 0.039795 1.502653 0.123702
v 0.034072 1.496458 0.121331
v 0.030397 1.488652 0.119809
v 0.029131 1.480000 0.119285
v 0.030397 1.471348 0.119809
v 0.034072 1.463542 0.121331
v 0.039795 1.457348 0.123702
v 0.047006 1.453370 0.126689
v 0.048882 1.506630 0.123882
v 0.043362 1.502653 0.118362
v 0.038982 1.496458 0.113982
v 0.036170 1.488652 0.111170
v 0.035201 1.480000 0.110201
v 0.036170 1.471348 0.111170
v 0.038982 1.463542 0.113982
v 0.043362 1.457348 0.118362
v 0.048882 1.453370 0.123882
v 0.051689 1.506630 0.122006
v 0.048702 1.502653 0.114795
v 0.046331 1.496458 0.109072
v 0.044809 1.488652 0.105397
v 0.044285 1.480000 0.104131
v 0.044809 1.471348 0.105397
v 0.046331 1.463542 0.109072
v 0.048702 1.457348 0.114795
v 0.051689 1.453370 0.122006
v 0.055000 1.506630 0.121348
v 0.055000 1.502653 0.113542
v 0.055000 1.488652 0.103370
v 0.055000 1.457348 0.113542
v 0.000000 1.545000 -0.300000
v 0.000000 1.570000 -0.300000
v 0.114805 1.545000 -0.277164
v 0.114805 1.570000 -0.277164
v 0.212132 1.545000 -0.212132
v 0.212132 1.570000 -0.212132
v 0.277164 1.545000 -0.114805
v 0.277164 1.570000 -0.114805
v 0.300000 1.545000 0.000000
v 0.300000 1.570000 0.000000
v 0.277164 1.545000 0.114805
v 0.277164 1.570000 0.114805
v 0.212132 1.545000 0.212132
v 0.212132 1.570000 0.212132
v 0.114805 1.545000 0.277164
v 0.114805 1.570000 0.277164
v 0.000000 1.545000 0.300000
v 0.000000 1.570000 0.300000
v -0.114805 1.545000 0.277164
v -0.114805 1.570000 0.277164
v -0.212132 1.545000 0.212132
v -0.212132 1.570000 0.212132
v -0.277164 1.545000 0.114805
v -0.277164 1.570000 0.114805
v -0.300000 1.545000 0.000000
v -0.300000 1.570000 0.000000
v -0.277164 1.545000 -0.114805
v -0.277164 1.570000 -0.114805
v -0.212132 1.545000 -0.212132
v -0.212132 1.570000 -0.212132
v -0.114805 1.545000 -0.277164
v -0.114805 1.570000 -0.277164
v 0.037507 1.580691 -0.206191
v 0.105766 1.590052 -0.192565
v 0.164081 1.595159 -0.153759
v 0.203575 1.595234 -0.095683
v 0.218234 1.590266 -0.027177
v 0.205827 1.581011 0.041328
v 0.168244 1.568878 0.099405
v 0.111204 1.555715 0.138210
v 0.043393 1.543524 0.151837
v -0.024866 1.534163 0.138210
v -0.083181 1.529056 0.099405
v -0.122674 1.528981 0.041328
v -0.137334 1.533950 -0.027177
v -0.124927 1.543205 -0.095683
v -0.087343 1.555337 -0.153759
v -0.030304 1.568501 -0.192565
v -0.040450 2.072892 0.027177
v -0.190000 1.284084 -0.060676
v -0.190000 1.240000 -0.075000
v -0.190000 1.216824 -0.071329
v -0.190000 1.195916 -0.060676
v -0.190000 1.168671 -0.023176
v -0.181131 1.311329 -0.021412
v -0.173130 1.300676 -0.040728
v -0.166780 1.284084 -0.056058
v -0.162703 1.263176 -0.065900
v -0.161299 1.240000 -0.069291
v -0.162703 1.216824 -0.065900
v -0.166780 1.195916 -0.056058
v -0.173130 1.179324 -0.040728
v -0.181131 1.168671 -0.021412
v -0.173612 1.311329 -0.016388
v -0.158828 1.300676 -0.031172
v -0.147095 1.284084 -0.042905
v -0.139563 1.263176 -0.050437
v -0.136967 1.240000 -0.053033
v -0.139563 1.216824 -0.050437
v -0.147095 1.195916 -0.042905
v -0.158828 1.179324 -0.031172
v -0.173612 1.168671 -0.016388
v -0.168588 1.311329 -0.008869
v -0.149272 1.300676 -0.016870
v -0.133942 1.284084 -0.023220
v -0.124100 1.263176 -0.027297
v -0.120709 1.240000 -0.028701
v -0.124100 1.216824 -0.027297
v -0.133942 1.195916 -0.023220
v -0.149272 1.179324 -0.016870
v -0.168588 1.168671 -0.008869
v -0.166824 1.311329 0.000000
v -0.145916 1.300676 0.000000
v -0.129324 1.284084 0.000000
v -0.118671 1.263176 0.000000
v -0.115000 1.240000 0.000000
v -0.118671 1.216824 0.000000
v -0.129324 1.195916 0.000000
v -0.145916 1.179324 0.000000
v -0.166824 1.168671 0.000000
v -0.168588 1.311329 0.008869
v -0.149272 1.300676 0.016870
v -0.133942 1.284084 0.023220
v -0.124100 1.263176 0.027297
v -0.120709 1.240000 0.028701
v -0.124100 1.216824 0.027297
v -0.133942 1.195916 0.023220
v -0.149272 1.179324 0.016870
v -0.168588 1.168671 0.008869
v -0.173612 1.311329 0.016388
v -0.158828 1.300676 0.031172
v -0.147095 1.284084 0.042905
v -0.139563 1.263176 0.050437
v -0.136967 1.240000 0.053033
v -0.139563 1.216824 0.050437
v -0.147095 1.195916 0.042905
v -0.158828 1.179324 0.031172
v -0.173612 1.168671 0.016388
v -0.181131 1.311329 0.021412
v -0.173130 1.300676 0.040728
v -0.166780 1.284084 0.056058
v -0.162703 1.263176 0.065900
v -0.161299 1.240000 0.069291
v -0.162703 1.216824 0.065900
v -0.166780 1.195916 0.056058
v -0.173130 1.179324 0.040728
v -0.181131 1.168671 0.021412
v -0.190000 1.311329 0.023176
v -0.190000 1.300676 0.044084
v -0.190000 1.284084 0.060676
v -0.190000 1.263176 0.071329
v -0.190000 1.240000 0.075000
v -0.190000 1.216824 0.071329
v -0.190000 1.195916 0.060676
v -0.190000 1.179324 0.044084
v -0.190000 1.168671 0.023176
v -0.190000 1.165000 0.000000
v -0.198869 1.311329 0.021412
v -0.206870 1.300676 0.040728
v -0.213220 1.284084 0.056058
v -0.217297 1.263176 0.065900
v -0.218701 1.240000 0.069291
v -0.217297 1.216824 0.065900
v -0.213220 1.195916 0.056058
v -0.206870 1.179324 0.040728
v -0.198869 1.168671 0.021412
v -0.190000 1.315000 0.000000
v -0.206388 1.311329 0.016388
v -0.221172 1.300676 0.031172
v -0.232905 1.284084 0.042905
v -0.240437 1.263176 0.050437
v -0.243033 1.240000 0.053033
v -0.240437 1.216824 0.050437
v -0.232905 1.195916 0.042905
v -0.221172 1.179324 0.031172
v -0.206388 1.168671 0.016388
v -0.211412 1.311329 0.008869
v -0.230728 1.300676 0.016870
v -0.246058 1.284084 0.023220
v -0.255900 1.263176 0.027296
v -0.259291 1.240000 0.028701
v -0.255900 1.216824 0.027296
v -0.246058 1.195916 0.023220
v -0.230728 1.179324 0.016870
v -0.211412 1.168671 0.008869
v -0.213176 1.311329 -0.000000
v -0.234084 1.300676 -0.000000
v -0.250676 1.284084 -0.000000
v -0.261329 1.263176 -0.000000
v -0.265000 1.240000 -0.000000
v -0.261329 1.216824 -0.000000
v -0.250676 1.195916 -0.000000
v -0.234084 1.179324 -0.000000
v -0.213176 1.168671 -0.000000
v -0.211412 1.311329 -0.008869
v -0.230728 1.300676 -0.016870
v -0.246058 1.284084 -0.023220
v -0.255900 1.263176 -0.027297
v -0.259291 1.240000 -0.028701
v -0.255900 1.216824 -0.027297
v -0.246058 1.195916 -0.023220
v -0.230728 1.179324 -0.016870
v -0.211412 1.168671 -0.008869
v -0.206388 1.311329 -0.016388
v -0.221172 1.300676 -0.031172
v -0.232905 1.284084 -0.042905
v -0.240437 1.263176 -0.050437
v -0.243033 1.240000 -0.053033
v -0.240437 1.216824 -0.050437
v -0.232905 1.195916 -0.042905
v -0.221172 1.179324 -0.031172
v -0.206388 1.168671 -0.016388
v -0.198869 1.311329 -0.021412
v -0.206870 1.300676 -0.040728
v -0.213220 1.284084 -0.056058
v -0.217296 1.263176 -0.065900
v -0.218701 1.240000 -0.069291
v -0.217296 1.216824 -0.065900
v -0.213220 1.195916 -0.056058
v -0.206870 1.179324 -0.040728
v -0.198869 1.168671 -0.021412
v -0.190000 1.311329 -0.023176
v -0.190000 1.300676 -0.044084
v -0.190000 1.263176 -0.071329
v -0.190000 1.179324 -0.044084
v -0.190000 1.240000 -0.058000
v -0.369981 1.025508 -0.058000
v -0.209278 1.256176 -0.052256
v -0.389258 1.041684 -0.052256
v -0.224737 1.269148 -0.036162
v -0.404718 1.054656 -0.036162
v -0.233317 1.276347 -0.012906
v -0.413297 1.061855 -0.012906
v -0.233317 1.276347 0.012906
v -0.413297 1.061855 0.012906
v -0.224737 1.269148 0.036162
v -0.404718 1.054656 0.036162
v -0.209278 1.256176 0.052256
v -0.389258 1.041684 0.052256
v -0.190000 1.240000 0.058000
v -0.369981 1.025508 0.058000
v -0.170722 1.223824 0.052256
v -0.350703 1.009332 0.052256
v -0.155263 1.210852 0.036162
v -0.335243 0.996360 0.036162
v -0.146683 1.203653 0.012906
v -0.326664 0.989161 0.012906
v -0.146683 1.203653 -0.012906
v -0.326664 0.989161 -0.012906
v -0.155263 1.210852 -0.036162
v -0.335243 0.996360 -0.036162
v -0.170722 1.223824 -0.052256
v -0.350703 1.009332 -0.052256
v -0.190000 1.274091 -0.046923
v -0.190000 1.257923 -0.055161
v -0.190000 1.240000 -0.058000
v -0.190000 1.205909 -0.046923
v -0.190000 1.184839 -0.017923
v -0.183141 1.295161 -0.016559
v -0.176954 1.286923 -0.031496
v -0.172043 1.274091 -0.043351
v -0.168891 1.257923 -0.050962
v -0.167804 1.240000 -0.053585
v -0.168891 1.222077 -0.050962
v -0.172043 1.205909 -0.043351
v -0.176954 1.193077 -0.031496
v -0.183141 1.184839 -0.016559
v -0.177327 1.295161 -0.012673
v -0.165894 1.286923 -0.024106
v -0.156820 1.274091 -0.033180
v -0.150995 1.257923 -0.039005
v -0.148988 1.240000 -0.041012
v -0.150995 1.222077 -0.039005
v -0.156820 1.205909 -0.033180
v -0.165894 1.193077 -0.024106
v -0.177327 1.184839 -0.012673
v -0.173441 1.295161 -0.006859
v -0.158504 1.286923 -0.013046
v -0.146649 1.274091 -0.017957
v -0.139038 1.257923 -0.021109
v -0.136415 1.240000 -0.022196
v -0.139038 1.222077 -0.021109
v -0.146649 1.205909 -0.017957
v -0.158504 1.193077 -0.013046
v -0.173441 1.184839 -0.006859
v -0.172077 1.295161 0.000000
v -0.155908 1.286923 0.000000
v -0.143077 1.274091 0.000000
v -0.134839 1.257923 0.000000
v -0.132000 1.240000 0.000000
v -0.134839 1.222077 0.000000
v -0.143077 1.205909 0.000000
v -0.155908 1.193077 0.000000
v -0.172077 1.184839 0.000000
v -0.173441 1.295161 0.006859
v -0.158504 1.286923 0.013046
v -0.146649 1.274091 0.017957
v -0.139038 1.257923 0.021109
v -0.136415 1.240000 0.022196
v -0.139038 1.222077 0.021109
v -0.146649 1.205909 0.017957
v -0.158504 1.193077 0.013046
v -0.173441 1.184839 0.006859
v -0.177327 1.295161 0.012673
v -0.165894 1.286923 0.024106
v -0.156820 1.274091 0.033180
v -0.150995 1.257923 0.039005
v -0.148988 1.240000 0.041012
v -0.150995 1.222077 0.039005
v -0.156820 1.205909 0.033180
v -0.165894 1.193077 0.024106
v -0.177327 1.184839 0.012673
v -0.183141 1.295161 0.016559
v -0.176954 1.286923 0.031496
v -0.172043 1.274091 0.043351
v -0.168891 1.257923 0.050962
v -0.167804 1.240000 0.053585
v -0.168891 1.222077 0.050962
v -0.172043 1.205909 0.043351
v -0.176954 1.193077 0.031496
v -0.183141 1.184839 0.016559
v -0.190000 1.295161 0.017923
v -0.190000 1.286923 0.034092
v -0.190000 1.274091 0.046923
v -0.190000 1.257923 0.055161
v -0.190000 1.240000 0.058000
v -0.190000 1.222077 0.055161
v -0.190000 1.205909 0.046923
v -0.190000 1.193077 0.034092
v -0.190000 1.184839 0.017923
v -0.190000 1.182000 0.000000
v -0.196859 1.295161 0.016559
v -0.203046 1.286923 0.031496
v -0.207957 1.274091 0.043351
v -0.211109 1.257923 0.050962
v -0.212196 1.240000 0.053585
v -0.211109 1.222077 0.050962
v -0.207957 1.205909 0.043351
v -0.203046 1.193077 0.031496
v -0.196859 1.184839 0.016559
v -0.190000 1.298000 0.000000
v -0.202673 1.295161 0.012673
v -0.214106 1.286923 0.024106
v -0.223180 1.274091 0.033180
v -0.229005 1.257923 0.039005
v -0.231012 1.240000 0.041012
v -0.229005 1.222077 0.039005
v -0.223180 1.205909 0.033180
v -0.214106 1.193077 0.024106
v -0.202673 1.184839 0.012673
v -0.206559 1.295161 0.006859
v -0.221496 1.286923 0.013046
v -0.233351 1.274091 0.017957
v -0.240962 1.257923 0.021109
v -0.243585 1.240000 0.022196
v -0.240962 1.222077 0.021109
v -0.233351 1.205909 0.017957
v -0.221496 1.193077 0.013046
v -0.206559 1.184839 0.006859
v -0.207923 1.295161 -0.000000
v -0.224092 1.286923 -0.000000
v -0.236923 1.274091 -0.000000
v -0.245161 1.257923 -0.000000
v -0.248000 1.240000 -0.000000
v -0.245161 1.222077 -0.000000
v -0.236923 1.205909 -0.000000
v -0.224092 1.193077 -0.000000
v -0.207923 1.184839 -0.000000
v -0.206559 1.295161 -0.006859
v -0.221496 1.286923 -0.013046
v -0.233351 1.274091 -0.017957
v -0.240962 1.257923 -0.021109
v -0.243585 1.240000 -0.022196
v -0.240962 1.222077 -0.021109
v -0.233351 1.205909 -0.017957
v -0.221496 1.193077 -0.013046
v -0.206559 1.184839 -0.006859
v -0.202673 1.295161 -0.012673
v -0.214106 1.286923 -0.024106
v -0.223180 1.274091 -0.033180
v -0.229005 1.257923 -0.039005
v -0.231012 1.240000 -0.041012
v -0.229005 1.222077 -0.039005
v -0.223180 1.205909 -0.033180
v -0.214106 1.193077 -0.024106
v -0.202673 1.184839 -0.012673
v -0.196859 1.295161 -0.016559
v -0.203046 1.286923 -0.031496
v -0.207957 1.274091 -0.043351
v -0.211109 1.257923 -0.050962
v -0.212196 1.240000 -0.053585
v -0.211109 1.222077 -0.050962
v -0.207957 1.205909 -0.043351
v -0.203046 1.193077 -0.031496
v -0.196859 1.184839 -0.016559
v -0.190000 1.295161 -0.017923
v -0.190000 1.286923 -0.034092
v -0.190000 1.222077 -0.055161
v -0.190000 1.193077 -0.034092
v -0.369981 1.059599 -0.046923
v -0.369981 1.043431 -0.055161
v -0.369981 1.025508 -0.058000
v -0.369981 0.991416 -0.046923
v -0.369981 0.970346 -0.017923
v -0.363122 1.080669 -0.016559
v -0.356934 1.072431 -0.031496
v -0.352024 1.059599 -0.043351
v -0.348871 1.043431 -0.050962
v -0.347785 1.025508 -0.053585
v -0.348871 1.007585 -0.050962
v -0.352024 0.991416 -0.043351
v -0.356934 0.978585 -0.031496
v -0.363122 0.970346 -0.016559
v -0.357307 1.080669 -0.012673
v -0.345874 1.072431 -0.024106
v -0.336801 1.059599 -0.033180
v -0.330976 1.043431 -0.039005
v -0.328968 1.025508 -0.041012
v -0.330976 1.007585 -0.039005
v -0.336801 0.991416 -0.033180
v -0.345874 0.978585 -0.024106
v -0.357307 0.970346 -0.012673
v -0.353422 1.080669 -0.006859
v -0.338484 1.072431 -0.013046
v -0.326629 1.059599 -0.017957
v -0.319018 1.043431 -0.021109
v -0.316396 1.025508 -0.022196
v -0.319018 1.007585 -0.021109
v -0.326629 0.991416 -0.017957
v -0.338484 0.978585 -0.013046
v -0.353422 0.970346 -0.006859
v -0.352058 1.080669 0.000000
v -0.335889 1.072431 0.000000
v -0.323058 1.059599 0.000000
v -0.314819 1.043431 0.000000
v -0.311981 1.025508 0.000000
v -0.314819 1.007585 0.000000
v -0.323058 0.991416 0.000000
v -0.335889 0.978585 0.000000
v -0.352058 0.970346 0.000000
v -0.353422 1.080669 0.006859
v -0.338484 1.072431 0.013046
v -0.326629 1.059599 0.017957
v -0.319018 1.043431 0.021109
v -0.316396 1.025508 0.022196
v -0.319018 1.007585 0.021109
v -0.326629 0.991416 0.017957
v -0.338484 0.978585 0.013046
v -0.353422 0.970346 0.006859
v -0.357307 1.080669 0.012673
v -0.345874 1.072431 0.024106
v -0.336801 1.059599 0.033180
v -0.330976 1.043431 0.039005
v -0.328968 1.025508 0.041012
v -0.330976 1.007585 0.039005
v -0.336801 0.991416 0.033180
v -0.345874 0.978585 0.024106
v -0.357307 0.970346 0.012673
v -0.363122 1.080669 0.016559
v -0.356934 1.072431 0.031496
v -0.352024 1.059599 0.043351
v -0.348871 1.043431 0.050962
v -0.347785 1.025508 0.053585
v -0.348871 1.007585 0.050962
v -0.352024 0.991416 0.043351
v -0.356934 0.978585 0.031496
v -0.363122 0.970346 0.016559
v -0.369981 1.080669 0.017923
v -0.369981 1.072431 0.034092
v -0.369981 1.059599 0.046923
v -0.369981 1.043431 0.055161
v -0.369981 1.025508 0.058000
v -0.369981 1.007585 0.055161
v -0.369981 0.991416 0.046923
v -0.369981 0.978585 0.034092
v -0.369981 0.970346 0.017923
v -0.369981 0.967508 0.000000
v -0.376839 1.080669 0.016559
v -0.383027 1.072431 0.031496
v -0.387937 1.059599 0.043351
v -0.391090 1.043431 0.050962
v -0.392176 1.025508 0.053585
v -0.391090 1.007585 0.050962
v -0.387937 0.991416 0.043351
v -0.383027 0.978585 0.031496
v -0.376839 0.970346 0.016559
v -0.369981 1.083508 0.000000
v -0.382654 1.080669 0.012673
v -0.394087 1.072431 0.024106
v -0.403160 1.059599 0.033180
v -0.408985 1.043431 0.039005
v -0.410993 1.025508 0.041012
v -0.408985 1.007585 0.039005
v -0.403160 0.991416 0.033180
v -0.394087 0.978585 0.024106
v -0.382654 0.970346 0.012673
v -0.386539 1.080669 0.006859
v -0.401477 1.072431 0.013046
v -0.413332 1.059599 0.017957
v -0.420943 1.043431 0.021109
v -0.423566 1.025508 0.022196
v -0.420943 1.007585 0.021109
v -0.413332 0.991416 0.017957
v -0.401477 0.978585 0.013046
v -0.386539 0.970346 0.006859
v -0.387904 1.080669 -0.000000
v -0.404072 1.072431 -0.000000
v -0.416903 1.059599 -0.000000
v -0.425142 1.043431 -0.000000
v -0.427981 1.025508 -0.000000
v -0.425142 1.007585 -0.000000
v -0.416903 0.991416 -0.000000
v -0.404072 0.978585 -0.000000
v -0.387904 0.970346 -0.000000
v -0.386539 1.080669 -0.006859
v -0.401477 1.072431 -0.013046
v -0.413332 1.059599 -0.017957
v -0.420943 1.043431 -0.021109
v -0.423566 1.025508 -0.022196
v -0.420943 1.007585 -0.021109
v -0.413332 0.991416 -0.017957
v -0.401477 0.978585 -0.013046
v -0.386539 0.970346 -0.006859
v -0.382654 1.080669 -0.012673
v -0.394087 1.072431 -0.024106
v -0.403160 1.059599 -0.033180
v -0.408985 1.043431 -0.039005
v -0.410993 1.025508 -0.041012
v -0.408985 1.007585 -0.039005
v -0.403160 0.991416 -0.033180
v -0.394087 0.978585 -0.024106
v -0.382654 0.970346 -0.012673
v -0.376839 1.080669 -0.016559
v -0.383027 1.072431 -0.031496
v -0.387937 1.059599 -0.043351
v -0.391090 1.043431 -0.050962
v -0.392176 1.025508 -0.053585
v -0.391090 1.007585 -0.050962
v -0.387937 0.991416 -0.043351
v -0.383027 0.978585 -0.031496
v -0.376839 0.970346 -0.016559
v -0.369981 1.080669 -0.017923
v -0.369980 1.072431 -0.034092
v -0.369980 1.007585 -0.055161
v -0.369980 0.978585 -0.034092
v -0.369981 1.025508 -0.052000
v -0.537105 0.826336 -0.052000
v -0.387264 1.040010 -0.046850
v -0.554389 0.840839 -0.046850
v -0.401124 1.051640 -0.032421
v -0.568249 0.852469 -0.032421
v -0.408816 1.058095 -0.011571
v -0.575941 0.858923 -0.011571
v -0.408816 1.058095 0.011571
v -0.575941 0.858923 0.011571
v -0.401124 1.051640 0.032421
v -0.568249 0.852469 0.032421
v -0.387264 1.040010 0.046850
v -0.554389 0.840839 0.046850
v -0.369981 1.025508 0.052000
v -0.537105 0.826336 0.052000
v -0.352697 1.011005 0.046850
v -0.519822 0.811833 0.046850
v -0.338837 0.999375 0.032421
v -0.505962 0.800203 0.032421
v -0.331145 0.992921 0.011571
v -0.498270 0.793749 0.011571
v -0.331145 0.992921 -0.011571
v -0.498270 0.793749 -0.011571
v -0.338837 0.999375 -0.032421
v -0.505962 0.800203 -0.032421
v -0.352697 1.011005 -0.046850
v -0.519822 0.811833 -0.046850
v -0.369981 1.056072 -0.042069
v -0.369981 1.025508 -0.052000
v -0.369981 1.009439 -0.049455
v -0.369981 0.994943 -0.042069
v -0.369981 0.976053 -0.016069
v -0.363831 1.074962 -0.014846
v -0.358284 1.067576 -0.028238
v -0.353881 1.056072 -0.038867
v -0.351055 1.041577 -0.045690
v -0.350081 1.025508 -0.048042
v -0.351055 1.009439 -0.045690
v -0.353881 0.994943 -0.038867
v -0.358284 0.983439 -0.028238
v -0.363831 0.976053 -0.014846
v -0.358618 1.074962 -0.011362
v -0.348368 1.067576 -0.021613
v -0.340233 1.056072 -0.029747
v -0.335011 1.041577 -0.034970
v -0.333211 1.025508 -0.036770
v -0.335011 1.009439 -0.034970
v -0.340233 0.994943 -0.029747
v -0.348368 0.983439 -0.021613
v -0.358618 0.976053 -0.011362
v -0.355135 1.074962 -0.006149
v -0.341742 1.067576 -0.011697
v -0.331114 1.056072 -0.016099
v -0.324290 1.041577 -0.018926
v -0.321939 1.025508 -0.019900
v -0.324290 1.009439 -0.018926
v -0.331114 0.994943 -0.016099
v -0.341742 0.983439 -0.011697
v -0.355135 0.976053 -0.006149
v -0.353912 1.074962 0.000000
v -0.339416 1.067576 0.000000
v -0.327912 1.056072 0.000000
v -0.320526 1.041577 0.000000
v -0.317981 1.025508 0.000000
v -0.320526 1.009439 0.000000
v -0.327912 0.994943 0.000000
v -0.339416 0.983439 0.000000
v -0.353912 0.976053 0.000000
v -0.355135 1.074962 0.006149
v -0.341742 1.067576 0.011697
v -0.331114 1.056072 0.016099
v -0.324290 1.041577 0.018926
v -0.321939 1.025508 0.019900
v -0.324290 1.009439 0.018926
v -0.331114 0.994943 0.016099
v -0.341742 0.983439 0.011697
v -0.355135 0.976053 0.006149
v -0.358618 1.074962 0.011362
v -0.348368 1.067576 0.021613
v -0.340233 1.056072 0.029747
v -0.335011 1.041577 0.034970
v -0.333211 1.025508 0.036770
v -0.335011 1.009439 0.034970
v -0.340233 0.994943 0.029747
v -0.348368 0.983439 0.021613
v -0.358618 0.976053 0.011362
v -0.363831 1.074962 0.014846
v -0.358284 1.067576 0.028238
v -0.353881 1.056072 0.038867
v -0.351055 1.041577 0.045690
v -0.350081 1.025508 0.048042
v -0.351055 1.009439 0.045690
v -0.353881 0.994943 0.038867
v -0.358284 0.983439 0.028238
v -0.363831 0.976053 0.014846
v -0.369981 1.074962 0.016069
v -0.369981 1.067576 0.030565
v -0.369981 1.056072 0.042069
v -0.369981 1.041577 0.049455
v -0.369981 1.025508 0.052000
v -0.369981 1.009439 0.049455
v -0.369981 0.994943 0.042069
v -0.369981 0.983439 0.030565
v -0.369981 0.976053 0.016069
v -0.369981 0.973508 0.000000
v -0.376130 1.074962 0.014846
v -0.381677 1.067576 0.028238
v -0.386080 1.056072 0.038867
v -0.388906 1.041577 0.045690
v -0.389880 1.025508 0.048042
v -0.388906 1.009439 0.045690
v -0.386080 0.994943 0.038867
v -0.381677 0.983439 0.028238
v -0.376130 0.976053 0.014846
v -0.369981 1.077508 0.000000
v -0.381343 1.074962 0.011362
v -0.391593 1.067576 0.021613
v -0.399728 1.056072 0.029747
v -0.404950 1.041577 0.034970
v -0.406750 1.025508 0.036770
v -0.404950 1.009439 0.034970
v -0.399728 0.994943 0.029747
v -0.391593 0.983439 0.021613
v -0.381343 0.976053 0.011362
v -0.384826 1.074962 0.006149
v -0.398219 1.067576 0.011697
v -0.408847 1.056072 0.016099
v -0.415671 1.041577 0.018926
v -0.418022 1.025508 0.019900
v -0.415671 1.009439 0.018926
v -0.408847 0.994943 0.016099
v -0.398219 0.983439 0.011697
v -0.384826 0.976053 0.006149
v -0.386049 1.074962 -0.000000
v -0.400545 1.067576 -0.000000
v -0.412049 1.056072 -0.000000
v -0.419435 1.041577 -0.000000
v -0.421981 1.025508 -0.000000
v -0.419435 1.009439 -0.000000
v -0.412049 0.994943 -0.000000
v -0.400545 0.983439 -0.000000
v -0.386049 0.976053 -0.000000
v -0.384826 1.074962 -0.006149
v -0.398219 1.067576 -0.011697
v -0.408847 1.056072 -0.016099
v -0.415671 1.041577 -0.018926
v -0.418022 1.025508 -0.019900
v -0.415671 1.009439 -0.018926
v -0.408847 0.994943 -0.016099
v -0.398219 0.983439 -0.011697
v -0.384826 0.976053 -0.006149
v -0.381343 1.074962 -0.011362
v -0.391593 1.067576 -0.021613
v -0.399728 1.056072 -0.029747
v -0.404950 1.041577 -0.034970
v -0.406750 1.025508 -0.036770
v -0.404950 1.009439 -0.034970
v -0.399728 0.994943 -0.029747
v -0.391593 0.983439 -0.021613
v -0.381343 0.976053 -0.011362
v -0.376130 1.074962 -0.014846
v -0.381677 1.067576 -0.028238
v -0.386080 1.056072 -0.038867
v -0.388906 1.041577 -0.045690
v -0.389880 1.025508 -0.048042
v -0.388906 1.009439 -0.045690
v -0.386080 0.994943 -0.038867
v -0.381677 0.983439 -0.028238
v -0.376130 0.976053 -0.014846
v -0.369981 1.074962 -0.016069
v -0.369981 1.067576 -0.030565
v -0.369980 1.041577 -0.049455
v -0.369981 0.983439 -0.030565
v -0.537105 0.856901 -0.042069
v -0.537105 0.826336 -0.052000
v -0.537105 0.810267 -0.049455
v -0.537105 0.795771 -0.042069
v -0.537105 0.776881 -0.016069
v -0.530956 0.875791 -0.014846
v -0.525409 0.868405 -0.028238
v -0.521006 0.856901 -0.038867
v -0.518180 0.842405 -0.045690
v -0.517206 0.826336 -0.048042
v -0.518180 0.810267 -0.045690
v -0.521006 0.795771 -0.038867
v -0.525409 0.784267 -0.028238
v -0.530956 0.776881 -0.014846
v -0.525743 0.875791 -0.011362
v -0.515493 0.868405 -0.021613
v -0.507358 0.856901 -0.029747
v -0.502135 0.842405 -0.034970
v -0.500336 0.826336 -0.036770
v -0.502135 0.810267 -0.034970
v -0.507358 0.795771 -0.029747
v -0.515493 0.784267 -0.021613
v -0.525743 0.776881 -0.011362
v -0.522260 0.875791 -0.006149
v -0.508867 0.868405 -0.011697
v -0.498239 0.856901 -0.016099
v -0.491415 0.842405 -0.018926
v -0.489064 0.826336 -0.019900
v -0.491415 0.810267 -0.018926
v -0.498239 0.795771 -0.016099
v -0.508867 0.784267 -0.011697
v -0.522260 0.776881 -0.006149
v -0.521036 0.875791 0.000000
v -0.506540 0.868405 0.000000
v -0.495036 0.856901 0.000000
v -0.487650 0.842405 0.000000
v -0.485105 0.826336 0.000000
v -0.487650 0.810267 0.000000
v -0.495036 0.795771 0.000000
v -0.506540 0.784267 0.000000
v -0.521036 0.776881 0.000000
v -0.522260 0.875791 0.006149
v -0.508867 0.868405 0.011697
v -0.498239 0.856901 0.016099
v -0.491415 0.842405 0.018926
v -0.489064 0.826336 0.019900
v -0.491415 0.810267 0.018926
v -0.498239 0.795771 0.016099
v -0.508867 0.784267 0.011697
v -0.522260 0.776881 0.006149
v -0.525743 0.875791 0.011362
v -0.515493 0.868405 0.021613
v -0.507358 0.856901 0.029747
v -0.502135 0.842405 0.034970
v -0.500336 0.826336 0.036770
v -0.502135 0.810267 0.034970
v -0.507358 0.795771 0.029747
v -0.515493 0.784267 0.021613
v -0.525743 0.776881 0.011362
v -0.530956 0.875791 0.014846
v -0.525409 0.868405 0.028238
v -0.521006 0.856901 0.038867
v -0.518180 0.842405 0.045690
v -0.517206 0.826336 0.048042
v -0.518180 0.810267 0.045690
v -0.521006 0.795771 0.038867
v -0.525409 0.784267 0.028238
v -0.530956 0.776881 0.014846
v -0.537105 0.875791 0.016069
v -0.537105 0.868405 0.030565
v -0.537105 0.856901 0.042069
v -0.537105 0.842405 0.049455
v -0.537105 0.826336 0.052000
v -0.537105 0.810267 0.049455
v -0.537105 0.795771 0.042069
v -0.537105 0.784267 0.030565
v -0.537105 0.776881 0.016069
v -0.537105 0.774336 0.000000
v -0.543255 0.875791 0.014846
v -0.548802 0.868405 0.028238
v -0.553204 0.856901 0.038867
v -0.556031 0.842405 0.045690
v -0.557005 0.826336 0.048042
v -0.556031 0.810267 0.045690
v -0.553204 0.795771 0.038867
v -0.548802 0.784267 0.028238
v -0.543255 0.776881 0.014846
v -0.537105 0.878336 0.000000
v -0.548468 0.875791 0.011362
v -0.558718 0.868405 0.021613
v -0.566853 0.856901 0.029747
v -0.572075 0.842405 0.034970
v -0.573875 0.826336 0.036770
v -0.572075 0.810267 0.034970
v -0.566853 0.795771 0.029747
v -0.558718 0.784267 0.021613
v -0.548468 0.776881 0.011362
v -0.551951 0.875791 0.006149
v -0.565344 0.868405 0.011697
v -0.575972 0.856901 0.016099
v -0.582796 0.842405 0.018926
v -0.585147 0.826336 0.019900
v -0.582796 0.810267 0.018926
v -0.575972 0.795771 0.016099
v -0.565344 0.784267 0.011697
v -0.551951 0.776881 0.006149
v -0.553174 0.875791 -0.000000
v -0.567670 0.868405 -0.000000
v -0.579174 0.856901 -0.000000
v -0.586560 0.842405 -0.000000
v -0.589105 0.826336 -0.000000
v -0.586560 0.810267 -0.000000
v -0.579174 0.795771 -0.000000
v -0.567670 0.784267 -0.000000
v -0.553174 0.776881 -0.000000
v -0.551951 0.875791 -0.006149
v -0.565344 0.868405 -0.011697
v -0.575972 0.856901 -0.016099
v -0.582796 0.842405 -0.018926
v -0.585147 0.826336 -0.019900
v -0.582796 0.810267 -0.018926
v -0.575972 0.795771 -0.016099
v -0.565344 0.784267 -0.011697
v -0.551951 0.776881 -0.006149
v -0.548468 0.875791 -0.011362
v -0.558718 0.868405 -0.021613
v -0.566853 0.856901 -0.029747
v -0.572075 0.842405 -0.034970
v -0.573875 0.826336 -0.036770
v -0.572075 0.810267 -0.034970
v -0.566853 0.795771 -0.029747
v -0.558718 0.784267 -0.021613
v -0.548468 0.776881 -0.011362
v -0.543255 0.875791 -0.014846
v -0.548802 0.868405 -0.028238
v -0.553204 0.856901 -0.038867
v -0.556031 0.842405 -0.045690
v -0.557005 0.826336 -0.048042
v -0.556031 0.810267 -0.045690
v -0.553204 0.795771 -0.038867
v -0.548802 0.784267 -0.028238
v -0.543255 0.776881 -0.014846
v -0.537105 0.875791 -0.016069
v -0.537105 0.868405 -0.030565
v -0.537105 0.842405 -0.049455
v -0.537105 0.784267 -0.030565
v -0.569245 0.823301 -0.048541
v -0.569245 0.788034 -0.060000
v -0.569245 0.769493 -0.057063
v -0.569245 0.752767 -0.048541
v -0.569245 0.730970 -0.018541
v -0.562149 0.845097 -0.017130
v -0.555749 0.836575 -0.032583
v -0.550669 0.823301 -0.044846
v -0.547407 0.806575 -0.052720
v -0.546284 0.788034 -0.055433
v -0.547407 0.769493 -0.052720
v -0.550669 0.752767 -0.044846
v -0.555749 0.739493 -0.032583
v -0.562149 0.730970 -0.017130
v -0.556134 0.845097 -0.013110
v -0.544307 0.836575 -0.024938
v -0.534921 0.823301 -0.034324
v -0.528895 0.806575 -0.040350
v -0.526818 0.788034 -0.042426
v -0.528895 0.769493 -0.040350
v -0.534921 0.752767 -0.034324
v -0.544307 0.739493 -0.024938
v -0.556134 0.730970 -0.013110
v -0.552115 0.845097 -0.007095
v -0.536662 0.836575 -0.013496
v -0.524399 0.823301 -0.018576
v -0.516525 0.806575 -0.021837
v -0.513812 0.788034 -0.022961
v -0.516525 0.769493 -0.021837
v -0.524399 0.752767 -0.018576
v -0.536662 0.739493 -0.013496
v -0.552115 0.730970 -0.007095
v -0.550704 0.845097 0.000000
v -0.533978 0.836575 0.000000
v -0.520704 0.823301 0.000000
v -0.512181 0.806575 0.000000
v -0.509245 0.788034 0.000000
v -0.512181 0.769493 0.000000
v -0.520704 0.752767 0.000000
v -0.533978 0.739493 0.000000
v -0.550704 0.730970 0.000000
v -0.552115 0.845097 0.007095
v -0.536662 0.836575 0.013496
v -0.524399 0.823301 0.018576
v -0.516525 0.806575 0.021837
v -0.513812 0.788034 0.022961
v -0.516525 0.769493 0.021837
v -0.524399 0.752767 0.018576
v -0.536662 0.739493 0.013496
v -0.552115 0.730970 0.007095
v -0.556134 0.845097 0.013110
v -0.544307 0.836575 0.024938
v -0.534921 0.823301 0.034324
v -0.528895 0.806575 0.040350
v -0.526818 0.788034 0.042426
v -0.528895 0.769493 0.040350
v -0.534921 0.752767 0.034324
v -0.544307 0.739493 0.024938
v -0.556134 0.730970 0.013110
v -0.562149 0.845097 0.017130
v -0.555749 0.836575 0.032583
v -0.550669 0.823301 0.044846
v -0.547408 0.806575 0.052720
v -0.546284 0.788034 0.055433
v -0.547408 0.769493 0.052720
v -0.550669 0.752767 0.044846
v -0.555749 0.739493 0.032583
v -0.562149 0.730970 0.017130
v -0.569245 0.845097 0.018541
v -0.569245 0.836575 0.035267
v -0.569245 0.823301 0.048541
v -0.569245 0.806575 0.057063
v -0.569245 0.788034 0.060000
v -0.569245 0.769493 0.057063
v -0.569245 0.752767 0.048541
v -0.569245 0.739493 0.035267
v -0.569245 0.730970 0.018541
v -0.569245 0.728034 0.000000
v -0.576340 0.845097 0.017130
v -0.582741 0.836575 0.032583
v -0.587821 0.823301 0.044846
v -0.591082 0.806575 0.052720
v -0.592206 0.788034 0.055433
v -0.591082 0.769493 0.052720
v -0.587821 0.752767 0.044846
v -0.582741 0.739493 0.032583
v -0.576340 0.730970 0.017130
v -0.569245 0.848034 0.000000
v -0.582355 0.845097 0.013110
v -0.594182 0.836575 0.024938
v -0.603568 0.823301 0.034324
v -0.609595 0.806575 0.040350
v -0.611671 0.788034 0.042426
v -0.609595 0.769493 0.040350
v -0.603568 0.752767 0.034324
v -0.594182 0.739493 0.024938
v -0.582355 0.730970 0.013110
v -0.586374 0.845097 0.007095
v -0.601827 0.836575 0.013496
v -0.614091 0.823301 0.018576
v -0.621964 0.806575 0.021837
v -0.624677 0.788034 0.022961
v -0.621964 0.769493 0.021837
v -0.614091 0.752767 0.018576
v -0.601827 0.739493 0.013496
v -0.586374 0.730970 0.007095
v -0.587786 0.845097 -0.000000
v -0.604512 0.836575 -0.000000
v -0.617786 0.823301 -0.000000
v -0.626308 0.806575 -0.000000
v -0.629245 0.788034 -0.000000
v -0.626308 0.769493 -0.000000
v -0.617786 0.752767 -0.000000
v -0.604512 0.739493 -0.000000
v -0.587786 0.730970 -0.000000
v -0.586374 0.845097 -0.007095
v -0.601827 0.836575 -0.013496
v -0.614091 0.823301 -0.018576
v -0.621964 0.806575 -0.021837
v -0.624677 0.788034 -0.022961
v -0.621964 0.769493 -0.021837
v -0.614091 0.752767 -0.018576
v -0.601827 0.739493 -0.013496
v -0.586374 0.730970 -0.007095
v -0.582355 0.845097 -0.013110
v -0.594182 0.836575 -0.024938
v -0.603568 0.823301 -0.034324
v -0.609595 0.806575 -0.040350
v -0.611671 0.788034 -0.042426
v -0.609595 0.769493 -0.040350
v -0.603568 0.752767 -0.034324
v -0.594182 0.739493 -0.024938
v -0.582355 0.730970 -0.013110
v -0.576340 0.845097 -0.017130
v -0.582741 0.836575 -0.032583
v -0.587821 0.823301 -0.044846
v -0.591082 0.806575 -0.052720
v -0.592206 0.788034 -0.055433
v -0.591082 0.769493 -0.052720
v -0.587821 0.752767 -0.044846
v -0.582741 0.739493 -0.032583
v -0.576340 0.730970 -0.017130
v -0.569245 0.845097 -0.018541
v -0.569245 0.836575 -0.035267
v -0.569245 0.806575 -0.057063
v -0.569245 0.739493 -0.035267
v 0.190000 1.284084 -0.060676
v 0.190000 1.240000 -0.075000
v 0.190000 1.216824 -0.071329
v 0.190000 1.195916 -0.060676
v 0.190000 1.168671 -0.023176
v 0.198869 1.311329 -0.021412
v 0.206870 1.300676 -0.040728
v 0.213220 1.284084 -0.056058
v 0.217297 1.263176 -0.065900
v 0.218701 1.240000 -0.069291
v 0.217297 1.216824 -0.065900
v 0.213220 1.195916 -0.056058
v 0.206870 1.179324 -0.040728
v 0.198869 1.168671 -0.021412
v 0.206388 1.311329 -0.016388
v 0.221172 1.300676 -0.031172
v 0.232905 1.284084 -0.042905
v 0.240437 1.263176 -0.050437
v 0.243033 1.240000 -0.053033
v 0.240437 1.216824 -0.050437
v 0.232905 1.195916 -0.042905
v 0.221172 1.179324 -0.031172
v 0.206388 1.168671 -0.016388
v 0.211412 1.311329 -0.008869
v 0.230728 1.300676 -0.016870
v 0.246058 1.284084 -0.023220
v 0.255900 1.263176 -0.027297
v 0.259291 1.240000 -0.028701
v 0.255900 1.216824 -0.027297
v 0.246058 1.195916 -0.023220
v 0.230728 1.179324 -0.016870
v 0.211412 1.168671 -0.008869
v 0.213176 1.311329 0.000000
v 0.234084 1.300676 0.000000
v 0.250676 1.284084 0.000000
v 0.261329 1.263176 0.000000
v 0.265000 1.240000 0.000000
v 0.261329 1.216824 0.000000
v 0.250676 1.195916 0.000000
v 0.234084 1.179324 0.000000
v 0.213176 1.168671 0.000000
v 0.211412 1.311329 0.008869
v 0.230728 1.300676 0.016870
v 0.246058 1.284084 0.023220
v 0.255900 1.263176 0.027297
v 0.259291 1.240000 0.028701
v 0.255900 1.216824 0.027297
v 0.246058 1.195916 0.023220
v 0.230728 1.179324 0.016870
v 0.211412 1.168671 0.008869
v 0.206388 1.311329 0.016388
v 0.221172 1.300676 0.031172
v 0.232905 1.284084 0.042905
v 0.240437 1.263176 0.050437
v 0.243033 1.240000 0.053033
v 0.240437 1.216824 0.050437
v 0.232905 1.195916 0.042905
v 0.221172 1.179324 0.031172
v 0.206388 1.168671 0.016388
v 0.198869 1.311329 0.021412
v 0.206870 1.300676 0.040728
v 0.213220 1.284084 0.056058
v 0.217296 1.263176 0.065900
v 0.218701 1.240000 0.069291
v 0.217296 1.216824 0.065900
v 0.213220 1.195916 0.056058
v 0.206870 1.179324 0.040728
v 0.198869 1.168671 0.021412
v 0.190000 1.311329 0.023176
v 0.190000 1.300676 0.044084
v 0.190000 1.284084 0.060676
v 0.190000 1.263176 0.071329
v 0.190000 1.240000 0.075000
v 0.190000 1.216824 0.071329
v 0.190000 1.195916 0.060676
v 0.190000 1.179324 0.044084
v 0.190000 1.168671 0.023176
v 0.190000 1.165000 0.000000
v 0.181131 1.311329 0.021412
v 0.173130 1.300676 0.040728
v 0.166780 1.284084 0.056058
v 0.162703 1.263176 0.065900
v 0.161299 1.240000 0.069291
v 0.162703 1.216824 0.065900
v 0.166780 1.195916 0.056058
v 0.173130 1.179324 0.040728
v 0.181131 1.168671 0.021412
v 0.190000 1.315000 0.000000
v 0.173612 1.311329 0.016388
v 0.158828 1.300676 0.031172
v 0.147095 1.284084 0.042905
v 0.139563 1.263176 0.050437
v 0.136967 1.240000 0.053033
v 0.139563 1.216824 0.050437
v 0.147095 1.195916 0.042905
v 0.158828 1.179324 0.031172
v 0.173612 1.168671 0.016388
v 0.168588 1.311329 0.008869
v 0.149272 1.300676 0.016870
v 0.133942 1.284084 0.023220
v 0.124100 1.263176 0.027296
v 0.120709 1.240000 0.028701
v 0.124100 1.216824 0.027296
v 0.133942 1.195916 0.023220
v 0.149272 1.179324 0.016870
v 0.168588 1.168671 0.008869
v 0.166824 1.311329 -0.000000
v 0.145916 1.300676 -0.000000
v 0.129324 1.284084 -0.000000
v 0.118671 1.263176 -0.000000
v 0.115000 1.240000 -0.000000
v 0.118671 1.216824 -0.000000
v 0.129324 1.195916 -0.000000
v 0.145916 1.179324 -0.000000
v 0.166824 1.168671 -0.000000
v 0.168588 1.311329 -0.008869
v 0.149272 1.300676 -0.016870
v 0.133942 1.284084 -0.023220
v 0.124100 1.263176 -0.027297
v 0.120709 1.240000 -0.028701
v 0.124100 1.216824 -0.027297
v 0.133942 1.195916 -0.023220
v 0.149272 1.179324 -0.016870
v 0.168588 1.168671 -0.008869
v 0.173612 1.311329 -0.016388
v 0.158828 1.300676 -0.031172
v 0.147095 1.284084 -0.042905
v 0.139563 1.263176 -0.050437
v 0.136967 1.240000 -0.053033
v 0.139563 1.216824 -0.050437
v 0.147095 1.195916 -0.042905
v 0.158828 1.179324 -0.031172
v 0.173612 1.168671 -0.016388
v 0.181131 1.311329 -0.021412
v 0.173130 1.300676 -0.040728
v 0.166780 1.284084 -0.056058
v 0.162704 1.263176 -0.065900
v 0.161299 1.240000 -0.069291
v 0.162704 1.216824 -0.065900
v 0.166780 1.195916 -0.056058
v 0.173130 1.179324 -0.040728
v 0.181131 1.168671 -0.021412
v 0.190000 1.311329 -0.023176
v 0.190000 1.300676 -0.044084
v 0.190000 1.263176 -0.071329
v 0.190000 1.179324 -0.044084
v 0.190000 1.240000 -0.058000
v 0.369981 1.025508 -0.058000
v 0.170722 1.223824 -0.052256
v 0.350703 1.009332 -0.052256
v 0.155263 1.210852 -0.036162
v 0.335243 0.996360 -0.036162
v 0.146683 1.203653 -0.012906
v 0.326664 0.989161 -0.012906
v 0.146683 1.203653 0.012906
v 0.326664 0.989161 0.012906
v 0.155263 1.210852 0.036162
v 0.335243 0.996360 0.036162
v 0.170722 1.223824 0.052256
v 0.350703 1.009332 0.052256
v 0.190000 1.240000 0.058000
v 0.369981 1.025508 0.058000
v 0.209278 1.256176 0.052256
v 0.389258 1.041684 0.052256
v 0.224737 1.269148 0.036162
v 0.404718 1.054656 0.036162
v 0.233317 1.276347 0.012906
v 0.413297 1.061855 0.012906
v 0.233317 1.276347 -0.012906
v 0.413297 1.061855 -0.012906
v 0.224737 1.269148 -0.036162
v 0.404718 1.054656 -0.036162
v 0.209278 1.256176 -0.052256
v 0.389258 1.041684 -0.052256
v 0.190000 1.274091 -0.046923
v 0.190000 1.257923 -0.055161
v 0.190000 1.240000 -0.058000
v 0.190000 1.205909 -0.046923
v 0.190000 1.184839 -0.017923
v 0.196859 1.295161 -0.016559
v 0.203046 1.286923 -0.031496
v 0.207957 1.274091 -0.043351
v 0.211109 1.257923 -0.050962
v 0.212196 1.240000 -0.053585
v 0.211109 1.222077 -0.050962
v 0.207957 1.205909 -0.043351
v 0.203046 1.193077 -0.031496
v 0.196859 1.184839 -0.016559
v 0.202673 1.295161 -0.012673
v 0.214106 1.286923 -0.024106
v 0.223180 1.274091 -0.033180
v 0.229005 1.257923 -0.039005
v 0.231012 1.240000 -0.041012
v 0.229005 1.222077 -0.039005
v 0.223180 1.205909 -0.033180
v 0.214106 1.193077 -0.024106
v 0.202673 1.184839 -0.012673
v 0.206559 1.295161 -0.006859
v 0.221496 1.286923 -0.013046
v 0.233351 1.274091 -0.017957
v 0.240962 1.257923 -0.021109
v 0.243585 1.240000 -0.022196
v 0.240962 1.222077 -0.021109
v 0.233351 1.205909 -0.017957
v 0.221496 1.193077 -0.013046
v 0.206559 1.184839 -0.006859
v 0.207923 1.295161 0.000000
v 0.224092 1.286923 0.000000
v 0.236923 1.274091 0.000000
v 0.245161 1.257923 0.000000
v 0.248000 1.240000 0.000000
v 0.245161 1.222077 0.000000
v 0.236923 1.205909 0.000000
v 0.224092 1.193077 0.000000
v 0.207923 1.184839 0.000000
v 0.206559 1.295161 0.006859
v 0.221496 1.286923 0.013046
v 0.233351 1.274091 0.017957
v 0.240962 1.257923 0.021109
v 0.243585 1.240000 0.022196
v 0.240962 1.222077 0.021109
v 0.233351 1.205909 0.017957
v 0.221496 1.193077 0.013046
v 0.206559 1.184839 0.006859
v 0.202673 1.295161 0.012673
v 0.214106 1.286923 0.024106
v 0.223180 1.274091 0.033180
v 0.229005 1.257923 0.039005
v 0.231012 1.240000 0.041012
v 0.229005 1.222077 0.039005
v 0.223180 1.205909 0.033180
v 0.214106 1.193077 0.024106
v 0.202673 1.184839 0.012673
v 0.196859 1.295161 0.016559
v 0.203046 1.286923 0.031496
v 0.207957 1.274091 0.043351
v 0.211109 1.257923 0.050962
v 0.212196 1.240000 0.053585
v 0.211109 1.222077 0.050962
v 0.207957 1.205909 0.043351
v 0.203046 1.193077 0.031496
v 0.196859 1.184839 0.016559
v 0.190000 1.295161 0.017923
v 0.190000 1.286923 0.034092
v 0.190000 1.274091 0.046923
v 0.190000 1.257923 0.055161
v 0.190000 1.240000 0.058000
v 0.190000 1.222077 0.055161
v 0.190000 1.205909 0.046923
v 0.190000 1.193077 0.034092
v 0.190000 1.184839 0.017923
v 0.190000 1.182000 0.000000
v 0.183141 1.295161 0.016559
v 0.176954 1.286923 0.031496
v 0.172043 1.274091 0.043351
v 0.168891 1.257923 0.050962
v 0.167804 1.240000 0.053585
v 0.168891 1.222077 0.050962
v 0.172043 1.205909 0.043351
v 0.176954 1.193077 0.031496
v 0.183141 1.184839 0.016559
v 0.190000 1.298000 0.000000
v 0.177327 1.295161 0.012673
v 0.165894 1.286923 0.024106
v 0.156820 1.274091 0.033180
v 0.150995 1.257923 0.039005
v 0.148988 1.240000 0.041012
v 0.150995 1.222077 0.039005
v 0.156820 1.205909 0.033180
v 0.165894 1.193077 0.024106
v 0.177327 1.184839 0.012673
v 0.173441 1.295161 0.006859
v 0.158504 1.286923 0.013046
v 0.146649 1.274091 0.017957
v 0.139038 1.257923 0.021109
v 0.136415 1.240000 0.022196
v 0.139038 1.222077 0.021109
v 0.146649 1.205909 0.017957
v 0.158504 1.193077 0.013046
v 0.173441 1.184839 0.006859
v 0.172077 1.295161 -0.000000
v 0.155908 1.286923 -0.000000
v 0.143077 1.274091 -0.000000
v 0.134839 1.257923 -0.000000
v 0.132000 1.240000 -0.000000
v 0.134839 1.222077 -0.000000
v 0.143077 1.205909 -0.000000
v 0.155908 1.193077 -0.000000
v 0.172077 1.184839 -0.000000
v 0.173441 1.295161 -0.006859
v 0.158504 1.286923 -0.013046
v 0.146649 1.274091 -0.017957
v 0.139038 1.257923 -0.021109
v 0.136415 1.240000 -0.022196
v 0.139038 1.222077 -0.021109
v 0.146649 1.205909 -0.017957
v 0.158504 1.193077 -0.013046
v 0.173441 1.184839 -0.006859
v 0.177327 1.295161 -0.012673
v 0.165894 1.286923 -0.024106
v 0.156820 1.274091 -0.033180
v 0.150995 1.257923 -0.039005
v 0.148988 1.240000 -0.041012
v 0.150995 1.222077 -0.039005
v 0.156820 1.205909 -0.033180
v 0.165894 1.193077 -0.024106
v 0.177327 1.184839 -0.012673
v 0.183141 1.295161 -0.016559
v 0.176954 1.286923 -0.031496
v 0.172043 1.274091 -0.043351
v 0.168891 1.257923 -0.050962
v 0.167804 1.240000 -0.053585
v 0.168891 1.222077 -0.050962
v 0.172043 1.205909 -0.043351
v 0.176954 1.193077 -0.031496
v 0.183141 1.184839 -0.016559
v 0.190000 1.295161 -0.017923
v 0.190000 1.286923 -0.034092
v 0.190000 1.222077 -0.055161
v 0.190000 1.193077 -0.034092
v 0.369981 1.059599 -0.046923
v 0.369981 1.043431 -0.055161
v 0.369981 1.025508 -0.058000
v 0.369981 0.991416 -0.046923
v 0.369981 0.970346 -0.017923
v 0.376839 1.080669 -0.016559
v 0.383027 1.072431 -0.031496
v 0.387937 1.059599 -0.043351
v 0.391090 1.043431 -0.050962
v 0.392176 1.025508 -0.053585
v 0.391090 1.007585 -0.050962
v 0.387937 0.991416 -0.043351
v 0.383027 0.978585 -0.031496
v 0.376839 0.970346 -0.016559
v 0.382654 1.080669 -0.012673
v 0.394087 1.072431 -0.024106
v 0.403160 1.059599 -0.033180
v 0.408985 1.043431 -0.039005
v 0.410993 1.025508 -0.041012
v 0.408985 1.007585 -0.039005
v 0.403160 0.991416 -0.033180
v 0.394087 0.978585 -0.024106
v 0.382654 0.970346 -0.012673
v 0.386539 1.080669 -0.006859
v 0.401477 1.072431 -0.013046
v 0.413332 1.059599 -0.017957
v 0.420943 1.043431 -0.021109
v 0.423566 1.025508 -0.022196
v 0.420943 1.007585 -0.021109
v 0.413332 0.991416 -0.017957
v 0.401477 0.978585 -0.013046
v 0.386539 0.970346 -0.006859
v 0.387904 1.080669 0.000000
v 0.404072 1.072431 0.000000
v 0.416903 1.059599 0.000000
v 0.425142 1.043431 0.000000
v 0.427981 1.025508 0.000000
v 0.425142 1.007585 0.000000
v 0.416903 0.991416 0.000000
v 0.404072 0.978585 0.000000
v 0.387904 0.970346 0.000000
v 0.386539 1.080669 0.006859
v 0.401477 1.072431 0.013046
v 0.413332 1.059599 0.017957
v 0.420943 1.043431 0.021109
v 0.423566 1.025508 0.022196
v 0.420943 1.007585 0.021109
v 0.413332 0.991416 0.017957
v 0.401477 0.978585 0.013046
v 0.386539 0.970346 0.006859
v 0.382654 1.080669 0.012673
v 0.394087 1.072431 0.024106
v 0.403160 1.059599 0.033180
v 0.408985 1.043431 0.039005
v 0.410993 1.025508 0.041012
v 0.408985 1.007585 0.039005
v 0.403160 0.991416 0.033180
v 0.394087 0.978585 0.024106
v 0.382654 0.970346 0.012673
v 0.376839 1.080669 0.016559
v 0.383027 1.072431 0.031496
v 0.387937 1.059599 0.043351
v 0.391090 1.043431 0.050962
v 0.392176 1.025508 0.053585
v 0.391090 1.007585 0.050962
v 0.387937 0.991416 0.043351
v 0.383027 0.978585 0.031496
v 0.376839 0.970346 0.016559
v 0.369981 1.080669 0.017923
v 0.369981 1.072431 0.034092
v 0.369981 1.059599 0.046923
v 0.369981 1.043431 0.055161
v 0.369981 1.025508 0.058000
v 0.369981 1.007585 0.055161
v 0.369981 0.991416 0.046923
v 0.369981 0.978585 0.034092
v 0.369981 0.970346 0.017923
v 0.369981 0.967508 0.000000
v 0.363122 1.080669 0.016559
v 0.356934 1.072431 0.031496
v 0.352024 1.059599 0.043351
v 0.348871 1.043431 0.050962
v 0.347785 1.025508 0.053585
v 0.348871 1.007585 0.050962
v 0.352024 0.991416 0.043351
v 0.356934 0.978585 0.031496
v 0.363122 0.970346 0.016559
v 0.369981 1.083508 0.000000
v 0.357307 1.080669 0.012673
v 0.345874 1.072431 0.024106
v 0.336801 1.059599 0.033180
v 0.330976 1.043431 0.039005
v 0.328968 1.025508 0.041012
v 0.330976 1.007585 0.039005
v 0.336801 0.991416 0.033180
v 0.345874 0.978585 0.024106
v 0.357307 0.970346 0.012673
v 0.353422 1.080669 0.006859
v 0.338484 1.072431 0.013046
v 0.326629 1.059599 0.017957
v 0.319018 1.043431 0.021109
v 0.316395 1.025508 0.022196
v 0.319018 1.007585 0.021109
v 0.326629 0.991416 0.017957
v 0.338484 0.978585 0.013046
v 0.353422 0.970346 0.006859
v 0.352058 1.080669 -0.000000
v 0.335889 1.072431 -0.000000
v 0.323058 1.059599 -0.000000
v 0.314819 1.043431 -0.000000
v 0.311981 1.025508 -0.000000
v 0.314819 1.007585 -0.000000
v 0.323058 0.991416 -0.000000
v 0.335889 0.978585 -0.000000
v 0.352058 0.970346 -0.000000
v 0.353422 1.080669 -0.006859
v 0.338484 1.072431 -0.013046
v 0.326629 1.059599 -0.017957
v 0.319018 1.043431 -0.021109
v 0.316396 1.025508 -0.022196
v 0.319018 1.007585 -0.021109
v 0.326629 0.991416 -0.017957
v 0.338484 0.978585 -0.013046
v 0.353422 0.970346 -0.006859
v 0.357307 1.080669 -0.012673
v 0.345874 1.072431 -0.024106
v 0.336801 1.059599 -0.033180
v 0.330976 1.043431 -0.039005
v 0.328968 1.025508 -0.041012
v 0.330976 1.007585 -0.039005
v 0.336801 0.991416 -0.033180
v 0.345874 0.978585 -0.024106
v 0.357307 0.970346 -0.012673
v 0.363122 1.080669 -0.016559
v 0.356934 1.072431 -0.031496
v 0.352024 1.059599 -0.043351
v 0.348871 1.043431 -0.050962
v 0.347785 1.025508 -0.053585
v 0.348871 1.007585 -0.050962
v 0.352024 0.991416 -0.043351
v 0.356934 0.978585 -0.031496
v 0.363122 0.970346 -0.016559
v 0.369981 1.080669 -0.017923
v 0.369981 1.072431 -0.034092
v 0.369981 1.007585 -0.055161
v 0.369981 0.978585 -0.034092
v 0.369981 1.025508 -0.052000
v 0.537105 0.826336 -0.052000
v 0.352697 1.011005 -0.046850
v 0.519822 0.811833 -0.046850
v 0.338837 0.999375 -0.032421
v 0.505962 0.800203 -0.032421
v 0.331145 0.992921 -0.011571
v 0.498270 0.793749 -0.011571
v 0.331145 0.992921 0.011571
v 0.498270 0.793749 0.011571
v 0.338837 0.999375 0.032421
v 0.505962 0.800203 0.032421
v 0.352697 1.011005 0.046850
v 0.519822 0.811833 0.046850
v 0.369981 1.025508 0.052000
v 0.537105 0.826336 0.052000
v 0.387264 1.040010 0.046850
v 0.554389 0.840839 0.046850
v 0.401124 1.051640 0.032421
v 0.568249 0.852469 0.032421
v 0.408816 1.058095 0.011571
v 0.575941 0.858923 0.011571
v 0.408816 1.058095 -0.011571
v 0.575941 0.858923 -0.011571
v 0.401124 1.051640 -0.032421
v 0.568249 0.852469 -0.032421
v 0.387264 1.040010 -0.046850
v 0.554389 0.840839 -0.046850
v 0.369981 1.056072 -0.042069
v 0.369981 1.025508 -0.052000
v 0.369981 1.009439 -0.049455
v 0.369981 0.994943 -0.042069
v 0.369981 0.976053 -0.016069
v 0.376130 1.074962 -0.014846
v 0.381677 1.067576 -0.028238
v 0.386080 1.056072 -0.038867
v 0.388906 1.041577 -0.045690
v 0.389880 1.025508 -0.048042
v 0.388906 1.009439 -0.045690
v 0.386080 0.994943 -0.038867
v 0.381677 0.983439 -0.028238
v 0.376130 0.976053 -0.014846
v 0.381343 1.074962 -0.011362
v 0.391593 1.067576 -0.021613
v 0.399728 1.056072 -0.029747
v 0.404950 1.041577 -0.034970
v 0.406750 1.025508 -0.036770
v 0.404950 1.009439 -0.034970
v 0.399728 0.994943 -0.029747
v 0.391593 0.983439 -0.021613
v 0.381343 0.976053 -0.011362
v 0.384826 1.074962 -0.006149
v 0.398219 1.067576 -0.011697
v 0.408847 1.056072 -0.016099
v 0.415671 1.041577 -0.018926
v 0.418022 1.025508 -0.019900
v 0.415671 1.009439 -0.018926
v 0.408847 0.994943 -0.016099
v 0.398219 0.983439 -0.011697
v 0.384826 0.976053 -0.006149
v 0.386049 1.074962 0.000000
v 0.400545 1.067576 0.000000
v 0.412049 1.056072 0.000000
v 0.419435 1.041577 0.000000
v 0.421981 1.025508 0.000000
v 0.419435 1.009439 0.000000
v 0.412049 0.994943 0.000000
v 0.400545 0.983439 0.000000
v 0.386049 0.976053 0.000000
v 0.384826 1.074962 0.006149
v 0.398219 1.067576 0.011697
v 0.408847 1.056072 0.016099
v 0.415671 1.041577 0.018926
v 0.418022 1.025508 0.019900
v 0.415671 1.009439 0.018926
v 0.408847 0.994943 0.016099
v 0.398219 0.983439 0.011697
v 0.384826 0.976053 0.006149
v 0.381343 1.074962 0.011362
v 0.391593 1.067576 0.021613
v 0.399728 1.056072 0.029747
v 0.404950 1.041577 0.034970
v 0.406750 1.025508 0.036770
v 0.404950 1.009439 0.034970
v 0.399728 0.994943 0.029747
v 0.391593 0.983439 0.021613
v 0.381343 0.976053 0.011362
v 0.376130 1.074962 0.014846
v 0.381677 1.067576 0.028238
v 0.386080 1.056072 0.038867
v 0.388906 1.041577 0.045690
v 0.389880 1.025508 0.048042
v 0.388906 1.009439 0.045690
v 0.386080 0.994943 0.038867
v 0.381677 0.983439 0.028238
v 0.376130 0.976053 0.014846
v 0.369981 1.074962 0.016069
v 0.369981 1.067576 0.030565
v 0.369981 1.056072 0.042069
v 0.369980 1.041577 0.049455
v 0.369981 1.025508 0.052000
v 0.369980 1.009439 0.049455
v 0.369981 0.994943 0.042069
v 0.369981 0.983439 0.030565
v 0.369981 0.976053 0.016069
v 0.369981 0.973508 0.000000
v 0.363831 1.074962 0.014846
v 0.358284 1.067576 0.028238
v 0.353881 1.056072 0.038867
v 0.351055 1.041577 0.045690
v 0.350081 1.025508 0.048042
v 0.351055 1.009439 0.045690
v 0.353881 0.994943 0.038867
v 0.358284 0.983439 0.028238
v 0.363831 0.976053 0.014846
v 0.369981 1.077508 0.000000
v 0.358618 1.074962 0.011362
v 0.348368 1.067576 0.021613
v 0.340233 1.056072 0.029747
v 0.335011 1.041577 0.034970
v 0.333211 1.025508 0.036770
v 0.335011 1.009439 0.034970
v 0.340233 0.994943 0.029747
v 0.348368 0.983439 0.021613
v 0.358618 0.976053 0.011362
v 0.355135 1.074962 0.006149
v 0.341742 1.067576 0.011697
v 0.331114 1.056072 0.016099
v 0.324290 1.041577 0.018926
v 0.321939 1.025508 0.019900
v 0.324290 1.009439 0.018926
v 0.331114 0.994943 0.016099
v 0.341742 0.983439 0.011697
v 0.355135 0.976053 0.006149
v 0.353912 1.074962 -0.000000
v 0.339416 1.067576 -0.000000
v 0.327912 1.056072 -0.000000
v 0.320526 1.041577 -0.000000
v 0.317981 1.025508 -0.000000
v 0.320526 1.009439 -0.000000
v 0.327912 0.994943 -0.000000
v 0.339416 0.983439 -0.000000
v 0.353912 0.976053 -0.000000
v 0.355135 1.074962 -0.006149
v 0.341742 1.067576 -0.011697
v 0.331114 1.056072 -0.016099
v 0.324290 1.041577 -0.018926
v 0.321939 1.025508 -0.019900
v 0.324290 1.009439 -0.018926
v 0.331114 0.994943 -0.016099
v 0.341742 0.983439 -0.011697
v 0.355135 0.976053 -0.006149
v 0.358618 1.074962 -0.011362
v 0.348368 1.067576 -0.021613
v 0.340233 1.056072 -0.029747
v 0.335011 1.041577 -0.034970
v 0.333211 1.025508 -0.036770
v 0.335011 1.009439 -0.034970
v 0.340233 0.994943 -0.029747
v 0.348368 0.983439 -0.021613
v 0.358618 0.976053 -0.011362
v 0.363831 1.074962 -0.014846
v 0.358284 1.067576 -0.028238
v 0.353881 1.056072 -0.038867
v 0.351055 1.041577 -0.045690
v 0.350081 1.025508 -0.048042
v 0.351055 1.009439 -0.045690
v 0.353881 0.994943 -0.038867
v 0.358284 0.983439 -0.028238
v 0.363831 0.976053 -0.014846
v 0.369981 1.074962 -0.016069
v 0.369981 1.067576 -0.030565
v 0.369981 1.041577 -0.049455
v 0.369981 0.983439 -0.030565
v 0.537105 0.856901 -0.042069
v 0.537105 0.826336 -0.052000
v 0.537105 0.810267 -0.049455
v 0.537105 0.795771 -0.042069
v 0.537105 0.776881 -0.016069
v 0.543255 0.875791 -0.014846
v 0.548802 0.868405 -0.028238
v 0.553204 0.856901 -0.038867
v 0.556031 0.842405 -0.045690
v 0.557005 0.826336 -0.048042
v 0.556031 0.810267 -0.045690
v 0.553204 0.795771 -0.038867
v 0.548802 0.784267 -0.028238
v 0.543255 0.776881 -0.014846
v 0.548468 0.875791 -0.011362
v 0.558718 0.868405 -0.021613
v 0.566853 0.856901 -0.029747
v 0.572075 0.842405 -0.034970
v 0.573875 0.826336 -0.036770
v 0.572075 0.810267 -0.034970
v 0.566853 0.795771 -0.029747
v 0.558718 0.784267 -0.021613
v 0.548468 0.776881 -0.011362
v 0.551951 0.875791 -0.006149
v 0.565344 0.868405 -0.011697
v 0.575972 0.856901 -0.016099
v 0.582796 0.842405 -0.018926
v 0.585147 0.826336 -0.019900
v 0.582796 0.810267 -0.018926
v 0.575972 0.795771 -0.016099
v 0.565344 0.784267 -0.011697
v 0.551951 0.776881 -0.006149
v 0.553174 0.875791 0.000000
v 0.567670 0.868405 0.000000
v 0.579174 0.856901 0.000000
v 0.586560 0.842405 0.000000
v 0.589105 0.826336 0.000000
v 0.586560 0.810267 0.000000
v 0.579174 0.795771 0.000000
v 0.567670 0.784267 0.000000
v 0.553174 0.776881 0.000000
v 0.551951 0.875791 0.006149
v 0.565344 0.868405 0.011697
v 0.575972 0.856901 0.016099
v 0.582796 0.842405 0.018926
v 0.585147 0.826336 0.019900
v 0.582796 0.810267 0.018926
v 0.575972 0.795771 0.016099
v 0.565344 0.784267 0.011697
v 0.551951 0.776881 0.006149
v 0.548468 0.875791 0.011362
v 0.558718 0.868405 0.021613
v 0.566853 0.856901 0.029747
v 0.572075 0.842405 0.034970
v 0.573875 0.826336 0.036770
v 0.572075 0.810267 0.034970
v 0.566853 0.795771 0.029747
v 0.558718 0.784267 0.021613
v 0.548468 0.776881 0.011362
v 0.543255 0.875791 0.014846
v 0.548802 0.868405 0.028238
v 0.553204 0.856901 0.038867
v 0.556031 0.842405 0.045690
v 0.557005 0.826336 0.048042
v 0.556031 0.810267 0.045690
v 0.553204 0.795771 0.038867
v 0.548802 0.784267 0.028238
v 0.543255 0.776881 0.014846
v 0.537105 0.875791 0.016069
v 0.537105 0.868405 0.030565
v 0.537105 0.856901 0.042069
v 0.537105 0.842405 0.049455
v 0.537105 0.826336 0.052000
v 0.537105 0.810267 0.049455
v 0.537105 0.795771 0.042069
v 0.537105 0.784267 0.030565
v 0.537105 0.776881 0.016069
v 0.537105 0.774336 0.000000
v 0.530956 0.875791 0.014846
v 0.525409 0.868405 0.028238
v 0.521006 0.856901 0.038867
v 0.518180 0.842405 0.045690
v 0.517206 0.826336 0.048042
v 0.518180 0.810267 0.045690
v 0.521006 0.795771 0.038867
v 0.525409 0.784267 0.028238
v 0.530956 0.776881 0.014846
v 0.537105 0.878336 0.000000
v 0.525743 0.875791 0.011362
v 0.515493 0.868405 0.021613
v 0.507358 0.856901 0.029747
v 0.502135 0.842405 0.034970
v 0.500336 0.826336 0.036770
v 0.502135 0.810267 0.034970
v 0.507358 0.795771 0.029747
v 0.515493 0.784267 0.021613
v 0.525743 0.776881 0.011362
v 0.522260 0.875791 0.006149
v 0.508867 0.868405 0.011697
v 0.498239 0.856901 0.016099
v 0.491415 0.842405 0.018926
v 0.489064 0.826336 0.019900
v 0.491415 0.810267 0.018926
v 0.498239 0.795771 0.016099
v 0.508867 0.784267 0.011697
v 0.522260 0.776881 0.006149
v 0.521036 0.875791 -0.000000
v 0.506540 0.868405 -0.000000
v 0.495036 0.856901 -0.000000
v 0.487650 0.842405 -0.000000
v 0.485105 0.826336 -0.000000
v 0.487650 0.810267 -0.000000
v 0.495036 0.795771 -0.000000
v 0.506540 0.784267 -0.000000
v 0.521036 0.776881 -0.000000
v 0.522260 0.875791 -0.006149
v 0.508867 0.868405 -0.011697
v 0.498239 0.856901 -0.016099
v 0.491415 0.842405 -0.018926
v 0.489064 0.826336 -0.019900
v 0.491415 0.810267 -0.018926
v 0.498239 0.795771 -0.016099
v 0.508867 0.784267 -0.011697
v 0.522260 0.776881 -0.006149
v 0.525743 0.875791 -0.011362
v 0.515493 0.868405 -0.021613
v 0.507358 0.856901 -0.029747
v 0.502135 0.842405 -0.034970
v 0.500336 0.826336 -0.036770
v 0.502135 0.810267 -0.034970
v 0.507358 0.795771 -0.029747
v 0.515493 0.784267 -0.021613
v 0.525743 0.776881 -0.011362
v 0.530956 0.875791 -0.014846
v 0.525409 0.868405 -0.028238
v 0.521006 0.856901 -0.038867
v 0.518180 0.842405 -0.045690
v 0.517206 0.826336 -0.048042
v 0.518180 0.810267 -0.045690
v 0.521006 0.795771 -0.038867
v 0.525409 0.784267 -0.028238
v 0.530956 0.776881 -0.014846
v 0.537105 0.875791 -0.016069
v 0.537105 0.868405 -0.030565
v 0.537105 0.842405 -0.049455
v 0.537105 0.784267 -0.030565
v 0.569245 0.823301 -0.048541
v 0.569245 0.788034 -0.060000
v 0.569245 0.769493 -0.057063
v 0.569245 0.752767 -0.048541
v 0.569245 0.730970 -0.018541
v 0.576340 0.845097 -0.017130
v 0.582741 0.836575 -0.032583
v 0.587821 0.823301 -0.044846
v 0.591082 0.806575 -0.052720
v 0.592206 0.788034 -0.055433
v 0.591082 0.769493 -0.052720
v 0.587821 0.752767 -0.044846
v 0.582741 0.739493 -0.032583
v 0.576340 0.730970 -0.017130
v 0.582355 0.845097 -0.013110
v 0.594182 0.836575 -0.024938
v 0.603568 0.823301 -0.034324
v 0.609595 0.806575 -0.040350
v 0.611671 0.788034 -0.042426
v 0.609595 0.769493 -0.040350
v 0.603568 0.752767 -0.034324
v 0.594182 0.739493 -0.024938
v 0.582355 0.730970 -0.013110
v 0.586374 0.845097 -0.007095
v 0.601827 0.836575 -0.013496
v 0.614091 0.823301 -0.018576
v 0.621964 0.806575 -0.021837
v 0.624677 0.788034 -0.022961
v 0.621964 0.769493 -0.021837
v 0.614091 0.752767 -0.018576
v 0.601827 0.739493 -0.013496
v 0.586374 0.730970 -0.007095
v 0.587786 0.845097 0.000000
v 0.604512 0.836575 0.000000
v 0.617786 0.823301 0.000000
v 0.626308 0.806575 0.000000
v 0.629245 0.788034 0.000000
v 0.626308 0.769493 0.000000
v 0.617786 0.752767 0.000000
v 0.604512 0.739493 0.000000
v 0.587786 0.730970 0.000000
v 0.586374 0.845097 0.007095
v 0.601827 0.836575 0.013496
v 0.614091 0.823301 0.018576
v 0.621964 0.806575 0.021837
v 0.624677 0.788034 0.022961
v 0.621964 0.769493 0.021837
v 0.614091 0.752767 0.018576
v 0.601827 0.739493 0.013496
v 0.586374 0.730970 0.007095
v 0.582355 0.845097 0.013110
v 0.594182 0.836575 0.024938
v 0.603568 0.823301 0.034324
v 0.609595 0.806575 0.040350
v 0.611671 0.788034 0.042426
v 0.609595 0.769493 0.040350
v 0.603568 0.752767 0.034324
v 0.594182 0.739493 0.024938
v 0.582355 0.730970 0.013110
v 0.576340 0.845097 0.017130
v 0.582741 0.836575 0.032583
v 0.587821 0.823301 0.044846
v 0.591082 0.806575 0.052720
v 0.592206 0.788034 0.055433
v 0.591082 0.769493 0.052720
v 0.587821 0.752767 0.044846
v 0.582741 0.739493 0.032583
v 0.576340 0.730970 0.017130
v 0.569245 0.845097 0.018541
v 0.569245 0.836575 0.035267
v 0.569245 0.823301 0.048541
v 0.569245 0.806575 0.057063
v 0.569245 0.788034 0.060000
v 0.569245 0.769493 0.057063
v 0.569245 0.752767 0.048541
v 0.569245 0.739493 0.035267
v 0.569245 0.730970 0.018541
v 0.569245 0.728034 0.000000
v 0.562149 0.845097 0.017130
v 0.555749 0.836575 0.032583
v 0.550669 0.823301 0.044846
v 0.547407 0.806575 0.052720
v 0.546284 0.788034 0.055433
v 0.547407 0.769493 0.052720
v 0.550669 0.752767 0.044846
v 0.555749 0.739493 0.032583
v 0.562149 0.730970 0.017130
v 0.569245 0.848034 0.000000
v 0.556134 0.845097 0.013110
v 0.544307 0.836575 0.024938
v 0.534921 0.823301 0.034324
v 0.528895 0.806575 0.040350
v 0.526818 0.788034 0.042426
v 0.528895 0.769493 0.040350
v 0.534921 0.752767 0.034324
v 0.544307 0.739493 0.024938
v 0.556134 0.730970 0.013110
v 0.552115 0.845097 0.007095
v 0.536662 0.836575 0.013496
v 0.524399 0.823301 0.018576
v 0.516525 0.806575 0.021837
v 0.513812 0.788034 0.022961
v 0.516525 0.769493 0.021837
v 0.524399 0.752767 0.018576
v 0.536662 0.739493 0.013496
v 0.552115 0.730970 0.007095
v 0.550704 0.845097 -0.000000
v 0.533978 0.836575 -0.000000
v 0.520704 0.823301 -0.000000
v 0.512181 0.806575 -0.000000
v 0.509245 0.788034 -0.000000
v 0.512181 0.769493 -0.000000
v 0.520704 0.752767 -0.000000
v 0.533978 0.739493 -0.000000
v 0.550704 0.730970 -0.000000
v 0.552115 0.845097 -0.007095
v 0.536662 0.836575 -0.013496
v 0.524399 0.823301 -0.018576
v 0.516525 0.806575 -0.021837
v 0.513812 0.788034 -0.022961
v 0.516525 0.769493 -0.021837
v 0.524399 0.752767 -0.018576
v 0.536662 0.739493 -0.013496
v 0.552115 0.730970 -0.007095
v 0.556134 0.845097 -0.013110
v 0.544307 0.836575 -0.024938
v 0.534921 0.823301 -0.034324
v 0.528895 0.806575 -0.040350
v 0.526818 0.788034 -0.042426
v 0.528895 0.769493 -0.040350
v 0.534921 0.752767 -0.034324
v 0.544307 0.739493 -0.024938
v 0.556134 0.730970 -0.013110
v 0.562149 0.845097 -0.017130
v 0.555749 0.836575 -0.032583
v 0.550669 0.823301 -0.044846
v 0.547408 0.806575 -0.052720
v 0.546284 0.788034 -0.055433
v 0.547408 0.769493 -0.052720
v 0.550669 0.752767 -0.044846
v 0.555749 0.739493 -0.032583
v 0.562149 0.730970 -0.017130
v 0.569245 0.845097 -0.018541
v 0.569245 0.836575 -0.035267
v 0.569245 0.806575 -0.057063
v 0.569245 0.739493 -0.035267
v -0.100000 0.880000 -0.075000
v -0.120000 0.460000 -0.075000
v -0.132504 0.881548 -0.067573
v -0.152504 0.461548 -0.067573
v -0.158571 0.882789 -0.046762
v -0.178571 0.462789 -0.046762
v -0.173037 0.883478 -0.016689
v -0.193037 0.463478 -0.016689
v -0.173037 0.883478 0.016689
v -0.193037 0.463478 0.016689
v -0.158571 0.882789 0.046762
v -0.178571 0.462789 0.046762
v -0.132504 0.881548 0.067573
v -0.152504 0.461548 0.067573
v -0.100000 0.880000 0.075000
v -0.120000 0.460000 0.075000
v -0.067496 0.878452 0.067573
v -0.087496 0.458452 0.067573
v -0.041429 0.877211 0.046762
v -0.061429 0.457211 0.046762
v -0.026963 0.876522 0.016689
v -0.046963 0.456522 0.016689
v -0.026963 0.876522 -0.016689
v -0.046963 0.456522 -0.016689
v -0.041429 0.877211 -0.046762
v -0.061429 0.457211 -0.046762
v -0.067496 0.878452 -0.067573
v -0.087496 0.458452 -0.067573
v -0.100000 0.924084 -0.060676
v -0.100000 0.880000 -0.075000
v -0.100000 0.856824 -0.071329
v -0.100000 0.835916 -0.060676
v -0.100000 0.808671 -0.023176
v -0.091131 0.951329 -0.021412
v -0.083130 0.940676 -0.040728
v -0.076780 0.924084 -0.056058
v -0.072703 0.903176 -0.065900
v -0.071299 0.880000 -0.069291
v -0.072703 0.856824 -0.065900
v -0.076780 0.835916 -0.056058
v -0.083130 0.819324 -0.040728
v -0.091131 0.808671 -0.021412
v -0.083612 0.951329 -0.016388
v -0.068828 0.940676 -0.031172
v -0.057095 0.924084 -0.042905
v -0.049563 0.903176 -0.050437
v -0.046967 0.880000 -0.053033
v -0.049563 0.856824 -0.050437
v -0.057095 0.835916 -0.042905
v -0.068828 0.819324 -0.031172
v -0.083612 0.808671 -0.016388
v -0.078588 0.951329 -0.008869
v -0.059272 0.940676 -0.016870
v -0.043942 0.924084 -0.023220
v -0.034100 0.903176 -0.027297
v -0.030709 0.880000 -0.028701
v -0.034100 0.856824 -0.027297
v -0.043942 0.835916 -0.023220
v -0.059272 0.819324 -0.016870
v -0.078588 0.808671 -0.008869
v -0.076824 0.951329 0.000000
v -0.055916 0.940676 0.000000
v -0.039324 0.924084 0.000000
v -0.028671 0.903176 0.000000
v -0.025000 0.880000 0.000000
v -0.028671 0.856824 0.000000
v -0.039324 0.835916 0.000000
v -0.055916 0.819324 0.000000
v -0.076824 0.808671 0.000000
v -0.078588 0.951329 0.008869
v -0.059272 0.940676 0.016870
v -0.043942 0.924084 0.023220
v -0.034100 0.903176 0.027297
v -0.030709 0.880000 0.028701
v -0.034100 0.856824 0.027297
v -0.043942 0.835916 0.023220
v -0.059272 0.819324 0.016870
v -0.078588 0.808671 0.008869
v -0.083612 0.951329 0.016388
v -0.068828 0.940676 0.031172
v -0.057095 0.924084 0.042905
v -0.049563 0.903176 0.050437
v -0.046967 0.880000 0.053033
v -0.049563 0.856824 0.050437
v -0.057095 0.835916 0.042905
v -0.068828 0.819324 0.031172
v -0.083612 0.808671 0.016388
v -0.091131 0.951329 0.021412
v -0.083130 0.940676 0.040728
v -0.076780 0.924084 0.056058
v -0.072703 0.903176 0.065900
v -0.071299 0.880000 0.069291
v -0.072703 0.856824 0.065900
v -0.076780 0.835916 0.056058
v -0.083130 0.819324 0.040728
v -0.091131 0.808671 0.021412
v -0.100000 0.951329 0.023176
v -0.100000 0.940676 0.044084
v -0.100000 0.924084 0.060676
v -0.100000 0.903176 0.071329
v -0.100000 0.880000 0.075000
v -0.100000 0.856824 0.071329
v -0.100000 0.835916 0.060676
v -0.100000 0.819324 0.044084
v -0.100000 0.808671 0.023176
v -0.100000 0.805000 0.000000
v -0.108869 0.951329 0.021412
v -0.116870 0.940676 0.040728
v -0.123220 0.924084 0.056058
v -0.127297 0.903176 0.065900
v -0.128701 0.880000 0.069291
v -0.127297 0.856824 0.065900
v -0.123220 0.835916 0.056058
v -0.116870 0.819324 0.040728
v -0.108869 0.808671 0.021412
v -0.100000 0.955000 0.000000
v -0.116388 0.951329 0.016388
v -0.131172 0.940676 0.031172
v -0.142905 0.924084 0.042905
v -0.150437 0.903176 0.050437
v -0.153033 0.880000 0.053033
v -0.150437 0.856824 0.050437
v -0.142905 0.835916 0.042905
v -0.131172 0.819324 0.031172
v -0.116388 0.808671 0.016388
v -0.121412 0.951329 0.008869
v -0.140728 0.940676 0.016870
v -0.156058 0.924084 0.023220
v -0.165900 0.903176 0.027296
v -0.169291 0.880000 0.028701
v -0.165900 0.856824 0.027296
v -0.156058 0.835916 0.023220
v -0.140728 0.819324 0.016870
v -0.121412 0.808671 0.008869
v -0.123176 0.951329 -0.000000
v -0.144084 0.940676 -0.000000
v -0.160676 0.924084 -0.000000
v -0.171329 0.903176 -0.000000
v -0.175000 0.880000 -0.000000
v -0.171329 0.856824 -0.000000
v -0.160676 0.835916 -0.000000
v -0.144084 0.819324 -0.000000
v -0.123176 0.808671 -0.000000
v -0.121412 0.951329 -0.008869
v -0.140728 0.940676 -0.016870
v -0.156058 0.924084 -0.023220
v -0.165900 0.903176 -0.027297
v -0.169291 0.880000 -0.028701
v -0.165900 0.856824 -0.027297
v -0.156058 0.835916 -0.023220
v -0.140728 0.819324 -0.016870
v -0.121412 0.808671 -0.008869
v -0.116388 0.951329 -0.016388
v -0.131172 0.940676 -0.031172
v -0.142905 0.924084 -0.042905
v -0.150437 0.903176 -0.050437
v -0.153033 0.880000 -0.053033
v -0.150437 0.856824 -0.050437
v -0.142905 0.835916 -0.042905
v -0.131172 0.819324 -0.031172
v -0.116388 0.808671 -0.016388
v -0.108869 0.951329 -0.021412
v -0.116870 0.940676 -0.040728
v -0.123220 0.924084 -0.056058
v -0.127296 0.903176 -0.065900
v -0.128701 0.880000 -0.069291
v -0.127296 0.856824 -0.065900
v -0.123220 0.835916 -0.056058
v -0.116870 0.819324 -0.040728
v -0.108869 0.808671 -0.021412
v -0.100000 0.951329 -0.023176
v -0.100000 0.940676 -0.044084
v -0.100000 0.903176 -0.071329
v -0.100000 0.819324 -0.044084
v -0.120000 0.504084 -0.060676
v -0.120000 0.460000 -0.075000
v -0.120000 0.436824 -0.071329
v -0.120000 0.415916 -0.060676
v -0.120000 0.388671 -0.023176
v -0.111131 0.531329 -0.021412
v -0.103130 0.520676 -0.040728
v -0.096780 0.504084 -0.056058
v -0.092703 0.483176 -0.065900
v -0.091299 0.460000 -0.069291
v -0.092703 0.436824 -0.065900
v -0.096780 0.415916 -0.056058
v -0.103130 0.399324 -0.040728
v -0.111131 0.388671 -0.021412
v -0.103612 0.531329 -0.016388
v -0.088828 0.520676 -0.031172
v -0.077095 0.504084 -0.042905
v -0.069563 0.483176 -0.050437
v -0.066967 0.460000 -0.053033
v -0.069563 0.436824 -0.050437
v -0.077095 0.415916 -0.042905
v -0.088828 0.399324 -0.031172
v -0.103612 0.388671 -0.016388
v -0.098588 0.531329 -0.008869
v -0.079272 0.520676 -0.016870
v -0.063942 0.504084 -0.023220
v -0.054100 0.483176 -0.027297
v -0.050709 0.460000 -0.028701
v -0.054100 0.436824 -0.027297
v -0.063942 0.415916 -0.023220
v -0.079272 0.399324 -0.016870
v -0.098588 0.388671 -0.008869
v -0.096824 0.531329 0.000000
v -0.075916 0.520676 0.000000
v -0.059324 0.504084 0.000000
v -0.048671 0.483176 0.000000
v -0.045000 0.460000 0.000000
v -0.048671 0.436824 0.000000
v -0.059324 0.415916 0.000000
v -0.075916 0.399324 0.000000
v -0.096824 0.388671 0.000000
v -0.098588 0.531329 0.008869
v -0.079272 0.520676 0.016870
v -0.063942 0.504084 0.023220
v -0.054100 0.483176 0.027297
v -0.050709 0.460000 0.028701
v -0.054100 0.436824 0.027297
v -0.063942 0.415916 0.023220
v -0.079272 0.399324 0.016870
v -0.098588 0.388671 0.008869
v -0.103612 0.531329 0.016388
v -0.088828 0.520676 0.031172
v -0.077095 0.504084 0.042905
v -0.069563 0.483176 0.050437
v -0.066967 0.460000 0.053033
v -0.069563 0.436824 0.050437
v -0.077095 0.415916 0.042905
v -0.088828 0.399324 0.031172
v -0.103612 0.388671 0.016388
v -0.111131 0.531329 0.021412
v -0.103130 0.520676 0.040728
v -0.096780 0.504084 0.056058
v -0.092703 0.483176 0.065900
v -0.091299 0.460000 0.069291
v -0.092703 0.436824 0.065900
v -0.096780 0.415916 0.056058
v -0.103130 0.399324 0.040728
v -0.111131 0.388671 0.021412
v -0.120000 0.531329 0.023176
v -0.120000 0.520676 0.044084
v -0.120000 0.504084 0.060676
v -0.120000 0.483176 0.071329
v -0.120000 0.460000 0.075000
v -0.120000 0.436824 0.071329
v -0.120000 0.415916 0.060676
v -0.120000 0.399324 0.044084
v -0.120000 0.388671 0.023176
v -0.120000 0.385000 0.000000
v -0.128869 0.531329 0.021412
v -0.136870 0.520676 0.040728
v -0.143220 0.504084 0.056058
v -0.147297 0.483176 0.065900
v -0.148701 0.460000 0.069291
v -0.147297 0.436824 0.065900
v -0.143220 0.415916 0.056058
v -0.136870 0.399324 0.040728
v -0.128869 0.388671 0.021412
v -0.120000 0.535000 0.000000
v -0.136388 0.531329 0.016388
v -0.151172 0.520676 0.031172
v -0.162905 0.504084 0.042905
v -0.170437 0.483176 0.050437
v -0.173033 0.460000 0.053033
v -0.170437 0.436824 0.050437
v -0.162905 0.415916 0.042905
v -0.151172 0.399324 0.031172
v -0.136388 0.388671 0.016388
v -0.141412 0.531329 0.008869
v -0.160728 0.520676 0.016870
v -0.176058 0.504084 0.023220
v -0.185900 0.483176 0.027296
v -0.189291 0.460000 0.028701
v -0.185900 0.436824 0.027296
v -0.176058 0.415916 0.023220
v -0.160728 0.399324 0.016870
v -0.141412 0.388671 0.008869
v -0.143176 0.531329 -0.000000
v -0.164084 0.520676 -0.000000
v -0.180676 0.504084 -0.000000
v -0.191329 0.483176 -0.000000
v -0.195000 0.460000 -0.000000
v -0.191329 0.436824 -0.000000
v -0.180676 0.415916 -0.000000
v -0.164084 0.399324 -0.000000
v -0.143176 0.388671 -0.000000
v -0.141412 0.531329 -0.008869
v -0.160728 0.520676 -0.016870
v -0.176058 0.504084 -0.023220
v -0.185900 0.483176 -0.027297
v -0.189291 0.460000 -0.028701
v -0.185900 0.436824 -0.027297
v -0.176058 0.415916 -0.023220
v -0.160728 0.399324 -0.016870
v -0.141412 0.388671 -0.008869
v -0.136388 0.531329 -0.016388
v -0.151172 0.520676 -0.031172
v -0.162905 0.504084 -0.042905
v -0.170437 0.483176 -0.050437
v -0.173033 0.460000 -0.053033
v -0.170437 0.436824 -0.050437
v -0.162905 0.415916 -0.042905
v -0.151172 0.399324 -0.031172
v -0.136388 0.388671 -0.016388
v -0.128869 0.531329 -0.021412
v -0.136870 0.520676 -0.040728
v -0.143220 0.504084 -0.056058
v -0.147296 0.483176 -0.065900
v -0.148701 0.460000 -0.069291
v -0.147296 0.436824 -0.065900
v -0.143220 0.415916 -0.056058
v -0.136870 0.399324 -0.040728
v -0.128869 0.388671 -0.021412
v -0.120000 0.531329 -0.023176
v -0.120000 0.520676 -0.044084
v -0.120000 0.483176 -0.071329
v -0.120000 0.399324 -0.044084
v -0.120000 0.460000 -0.062000
v -0.140000 0.080000 -0.062000
v -0.146864 0.461414 -0.055860
v -0.166864 0.081414 -0.055860
v -0.168407 0.462548 -0.038656
v -0.188407 0.082548 -0.038656
v -0.180362 0.463177 -0.013796
v -0.200362 0.083177 -0.013796
v -0.180362 0.463177 0.013796
v -0.200362 0.083177 0.013796
v -0.168407 0.462548 0.038656
v -0.188407 0.082548 0.038656
v -0.146864 0.461414 0.055860
v -0.166864 0.081414 0.055860
v -0.120000 0.460000 0.062000
v -0.140000 0.080000 0.062000
v -0.093136 0.458586 0.055860
v -0.113136 0.078586 0.055860
v -0.071593 0.457452 0.038656
v -0.091593 0.077452 0.038656
v -0.059638 0.456823 0.013796
v -0.079638 0.076823 0.013796
v -0.059638 0.456823 -0.013796
v -0.079638 0.076823 -0.013796
v -0.071593 0.457452 -0.038656
v -0.091593 0.077452 -0.038656
v -0.093136 0.458586 -0.055860
v -0.113136 0.078586 -0.055860
v -0.120000 0.496443 -0.050159
v -0.120000 0.460000 -0.062000
v -0.120000 0.440841 -0.058966
v -0.120000 0.423557 -0.050159
v -0.120000 0.401035 -0.019159
v -0.112668 0.518965 -0.017701
v -0.106054 0.510159 -0.033669
v -0.100805 0.496443 -0.046341
v -0.097435 0.479159 -0.054477
v -0.096274 0.460000 -0.057281
v -0.097435 0.440841 -0.054477
v -0.100805 0.423557 -0.046341
v -0.106054 0.409841 -0.033669
v -0.112668 0.401035 -0.017701
v -0.106453 0.518965 -0.013547
v -0.094231 0.510159 -0.025769
v -0.084532 0.496443 -0.035468
v -0.078305 0.479159 -0.041695
v -0.076159 0.460000 -0.043841
v -0.078305 0.440841 -0.041695
v -0.084532 0.423557 -0.035468
v -0.094231 0.409841 -0.025769
v -0.106453 0.401035 -0.013547
v -0.102299 0.518965 -0.007332
v -0.086331 0.510159 -0.013946
v -0.073659 0.496443 -0.019195
v -0.065523 0.479159 -0.022565
v -0.062719 0.460000 -0.023726
v -0.065523 0.440841 -0.022565
v -0.073659 0.423557 -0.019195
v -0.086331 0.409841 -0.013946
v -0.102299 0.401035 -0.007332
v -0.100841 0.518965 0.000000
v -0.083557 0.510159 0.000000
v -0.069841 0.496443 0.000000
v -0.061035 0.479159 0.000000
v -0.058000 0.460000 0.000000
v -0.061035 0.440841 0.000000
v -0.069841 0.423557 0.000000
v -0.083557 0.409841 0.000000
v -0.100841 0.401035 0.000000
v -0.102299 0.518965 0.007332
v -0.086331 0.510159 0.013946
v -0.073659 0.496443 0.019195
v -0.065523 0.479159 0.022565
v -0.062719 0.460000 0.023726
v -0.065523 0.440841 0.022565
v -0.073659 0.423557 0.019195
v -0.086331 0.409841 0.013946
v -0.102299 0.401035 0.007332
v -0.106453 0.518965 0.013547
v -0.094231 0.510159 0.025769
v -0.084532 0.496443 0.035468
v -0.078305 0.479159 0.041695
v -0.076159 0.460000 0.043841
v -0.078305 0.440841 0.041695
v -0.084532 0.423557 0.035468
v -0.094231 0.409841 0.025769
v -0.106453 0.401035 0.013547
v -0.112668 0.518965 0.017701
v -0.106054 0.510159 0.033669
v -0.100805 0.496443 0.046341
v -0.097435 0.479159 0.054477
v -0.096274 0.460000 0.057281
v -0.097435 0.440841 0.054477
v -0.100805 0.423557 0.046341
v -0.106054 0.409841 0.033669
v -0.112668 0.401035 0.017701
v -0.120000 0.518965 0.019159
v -0.120000 0.510159 0.036443
v -0.120000 0.496443 0.050159
v -0.120000 0.479159 0.058965
v -0.120000 0.460000 0.062000
v -0.120000 0.440841 0.058965
v -0.120000 0.423557 0.050159
v -0.120000 0.409841 0.036443
v -0.120000 0.401035 0.019159
v -0.120000 0.398000 0.000000
v -0.127332 0.518965 0.017701
v -0.133946 0.510159 0.033669
v -0.139195 0.496443 0.046341
v -0.142565 0.479159 0.054477
v -0.143726 0.460000 0.057281
v -0.142565 0.440841 0.054477
v -0.139195 0.423557 0.046341
v -0.133946 0.409841 0.033669
v -0.127332 0.401035 0.017701
v -0.120000 0.522000 0.000000
v -0.133547 0.518965 0.013547
v -0.145769 0.510159 0.025769
v -0.155468 0.496443 0.035468
v -0.161695 0.479159 0.041695
v -0.163841 0.460000 0.043841
v -0.161695 0.440841 0.041695
v -0.155468 0.423557 0.035468
v -0.145769 0.409841 0.025769
v -0.133547 0.401035 0.013547
v -0.137701 0.518965 0.007332
v -0.153669 0.510159 0.013946
v -0.166341 0.496443 0.019195
v -0.174477 0.479159 0.022565
v -0.177281 0.460000 0.023726
v -0.174477 0.440841 0.022565
v -0.166341 0.423557 0.019195
v -0.153669 0.409841 0.013946
v -0.137701 0.401035 0.007332
v -0.139159 0.518965 -0.000000
v -0.156443 0.510159 -0.000000
v -0.170159 0.496443 -0.000000
v -0.178965 0.479159 -0.000000
v -0.182000 0.460000 -0.000000
v -0.178965 0.440841 -0.000000
v -0.170159 0.423557 -0.000000
v -0.156443 0.409841 -0.000000
v -0.139159 0.401035 -0.000000
v -0.137701 0.518965 -0.007332
v -0.153669 0.510159 -0.013946
v -0.166341 0.496443 -0.019195
v -0.174477 0.479159 -0.022565
v -0.177281 0.460000 -0.023726
v -0.174477 0.440841 -0.022565
v -0.166341 0.423557 -0.019195
v -0.153669 0.409841 -0.013946
v -0.137701 0.401035 -0.007332
v -0.133547 0.518965 -0.013547
v -0.145769 0.510159 -0.025769
v -0.155468 0.496443 -0.035468
v -0.161695 0.479159 -0.041695
v -0.163841 0.460000 -0.043841
v -0.161695 0.440841 -0.041695
v -0.155468 0.423557 -0.035468
v -0.145769 0.409841 -0.025769
v -0.133547 0.401035 -0.013547
v -0.127332 0.518965 -0.017701
v -0.133946 0.510159 -0.033669
v -0.139195 0.496443 -0.046341
v -0.142565 0.479159 -0.054477
v -0.143726 0.460000 -0.057281
v -0.142565 0.440841 -0.054477
v -0.139195 0.423557 -0.046341
v -0.133946 0.409841 -0.033669
v -0.127332 0.401035 -0.017701
v -0.120000 0.518965 -0.019159
v -0.120000 0.510159 -0.036443
v -0.120000 0.479159 -0.058965
v -0.120000 0.409841 -0.036443
v -0.140000 0.116443 -0.050159
v -0.140000 0.080000 -0.062000
v -0.140000 0.060841 -0.058966
v -0.140000 0.043557 -0.050159
v -0.140000 0.021034 -0.019159
v -0.132668 0.138965 -0.017701
v -0.126054 0.130159 -0.033669
v -0.120805 0.116443 -0.046341
v -0.117435 0.099159 -0.054477
v -0.116274 0.080000 -0.057281
v -0.117435 0.060841 -0.054477
v -0.120805 0.043557 -0.046341
v -0.126054 0.029841 -0.033669
v -0.132668 0.021034 -0.017701
v -0.126453 0.138965 -0.013547
v -0.114231 0.130159 -0.025769
v -0.104532 0.116443 -0.035468
v -0.098305 0.099159 -0.041695
v -0.096159 0.080000 -0.043841
v -0.098305 0.060841 -0.041695
v -0.104532 0.043557 -0.035468
v -0.114231 0.029841 -0.025769
v -0.126453 0.021034 -0.013547
v -0.122299 0.138965 -0.007332
v -0.106331 0.130159 -0.013946
v -0.093659 0.116443 -0.019195
v -0.085523 0.099159 -0.022565
v -0.082719 0.080000 -0.023726
v -0.085523 0.060841 -0.022565
v -0.093659 0.043557 -0.019195
v -0.106331 0.029841 -0.013946
v -0.122299 0.021034 -0.007332
v -0.120841 0.138965 0.000000
v -0.103557 0.130159 0.000000
v -0.089841 0.116443 0.000000
v -0.081035 0.099159 0.000000
v -0.078000 0.080000 0.000000
v -0.081035 0.060841 0.000000
v -0.089841 0.043557 0.000000
v -0.103557 0.029841 0.000000
v -0.120841 0.021034 0.000000
v -0.122299 0.138965 0.007332
v -0.106331 0.130159 0.013946
v -0.093659 0.116443 0.019195
v -0.085523 0.099159 0.022565
v -0.082719 0.080000 0.023726
v -0.085523 0.060841 0.022565
v -0.093659 0.043557 0.019195
v -0.106331 0.029841 0.013946
v -0.122299 0.021034 0.007332
v -0.126453 0.138965 0.013547
v -0.114231 0.130159 0.025769
v -0.104532 0.116443 0.035468
v -0.098305 0.099159 0.041695
v -0.096159 0.080000 0.043841
v -0.098305 0.060841 0.041695
v -0.104532 0.043557 0.035468
v -0.114231 0.029841 0.025769
v -0.126453 0.021034 0.013547
v -0.132668 0.138965 0.017701
v -0.126054 0.130159 0.033669
v -0.120805 0.116443 0.046341
v -0.117435 0.099159 0.054477
v -0.116274 0.080000 0.057281
v -0.117435 0.060841 0.054477
v -0.120805 0.043557 0.046341
v -0.126054 0.029841 0.033669
v -0.132668 0.021034 0.017701
v -0.140000 0.138965 0.019159
v -0.140000 0.130159 0.036443
v -0.140000 0.116443 0.050159
v -0.140000 0.099159 0.058965
v -0.140000 0.080000 0.062000
v -0.140000 0.060841 0.058965
v -0.140000 0.043557 0.050159
v -0.140000 0.029841 0.036443
v -0.140000 0.021034 0.019159
v -0.140000 0.018000 0.000000
v -0.147332 0.138965 0.017701
v -0.153946 0.130159 0.033669
v -0.159195 0.116443 0.046341
v -0.162565 0.099159 0.054477
v -0.163726 0.080000 0.057281
v -0.162565 0.060841 0.054477
v -0.159195 0.043557 0.046341
v -0.153946 0.029841 0.033669
v -0.147332 0.021034 0.017701
v -0.140000 0.142000 0.000000
v -0.153547 0.138965 0.013547
v -0.165769 0.130159 0.025769
v -0.175468 0.116443 0.035468
v -0.181695 0.099159 0.041695
v -0.183841 0.080000 0.043841
v -0.181695 0.060841 0.041695
v -0.175468 0.043557 0.035468
v -0.165769 0.029841 0.025769
v -0.153547 0.021034 0.013547
v -0.157701 0.138965 0.007332
v -0.173669 0.130159 0.013946
v -0.186341 0.116443 0.019195
v -0.194477 0.099159 0.022565
v -0.197281 0.080000 0.023726
v -0.194477 0.060841 0.022565
v -0.186341 0.043557 0.019195
v -0.173669 0.029841 0.013946
v -0.157701 0.021034 0.007332
v -0.159159 0.138965 -0.000000
v -0.176443 0.130159 -0.000000
v -0.190159 0.116443 -0.000000
v -0.198965 0.099159 -0.000000
v -0.202000 0.080000 -0.000000
v -0.198965 0.060841 -0.000000
v -0.190159 0.043557 -0.000000
v -0.176443 0.029841 -0.000000
v -0.159159 0.021034 -0.000000
v -0.157701 0.138965 -0.007332
v -0.173669 0.130159 -0.013946
v -0.186341 0.116443 -0.019195
v -0.194477 0.099159 -0.022565
v -0.197281 0.080000 -0.023726
v -0.194477 0.060841 -0.022565
v -0.186341 0.043557 -0.019195
v -0.173669 0.029841 -0.013946
v -0.157701 0.021034 -0.007332
v -0.153547 0.138965 -0.013547
v -0.165769 0.130159 -0.025769
v -0.175468 0.116443 -0.035468
v -0.181695 0.099159 -0.041695
v -0.183841 0.080000 -0.043841
v -0.181695 0.060841 -0.041695
v -0.175468 0.043557 -0.035468
v -0.165769 0.029841 -0.025769
v -0.153547 0.021034 -0.013547
v -0.147332 0.138965 -0.017701
v -0.153946 0.130159 -0.033669
v -0.159195 0.116443 -0.046341
v -0.162565 0.099159 -0.054477
v -0.163726 0.080000 -0.057281
v -0.162565 0.060841 -0.054477
v -0.159195 0.043557 -0.046341
v -0.153946 0.029841 -0.033669
v -0.147332 0.021034 -0.017701
v -0.140000 0.138965 -0.019159
v -0.140000 0.130159 -0.036443
v -0.140000 0.099159 -0.058965
v -0.140000 0.029841 -0.036443
v -0.190000 0.000000 0.170000
v -0.190000 0.080000 0.170000
v -0.190000 0.000000 -0.070000
v -0.190000 0.080000 -0.070000
v -0.090000 0.000000 0.170000
v -0.090000 0.080000 0.170000
v -0.090000 0.000000 -0.070000
v -0.090000 0.080000 -0.070000
v 0.100000 0.880000 -0.075000
v 0.120000 0.460000 -0.075000
v 0.067496 0.878452 -0.067573
v 0.087496 0.458452 -0.067573
v 0.041429 0.877211 -0.046762
v 0.061429 0.457211 -0.046762
v 0.026963 0.876522 -0.016689
v 0.046963 0.456522 -0.016689
v 0.026963 0.876522 0.016689
v 0.046963 0.456522 0.016689
v 0.041429 0.877211 0.046762
v 0.061429 0.457211 0.046762
v 0.067496 0.878452 0.067573
v 0.087496 0.458452 0.067573
v 0.100000 0.880000 0.075000
v 0.120000 0.460000 0.075000
v 0.132504 0.881548 0.067573
v 0.152504 0.461548 0.067573
v 0.158571 0.882789 0.046762
v 0.178571 0.462789 0.046762
v 0.173037 0.883478 0.016689
v 0.193037 0.463478 0.016689
v 0.173037 0.883478 -0.016689
v 0.193037 0.463478 -0.016689
v 0.158571 0.882789 -0.046762
v 0.178571 0.462789 -0.046762
v 0.132504 0.881548 -0.067573
v 0.152504 0.461548 -0.067573
v 0.100000 0.924084 -0.060676
v 0.100000 0.880000 -0.075000
v 0.100000 0.856824 -0.071329
v 0.100000 0.835916 -0.060676
v 0.100000 0.808671 -0.023176
v 0.108869 0.951329 -0.021412
v 0.116870 0.940676 -0.040728
v 0.123220 0.924084 -0.056058
v 0.127297 0.903176 -0.065900
v 0.128701 0.880000 -0.069291
v 0.127297 0.856824 -0.065900
v 0.123220 0.835916 -0.056058
v 0.116870 0.819324 -0.040728
v 0.108869 0.808671 -0.021412
v 0.116388 0.951329 -0.016388
v 0.131172 0.940676 -0.031172
v 0.142905 0.924084 -0.042905
v 0.150437 0.903176 -0.050437
v 0.153033 0.880000 -0.053033
v 0.150437 0.856824 -0.050437
v 0.142905 0.835916 -0.042905
v 0.131172 0.819324 -0.031172
v 0.116388 0.808671 -0.016388
v 0.121412 0.951329 -0.008869
v 0.140728 0.940676 -0.016870
v 0.156058 0.924084 -0.023220
v 0.165900 0.903176 -0.027297
v 0.169291 0.880000 -0.028701
v 0.165900 0.856824 -0.027297
v 0.156058 0.835916 -0.023220
v 0.140728 0.819324 -0.016870
v 0.121412 0.808671 -0.008869
v 0.123176 0.951329 0.000000
v 0.144084 0.940676 0.000000
v 0.160676 0.924084 0.000000
v 0.171329 0.903176 0.000000
v 0.175000 0.880000 0.000000
v 0.171329 0.856824 0.000000
v 0.160676 0.835916 0.000000
v 0.144084 0.819324 0.000000
v 0.123176 0.808671 0.000000
v 0.121412 0.951329 0.008869
v 0.140728 0.940676 0.016870
v 0.156058 0.924084 0.023220
v 0.165900 0.903176 0.027297
v 0.169291 0.880000 0.028701
v 0.165900 0.856824 0.027297
v 0.156058 0.835916 0.023220
v 0.140728 0.819324 0.016870
v 0.121412 0.808671 0.008869
v 0.116388 0.951329 0.016388
v 0.131172 0.940676 0.031172
v 0.142905 0.924084 0.042905
v 0.150437 0.903176 0.050437
v 0.153033 0.880000 0.053033
v 0.150437 0.856824 0.050437
v 0.142905 0.835916 0.042905
v 0.131172 0.819324 0.031172
v 0.116388 0.808671 0.016388
v 0.108869 0.951329 0.021412
v 0.116870 0.940676 0.040728
v 0.123220 0.924084 0.056058
v 0.127297 0.903176 0.065900
v 0.128701 0.880000 0.069291
v 0.127297 0.856824 0.065900
v 0.123220 0.835916 0.056058
v 0.116870 0.819324 0.040728
v 0.108869 0.808671 0.021412
v 0.100000 0.951329 0.023176
v 0.100000 0.940676 0.044084
v 0.100000 0.924084 0.060676
v 0.100000 0.903176 0.071329
v 0.100000 0.880000 0.075000
v 0.100000 0.856824 0.071329
v 0.100000 0.835916 0.060676
v 0.100000 0.819324 0.044084
v 0.100000 0.808671 0.023176
v 0.100000 0.805000 0.000000
v 0.091131 0.951329 0.021412
v 0.083130 0.940676 0.040728
v 0.076780 0.924084 0.056058
v 0.072703 0.903176 0.065900
v 0.071299 0.880000 0.069291
v 0.072703 0.856824 0.065900
v 0.076780 0.835916 0.056058
v 0.083130 0.819324 0.040728
v 0.091131 0.808671 0.021412
v 0.100000 0.955000 0.000000
v 0.083612 0.951329 0.016388
v 0.068828 0.940676 0.031172
v 0.057095 0.924084 0.042905
v 0.049563 0.903176 0.050437
v 0.046967 0.880000 0.053033
v 0.049563 0.856824 0.050437
v 0.057095 0.835916 0.042905
v 0.068828 0.819324 0.031172
v 0.083612 0.808671 0.016388
v 0.078588 0.951329 0.008869
v 0.059272 0.940676 0.016870
v 0.043942 0.924084 0.023220
v 0.034100 0.903176 0.027296
v 0.030709 0.880000 0.028701
v 0.034100 0.856824 0.027296
v 0.043942 0.835916 0.023220
v 0.059272 0.819324 0.016870
v 0.078588 0.808671 0.008869
v 0.076824 0.951329 -0.000000
v 0.055916 0.940676 -0.000000
v 0.039324 0.924084 -0.000000
v 0.028671 0.903176 -0.000000
v 0.025000 0.880000 -0.000000
v 0.028671 0.856824 -0.000000
v 0.039324 0.835916 -0.000000
v 0.055916 0.819324 -0.000000
v 0.076824 0.808671 -0.000000
v 0.078588 0.951329 -0.008869
v 0.059272 0.940676 -0.016870
v 0.043942 0.924084 -0.023220
v 0.034100 0.903176 -0.027297
v 0.030709 0.880000 -0.028701
v 0.034100 0.856824 -0.027297
v 0.043942 0.835916 -0.023220
v 0.059272 0.819324 -0.016870
v 0.078588 0.808671 -0.008869
v 0.083612 0.951329 -0.016388
v 0.068828 0.940676 -0.031172
v 0.057095 0.924084 -0.042905
v 0.049563 0.903176 -0.050437
v 0.046967 0.880000 -0.053033
v 0.049563 0.856824 -0.050437
v 0.057095 0.835916 -0.042905
v 0.068828 0.819324 -0.031172
v 0.083612 0.808671 -0.016388
v 0.091131 0.951329 -0.021412
v 0.083130 0.940676 -0.040728
v 0.076780 0.924084 -0.056058
v 0.072704 0.903176 -0.065900
v 0.071299 0.880000 -0.069291
v 0.072704 0.856824 -0.065900
v 0.076780 0.835916 -0.056058
v 0.083130 0.819324 -0.040728
v 0.091131 0.808671 -0.021412
v 0.100000 0.951329 -0.023176
v 0.100000 0.940676 -0.044084
v 0.100000 0.903176 -0.071329
v 0.100000 0.819324 -0.044084
v 0.120000 0.504084 -0.060676
v 0.120000 0.460000 -0.075000
v 0.120000 0.436824 -0.071329
v 0.120000 0.415916 -0.060676
v 0.120000 0.388671 -0.023176
v 0.128869 0.531329 -0.021412
v 0.136870 0.520676 -0.040728
v 0.143220 0.504084 -0.056058
v 0.147297 0.483176 -0.065900
v 0.148701 0.460000 -0.069291
v 0.147297 0.436824 -0.065900
v 0.143220 0.415916 -0.056058
v 0.136870 0.399324 -0.040728
v 0.128869 0.388671 -0.021412
v 0.136388 0.531329 -0.016388
v 0.151172 0.520676 -0.031172
v 0.162905 0.504084 -0.042905
v 0.170437 0.483176 -0.050437
v 0.173033 0.460000 -0.053033
v 0.170437 0.436824 -0.050437
v 0.162905 0.415916 -0.042905
v 0.151172 0.399324 -0.031172
v 0.136388 0.388671 -0.016388
v 0.141412 0.531329 -0.008869
v 0.160728 0.520676 -0.016870
v 0.176058 0.504084 -0.023220
v 0.185900 0.483176 -0.027297
v 0.189291 0.460000 -0.028701
v 0.185900 0.436824 -0.027297
v 0.176058 0.415916 -0.023220
v 0.160728 0.399324 -0.016870
v 0.141412 0.388671 -0.008869
v 0.143176 0.531329 0.000000
v 0.164084 0.520676 0.000000
v 0.180676 0.504084 0.000000
v 0.191329 0.483176 0.000000
v 0.195000 0.460000 0.000000
v 0.191329 0.436824 0.000000
v 0.180676 0.415916 0.000000
v 0.164084 0.399324 0.000000
v 0.143176 0.388671 0.000000
v 0.141412 0.531329 0.008869
v 0.160728 0.520676 0.016870
v 0.176058 0.504084 0.023220
v 0.185900 0.483176 0.027297
v 0.189291 0.460000 0.028701
v 0.185900 0.436824 0.027297
v 0.176058 0.415916 0.023220
v 0.160728 0.399324 0.016870
v 0.141412 0.388671 0.008869
v 0.136388 0.531329 0.016388
v 0.151172 0.520676 0.031172
v 0.162905 0.504084 0.042905
v 0.170437 0.483176 0.050437
v 0.173033 0.460000 0.053033
v 0.170437 0.436824 0.050437
v 0.162905 0.415916 0.042905
v 0.151172 0.399324 0.031172
v 0.136388 0.388671 0.016388
v 0.128869 0.531329 0.021412
v 0.136870 0.520676 0.040728
v 0.143220 0.504084 0.056058
v 0.147297 0.483176 0.065900
v 0.148701 0.460000 0.069291
v 0.147297 0.436824 0.065900
v 0.143220 0.415916 0.056058
v 0.136870 0.399324 0.040728
v 0.128869 0.388671 0.021412
v 0.120000 0.531329 0.023176
v 0.120000 0.520676 0.044084
v 0.120000 0.504084 0.060676
v 0.120000 0.483176 0.071329
v 0.120000 0.460000 0.075000
v 0.120000 0.436824 0.071329
v 0.120000 0.415916 0.060676
v 0.120000 0.399324 0.044084
v 0.120000 0.388671 0.023176
v 0.120000 0.385000 0.000000
v 0.111131 0.531329 0.021412
v 0.103130 0.520676 0.040728
v 0.096780 0.504084 0.056058
v 0.092703 0.483176 0.065900
v 0.091299 0.460000 0.069291
v 0.092703 0.436824 0.065900
v 0.096780 0.415916 0.056058
v 0.103130 0.399324 0.040728
v 0.111131 0.388671 0.021412
v 0.120000 0.535000 0.000000
v 0.103612 0.531329 0.016388
v 0.088828 0.520676 0.031172
v 0.077095 0.504084 0.042905
v 0.069563 0.483176 0.050437
v 0.066967 0.460000 0.053033
v 0.069563 0.436824 0.050437
v 0.077095 0.415916 0.042905
v 0.088828 0.399324 0.031172
v 0.103612 0.388671 0.016388
v 0.098588 0.531329 0.008869
v 0.079272 0.520676 0.016870
v 0.063942 0.504084 0.023220
v 0.054100 0.483176 0.027296
v 0.050709 0.460000 0.028701
v 0.054100 0.436824 0.027296
v 0.063942 0.415916 0.023220
v 0.079272 0.399324 0.016870
v 0.098588 0.388671 0.008869
v 0.096824 0.531329 -0.000000
v 0.075916 0.520676 -0.000000
v 0.059324 0.504084 -0.000000
v 0.048671 0.483176 -0.000000
v 0.045000 0.460000 -0.000000
v 0.048671 0.436824 -0.000000
v 0.059324 0.415916 -0.000000
v 0.075916 0.399324 -0.000000
v 0.096824 0.388671 -0.000000
v 0.098588 0.531329 -0.008869
v 0.079272 0.520676 -0.016870
v 0.063942 0.504084 -0.023220
v 0.054100 0.483176 -0.027297
v 0.050709 0.460000 -0.028701
v 0.054100 0.436824 -0.027297
v 0.063942 0.415916 -0.023220
v 0.079272 0.399324 -0.016870
v 0.098588 0.388671 -0.008869
v 0.103612 0.531329 -0.016388
v 0.088828 0.520676 -0.031172
v 0.077095 0.504084 -0.042905
v 0.069563 0.483176 -0.050437
v 0.066967 0.460000 -0.053033
v 0.069563 0.436824 -0.050437
v 0.077095 0.415916 -0.042905
v 0.088828 0.399324 -0.031172
v 0.103612 0.388671 -0.016388
v 0.111131 0.531329 -0.021412
v 0.103130 0.520676 -0.040728
v 0.096780 0.504084 -0.056058
v 0.092704 0.483176 -0.065900
v 0.091299 0.460000 -0.069291
v 0.092704 0.436824 -0.065900
v 0.096780 0.415916 -0.056058
v 0.103130 0.399324 -0.040728
v 0.111131 0.388671 -0.021412
v 0.120000 0.531329 -0.023176
v 0.120000 0.520676 -0.044084
v 0.120000 0.483176 -0.071329
v 0.120000 0.399324 -0.044084
v 0.120000 0.460000 -0.062000
v 0.140000 0.080000 -0.062000
v 0.093136 0.458586 -0.055860
v 0.113136 0.078586 -0.055860
v 0.071593 0.457452 -0.038656
v 0.091593 0.077452 -0.038656
v 0.059638 0.456823 -0.013796
v 0.079638 0.076823 -0.013796
v 0.059638 0.456823 0.013796
v 0.079638 0.076823 0.013796
v 0.071593 0.457452 0.038656
v 0.091593 0.077452 0.038656
v 0.093136 0.458586 0.055860
v 0.113136 0.078586 0.055860
v 0.120000 0.460000 0.062000
v 0.140000 0.080000 0.062000
v 0.146864 0.461414 0.055860
v 0.166864 0.081414 0.055860
v 0.168407 0.462548 0.038656
v 0.188407 0.082548 0.038656
v 0.180362 0.463177 0.013796
v 0.200362 0.083177 0.013796
v 0.180362 0.463177 -0.013796
v 0.200362 0.083177 -0.013796
v 0.168407 0.462548 -0.038656
v 0.188407 0.082548 -0.038656
v 0.146864 0.461414 -0.055860
v 0.166864 0.081414 -0.055860
v 0.120000 0.496443 -0.050159
v 0.120000 0.460000 -0.062000
v 0.120000 0.440841 -0.058966
v 0.120000 0.423557 -0.050159
v 0.120000 0.401035 -0.019159
v 0.127332 0.518965 -0.017701
v 0.133946 0.510159 -0.033669
v 0.139195 0.496443 -0.046341
v 0.142565 0.479159 -0.054477
v 0.143726 0.460000 -0.057281
v 0.142565 0.440841 -0.054477
v 0.139195 0.423557 -0.046341
v 0.133946 0.409841 -0.033669
v 0.127332 0.401035 -0.017701
v 0.133547 0.518965 -0.013547
v 0.145769 0.510159 -0.025769
v 0.155468 0.496443 -0.035468
v 0.161695 0.479159 -0.041695
v 0.163841 0.460000 -0.043841
v 0.161695 0.440841 -0.041695
v 0.155468 0.423557 -0.035468
v 0.145769 0.409841 -0.025769
v 0.133547 0.401035 -0.013547
v 0.137701 0.518965 -0.007332
v 0.153669 0.510159 -0.013946
v 0.166341 0.496443 -0.019195
v 0.174477 0.479159 -0.022565
v 0.177281 0.460000 -0.023726
v 0.174477 0.440841 -0.022565
v 0.166341 0.423557 -0.019195
v 0.153669 0.409841 -0.013946
v 0.137701 0.401035 -0.007332
v 0.139159 0.518965 0.000000
v 0.156443 0.510159 0.000000
v 0.170159 0.496443 0.000000
v 0.178965 0.479159 0.000000
v 0.182000 0.460000 0.000000
v 0.178965 0.440841 0.000000
v 0.170159 0.423557 0.000000
v 0.156443 0.409841 0.000000
v 0.139159 0.401035 0.000000
v 0.137701 0.518965 0.007332
v 0.153669 0.510159 0.013946
v 0.166341 0.496443 0.019195
v 0.174477 0.479159 0.022565
v 0.177281 0.460000 0.023726
v 0.174477 0.440841 0.022565
v 0.166341 0.423557 0.019195
v 0.153669 0.409841 0.013946
v 0.137701 0.401035 0.007332
v 0.133547 0.518965 0.013547
v 0.145769 0.510159 0.025769
v 0.155468 0.496443 0.035468
v 0.161695 0.479159 0.041695
v 0.163841 0.460000 0.043841
v 0.161695 0.440841 0.041695
v 0.155468 0.423557 0.035468
v 0.145769 0.409841 0.025769
v 0.133547 0.401035 0.013547
v 0.127332 0.518965 0.017701
v 0.133946 0.510159 0.033669
v 0.139195 0.496443 0.046341
v 0.142565 0.479159 0.054477
v 0.143726 0.460000 0.057281
v 0.142565 0.440841 0.054477
v 0.139195 0.423557 0.046341
v 0.133946 0.409841 0.033669
v 0.127332 0.401035 0.017701
v 0.120000 0.518965 0.019159
v 0.120000 0.510159 0.036443
v 0.120000 0.496443 0.050159
v 0.120000 0.479159 0.058965
v 0.120000 0.460000 0.062000
v 0.120000 0.440841 0.058965
v 0.120000 0.423557 0.050159
v 0.120000 0.409841 0.036443
v 0.120000 0.401035 0.019159
v 0.120000 0.398000 0.000000
v 0.112668 0.518965 0.017701
v 0.106054 0.510159 0.033669
v 0.100805 0.496443 0.046341
v 0.097435 0.479159 0.054477
v 0.096274 0.460000 0.057281
v 0.097435 0.440841 0.054477
v 0.100805 0.423557 0.046341
v 0.106054 0.409841 0.033669
v 0.112668 0.401035 0.017701
v 0.120000 0.522000 0.000000
v 0.106453 0.518965 0.013547
v 0.094231 0.510159 0.025769
v 0.084532 0.496443 0.035468
v 0.078305 0.479159 0.041695
v 0.076159 0.460000 0.043841
v 0.078305 0.440841 0.041695
v 0.084532 0.423557 0.035468
v 0.094231 0.409841 0.025769
v 0.106453 0.401035 0.013547
v 0.102299 0.518965 0.007332
v 0.086331 0.510159 0.013946
v 0.073659 0.496443 0.019195
v 0.065523 0.479159 0.022565
v 0.062719 0.460000 0.023726
v 0.065523 0.440841 0.022565
v 0.073659 0.423557 0.019195
v 0.086331 0.409841 0.013946
v 0.102299 0.401035 0.007332
v 0.100841 0.518965 -0.000000
v 0.083557 0.510159 -0.000000
v 0.069841 0.496443 -0.000000
v 0.061035 0.479159 -0.000000
v 0.058000 0.460000 -0.000000
v 0.061035 0.440841 -0.000000
v 0.069841 0.423557 -0.000000
v 0.083557 0.409841 -0.000000
v 0.100841 0.401035 -0.000000
v 0.102299 0.518965 -0.007332
v 0.086331 0.510159 -0.013946
v 0.073659 0.496443 -0.019195
v 0.065523 0.479159 -0.022565
v 0.062719 0.460000 -0.023726
v 0.065523 0.440841 -0.022565
v 0.073659 0.423557 -0.019195
v 0.086331 0.409841 -0.013946
v 0.102299 0.401035 -0.007332
v 0.106453 0.518965 -0.013547
v 0.094231 0.510159 -0.025769
v 0.084532 0.496443 -0.035468
v 0.078305 0.479159 -0.041695
v 0.076159 0.460000 -0.043841
v 0.078305 0.440841 -0.041695
v 0.084532 0.423557 -0.035468
v 0.094231 0.409841 -0.025769
v 0.106453 0.401035 -0.013547
v 0.112668 0.518965 -0.017701
v 0.106054 0.510159 -0.033669
v 0.100805 0.496443 -0.046341
v 0.097435 0.479159 -0.054477
v 0.096274 0.460000 -0.057281
v 0.097435 0.440841 -0.054477
v 0.100805 0.423557 -0.046341
v 0.106054 0.409841 -0.033669
v 0.112668 0.401035 -0.017701
v 0.120000 0.518965 -0.019159
v 0.120000 0.510159 -0.036443
v 0.120000 0.479159 -0.058965
v 0.120000 0.409841 -0.036443
v 0.140000 0.116443 -0.050159
v 0.140000 0.080000 -0.062000
v 0.140000 0.060841 -0.058966
v 0.140000 0.043557 -0.050159
v 0.140000 0.021034 -0.019159
v 0.147332 0.138965 -0.017701
v 0.153946 0.130159 -0.033669
v 0.159195 0.116443 -0.046341
v 0.162565 0.099159 -0.054477
v 0.163726 0.080000 -0.057281
v 0.162565 0.060841 -0.054477
v 0.159195 0.043557 -0.046341
v 0.153946 0.029841 -0.033669
v 0.147332 0.021034 -0.017701
v 0.153547 0.138965 -0.013547
v 0.165769 0.130159 -0.025769
v 0.175468 0.116443 -0.035468
v 0.181695 0.099159 -0.041695
v 0.183841 0.080000 -0.043841
v 0.181695 0.060841 -0.041695
v 0.175468 0.043557 -0.035468
v 0.165769 0.029841 -0.025769
v 0.153547 0.021034 -0.013547
v 0.157701 0.138965 -0.007332
v 0.173669 0.130159 -0.013946
v 0.186341 0.116443 -0.019195
v 0.194477 0.099159 -0.022565
v 0.197281 0.080000 -0.023726
v 0.194477 0.060841 -0.022565
v 0.186341 0.043557 -0.019195
v 0.173669 0.029841 -0.013946
v 0.157701 0.021034 -0.007332
v 0.159159 0.138965 0.000000
v 0.176443 0.130159 0.000000
v 0.190159 0.116443 0.000000
v 0.198965 0.099159 0.000000
v 0.202000 0.080000 0.000000
v 0.198965 0.060841 0.000000
v 0.190159 0.043557 0.000000
v 0.176443 0.029841 0.000000
v 0.159159 0.021034 0.000000
v 0.157701 0.138965 0.007332
v 0.173669 0.130159 0.013946
v 0.186341 0.116443 0.019195
v 0.194477 0.099159 0.022565
v 0.197281 0.080000 0.023726
v 0.194477 0.060841 0.022565
v 0.186341 0.043557 0.019195
v 0.173669 0.029841 0.013946
v 0.157701 0.021034 0.007332
v 0.153547 0.138965 0.013547
v 0.165769 0.130159 0.025769
v 0.175468 0.116443 0.035468
v 0.181695 0.099159 0.041695
v 0.183841 0.080000 0.043841
v 0.181695 0.060841 0.041695
v 0.175468 0.043557 0.035468
v 0.165769 0.029841 0.025769
v 0.153547 0.021034 0.013547
v 0.147332 0.138965 0.017701
v 0.153946 0.130159 0.033669
v 0.159195 0.116443 0.046341
v 0.162565 0.099159 0.054477
v 0.163726 0.080000 0.057281
v 0.162565 0.060841 0.054477
v 0.159195 0.043557 0.046341
v 0.153946 0.029841 0.033669
v 0.147332 0.021034 0.017701
v 0.140000 0.138965 0.019159
v 0.140000 0.130159 0.036443
v 0.140000 0.116443 0.050159
v 0.140000 0.099159 0.058965
v 0.140000 0.080000 0.062000
v 0.140000 0.060841 0.058965
v 0.140000 0.043557 0.050159
v 0.140000 0.029841 0.036443
v 0.140000 0.021034 0.019159
v 0.140000 0.018000 0.000000
v 0.132668 0.138965 0.017701
v 0.126054 0.130159 0.033669
v 0.120805 0.116443 0.046341
v 0.117435 0.099159 0.054477
v 0.116274 0.080000 0.057281
v 0.117435 0.060841 0.054477
v 0.120805 0.043557 0.046341
v 0.126054 0.029841 0.033669
v 0.132668 0.021034 0.017701
v 0.140000 0.142000 0.000000
v 0.126453 0.138965 0.013547
v 0.114231 0.130159 0.025769
v 0.104532 0.116443 0.035468
v 0.098305 0.099159 0.041695
v 0.096159 0.080000 0.043841
v 0.098305 0.060841 0.041695
v 0.104532 0.043557 0.035468
v 0.114231 0.029841 0.025769
v 0.126453 0.021034 0.013547
v 0.122299 0.138965 0.007332
v 0.106331 0.130159 0.013946
v 0.093659 0.116443 0.019195
v 0.085523 0.099159 0.022565
v 0.082719 0.080000 0.023726
v 0.085523 0.060841 0.022565
v 0.093659 0.043557 0.019195
v 0.106331 0.029841 0.013946
v 0.122299 0.021034 0.007332
v 0.120841 0.138965 -0.000000
v 0.103557 0.130159 -0.000000
v 0.089841 0.116443 -0.000000
v 0.081035 0.099159 -0.000000
v 0.078000 0.080000 -0.000000
v 0.081035 0.060841 -0.000000
v 0.089841 0.043557 -0.000000
v 0.103557 0.029841 -0.000000
v 0.120841 0.021034 -0.000000
v 0.122299 0.138965 -0.007332
v 0.106331 0.130159 -0.013946
v 0.093659 0.116443 -0.019195
v 0.085523 0.099159 -0.022565
v 0.082719 0.080000 -0.023726
v 0.085523 0.060841 -0.022565
v 0.093659 0.043557 -0.019195
v 0.106331 0.029841 -0.013946
v 0.122299 0.021034 -0.007332
v 0.126453 0.138965 -0.013547
v 0.114231 0.130159 -0.025769
v 0.104532 0.116443 -0.035468
v 0.098305 0.099159 -0.041695
v 0.096159 0.080000 -0.043841
v 0.098305 0.060841 -0.041695
v 0.104532 0.043557 -0.035468
v 0.114231 0.029841 -0.025769
v 0.126453 0.021034 -0.013547
v 0.132668 0.138965 -0.017701
v 0.126054 0.130159 -0.033669
v 0.120805 0.116443 -0.046341
v 0.117435 0.099159 -0.054477
v 0.116274 0.080000 -0.057281
v 0.117435 0.060841 -0.054477
v 0.120805 0.043557 -0.046341
v 0.126054 0.029841 -0.033669
v 0.132668 0.021034 -0.017701
v 0.140000 0.138965 -0.019159
v 0.140000 0.130159 -0.036443
v 0.140000 0.099159 -0.058965
v 0.140000 0.029841 -0.036443
v 0.090000 0.000000 0.170000
v 0.090000 0.080000 0.170000
v 0.090000 0.000000 -0.070000
v 0.090000 0.080000 -0.070000
v 0.190000 0.000000 0.170000
v 0.190000 0.080000 0.170000
v 0.190000 0.000000 -0.070000
v 0.190000 0.080000 -0.070000
v 0.000000 0.880000 -0.190000
v 0.000000 0.260000 -0.340000
v -0.051175 0.880000 -0.182979
v -0.091576 0.260000 -0.327435
v -0.098567 0.880000 -0.162433
v -0.176383 0.260000 -0.290670
v -0.138674 0.880000 -0.129883
v -0.248154 0.260000 -0.232421
v -0.168532 0.880000 -0.087732
v -0.301584 0.260000 -0.156995
v -0.185934 0.880000 -0.039098
v -0.332724 0.260000 -0.069964
v -0.189593 0.880000 0.012427
v -0.339272 0.260000 0.022237
v -0.179240 0.880000 0.063032
v -0.320745 0.260000 0.112795
v -0.155639 0.880000 0.108980
v -0.278512 0.260000 0.195016
v 0.002644 0.875338 -0.170731
v 0.002644 0.255338 -0.320731
v -0.045939 0.875297 -0.164258
v -0.086340 0.255297 -0.308715
v -0.088482 0.875297 -0.145814
v -0.166298 0.255297 -0.274051
v -0.124486 0.875297 -0.116594
v -0.233966 0.255297 -0.219133
v -0.151289 0.875297 -0.078756
v -0.284341 0.255297 -0.148019
v -0.166911 0.875297 -0.035098
v -0.313700 0.255297 -0.065964
v -0.170196 0.875297 0.011155
v -0.319874 0.255297 0.020966
v -0.160902 0.875297 0.056583
v -0.302407 0.255297 0.106346
v -0.138339 0.875338 0.100093
v -0.261211 0.255338 0.186130
v 0.000000 0.880000 -0.190000
v 0.000000 0.260000 -0.340000
v 0.051175 0.880000 -0.182979
v 0.091576 0.260000 -0.327435
v 0.098567 0.880000 -0.162433
v 0.176383 0.260000 -0.290670
v 0.138674 0.880000 -0.129883
v 0.248154 0.260000 -0.232421
v 0.168532 0.880000 -0.087732
v 0.301584 0.260000 -0.156995
v 0.185934 0.880000 -0.039098
v 0.332724 0.260000 -0.069964
v 0.189593 0.880000 0.012427
v 0.339272 0.260000 0.022237
v 0.179240 0.880000 0.063032
v 0.320745 0.260000 0.112795
v 0.155639 0.880000 0.108980
v 0.278512 0.260000 0.195016
v 0.002644 0.884662 -0.209269
v 0.002644 0.264662 -0.359269
v 0.056410 0.884703 -0.201699
v 0.096811 0.264703 -0.346156
v 0.108651 0.884703 -0.179052
v 0.186467 0.264703 -0.307289
v 0.152862 0.884703 -0.143171
v 0.262342 0.264703 -0.245710
v 0.185775 0.884703 -0.096708
v 0.318826 0.264703 -0.165971
v 0.204957 0.884703 -0.043098
v 0.351747 0.264703 -0.073964
v 0.208991 0.884703 0.013698
v 0.358670 0.264703 0.023508
v 0.197578 0.884703 0.069481
v 0.339083 0.264703 0.119244
v 0.172939 0.884662 0.117866
v 0.295812 0.264662 0.203902
vn -0.0000 -0.0000 -1.0000
vn -0.0000 0.3034 -0.9528
vn 0.3646 0.3034 -0.8803
vn 0.3827 -0.0000 -0.9239
vn -0.0000 0.7998 -0.6003
vn -0.0000 0.9452 -0.3265
vn 0.1249 0.9452 -0.3016
vn 0.2297 0.7998 -0.5546
vn -0.0000 -0.9452 -0.3265
vn -0.0000 -0.7998 -0.6003
vn 0.2297 -0.7998 -0.5546
vn 0.1249 -0.9452 -0.3016
vn -0.0000 -0.3034 -0.9528
vn 0.3646 -0.3034 -0.8803
vn -0.0000 0.5787 -0.8155
vn 0.3121 0.5787 -0.7535
vn -0.0000 -1.0000 -0.0000
vn -0.0000 -0.5787 -0.8155
vn 0.3121 -0.5787 -0.7535
vn -0.0000 1.0000 -0.0000
vn 0.2309 0.9452 -0.2309
vn 0.4245 0.7998 -0.4245
vn 0.4245 -0.7998 -0.4245
vn 0.2309 -0.9452 -0.2309
vn 0.7071 -0.0000 -0.7071
vn 0.6738 -0.3034 -0.6738
vn 0.5767 0.5787 -0.5767
vn 0.5767 -0.5787 -0.5767
vn 0.6738 0.3034 -0.6738
vn 0.7535 -0.5787 -0.3121
vn 0.5546 -0.7998 -0.2297
vn 0.8803 0.3034 -0.3646
vn 0.9239 -0.0000 -0.3827
vn 0.3016 0.9452 -0.1249
vn 0.5546 0.7998 -0.2297
vn 0.3016 -0.9452 -0.1249
vn 0.8803 -0.3034 -0.3646
vn 0.7535 0.5787 -0.3121
vn 0.8155 0.5787 -0.0000
vn 0.9528 0.3034 -0.0000
vn 0.3265 0.9452 -0.0000
vn 0.8155 -0.5787 -0.0000
vn 0.6003 -0.7998 -0.0000
vn 1.0000 -0.0000 -0.0000
vn 0.6003 0.7998 -0.0000
vn 0.3265 -0.9452 -0.0000
vn 0.9528 -0.3034 -0.0000
vn 0.8803 -0.3034 0.3646
vn 0.7535 -0.5787 0.3121
vn 0.7535 0.5787 0.3121
vn 0.8803 0.3034 0.3646
vn 0.3016 0.9452 0.1249
vn 0.5546 -0.7998 0.2297
vn 0.9239 -0.0000 0.3827
vn 0.5546 0.7998 0.2297
vn 0.3016 -0.9452 0.1249
vn 0.4245 0.7998 0.4245
vn 0.5767 0.5787 0.5767
vn 0.2309 -0.9452 0.2309
vn 0.6738 -0.3034 0.6738
vn 0.5767 -0.5787 0.5767
vn 0.6738 0.3034 0.6738
vn 0.2309 0.9452 0.2309
vn 0.4245 -0.7998 0.4245
vn 0.7071 -0.0000 0.7071
vn 0.2297 -0.7998 0.5546
vn 0.1249 -0.9452 0.3016
vn 0.3827 -0.0000 0.9239
vn 0.3646 -0.3034 0.8803
vn 0.2297 0.7998 0.5546
vn 0.3121 0.5787 0.7535
vn 0.3121 -0.5787 0.7535
vn 0.3646 0.3034 0.8803
vn 0.1249 0.9452 0.3016
vn -0.0000 0.3034 0.9528
vn -0.0000 -0.0000 1.0000
vn -0.0000 0.9452 0.3265
vn -0.0000 0.7998 0.6003
vn -0.0000 -0.7998 0.6003
vn -0.0000 -0.9452 0.3265
vn -0.0000 -0.3034 0.9528
vn -0.0000 0.5787 0.8155
vn -0.0000 -0.5787 0.8155
vn -0.1249 0.9452 0.3016
vn -0.3121 -0.5787 0.7535
vn -0.2297 -0.7998 0.5546
vn -0.3646 0.3034 0.8803
vn -0.3827 -0.0000 0.9239
vn -0.2297 0.7998 0.5546
vn -0.1249 -0.9452 0.3016
vn -0.3646 -0.3034 0.8803
vn -0.3121 0.5787 0.7535
vn -0.5767 0.5787 0.5767
vn -0.6738 0.3034 0.6738
vn -0.2309 0.9452 0.2309
vn -0.5767 -0.5787 0.5767
vn -0.4245 -0.7998 0.4245
vn -0.7071 -0.0000 0.7071
vn -0.4245 0.7998 0.4245
vn -0.2309 -0.9452 0.2309
vn -0.6738 -0.3034 0.6738
vn -0.3016 -0.9452 0.1249
vn -0.8803 -0.3034 0.3646
vn -0.7535 -0.5787 0.3121
vn -0.7535 0.5787 0.3121
vn -0.8803 0.3034 0.3646
vn -0.3016 0.9452 0.1249
vn -0.5546 -0.7998 0.2297
vn -0.9239 -0.0000 0.3827
vn -0.5546 0.7998 0.2297
vn -1.0000 -0.0000 -0.0000
vn -0.9528 -0.3034 -0.0000
vn -0.6003 0.7998 -0.0000
vn -0.8155 0.5787 -0.0000
vn -0.3265 -0.9452 -0.0000
vn -0.8155 -0.5787 -0.0000
vn -0.9528 0.3034 -0.0000
vn -0.3265 0.9452 -0.0000
vn -0.6003 -0.7998 -0.0000
vn -0.3016 0.9452 -0.1249
vn -0.5546 0.7998 -0.2297
vn -0.5546 -0.7998 -0.2297
vn -0.3016 -0.9452 -0.1249
vn -0.9239 -0.0000 -0.3827
vn -0.8803 -0.3034 -0.3646
vn -0.7535 0.5787 -0.3121
vn -0.7535 -0.5787 -0.3121
vn -0.8803 0.3034 -0.3646
vn -0.6738 0.3034 -0.6738
vn -0.7071 -0.0000 -0.7071
vn -0.2309 0.9452 -0.2309
vn -0.4245 0.7998 -0.4245
vn -0.4245 -0.7998 -0.4245
vn -0.2309 -0.9452 -0.2309
vn -0.6738 -0.3034 -0.6738
vn -0.5767 0.5787 -0.5767
vn -0.5767 -0.5787 -0.5767
vn -0.1249 0.9452 -0.3016
vn -0.3121 -0.5787 -0.7535
vn -0.2297 -0.7998 -0.5546
vn -0.3646 0.3034 -0.8803
vn -0.3827 -0.0000 -0.9239
vn -0.2297 0.7998 -0.5546
vn -0.1249 -0.9452 -0.3016
vn -0.3646 -0.3034 -0.8803
vn -0.3121 0.5787 -0.7535
vn -0.0000 -0.6603 -0.7510
vn -0.0000 0.6603 -0.7510
vn 0.3259 0.6603 -0.6766
vn 0.3259 -0.6603 -0.6766
vn 0.5872 0.6603 -0.4683
vn 0.5872 -0.6603 -0.4683
vn 0.7322 0.6603 -0.1671
vn 0.7322 -0.6603 -0.1671
vn 0.7322 0.6603 0.1671
vn 0.7322 -0.6603 0.1671
vn 0.5872 0.6603 0.4683
vn 0.5872 -0.6603 0.4683
vn 0.3259 0.6603 0.6766
vn 0.3259 -0.6603 0.6766
vn -0.0000 0.6603 0.7510
vn -0.0000 -0.6603 0.7510
vn -0.3259 0.6603 0.6766
vn -0.3259 -0.6603 0.6766
vn -0.5872 0.6603 0.4683
vn -0.5872 -0.6603 0.4683
vn -0.7322 0.6603 0.1671
vn -0.7322 -0.6603 0.1671
vn -0.7322 0.6603 -0.1671
vn -0.7322 -0.6603 -0.1671
vn -0.5872 0.6603 -0.4683
vn -0.5872 -0.6603 -0.4683
vn -0.3259 0.6603 -0.6766
vn -0.3259 -0.6603 -0.6766
vn 0.2308 -0.9452 -0.2309
vn 0.4244 0.7998 -0.4245
vn 0.2308 -0.9452 0.2309
vn 0.2308 0.9452 0.2309
vn 0.4244 -0.7998 0.4245
vn -0.2308 -0.9452 0.2309
vn -0.2308 0.9452 -0.2309
vn -0.2308 -0.9452 -0.2309
vn -0.0000 -0.6657 -0.7462
vn -0.0000 0.6657 -0.7462
vn 0.2856 0.6657 -0.6894
vn 0.2856 -0.6657 -0.6894
vn 0.5276 0.6657 -0.5276
vn 0.5276 -0.6657 -0.5276
vn 0.6894 0.6657 -0.2856
vn 0.6894 -0.6657 -0.2856
vn 0.7462 0.6657 -0.0000
vn 0.7462 -0.6657 -0.0000
vn 0.6894 0.6657 0.2856
vn 0.6894 -0.6657 0.2856
vn 0.5276 0.6657 0.5276
vn 0.5276 -0.6657 0.5276
vn 0.2856 0.6657 0.6894
vn 0.2856 -0.6657 0.6894
vn -0.0000 0.6657 0.7462
vn -0.0000 -0.6657 0.7462
vn -0.2856 0.6657 0.6894
vn -0.2856 -0.6657 0.6894
vn -0.5276 0.6657 0.5276
vn -0.5276 -0.6657 0.5276
vn -0.6894 0.6657 0.2856
vn -0.6894 -0.6657 0.2856
vn -0.7462 0.6657 -0.0000
vn -0.7462 -0.6657 -0.0000
vn -0.6894 0.6657 -0.2856
vn -0.6894 -0.6657 -0.2856
vn -0.5276 0.6657 -0.5276
vn -0.5276 -0.6657 -0.5276
vn -0.2856 0.6657 -0.6894
vn -0.2856 -0.6657 -0.6894
vn 0.0697 -0.4400 -0.8953
vn -0.1556 0.9823 0.1045
vn 0.3897 -0.3961 -0.8314
vn 0.6631 -0.3722 -0.6495
vn 0.8482 -0.3718 -0.3772
vn 0.9169 -0.3951 -0.0561
vn 0.8588 -0.4385 0.2651
vn 0.6826 -0.4954 0.5373
vn 0.4152 -0.5571 0.7192
vn 0.0973 -0.6142 0.7831
vn -0.2227 -0.6581 0.7192
vn -0.4961 -0.6820 0.5373
vn -0.6812 -0.6824 0.2651
vn -0.7500 -0.6591 -0.0561
vn -0.6918 -0.6157 -0.3772
vn -0.5156 -0.5588 -0.6495
vn -0.2482 -0.4971 -0.8314
vn -0.0000 -0.3035 -0.9528
vn -0.0000 0.3035 -0.9528
vn 0.8803 -0.3035 -0.3646
vn 0.8803 0.3035 0.3646
vn 0.8803 -0.3035 0.3646
vn 0.6738 0.3035 0.6738
vn 0.6738 -0.3035 0.6738
vn 0.3646 -0.3035 0.8803
vn 0.3646 0.3035 0.8803
vn -0.0000 -0.3035 0.9528
vn -0.0000 0.3035 0.9528
vn -0.3646 -0.3035 0.8803
vn -0.3646 0.3035 0.8803
vn -0.6738 -0.3035 0.6738
vn -0.6738 0.3035 0.6738
vn -0.8803 -0.3035 0.3646
vn -0.9528 -0.3035 -0.0000
vn -0.8803 0.3035 -0.3646
vn -0.6738 -0.3035 -0.6738
vn -0.6738 0.3035 -0.6738
vn -0.3646 -0.3035 -0.8803
vn -0.3646 0.3035 -0.8803
vn 0.4244 0.5058 -0.7510
vn -0.4244 -0.5058 -0.7510
vn -0.6740 -0.2964 -0.6766
vn 0.1748 0.7153 -0.6766
vn -0.8742 -0.1284 -0.4683
vn -0.0254 0.8832 -0.4683
vn -0.9853 -0.0352 -0.1671
vn -0.1365 0.9764 -0.1671
vn -0.9853 -0.0352 0.1671
vn -0.1365 0.9764 0.1671
vn -0.8742 -0.1284 0.4683
vn -0.0254 0.8832 0.4683
vn -0.6740 -0.2964 0.6766
vn 0.1748 0.7153 0.6766
vn -0.4244 -0.5058 0.7510
vn 0.4244 0.5058 0.7510
vn -0.1748 -0.7153 0.6766
vn 0.6740 0.2964 0.6766
vn 0.0254 -0.8832 0.4683
vn 0.8742 0.1284 0.4683
vn 0.1365 -0.9764 0.1671
vn 0.9853 0.0352 0.1671
vn 0.1365 -0.9764 -0.1671
vn 0.9853 0.0352 -0.1671
vn 0.0254 -0.8832 -0.4683
vn 0.8742 0.1284 -0.4683
vn -0.1748 -0.7153 -0.6766
vn 0.6740 0.2964 -0.6766
vn 0.3646 -0.3035 -0.8803
vn 0.3646 0.3035 -0.8803
vn 0.2308 0.9452 -0.2309
vn 0.6738 -0.3035 -0.6738
vn 0.6738 0.3035 -0.6738
vn 0.9528 0.3035 -0.0000
vn -0.8803 0.3035 0.3646
vn -0.8803 -0.3035 -0.3646
vn 0.8803 0.3035 -0.3646
vn -0.4244 0.5058 -0.7510
vn 0.4244 -0.5058 -0.7510
vn 0.1748 -0.7153 -0.6766
vn -0.6740 0.2964 -0.6766
vn -0.0254 -0.8832 -0.4683
vn -0.8742 0.1284 -0.4683
vn -0.1365 -0.9764 -0.1671
vn -0.9853 0.0352 -0.1671
vn -0.1365 -0.9764 0.1671
vn -0.9853 0.0352 0.1671
vn -0.0254 -0.8832 0.4683
vn -0.8742 0.1284 0.4683
vn 0.1748 -0.7153 0.6766
vn -0.6740 0.2964 0.6766
vn 0.4244 -0.5058 0.7510
vn -0.4244 0.5058 0.7510
vn 0.6740 -0.2964 0.6766
vn -0.1748 0.7153 0.6766
vn 0.8742 -0.1284 0.4683
vn 0.0254 0.8832 0.4683
vn 0.9853 -0.0352 0.1671
vn 0.1365 0.9764 0.1671
vn 0.9853 -0.0352 -0.1671
vn 0.1365 0.9764 -0.1671
vn 0.8742 -0.1284 -0.4683
vn 0.0254 0.8832 -0.4683
vn 0.6740 -0.2964 -0.6766
vn -0.1748 0.7153 -0.6766
vn 0.0314 0.6595 -0.7510
vn -0.0314 -0.6595 -0.7510
vn -0.3569 -0.6440 -0.6766
vn -0.2941 0.6750 -0.6766
vn -0.6179 -0.6316 -0.4683
vn -0.5551 0.6875 -0.4683
vn -0.7628 -0.6247 -0.1671
vn -0.7000 0.6944 -0.1671
vn -0.7628 -0.6247 0.1671
vn -0.7000 0.6944 0.1671
vn -0.6179 -0.6316 0.4683
vn -0.5551 0.6875 0.4683
vn -0.3569 -0.6440 0.6766
vn -0.2941 0.6750 0.6766
vn -0.0314 -0.6595 0.7510
vn 0.0314 0.6595 0.7510
vn 0.2941 -0.6750 0.6766
vn 0.3569 0.6440 0.6766
vn 0.5551 -0.6875 0.4683
vn 0.6179 0.6316 0.4683
vn 0.7000 -0.6944 0.1671
vn 0.7628 0.6247 0.1671
vn 0.7000 -0.6944 -0.1671
vn 0.7628 0.6247 -0.1671
vn 0.5551 -0.6875 -0.4683
vn 0.6179 0.6316 -0.4683
vn 0.2941 -0.6750 -0.6766
vn 0.3569 0.6440 -0.6766
vn 0.0347 0.6594 -0.7510
vn -0.0347 -0.6594 -0.7510
vn -0.3601 -0.6422 -0.6766
vn -0.2907 0.6765 -0.6766
vn -0.6211 -0.6285 -0.4683
vn -0.5517 0.6902 -0.4683
vn -0.7659 -0.6209 -0.1671
vn -0.6965 0.6979 -0.1671
vn -0.7659 -0.6209 0.1671
vn -0.6965 0.6979 0.1671
vn -0.6211 -0.6285 0.4683
vn -0.5517 0.6902 0.4683
vn -0.3601 -0.6422 0.6766
vn -0.2907 0.6765 0.6766
vn -0.0347 -0.6594 0.7510
vn 0.0347 0.6594 0.7510
vn 0.2907 -0.6765 0.6766
vn 0.3601 0.6422 0.6766
vn 0.5517 -0.6902 0.4683
vn 0.6211 0.6285 0.4683
vn 0.6965 -0.6979 0.1671
vn 0.7659 0.6209 0.1671
vn 0.6965 -0.6979 -0.1671
vn 0.7659 0.6209 -0.1671
vn 0.5517 -0.6902 -0.4683
vn 0.6211 0.6285 -0.4683
vn 0.2907 -0.6765 -0.6766
vn 0.3601 0.6422 -0.6766
vn -0.5774 -0.5774 0.5774
vn -0.5774 0.5774 0.5774
vn -0.5774 0.5774 -0.5774
vn -0.5774 -0.5774 -0.5774
vn 0.5774 0.5774 -0.5774
vn 0.5774 -0.5774 -0.5774
vn 0.5774 0.5774 0.5774
vn 0.5774 -0.5774 0.5774
vn -0.0314 0.6595 -0.7510
vn 0.0314 -0.6595 -0.7510
vn -0.2941 -0.6750 -0.6766
vn -0.3569 0.6440 -0.6766
vn -0.5551 -0.6875 -0.4683
vn -0.6179 0.6316 -0.4683
vn -0.7000 -0.6944 -0.1671
vn -0.7628 0.6247 -0.1671
vn -0.7000 -0.6944 0.1671
vn -0.7628 0.6247 0.1671
vn -0.5551 -0.6875 0.4683
vn -0.6179 0.6316 0.4683
vn -0.2941 -0.6750 0.6766
vn -0.3569 0.6440 0.6766
vn 0.0314 -0.6595 0.7510
vn -0.0314 0.6595 0.7510
vn 0.3569 -0.6440 0.6766
vn 0.2941 0.6750 0.6766
vn 0.6179 -0.6316 0.4683
vn 0.5551 0.6875 0.4683
vn 0.7628 -0.6247 0.1671
vn 0.7000 0.6944 0.1671
vn 0.7628 -0.6247 -0.1671
vn 0.7000 0.6944 -0.1671
vn 0.6179 -0.6316 -0.4683
vn 0.5551 0.6875 -0.4683
vn 0.3569 -0.6440 -0.6766
vn 0.2941 0.6750 -0.6766
vn -0.0347 0.6594 -0.7510
vn 0.0347 -0.6594 -0.7510
vn -0.2907 -0.6765 -0.6766
vn -0.3601 0.6422 -0.6766
vn -0.5517 -0.6902 -0.4683
vn -0.6211 0.6285 -0.4683
vn -0.6965 -0.6979 -0.1671
vn -0.7659 0.6209 -0.1671
vn -0.6965 -0.6979 0.1671
vn -0.7659 0.6209 0.1671
vn -0.5517 -0.6902 0.4683
vn -0.6211 0.6285 0.4683
vn -0.2907 -0.6765 0.6766
vn -0.3601 0.6422 0.6766
vn 0.0347 -0.6594 0.7510
vn -0.0347 0.6594 0.7510
vn 0.3601 -0.6422 0.6766
vn 0.2907 0.6765 0.6766
vn 0.6211 -0.6285 0.4683
vn 0.5517 0.6902 0.4683
vn 0.7659 -0.6209 0.1671
vn 0.6965 0.6979 0.1671
vn 0.7659 -0.6209 -0.1671
vn 0.6965 0.6979 -0.1671
vn 0.6211 -0.6285 -0.4683
vn 0.5517 0.6902 -0.4683
vn 0.3601 -0.6422 -0.6766
vn 0.2907 0.6765 -0.6766
vn 0.5041 0.7049 -0.4990
vn 0.4874 -0.4183 -0.7664
vn -0.2338 -0.4959 -0.8363
vn -0.1519 0.8262 -0.5425
vn -0.4506 -0.4955 -0.7426
vn -0.2920 0.8265 -0.4813
vn -0.6340 -0.4955 -0.5938
vn -0.4109 0.8265 -0.3848
vn -0.7705 -0.4955 -0.4011
vn -0.4993 0.8265 -0.2599
vn -0.8500 -0.4955 -0.1787
vn -0.5509 0.8265 -0.1158
vn -0.8668 -0.4955 0.0568
vn -0.5617 0.8265 0.0368
vn -0.8192 -0.4959 0.2881
vn -0.5315 0.8262 0.1867
vn -0.3482 -0.4183 0.8389
vn -0.1196 0.7049 0.6992
vn 0.6561 0.4338 0.6175
vn 0.2237 0.5509 0.8040
vn 0.1268 -0.8808 0.4562
vn 0.6397 -0.6876 0.3434
vn 0.4332 0.5502 0.7139
vn 0.2456 -0.8808 0.4048
vn 0.6095 0.5502 0.5708
vn 0.3456 -0.8808 0.3237
vn 0.7407 0.5502 0.3856
vn 0.4200 -0.8808 0.2186
vn 0.8172 0.5502 0.1718
vn 0.4633 -0.8808 0.0974
vn 0.8333 0.5502 -0.0546
vn 0.4724 -0.8808 -0.0310
vn 0.7869 0.5509 -0.2779
vn 0.4465 -0.8808 -0.1578
vn 0.8822 0.4338 0.1833
vn 0.6483 -0.6876 0.3271
vn -0.6570 0.4339 0.6165
vn -0.6401 -0.6877 0.3426
vn -0.1274 -0.8805 0.4565
vn -0.2252 0.5506 0.8038
vn -0.2456 -0.8808 0.4048
vn -0.4332 0.5502 0.7139
vn -0.3456 -0.8808 0.3237
vn -0.6095 0.5502 0.5708
vn -0.4200 -0.8808 0.2186
vn -0.7407 0.5502 0.3856
vn -0.4633 -0.8808 0.0974
vn -0.8172 0.5502 0.1718
vn -0.4724 -0.8808 -0.0310
vn -0.8333 0.5502 -0.0546
vn -0.4470 -0.8805 -0.1575
vn -0.7876 0.5506 -0.2766
vn -0.6478 -0.6877 0.3278
vn -0.8819 0.4339 0.1846
vn -0.5039 0.7043 -0.5001
vn 0.1521 0.8266 -0.5418
vn 0.2349 -0.4960 -0.8359
vn -0.4865 -0.4185 -0.7670
vn 0.2920 0.8265 -0.4813
vn 0.4506 -0.4955 -0.7426
vn 0.4109 0.8265 -0.3848
vn 0.6340 -0.4955 -0.5938
vn 0.4993 0.8265 -0.2599
vn 0.7705 -0.4955 -0.4011
vn 0.5509 0.8265 -0.1158
vn 0.8500 -0.4955 -0.1787
vn 0.5617 0.8265 0.0368
vn 0.8668 -0.4955 0.0568
vn 0.5311 0.8266 0.1861
vn 0.8195 -0.4960 0.2871
vn 0.1206 0.7043 0.6996
vn 0.3492 -0.4185 0.8384
vt 0.750000 0.500000
vt 0.750000 0.600000
vt 0.687500 0.600000
vt 0.687500 0.500000
vt 0.750000 0.800000
vt 0.750000 0.900000
vt 0.687500 0.900000
vt 0.687500 0.800000
vt 0.750000 0.100000
vt 0.750000 0.200000
vt 0.687500 0.200000
vt 0.687500 0.100000
vt 0.750000 0.400000
vt 0.687500 0.400000
vt 0.750000 0.700000
vt 0.687500 0.700000
vt 0.718750 0.000000
vt 0.750000 0.300000
vt 0.687500 0.300000
vt 0.718750 1.000000
vt 0.625000 0.900000
vt 0.625000 0.800000
vt 0.625000 0.200000
vt 0.625000 0.100000
vt 0.625000 0.500000
vt 0.625000 0.400000
vt 0.625000 0.700000
vt 0.656250 0.000000
vt 0.625000 0.300000
vt 0.625000 0.600000
vt 0.656250 1.000000
vt 0.562500 0.300000
vt 0.562500 0.200000
vt 0.562500 0.600000
vt 0.562500 0.500000
vt 0.562500 0.900000
vt 0.562500 0.800000
vt 0.562500 0.100000
vt 0.562500 0.400000
vt 0.562500 0.700000
vt 0.593750 0.000000
vt 0.593750 1.000000
vt 0.500000 0.700000
vt 0.500000 0.600000
vt 0.531250 1.000000
vt 0.500000 0.900000
vt 0.500000 0.300000
vt 0.500000 0.200000
vt 0.500000 0.500000
vt 0.500000 0.800000
vt 0.500000 0.100000
vt 0.500000 0.400000
vt 0.531250 0.000000
vt 0.437500 0.400000
vt 0.437500 0.300000
vt 0.437500 0.700000
vt 0.437500 0.600000
vt 0.468750 1.000000
vt 0.437500 0.900000
vt 0.437500 0.200000
vt 0.437500 0.500000
vt 0.437500 0.800000
vt 0.437500 0.100000
vt 0.468750 0.000000
vt 0.375000 0.800000
vt 0.375000 0.700000
vt 0.406250 0.000000
vt 0.375000 0.100000
vt 0.375000 0.400000
vt 0.375000 0.300000
vt 0.375000 0.600000
vt 0.406250 1.000000
vt 0.375000 0.900000
vt 0.375000 0.200000
vt 0.375000 0.500000
vt 0.312500 0.200000
vt 0.312500 0.100000
vt 0.312500 0.500000
vt 0.312500 0.400000
vt 0.312500 0.800000
vt 0.312500 0.700000
vt 0.343750 0.000000
vt 0.312500 0.300000
vt 0.312500 0.600000
vt 0.343750 1.000000
vt 0.312500 0.900000
vt 0.250000 0.600000
vt 0.250000 0.500000
vt 0.250000 0.900000
vt 0.250000 0.800000
vt 0.250000 0.200000
vt 0.250000 0.100000
vt 0.250000 0.400000
vt 0.250000 0.700000
vt 0.281250 0.000000
vt 0.250000 0.300000
vt 0.281250 1.000000
vt 0.218750 1.000000
vt 0.187500 0.900000
vt 0.187500 0.300000
vt 0.187500 0.200000
vt 0.187500 0.600000
vt 0.187500 0.500000
vt 0.187500 0.800000
vt 0.187500 0.100000
vt 0.187500 0.400000
vt 0.187500 0.700000
vt 0.218750 0.000000
vt 0.125000 0.700000
vt 0.125000 0.600000
vt 0.156250 1.000000
vt 0.125000 0.900000
vt 0.125000 0.300000
vt 0.125000 0.200000
vt 0.125000 0.500000
vt 0.125000 0.800000
vt 0.125000 0.100000
vt 0.125000 0.400000
vt 0.156250 0.000000
vt 0.093750 0.000000
vt 0.062500 0.100000
vt 0.062500 0.400000
vt 0.062500 0.300000
vt 0.062500 0.700000
vt 0.062500 0.600000
vt 0.093750 1.000000
vt 0.062500 0.900000
vt 0.062500 0.200000
vt 0.062500 0.500000
vt 0.062500 0.800000
vt 0.000000 0.500000
vt 0.000000 0.400000
vt 0.000000 0.800000
vt 0.000000 0.700000
vt 0.031250 0.000000
vt 0.000000 0.100000
vt 0.000000 0.300000
vt 0.000000 0.600000
vt 0.031250 1.000000
vt 0.000000 0.900000
vt 0.000000 0.200000
vt 1.000000 0.800000
vt 1.000000 0.900000
vt 0.937500 0.900000
vt 0.937500 0.800000
vt 1.000000 0.100000
vt 1.000000 0.200000
vt 0.937500 0.200000
vt 0.937500 0.100000
vt 1.000000 0.400000
vt 1.000000 0.500000
vt 0.937500 0.500000
vt 0.937500 0.400000
vt 1.000000 0.700000
vt 0.937500 0.700000
vt 0.968750 0.000000
vt 1.000000 0.300000
vt 0.937500 0.300000
vt 1.000000 0.600000
vt 0.937500 0.600000
vt 0.968750 1.000000
vt 0.875000 0.600000
vt 0.875000 0.500000
vt 0.875000 0.900000
vt 0.875000 0.800000
vt 0.875000 0.200000
vt 0.875000 0.100000
vt 0.875000 0.400000
vt 0.875000 0.700000
vt 0.906250 0.000000
vt 0.875000 0.300000
vt 0.906250 1.000000
vt 0.843750 1.000000
vt 0.812500 0.900000
vt 0.812500 0.300000
vt 0.812500 0.200000
vt 0.812500 0.600000
vt 0.812500 0.500000
vt 0.812500 0.800000
vt 0.812500 0.100000
vt 0.812500 0.400000
vt 0.812500 0.700000
vt 0.843750 0.000000
vt 0.781250 1.000000
vt 0.781250 0.000000
vt 1.000000 1.000000
vt 0.928571 1.000000
vt 0.928571 0.500000
vt 0.857143 1.000000
vt 0.857143 0.500000
vt 0.785714 1.000000
vt 0.785714 0.500000
vt 0.714286 1.000000
vt 0.714286 0.500000
vt 0.642857 1.000000
vt 0.642857 0.500000
vt 0.571428 1.000000
vt 0.571428 0.500000
vt 0.500000 1.000000
vt 0.500000 0.500000
vt 0.428571 1.000000
vt 0.428571 0.500000
vt 0.357143 1.000000
vt 0.357143 0.500000
vt 0.285714 1.000000
vt 0.285714 0.500000
vt 0.214286 1.000000
vt 0.214286 0.500000
vt 0.142857 1.000000
vt 0.142857 0.500000
vt 0.354132 0.466233
vt 0.250000 0.490000
vt 0.145868 0.466233
vt 0.062360 0.399638
vt 0.016017 0.303405
vt 0.016017 0.196595
vt 0.062360 0.100362
vt 0.145868 0.033767
vt 0.250000 0.010000
vt 0.354132 0.033767
vt 0.437640 0.100362
vt 0.483983 0.196595
vt 0.483983 0.303405
vt 0.437640 0.399638
vt 0.071428 1.000000
vt 0.071428 0.500000
vt -0.000000 1.000000
vt -0.000000 0.500000
vt 0.750000 0.490000
vt 0.854132 0.466233
vt 0.937640 0.399638
vt 0.983983 0.303405
vt 0.983983 0.196595
vt 0.937640 0.100362
vt 0.854132 0.033767
vt 0.750000 0.010000
vt 0.645868 0.033767
vt 0.562360 0.100362
vt 0.516017 0.196595
vt 0.516017 0.303405
vt 0.562360 0.399638
vt 0.645868 0.466233
vt 0.750000 0.900000
vt 0.750000 0.600000
vt 0.625000 0.700000
vt 0.562500 0.800000
vt 0.562500 0.700000
vt 0.500000 0.900000
vt 0.500000 0.600000
vt 0.500000 0.800000
vt 0.500000 0.100000
vt 0.500000 0.400000
vt 0.500000 0.700000
vt 0.437500 0.600000
vt 0.468750 1.000000
vt 0.437500 0.900000
vt 0.437500 0.200000
vt 0.437500 0.800000
vt 0.437500 0.100000
vt 0.437500 0.400000
vt 0.468750 0.000000
vt 0.375000 0.100000
vt 0.375000 0.400000
vt 0.375000 0.300000
vt 0.375000 0.700000
vt 0.375000 0.600000
vt 0.375000 0.900000
vt 0.375000 0.200000
vt 0.375000 0.500000
vt 0.375000 0.800000
vt 0.312500 0.800000
vt 0.312500 0.700000
vt 0.343750 0.000000
vt 0.312500 0.100000
vt 0.312500 0.300000
vt 0.343750 1.000000
vt 0.312500 0.900000
vt 0.250000 0.800000
vt 0.250000 0.700000
vt 0.281250 0.000000
vt 0.250000 0.300000
vt 0.281250 1.000000
vt 0.187500 0.800000
vt 0.187500 0.700000
vt 0.218750 0.000000
vt 0.187500 0.300000
vt 0.218750 1.000000
vt 0.156250 1.000000
vt 0.125000 0.900000
vt 0.125000 0.300000
vt 0.125000 0.200000
vt 0.125000 0.600000
vt 0.125000 0.500000
vt 0.125000 0.800000
vt 0.125000 0.100000
vt 0.125000 0.400000
vt 0.125000 0.700000
vt 0.156250 0.000000
vt 0.062500 0.500000
vt 0.062500 0.800000
vt 0.000000 0.800000
vt 0.031250 0.000000
vt 0.031250 1.000000
vt 1.000000 0.800000
vt 0.937500 0.800000
vt 0.937500 0.700000
vt 0.937500 0.300000
vt 0.937500 0.600000
vt 0.937500 0.200000
vt 0.875000 0.600000
vt 0.812500 0.600000
vt 0.812500 0.500000
vt 0.812500 0.900000
vt 0.812500 0.100000
vt 0.843750 0.000000
vt 0.843750 1.000000
vt 0.937500 1.000000
vt 0.937500 0.500000
vt 0.875000 1.000000
vt 0.875000 0.500000
vt 0.812500 1.000000
vt 0.812500 0.500000
vt 0.750000 1.000000
vt 0.687500 1.000000
vt 0.625000 1.000000
vt 0.562500 1.000000
vt 0.500000 1.000000
vt 0.500000 0.500000
vt 0.437500 1.000000
vt 0.437500 0.500000
vt 0.375000 1.000000
vt 0.312500 1.000000
vt 0.312500 0.500000
vt 0.250000 1.000000
vt 0.250000 0.500000
vt 0.187500 1.000000
vt 0.187500 0.500000
vt 0.125000 1.000000
vt 0.125000 0.500000
vt 0.341844 0.471731
vt 0.158156 0.471731
vt 0.080294 0.419706
vt 0.028269 0.341844
vt 0.010000 0.250000
vt 0.028269 0.158156
vt 0.080294 0.080294
vt 0.158156 0.028269
vt 0.341844 0.028269
vt 0.419706 0.080294
vt 0.471731 0.158156
vt 0.490000 0.250000
vt 0.471731 0.341844
vt 0.419706 0.419706
vt 0.062500 1.000000
vt 0.000000 1.000000
vt 0.841844 0.471731
vt 0.919706 0.419706
vt 0.971731 0.341844
vt 0.990000 0.250000
vt 0.971731 0.158156
vt 0.919706 0.080294
vt 0.841844 0.028269
vt 0.658156 0.028269
vt 0.580294 0.080294
vt 0.528269 0.158156
vt 0.510000 0.250000
vt 0.528269 0.341844
vt 0.580294 0.419706
vt 0.658156 0.471731
vt 0.250000 0.250000
vt 0.341844 0.028269
vt 0.158156 0.028269
vt 0.028269 0.158156
vt 0.028269 0.341844
vt 0.841844 0.028269
vt 0.658156 0.028269
vt 0.354132 0.466233
vt 0.250000 0.490000
vt 0.145868 0.466233
vt 0.062360 0.399638
vt 0.016017 0.303405
vt 0.016017 0.196595
vt 0.062360 0.100362
vt 0.145868 0.033767
vt 0.250000 0.010000
vt 0.354132 0.033767
vt 0.437640 0.100362
vt 0.437640 0.399638
vt 0.750000 0.490000
vt 0.854132 0.466233
vt 0.937640 0.399638
vt 0.937640 0.100362
vt 0.854132 0.033767
vt 0.750000 0.010000
vt 0.645868 0.033767
vt 0.562360 0.100362
vt 0.562360 0.399638
vt 0.645868 0.466233
vt 0.750000 0.800000
vt 0.687500 0.800000
vt 0.750000 0.200000
vt 0.750000 0.400000
vt 0.750000 0.600000
vt 0.625000 0.800000
vt 0.437500 0.700000
vt 0.437500 0.800000
vt 0.375000 0.800000
vt 0.406250 0.000000
vt 0.375000 0.400000
vt 0.375000 0.600000
vt 0.406250 1.000000
vt 0.312500 0.100000
vt 0.312500 0.900000
vt 0.312500 0.200000
vt 0.250000 0.900000
vt 0.250000 0.200000
vt 0.250000 0.100000
vt 0.250000 0.300000
vt 0.187500 0.300000
vt 0.187500 0.200000
vt 0.125000 0.300000
vt 0.125000 0.200000
vt 0.062500 0.400000
vt 0.062500 0.300000
vt 0.062500 0.600000
vt 0.093750 1.000000
vt 0.062500 0.200000
vt 0.093750 0.000000
vt 0.000000 0.300000
vt 0.000000 0.200000
vt 1.000000 0.200000
vt 0.937500 0.200000
vt 0.937500 0.100000
vt 1.000000 0.300000
vt 0.937500 0.900000
vt 0.875000 0.200000
vt 0.906250 0.000000
vt 0.906250 1.000000
vt 0.812500 0.200000
vt 0.812500 0.600000
vt 0.812500 0.400000
vt 0.145868 0.466233
vt 0.016017 0.303405
vt 0.016017 0.196595
vt 0.145868 0.033767
vt 0.250000 0.010000
vt 0.483983 0.196595
vt 0.483983 0.303405
vt 0.983983 0.196595
vt 0.750000 0.010000
vt 0.516017 0.196595
vt 0.750000 0.900000
vt 0.687500 0.900000
vt 0.750000 0.100000
vt 0.687500 0.100000
vt 0.687500 0.700000
vt 0.625000 0.900000
vt 0.625000 0.100000
vt 0.562500 0.900000
vt 0.562500 0.100000
vt 0.500000 0.900000
vt 0.500000 0.100000
vt 0.437500 0.900000
vt 0.437500 0.100000
vt 0.375000 0.100000
vt 0.375000 0.900000
vt 0.312500 0.400000
vt 0.312500 0.100000
vt 0.312500 0.600000
vt 0.312500 0.900000
vt 0.250000 0.900000
vt 0.250000 0.100000
vt 0.250000 0.400000
vt 0.250000 0.600000
vt 0.187500 0.900000
vt 0.187500 0.100000
vt 0.125000 0.900000
vt 0.125000 0.100000
vt 0.062500 0.400000
vt 0.062500 0.600000
vt 0.062500 0.900000
vt 0.062500 0.100000
vt 0.000000 0.100000
vt 0.000000 0.900000
vt 1.000000 0.100000
vt 0.937500 0.100000
vt 0.937500 0.400000
vt 0.937500 0.600000
vt 1.000000 0.900000
vt 0.937500 0.900000
vt 0.875000 0.900000
vt 0.875000 0.100000
vt 0.812500 0.900000
vt 0.812500 0.100000
vt 0.125000 0.800000
vt 0.062500 0.700000
vt 0.062500 0.300000
vt 0.937500 0.800000
vt 0.875000 0.500000
vt 0.354132 0.466233
vt 0.145868 0.466233
vt 0.145868 0.033767
vt 0.354132 0.033767
vt 0.750000 0.800000
vt 0.750000 0.200000
vt 0.750000 0.600000
vt 0.718750 1.000000
vt 0.375000 0.200000
vt 0.375000 0.800000
vt 0.250000 0.700000
vt 0.218750 0.000000
vt 0.218750 1.000000
vt 0.125000 0.800000
vt 0.062500 0.900000
vt 0.062500 0.200000
vt 0.062500 0.800000
vt 0.062500 0.100000
vt 0.937500 0.800000
vt 0.968750 0.000000
vt 0.937500 0.300000
vt 0.937500 0.600000
vt 0.968750 1.000000
vt 0.875000 0.900000
vt 0.875000 0.800000
vt 0.875000 0.200000
vt 0.875000 0.100000
vt 0.812500 0.200000
vt 0.812500 0.800000
vt 0.781250 1.000000
vt 0.375000 0.000000
vt 0.625000 0.000000
vt 0.625000 0.250000
vt 0.375000 0.250000
vt 0.625000 0.750000
vt 0.375000 0.750000
vt 0.125000 0.750000
vt 0.875000 0.750000
vt 0.000000 0.000000
s 1
usemtl Cloth
f 2/1/1 145/2/2 9/3/3 10/4/4
f 144/5/5 143/6/6 6/7/7 7/8/8
f 5/9/9 146/10/10 13/11/11 14/12/12
f 3/13/13 2/1/1 10/4/4 11/14/14
f 1/15/15 144/5/5 7/8/8 8/16/16
f 78/17/17 5/9/9 14/12/12
f 4/18/18 3/13/13 11/14/14 12/19/19
f 145/2/2 1/15/15 8/16/16 9/3/3
f 143/6/6 88/20/20 6/7/7
f 146/10/10 4/18/18 12/19/19 13/11/11
f 7/8/8 6/7/7 15/21/21 16/22/22
f 14/12/12 13/11/11 22/23/23 23/24/24
f 11/14/14 10/4/4 19/25/25 20/26/26
f 8/16/16 7/8/8 16/22/22 17/27/27
f 78/28/17 14/12/12 23/24/24
f 12/19/19 11/14/14 20/26/26 21/29/28
f 9/3/3 8/16/16 17/27/27 18/30/29
f 6/7/7 88/31/20 15/21/21
f 13/11/11 12/19/19 21/29/28 22/23/23
f 10/4/4 9/3/3 18/30/29 19/25/25
f 22/23/23 21/29/28 30/32/30 31/33/31
f 19/25/25 18/30/29 27/34/32 28/35/33
f 16/22/22 15/21/21 24/36/34 25/37/35
f 23/24/24 22/23/23 31/33/31 32/38/36
f 20/26/26 19/25/25 28/35/33 29/39/37
f 17/27/27 16/22/22 25/37/35 26/40/38
f 78/41/17 23/24/24 32/38/36
f 21/29/28 20/26/26 29/39/37 30/32/30
f 18/30/29 17/27/27 26/40/38 27/34/32
f 15/21/21 88/42/20 24/36/34
f 27/34/32 26/40/38 35/43/39 36/44/40
f 24/36/34 88/45/20 33/46/41
f 31/33/31 30/32/30 39/47/42 40/48/43
f 28/35/33 27/34/32 36/44/40 37/49/44
f 25/37/35 24/36/34 33/46/41 34/50/45
f 32/38/36 31/33/31 40/48/43 41/51/46
f 29/39/37 28/35/33 37/49/44 38/52/47
f 26/40/38 25/37/35 34/50/45 35/43/39
f 78/53/17 32/38/36 41/51/46
f 30/32/30 29/39/37 38/52/47 39/47/42
f 39/47/42 38/52/47 47/54/48 48/55/49
f 36/44/40 35/43/39 44/56/50 45/57/51
f 33/46/41 88/58/20 42/59/52
f 40/48/43 39/47/42 48/55/49 49/60/53
f 37/49/44 36/44/40 45/57/51 46/61/54
f 34/50/45 33/46/41 42/59/52 43/62/55
f 41/51/46 40/48/43 49/60/53 50/63/56
f 38/52/47 37/49/44 46/61/54 47/54/48
f 35/43/39 34/50/45 43/62/55 44/56/50
f 78/64/17 41/51/46 50/63/56
f 44/56/50 43/62/55 52/65/57 53/66/58
f 78/67/17 50/63/56 59/68/59
f 48/55/49 47/54/48 56/69/60 57/70/61
f 45/57/51 44/56/50 53/66/58 54/71/62
f 42/59/52 88/72/20 51/73/63
f 49/60/53 48/55/49 57/70/61 58/74/64
f 46/61/54 45/57/51 54/71/62 55/75/65
f 43/62/55 42/59/52 51/73/63 52/65/57
f 50/63/56 49/60/53 58/74/64 59/68/59
f 47/54/48 46/61/54 55/75/65 56/69/60
f 59/68/59 58/74/64 67/76/66 68/77/67
f 56/69/60 55/75/65 64/78/68 65/79/69
f 53/66/58 52/65/57 61/80/70 62/81/71
f 78/82/17 59/68/59 68/77/67
f 57/70/61 56/69/60 65/79/69 66/83/72
f 54/71/62 53/66/58 62/81/71 63/84/73
f 51/73/63 88/85/20 60/86/74
f 58/74/64 57/70/61 66/83/72 67/76/66
f 55/75/65 54/71/62 63/84/73 64/78/68
f 52/65/57 51/73/63 60/86/74 61/80/70
f 64/78/68 63/84/73 72/87/75 73/88/76
f 61/80/70 60/86/74 69/89/77 70/90/78
f 68/77/67 67/76/66 76/91/79 77/92/80
f 65/79/69 64/78/68 73/88/76 74/93/81
f 62/81/71 61/80/70 70/90/78 71/94/82
f 78/95/17 68/77/67 77/92/80
f 66/83/72 65/79/69 74/93/81 75/96/83
f 63/84/73 62/81/71 71/94/82 72/87/75
f 60/86/74 88/97/20 69/89/77
f 67/76/66 66/83/72 75/96/83 76/91/79
f 69/89/77 88/98/20 79/99/84
f 76/91/79 75/96/83 85/100/85 86/101/86
f 73/88/76 72/87/75 82/102/87 83/103/88
f 70/90/78 69/89/77 79/99/84 80/104/89
f 77/92/80 76/91/79 86/101/86 87/105/90
f 74/93/81 73/88/76 83/103/88 84/106/91
f 71/94/82 70/90/78 80/104/89 81/107/92
f 78/108/17 77/92/80 87/105/90
f 75/96/83 74/93/81 84/106/91 85/100/85
f 72/87/75 71/94/82 81/107/92 82/102/87
f 82/102/87 81/107/92 91/109/93 92/110/94
f 79/99/84 88/111/20 89/112/95
f 86/101/86 85/100/85 95/113/96 96/114/97
f 83/103/88 82/102/87 92/110/94 93/115/98
f 80/104/89 79/99/84 89/112/95 90/116/99
f 87/105/90 86/101/86 96/114/97 97/117/100
f 84/106/91 83/103/88 93/115/98 94/118/101
f 81/107/92 80/104/89 90/116/99 91/109/93
f 78/119/17 87/105/90 97/117/100
f 85/100/85 84/106/91 94/118/101 95/113/96
f 78/120/17 97/117/100 106/121/102
f 95/113/96 94/118/101 103/122/103 104/123/104
f 92/110/94 91/109/93 100/124/105 101/125/106
f 89/112/95 88/126/20 98/127/107
f 96/114/97 95/113/96 104/123/104 105/128/108
f 93/115/98 92/110/94 101/125/106 102/129/109
f 90/116/99 89/112/95 98/127/107 99/130/110
f 97/117/100 96/114/97 105/128/108 106/121/102
f 94/118/101 93/115/98 102/129/109 103/122/103
f 91/109/93 90/116/99 99/130/110 100/124/105
f 103/122/103 102/129/109 111/131/111 112/132/112
f 100/124/105 99/130/110 108/133/113 109/134/114
f 78/135/17 106/121/102 115/136/115
f 104/123/104 103/122/103 112/132/112 113/137/116
f 101/125/106 100/124/105 109/134/114 110/138/117
f 98/127/107 88/139/20 107/140/118
f 105/128/108 104/123/104 113/137/116 114/141/119
f 102/129/109 101/125/106 110/138/117 111/131/111
f 99/130/110 98/127/107 107/140/118 108/133/113
f 106/121/102 105/128/108 114/141/119 115/136/115
f 108/142/113 107/143/118 116/144/120 117/145/121
f 115/146/115 114/147/119 123/148/122 124/149/123
f 112/150/112 111/151/111 120/152/124 121/153/125
f 109/154/114 108/142/113 117/145/121 118/155/126
f 78/156/17 115/146/115 124/149/123
f 113/157/116 112/150/112 121/153/125 122/158/127
f 110/159/117 109/154/114 118/155/126 119/160/128
f 107/143/118 88/161/20 116/144/120
f 114/147/119 113/157/116 122/158/127 123/148/122
f 111/151/111 110/159/117 119/160/128 120/152/124
f 120/152/124 119/160/128 128/162/129 129/163/130
f 117/145/121 116/144/120 125/164/131 126/165/132
f 124/149/123 123/148/122 132/166/133 133/167/134
f 121/153/125 120/152/124 129/163/130 130/168/135
f 118/155/126 117/145/121 126/165/132 127/169/136
f 78/170/17 124/149/123 133/167/134
f 122/158/127 121/153/125 130/168/135 131/171/137
f 119/160/128 118/155/126 127/169/136 128/162/129
f 116/144/120 88/172/20 125/164/131
f 123/148/122 122/158/127 131/171/137 132/166/133
f 125/164/131 88/173/20 134/174/138
f 132/166/133 131/171/137 140/175/139 141/176/140
f 129/163/130 128/162/129 137/177/141 138/178/142
f 126/165/132 125/164/131 134/174/138 135/179/143
f 133/167/134 132/166/133 141/176/140 142/180/144
f 130/168/135 129/163/130 138/178/142 139/181/145
f 127/169/136 126/165/132 135/179/143 136/182/146
f 78/183/17 133/167/134 142/180/144
f 131/171/137 130/168/135 139/181/145 140/175/139
f 128/162/129 127/169/136 136/182/146 137/177/141
f 140/175/139 139/181/145 3/13/13 4/18/18
f 137/177/141 136/182/146 1/15/15 145/2/2
f 134/174/138 88/184/20 143/6/6
f 141/176/140 140/175/139 4/18/18 146/10/10
f 138/178/142 137/177/141 145/2/2 2/1/1
f 135/179/143 134/174/138 143/6/6 144/5/5
f 142/180/144 141/176/140 146/10/10 5/9/9
f 139/181/145 138/178/142 2/1/1 3/13/13
f 136/182/146 135/179/143 144/5/5 1/15/15
f 78/185/17 142/180/144 5/9/9
f 147/151/147 148/186/148 150/187/149 149/188/150
f 149/188/150 150/187/149 152/189/151 151/190/152
f 151/190/152 152/189/151 154/191/153 153/192/154
f 153/192/154 154/191/153 156/193/155 155/194/156
f 155/194/156 156/193/155 158/195/157 157/196/158
f 157/196/158 158/195/157 160/197/159 159/198/160
f 159/198/160 160/197/159 162/199/161 161/200/162
f 161/200/162 162/199/161 164/201/163 163/202/164
f 163/202/164 164/201/163 166/203/165 165/204/166
f 165/204/166 166/203/165 168/205/167 167/206/168
f 167/206/168 168/205/167 170/207/169 169/208/170
f 169/208/170 170/207/169 172/209/171 171/210/172
f 150/211/149 148/212/148 174/213/173 172/214/171 170/215/169 168/216/167 166/217/165 164/218/163 162/219/161 160/220/159 158/221/157 156/222/155 154/223/153 152/224/151
f 171/210/172 172/209/171 174/225/173 173/226/174
f 173/226/174 174/225/173 148/227/148 147/228/147
f 147/229/147 149/230/150 151/231/152 153/232/154 155/233/156 157/234/158 159/235/160 161/236/162 163/237/164 165/238/166 167/239/168 169/240/170 171/241/172 173/242/174
f 319/2/2 175/15/15 182/16/16 183/3/3
f 317/6/6 262/20/20 180/7/7
f 320/10/10 178/18/18 186/19/19 187/11/11
f 176/1/1 319/2/2 183/3/3 184/4/4
f 318/5/5 317/6/6 180/7/7 181/8/8
f 179/9/9 320/10/10 187/11/11 188/12/12
f 177/13/13 176/1/1 184/4/4 185/14/14
f 175/15/15 318/5/5 181/8/8 182/16/16
f 252/17/17 179/9/9 188/12/12
f 178/18/18 177/13/13 185/14/14 186/19/19
f 183/3/3 182/16/16 191/27/27 192/30/29
f 180/7/7 262/31/20 189/21/21
f 187/11/11 186/19/19 195/29/28 196/23/23
f 184/4/4 183/3/3 192/30/29 193/25/25
f 181/8/8 180/7/7 189/21/21 190/22/22
f 188/12/12 187/11/11 196/23/23 197/24/24
f 185/14/14 184/4/4 193/25/25 194/26/26
f 182/16/16 181/8/8 190/22/22 191/27/27
f 252/28/17 188/12/12 197/24/24
f 186/19/19 185/14/14 194/26/26 195/29/28
f 195/29/28 194/26/26 203/39/37 204/32/30
f 192/30/29 191/27/27 200/40/38 201/34/32
f 189/21/21 262/42/20 198/36/34
f 196/23/23 195/29/28 204/32/30 205/33/31
f 193/25/25 192/30/29 201/34/32 202/35/33
f 190/22/22 189/21/21 198/36/34 199/37/35
f 197/24/24 196/23/23 205/33/31 206/38/36
f 194/26/26 193/25/25 202/35/33 203/39/37
f 191/27/27 190/22/22 199/37/35 200/40/38
f 252/41/17 197/24/24 206/38/36
f 200/40/38 199/37/35 208/50/45 209/43/39
f 252/53/17 206/38/36 215/51/46
f 204/32/30 203/39/37 212/52/47 213/47/42
f 201/34/32 200/40/38 209/43/39 210/44/40
f 198/36/34 262/45/20 207/46/41
f 205/33/31 204/32/30 213/47/42 214/48/43
f 202/35/33 201/34/32 210/44/40 211/49/44
f 199/37/35 198/36/34 207/46/41 208/50/45
f 206/38/36 205/33/31 214/48/43 215/51/46
f 203/39/37 202/35/33 211/49/44 212/52/47
f 215/51/46 214/48/43 223/60/53 224/63/56
f 212/52/47 211/49/44 220/61/54 221/54/48
f 209/43/39 208/50/45 217/62/55 218/56/50
f 252/64/17 215/51/46 224/63/56
f 213/47/42 212/52/47 221/54/48 222/55/49
f 210/44/40 209/43/39 218/56/50 219/57/51
f 207/46/41 262/58/20 216/59/52
f 214/48/43 213/47/42 222/55/49 223/60/53
f 211/49/44 210/44/40 219/57/51 220/61/54
f 208/50/45 207/46/41 216/59/52 217/62/55
f 220/61/54 219/57/51 228/71/62 229/75/65
f 217/62/55 216/59/52 225/73/63 226/65/57
f 224/63/56 223/60/53 232/74/64 233/68/59
f 221/54/48 220/61/54 229/75/65 230/69/60
f 218/56/50 217/62/55 226/65/57 227/66/58
f 252/67/17 224/63/56 233/68/59
f 222/55/49 221/54/48 230/69/60 231/70/61
f 219/57/51 218/56/50 227/66/58 228/71/62
f 216/59/52 262/72/20 225/73/63
f 223/60/53 222/55/49 231/70/61 232/74/64
f 225/73/63 262/85/20 234/86/74
f 232/74/64 231/70/61 240/83/72 241/76/66
f 229/75/65 228/71/62 237/84/73 238/78/68
f 226/65/57 225/73/63 234/86/74 235/80/70
f 233/68/59 232/74/64 241/76/66 242/77/67
f 230/69/60 229/75/65 238/78/68 239/79/69
f 227/66/58 226/65/57 235/80/70 236/81/71
f 252/82/17 233/68/59 242/77/67
f 231/70/61 230/69/60 239/79/69 240/83/72
f 228/71/62 227/66/58 236/81/71 237/84/73
f 237/84/73 236/81/71 245/94/82 246/87/75
f 234/86/74 262/97/20 243/89/77
f 241/76/66 240/83/72 249/96/83 250/91/79
f 238/78/68 237/84/73 246/87/75 247/88/76
f 235/80/70 234/86/74 243/89/77 244/90/78
f 242/77/67 241/76/66 250/91/79 251/92/80
f 239/79/69 238/78/68 247/88/76 248/93/81
f 236/81/71 235/80/70 244/90/78 245/94/82
f 252/95/17 242/77/67 251/92/80
f 240/83/72 239/79/69 248/93/81 249/96/83
f 252/108/17 251/92/80 261/105/90
f 249/96/83 248/93/81 258/106/91 259/100/85
f 246/87/75 245/94/82 255/107/92 256/102/87
f 243/89/77 262/98/20 253/99/84
f 250/91/79 249/96/83 259/100/85 260/101/86
f 247/88/76 246/87/75 256/102/87 257/103/88
f 244/90/78 243/89/77 253/99/84 254/104/89
f 251/92/80 250/91/79 260/101/86 261/105/90
f 248/93/81 247/88/76 257/103/88 258/106/91
f 245/94/82 244/90/78 254/104/89 255/107/92
f 258/106/91 257/103/88 267/115/98 268/118/101
f 255/107/92 254/104/89 264/116/99 265/109/93
f 252/119/17 261/105/90 271/117/100
f 259/100/85 258/106/91 268/118/101 269/113/96
f 256/102/87 255/107/92 265/109/93 266/110/94
f 253/99/84 262/111/20 263/112/95
f 260/101/86 259/100/85 269/113/96 270/114/97
f 257/103/88 256/102/87 266/110/94 267/115/98
f 254/104/89 253/99/84 263/112/95 264/116/99
f 261/105/90 260/101/86 270/114/97 271/117/100
f 264/116/99 263/112/95 272/127/107 273/130/110
f 271/117/100 270/114/97 279/128/108 280/121/102
f 268/118/101 267/115/98 276/129/109 277/122/103
f 265/109/93 264/116/99 273/130/110 274/124/105
f 252/120/17 271/117/100 280/121/102
f 269/113/96 268/118/101 277/122/103 278/123/104
f 266/110/94 265/109/93 274/124/105 275/125/106
f 263/112/95 262/126/20 272/127/107
f 270/114/97 269/113/96 278/123/104 279/128/108
f 267/115/98 266/110/94 275/125/106 276/129/109
f 276/129/109 275/125/106 284/138/117 285/131/111
f 273/130/110 272/127/107 281/140/118 282/133/113
f 280/121/102 279/128/108 288/141/119 289/136/115
f 277/122/103 276/129/109 285/131/111 286/132/112
f 274/124/105 273/130/110 282/133/113 283/134/114
f 252/135/17 280/121/102 289/136/115
f 278/123/104 277/122/103 286/132/112 287/137/116
f 275/125/106 274/124/105 283/134/114 284/138/117
f 272/127/107 262/139/20 281/140/118
f 279/128/108 278/123/104 287/137/116 288/141/119
f 281/143/118 262/161/20 290/144/120
f 288/147/119 287/157/116 296/158/127 297/148/122
f 285/151/111 284/159/117 293/160/128 294/152/124
f 282/142/113 281/143/118 290/144/120 291/145/121
f 289/146/115 288/147/119 297/148/122 298/149/123
f 286/150/112 285/151/111 294/152/124 295/153/125
f 283/154/114 282/142/113 291/145/121 292/155/126
f 252/156/17 289/146/115 298/149/123
f 287/157/116 286/150/112 295/153/125 296/158/127
f 284/159/117 283/154/114 292/155/126 293/160/128
f 296/158/127 295/153/125 304/168/135 305/171/137
f 293/160/128 292/155/126 301/169/136 302/162/129
f 290/144/120 262/172/20 299/164/131
f 297/148/122 296/158/127 305/171/137 306/166/133
f 294/152/124 293/160/128 302/162/129 303/163/130
f 291/145/121 290/144/120 299/164/131 300/165/132
f 298/149/123 297/148/122 306/166/133 307/167/134
f 295/153/125 294/152/124 303/163/130 304/168/135
f 292/155/126 291/145/121 300/165/132 301/169/136
f 252/170/17 298/149/123 307/167/134
f 301/169/136 300/165/132 309/179/143 310/182/146
f 252/183/17 307/167/134 316/180/144
f 305/171/137 304/168/135 313/181/145 314/175/139
f 302/162/129 301/169/136 310/182/146 311/177/141
f 299/164/131 262/173/20 308/174/138
f 306/166/133 305/171/137 314/175/139 315/176/140
f 303/163/130 302/162/129 311/177/141 312/178/142
f 300/165/132 299/164/131 308/174/138 309/179/143
f 307/167/134 306/166/133 315/176/140 316/180/144
f 304/168/135 303/163/130 312/178/142 313/181/145
f 313/181/145 312/178/142 176/1/1 177/13/13
f 310/182/146 309/179/143 318/5/5 175/15/15
f 252/185/17 316/180/144 179/9/9
f 314/175/139 313/181/145 177/13/13 178/18/18
f 311/177/141 310/182/146 175/15/15 319/2/2
f 308/174/138 262/184/20 317/6/6
f 315/176/140 314/175/139 178/18/18 320/10/10
f 312/178/142 311/177/141 319/2/2 176/1/1
f 309/179/143 308/174/138 317/6/6 318/5/5
f 316/180/144 315/176/140 320/10/10 179/9/9
f 466/10/10 324/18/18 332/19/19 333/11/11
f 322/1/1 465/2/2 329/3/3 330/4/4
f 464/5/5 463/6/6 326/7/7 327/8/8
f 325/9/9 466/10/10 333/11/11 334/12/12
f 323/13/13 322/1/1 330/4/4 331/14/14
f 321/15/15 464/5/5 327/8/8 328/16/16
f 398/17/17 325/9/9 334/12/12
f 324/18/18 323/13/13 331/14/14 332/19/19
f 465/2/2 321/15/15 328/16/16 329/3/3
f 463/6/6 408/20/20 326/7/7
f 330/4/4 329/3/3 338/30/29 339/25/25
f 327/8/8 326/7/7 335/21/21 336/22/22
f 334/12/12 333/11/11 342/23/23 343/24/24
f 331/14/14 330/4/4 339/25/25 340/26/26
f 328/16/16 327/8/8 336/22/22 337/27/27
f 398/28/17 334/12/12 343/24/24
f 332/19/19 331/14/14 340/26/26 341/29/28
f 329/3/3 328/16/16 337/27/27 338/30/29
f 326/7/7 408/31/20 335/21/21
f 333/11/11 332/19/19 341/29/28 342/23/23
f 335/21/21 408/42/20 344/36/34
f 342/23/23 341/29/28 350/32/30 351/33/31
f 339/25/25 338/30/29 347/34/32 348/35/33
f 336/22/22 335/21/21 344/36/34 345/37/35
f 343/24/24 342/23/23 351/33/31 352/38/36
f 340/26/26 339/25/25 348/35/33 349/39/37
f 337/27/27 336/22/22 345/37/35 346/40/38
f 398/41/17 343/24/24 352/38/36
f 341/29/28 340/26/26 349/39/37 350/32/30
f 338/30/29 337/27/27 346/40/38 347/34/32
f 350/32/30 349/39/37 358/52/47 359/47/42
f 347/34/32 346/40/38 355/43/39 356/44/40
f 344/36/34 408/45/20 353/46/41
f 351/33/31 350/32/30 359/47/42 360/48/43
f 348/35/33 347/34/32 356/44/40 357/49/44
f 345/37/35 344/36/34 353/46/41 354/50/45
f 352/38/36 351/33/31 360/48/43 361/51/46
f 349/39/37 348/35/33 357/49/44 358/52/47
f 346/40/38 345/37/35 354/50/45 355/43/39
f 398/53/17 352/38/36 361/51/46
f 355/43/39 354/50/45 363/62/55 364/56/50
f 398/64/17 361/51/46 370/63/56
f 359/47/42 358/52/47 367/54/48 368/55/49
f 356/44/40 355/43/39 364/56/50 365/57/51
f 353/46/41 408/58/20 362/59/52
f 360/48/43 359/47/42 368/55/49 369/60/53
f 357/49/44 356/44/40 365/57/51 366/61/54
f 354/50/45 353/46/41 362/59/52 363/62/55
f 361/51/46 360/48/43 369/60/53 370/63/56
f 358/52/47 357/49/44 366/61/54 367/54/48
f 367/54/48 366/61/54 375/75/65 376/69/60
f 364/56/50 363/62/55 372/65/57 373/66/58
f 398/67/17 370/63/56 379/68/59
f 368/55/49 367/54/48 376/69/60 377/70/61
f 365/57/51 364/56/50 373/66/58 374/71/62
f 362/59/52 408/72/20 371/73/63
f 369/60/53 368/55/49 377/70/61 378/74/64
f 366/61/54 365/57/51 374/71/62 375/75/65
f 363/62/55 362/59/52 371/73/63 372/65/57
f 370/63/56 369/60/53 378/74/64 379/68/59
f 372/65/57 371/73/63 380/86/74 381/80/70
f 379/68/59 378/74/64 387/76/66 388/77/67
f 376/69/60 375/75/65 384/78/68 385/79/69
f 373/66/58 372/65/57 381/80/70 382/81/71
f 398/82/17 379/68/59 388/77/67
f 377/70/61 376/69/60 385/79/69 386/83/72
f 374/71/62 373/66/58 382/81/71 383/84/73
f 371/73/63 408/85/20 380/86/74
f 378/74/64 377/70/61 386/83/72 387/76/66
f 375/75/65 374/71/62 383/84/73 384/78/68
f 387/76/66 386/83/72 395/96/83 396/91/79
f 384/78/68 383/84/73 392/87/75 393/88/76
f 381/80/70 380/86/74 389/89/77 390/90/78
f 388/77/67 387/76/66 396/91/79 397/92/80
f 385/79/69 384/78/68 393/88/76 394/93/81
f 382/81/71 381/80/70 390/90/78 391/94/82
f 398/95/17 388/77/67 397/92/80
f 386/83/72 385/79/69 394/93/81 395/96/83
f 383/84/73 382/81/71 391/94/82 392/87/75
f 380/86/74 408/97/20 389/89/77
f 392/87/75 391/94/82 401/107/92 402/102/87
f 389/89/77 408/98/20 399/99/84
f 396/91/79 395/96/83 405/100/85 406/101/86
f 393/88/76 392/87/75 402/102/87 403/103/88
f 390/90/78 389/89/77 399/99/84 400/104/89
f 397/92/80 396/91/79 406/101/86 407/105/90
f 394/93/81 393/88/76 403/103/88 404/106/91
f 391/94/82 390/90/78 400/104/89 401/107/92
f 398/108/17 397/92/80 407/105/90
f 395/96/83 394/93/81 404/106/91 405/100/85
f 405/100/85 404/106/91 414/118/101 415/113/96
f 402/102/87 401/107/92 411/109/93 412/110/94
f 399/99/84 408/111/20 409/112/95
f 406/101/86 405/100/85 415/113/96 416/114/97
f 403/103/88 402/102/87 412/110/94 413/115/98
f 400/104/89 399/99/84 409/112/95 410/116/99
f 407/105/90 406/101/86 416/114/97 417/117/100
f 404/106/91 403/103/88 413/115/98 414/118/101
f 401/107/92 400/104/89 410/116/99 411/109/93
f 398/119/17 407/105/90 417/117/100
f 411/109/93 410/116/99 419/130/110 420/124/105
f 398/120/17 417/117/100 426/121/102
f 415/113/96 414/118/101 423/122/103 424/123/104
f 412/110/94 411/109/93 420/124/105 421/125/106
f 409/112/95 408/126/20 418/127/107
f 416/114/97 415/113/96 424/123/104 425/128/108
f 413/115/98 412/110/94 421/125/106 422/129/109
f 410/116/99 409/112/95 418/127/107 419/130/110
f 417/117/100 416/114/97 425/128/108 426/121/102
f 414/118/101 413/115/98 422/129/109 423/122/103
f 426/121/102 425/128/108 434/141/119 435/136/115
f 423/122/103 422/129/109 431/131/111 432/132/112
f 420/124/105 419/130/110 428/133/113 429/134/114
f 398/135/17 426/121/102 435/136/115
f 424/123/104 423/122/103 432/132/112 433/137/116
f 421/125/106 420/124/105 429/134/114 430/138/117
f 418/127/107 408/139/20 427/140/118
f 425/128/108 424/123/104 433/137/116 434/141/119
f 422/129/109 421/125/106 430/138/117 431/131/111
f 419/130/110 418/127/107 427/140/118 428/133/113
f 431/151/111 430/159/117 439/160/128 440/152/124
f 428/142/113 427/143/118 436/144/120 437/145/121
f 435/146/115 434/147/119 443/148/122 444/149/123
f 432/150/112 431/151/111 440/152/124 441/153/125
f 429/154/114 428/142/113 437/145/121 438/155/126
f 398/156/17 435/146/115 444/149/123
f 433/157/116 432/150/112 441/153/125 442/158/127
f 430/159/117 429/154/114 438/155/126 439/160/128
f 427/143/118 408/161/20 436/144/120
f 434/147/119 433/157/116 442/158/127 443/148/122
f 436/144/120 408/172/20 445/164/131
f 443/148/122 442/158/127 451/171/137 452/166/133
f 440/152/124 439/160/128 448/162/129 449/163/130
f 437/145/121 436/144/120 445/164/131 446/165/132
f 444/149/123 443/148/122 452/166/133 453/167/134
f 441/153/125 440/152/124 449/163/130 450/168/135
f 438/155/126 437/145/121 446/165/132 447/169/136
f 398/170/17 444/149/123 453/167/134
f 442/158/127 441/153/125 450/168/135 451/171/137
f 439/160/128 438/155/126 447/169/136 448/162/129
f 448/162/129 447/169/136 456/182/146 457/177/141
f 445/164/131 408/173/20 454/174/138
f 452/166/133 451/171/137 460/175/139 461/176/140
f 449/163/130 448/162/129 457/177/141 458/178/142
f 446/165/132 445/164/131 454/174/138 455/179/143
f 453/167/134 452/166/133 461/176/140 462/180/144
f 450/168/135 449/163/130 458/178/142 459/181/145
f 447/169/136 446/165/132 455/179/143 456/182/146
f 398/183/17 453/167/134 462/180/144
f 451/171/137 450/168/135 459/181/145 460/175/139
f 398/185/17 462/180/144 325/9/9
f 460/175/139 459/181/145 323/13/13 324/18/18
f 457/177/141 456/182/146 321/15/15 465/2/2
f 454/174/138 408/184/20 463/6/6
f 461/176/140 460/175/139 324/18/18 466/10/10
f 458/178/142 457/177/141 465/2/2 322/1/1
f 455/179/143 454/174/138 463/6/6 464/5/5
f 462/180/144 461/176/140 466/10/10 325/9/9
f 459/181/145 458/178/142 322/1/1 323/13/13
f 456/182/146 455/179/143 464/5/5 321/15/15
f 1051/151/183 1052/186/184 1054/317/185 1053/318/186
f 1053/318/186 1054/317/185 1056/319/187 1055/320/188
f 1055/320/188 1056/319/187 1058/321/189 1057/322/190
f 1057/322/190 1058/321/189 1060/323/191 1059/1/192
f 1059/1/192 1060/323/191 1062/324/193 1061/4/194
f 1061/4/194 1062/324/193 1064/325/195 1063/25/196
f 1063/25/196 1064/325/195 1066/326/197 1065/35/198
f 1065/35/198 1066/326/197 1068/327/199 1067/328/200
f 1067/328/200 1068/327/199 1070/329/201 1069/330/202
f 1069/330/202 1070/329/201 1072/331/203 1071/75/204
f 1071/75/204 1072/331/203 1074/332/205 1073/333/206
f 1073/333/206 1074/332/205 1076/334/207 1075/335/208
f 1075/335/208 1076/334/207 1078/336/209 1077/337/210
f 1077/337/210 1078/336/209 1080/338/211 1079/339/212
f 1054/340/185 1052/212/184 1082/341/213 1080/342/211 1078/343/209 1076/344/207 1074/345/205 1072/346/203 1070/347/201 1068/219/199 1066/348/197 1064/349/195 1062/350/193 1060/351/191 1058/352/189 1056/353/187
f 1079/339/212 1080/338/211 1082/354/213 1081/129/214
f 1081/129/214 1082/354/213 1052/355/184 1051/131/183
f 1051/229/183 1053/356/186 1055/357/188 1057/358/190 1059/359/192 1061/360/194 1063/361/196 1065/362/198 1067/236/200 1069/363/202 1071/364/204 1073/365/206 1075/366/208 1077/367/210 1079/368/212 1081/369/214
f 1083/212/215 1099/370/216 1084/340/217
f 1084/340/217 1099/370/216 1085/353/218
f 1085/353/218 1099/370/216 1086/352/219
f 1086/352/219 1099/370/216 1087/351/220
f 1087/351/220 1099/370/216 1088/350/221
f 1088/350/221 1099/370/216 1089/349/222
f 1089/349/222 1099/370/216 1090/371/223
f 1090/371/223 1099/370/216 1091/219/224
f 1091/219/224 1099/370/216 1092/372/225
f 1092/372/225 1099/370/216 1093/346/226
f 1093/346/226 1099/370/216 1094/373/227
f 1094/373/227 1099/370/216 1095/344/228
f 1095/344/228 1099/370/216 1096/374/229
f 1096/374/229 1099/370/216 1097/342/230
f 1083/229/215 1084/356/217 1085/357/218 1086/358/219 1087/359/220 1088/360/221 1089/361/222 1090/375/223 1091/236/224 1092/376/225 1093/364/226 1094/365/227 1095/366/228 1096/367/229 1097/368/230 1098/369/231
f 1097/342/230 1099/370/216 1098/341/231
f 1098/341/231 1099/370/216 1083/212/215
f 1100/15/15 1243/5/5 1106/8/8 1107/16/16
f 1177/17/17 1104/9/9 1113/12/12
f 1103/18/18 1102/13/232 1110/14/14 1111/19/19
f 1244/2/233 1100/15/15 1107/16/16 1108/3/3
f 1242/6/6 1187/20/20 1105/7/7
f 1245/10/10 1103/18/18 1111/19/19 1112/11/11
f 1101/1/1 1244/2/233 1108/3/3 1109/4/4
f 1243/5/5 1242/6/6 1105/7/7 1106/8/8
f 1104/9/9 1245/10/10 1112/11/11 1113/12/12
f 1102/13/232 1101/1/1 1109/4/4 1110/14/14
f 1177/28/17 1113/12/12 1122/24/24
f 1111/19/19 1110/14/14 1119/26/26 1120/29/28
f 1108/3/3 1107/16/16 1116/27/27 1117/30/29
f 1105/7/7 1187/31/20 1114/21/21
f 1112/11/11 1111/19/19 1120/29/28 1121/23/23
f 1109/4/4 1108/3/3 1117/30/29 1118/25/25
f 1106/8/8 1105/7/7 1114/21/21 1115/22/22
f 1113/12/12 1112/11/11 1121/23/23 1122/24/24
f 1110/14/14 1109/4/4 1118/25/25 1119/26/26
f 1107/16/16 1106/8/8 1115/22/22 1116/27/27
f 1119/26/26 1118/25/25 1127/35/33 1128/39/234
f 1116/27/27 1115/22/22 1124/37/35 1125/40/38
f 1177/41/17 1122/24/24 1131/38/36
f 1120/29/28 1119/26/26 1128/39/234 1129/32/30
f 1117/30/29 1116/27/27 1125/40/38 1126/34/32
f 1114/21/21 1187/42/20 1123/36/34
f 1121/23/23 1120/29/28 1129/32/30 1130/33/31
f 1118/25/25 1117/30/29 1126/34/32 1127/35/33
f 1115/22/22 1114/21/21 1123/36/34 1124/37/35
f 1122/24/24 1121/23/23 1130/33/31 1131/38/36
f 1124/37/35 1123/36/34 1132/46/41 1133/50/45
f 1131/38/36 1130/33/31 1139/48/43 1140/51/46
f 1128/39/234 1127/35/33 1136/49/44 1137/52/47
f 1125/40/38 1124/37/35 1133/50/45 1134/43/39
f 1177/53/17 1131/38/36 1140/51/46
f 1129/32/30 1128/39/234 1137/52/47 1138/47/42
f 1126/34/32 1125/40/38 1134/43/39 1135/44/40
f 1123/36/34 1187/45/20 1132/46/41
f 1130/33/31 1129/32/30 1138/47/42 1139/48/43
f 1127/35/33 1126/34/32 1135/44/40 1136/49/44
f 1136/49/44 1135/44/40 1144/57/235 1145/61/54
f 1133/50/45 1132/46/41 1141/59/52 1142/62/55
f 1140/51/46 1139/48/43 1148/60/53 1149/63/56
f 1137/52/47 1136/49/44 1145/61/54 1146/54/236
f 1134/43/39 1133/50/45 1142/62/55 1143/56/50
f 1177/64/17 1140/51/46 1149/63/56
f 1138/47/42 1137/52/47 1146/54/236 1147/55/49
f 1135/44/40 1134/43/39 1143/56/50 1144/57/235
f 1132/46/41 1187/58/20 1141/59/52
f 1139/48/43 1138/47/42 1147/55/49 1148/60/53
f 1141/59/52 1187/72/20 1150/73/63
f 1148/60/53 1147/55/49 1156/70/61 1157/74/64
f 1145/61/54 1144/57/235 1153/71/237 1154/75/65
f 1142/62/55 1141/59/52 1150/73/63 1151/65/57
f 1149/63/56 1148/60/53 1157/74/64 1158/68/59
f 1146/54/236 1145/61/54 1154/75/65 1155/69/238
f 1143/56/50 1142/62/55 1151/65/57 1152/66/58
f 1177/67/17 1149/63/56 1158/68/59
f 1147/55/49 1146/54/236 1155/69/238 1156/70/61
f 1144/57/235 1143/56/50 1152/66/58 1153/71/237
f 1156/70/61 1155/69/238 1164/79/239 1165/83/72
f 1153/71/237 1152/66/58 1161/81/71 1162/84/240
f 1150/73/63 1187/85/20 1159/86/74
f 1157/74/64 1156/70/61 1165/83/72 1166/76/66
f 1154/75/65 1153/71/237 1162/84/240 1163/78/68
f 1151/65/57 1150/73/63 1159/86/74 1160/80/70
f 1158/68/59 1157/74/64 1166/76/66 1167/77/67
f 1155/69/238 1154/75/65 1163/78/68 1164/79/239
f 1152/66/58 1151/65/57 1160/80/70 1161/81/71
f 1177/82/17 1158/68/59 1167/77/67
f 1161/81/71 1160/80/70 1169/90/78 1170/94/82
f 1177/95/17 1167/77/67 1176/92/80
f 1165/83/72 1164/79/239 1173/93/241 1174/96/83
f 1162/84/240 1161/81/71 1170/94/82 1171/87/242
f 1159/86/74 1187/97/20 1168/89/77
f 1166/76/66 1165/83/72 1174/96/83 1175/91/79
f 1163/78/68 1162/84/240 1171/87/242 1172/88/76
f 1160/80/70 1159/86/74 1168/89/77 1169/90/78
f 1167/77/67 1166/76/66 1175/91/79 1176/92/80
f 1164/79/239 1163/78/68 1172/88/76 1173/93/241
f 1173/93/241 1172/88/76 1182/103/88 1183/106/243
f 1170/94/82 1169/90/78 1179/104/89 1180/107/92
f 1177/108/17 1176/92/80 1186/105/90
f 1174/96/83 1173/93/241 1183/106/243 1184/100/85
f 1171/87/242 1170/94/82 1180/107/92 1181/102/244
f 1168/89/77 1187/98/20 1178/99/84
f 1175/91/79 1174/96/83 1184/100/85 1185/101/86
f 1172/88/76 1171/87/242 1181/102/244 1182/103/88
f 1169/90/78 1168/89/77 1178/99/84 1179/104/89
f 1176/92/80 1175/91/79 1185/101/86 1186/105/90
f 1179/104/89 1178/99/84 1188/112/95 1189/116/99
f 1186/105/90 1185/101/86 1195/114/97 1196/117/100
f 1183/106/243 1182/103/88 1192/115/98 1193/118/245
f 1180/107/92 1179/104/89 1189/116/99 1190/109/93
f 1177/119/17 1186/105/90 1196/117/100
f 1184/100/85 1183/106/243 1193/118/245 1194/113/96
f 1181/102/244 1180/107/92 1190/109/93 1191/110/246
f 1178/99/84 1187/111/20 1188/112/95
f 1185/101/86 1184/100/85 1194/113/96 1195/114/97
f 1182/103/88 1181/102/244 1191/110/246 1192/115/98
f 1195/114/97 1194/113/96 1203/123/104 1204/128/108
f 1192/115/98 1191/110/246 1200/125/106 1201/129/109
f 1189/116/99 1188/112/95 1197/127/107 1198/130/110
f 1196/117/100 1195/114/97 1204/128/108 1205/121/102
f 1193/118/245 1192/115/98 1201/129/109 1202/122/247
f 1190/109/93 1189/116/99 1198/130/110 1199/124/105
f 1177/120/17 1196/117/100 1205/121/102
f 1194/113/96 1193/118/245 1202/122/247 1203/123/104
f 1191/110/246 1190/109/93 1199/124/105 1200/125/106
f 1188/112/95 1187/126/20 1197/127/107
f 1200/125/106 1199/124/105 1208/134/114 1209/138/117
f 1197/127/107 1187/139/20 1206/140/118
f 1204/128/108 1203/123/104 1212/137/116 1213/141/119
f 1201/129/109 1200/125/106 1209/138/117 1210/131/111
f 1198/130/110 1197/127/107 1206/140/118 1207/133/113
f 1205/121/102 1204/128/108 1213/141/119 1214/136/115
f 1202/122/247 1201/129/109 1210/131/111 1211/132/248
f 1199/124/105 1198/130/110 1207/133/113 1208/134/114
f 1177/135/17 1205/121/102 1214/136/115
f 1203/123/104 1202/122/247 1211/132/248 1212/137/116
f 1212/157/116 1211/150/248 1220/153/125 1221/158/127
f 1209/159/117 1208/154/114 1217/155/126 1218/160/249
f 1206/143/118 1187/161/20 1215/144/120
f 1213/147/119 1212/157/116 1221/158/127 1222/148/122
f 1210/151/111 1209/159/117 1218/160/249 1219/152/124
f 1207/142/113 1206/143/118 1215/144/120 1216/145/121
f 1214/146/115 1213/147/119 1222/148/122 1223/149/123
f 1211/150/248 1210/151/111 1219/152/124 1220/153/125
f 1208/154/114 1207/142/113 1216/145/121 1217/155/126
f 1177/156/17 1214/146/115 1223/149/123
f 1217/155/126 1216/145/121 1225/165/132 1226/169/136
f 1177/170/17 1223/149/123 1232/167/134
f 1221/158/127 1220/153/125 1229/168/250 1230/171/137
f 1218/160/249 1217/155/126 1226/169/136 1227/162/251
f 1215/144/120 1187/172/20 1224/164/131
f 1222/148/122 1221/158/127 1230/171/137 1231/166/133
f 1219/152/124 1218/160/249 1227/162/251 1228/163/130
f 1216/145/121 1215/144/120 1224/164/131 1225/165/132
f 1223/149/123 1222/148/122 1231/166/133 1232/167/134
f 1220/153/125 1219/152/124 1228/163/130 1229/168/250
f 1232/167/134 1231/166/133 1240/176/140 1241/180/144
f 1229/168/250 1228/163/130 1237/178/142 1238/181/252
f 1226/169/136 1225/165/132 1234/179/143 1235/182/146
f 1177/183/17 1232/167/134 1241/180/144
f 1230/171/137 1229/168/250 1238/181/252 1239/175/139
f 1227/162/251 1226/169/136 1235/182/146 1236/177/253
f 1224/164/131 1187/173/20 1233/174/138
f 1231/166/133 1230/171/137 1239/175/139 1240/176/140
f 1228/163/130 1227/162/251 1236/177/253 1237/178/142
f 1225/165/132 1224/164/131 1233/174/138 1234/179/143
f 1237/178/142 1236/177/253 1244/2/233 1101/1/1
f 1234/179/143 1233/174/138 1242/6/6 1243/5/5
f 1241/180/144 1240/176/140 1245/10/10 1104/9/9
f 1238/181/252 1237/178/142 1101/1/1 1102/13/232
f 1235/182/146 1234/179/143 1243/5/5 1100/15/15
f 1177/185/17 1241/180/144 1104/9/9
f 1239/175/139 1238/181/252 1102/13/232 1103/18/18
f 1236/177/253 1235/182/146 1100/15/15 1244/2/233
f 1233/174/138 1187/184/20 1242/6/6
f 1240/176/140 1239/175/139 1103/18/18 1245/10/10
f 1246/151/254 1247/186/255 1249/187/256 1248/188/257
f 1248/188/257 1249/187/256 1251/189/258 1250/190/259
f 1250/190/259 1251/189/258 1253/191/260 1252/192/261
f 1252/192/261 1253/191/260 1255/193/262 1254/194/263
f 1254/194/263 1255/193/262 1257/195/264 1256/196/265
f 1256/196/265 1257/195/264 1259/197/266 1258/198/267
f 1258/198/267 1259/197/266 1261/199/268 1260/200/269
f 1260/200/269 1261/199/268 1263/201/270 1262/202/271
f 1262/202/271 1263/201/270 1265/203/272 1264/204/273
f 1264/204/273 1265/203/272 1267/205/274 1266/206/275
f 1266/206/275 1267/205/274 1269/207/276 1268/208/277
f 1268/208/277 1269/207/276 1271/209/278 1270/210/279
f 1249/377/256 1247/378/255 1273/379/280 1271/380/278 1269/381/276 1267/382/274 1265/383/272 1263/384/270 1261/385/268 1259/386/266 1257/387/264 1255/222/262 1253/223/260 1251/388/258
f 1270/210/279 1271/209/278 1273/225/280 1272/226/281
f 1272/226/281 1273/225/280 1247/227/255 1246/228/254
f 1246/389/254 1248/390/257 1250/391/259 1252/232/261 1254/233/263 1256/392/265 1258/393/267 1260/394/269 1262/395/271 1264/396/273 1266/239/275 1268/240/277 1270/397/279 1272/398/281
f 1417/399/5 1416/6/6 1279/7/7 1280/400/8
f 1278/9/9 1419/401/10 1286/11/11 1287/12/12
f 1418/402/232 1276/1/1 1283/4/4 1284/14/282
f 1274/15/15 1417/399/5 1280/400/8 1281/16/16
f 1351/17/17 1278/9/9 1287/12/12
f 1277/18/18 1418/402/232 1284/14/282 1285/19/19
f 1275/403/233 1274/15/15 1281/16/16 1282/3/283
f 1416/6/6 1361/20/20 1279/7/7
f 1419/401/10 1277/18/18 1285/19/19 1286/11/11
f 1276/1/1 1275/403/233 1282/3/283 1283/4/4
f 1280/400/8 1279/7/7 1288/21/284 1289/404/22
f 1287/12/12 1286/11/11 1295/23/23 1296/24/24
f 1284/14/282 1283/4/4 1292/25/25 1293/26/285
f 1281/16/16 1280/400/8 1289/404/22 1290/245/27
f 1351/28/17 1287/12/12 1296/24/24
f 1285/19/19 1284/14/282 1293/26/285 1294/29/28
f 1282/3/283 1281/16/16 1290/245/27 1291/30/286
f 1279/7/7 1361/31/20 1288/21/284
f 1286/11/11 1285/19/19 1294/29/28 1295/23/23
f 1283/4/4 1282/3/283 1291/30/286 1292/25/25
f 1292/25/25 1291/30/286 1300/34/32 1301/35/33
f 1289/404/22 1288/21/284 1297/36/34 1298/37/35
f 1296/24/24 1295/23/23 1304/33/31 1305/38/36
f 1293/26/285 1292/25/25 1301/35/33 1302/39/234
f 1290/245/27 1289/404/22 1298/37/35 1299/247/38
f 1351/41/17 1296/24/24 1305/38/36
f 1294/29/28 1293/26/285 1302/39/234 1303/32/30
f 1291/30/286 1290/245/27 1299/247/38 1300/34/32
f 1288/21/284 1361/42/20 1297/36/34
f 1295/23/23 1294/29/28 1303/32/30 1304/33/31
f 1297/36/34 1361/45/20 1306/46/41
f 1304/33/31 1303/32/30 1312/47/42 1313/48/43
f 1301/35/33 1300/34/32 1309/249/287 1310/328/44
f 1298/37/35 1297/36/34 1306/46/41 1307/50/45
f 1305/38/36 1304/33/31 1313/48/43 1314/51/46
f 1302/39/234 1301/35/33 1310/328/44 1311/252/47
f 1299/247/38 1298/37/35 1307/50/45 1308/253/39
f 1351/53/17 1305/38/36 1314/51/46
f 1303/32/30 1302/39/234 1311/252/47 1312/47/42
f 1300/34/32 1299/247/38 1308/253/39 1309/249/287
f 1312/47/42 1311/252/47 1320/260/48 1321/55/49
f 1309/249/287 1308/253/39 1317/405/50 1318/254/235
f 1306/46/41 1361/58/20 1315/59/52
f 1313/48/43 1312/47/42 1321/55/49 1322/257/53
f 1310/328/44 1309/249/287 1318/254/235 1319/330/54
f 1307/50/45 1306/46/41 1315/59/52 1316/406/55
f 1314/51/46 1313/48/43 1322/257/53 1323/63/56
f 1311/252/47 1310/328/44 1319/330/54 1320/260/48
f 1308/253/39 1307/50/45 1316/406/55 1317/405/50
f 1351/64/17 1314/51/46 1323/63/56
f 1317/405/50 1316/406/55 1325/407/57 1326/66/58
f 1351/408/17 1323/63/56 1332/68/59
f 1321/55/49 1320/260/48 1329/409/60 1330/70/61
f 1318/254/235 1317/405/50 1326/66/58 1327/410/62
f 1315/59/52 1361/411/20 1324/73/63
f 1322/257/53 1321/55/49 1330/70/61 1331/268/64
f 1319/330/54 1318/254/235 1327/410/62 1328/75/65
f 1316/406/55 1315/59/52 1324/73/63 1325/407/57
f 1323/63/56 1322/257/53 1331/268/64 1332/68/59
f 1320/260/48 1319/330/54 1328/75/65 1329/409/60
f 1329/409/60 1328/75/65 1337/333/68 1338/79/69
f 1326/66/58 1325/407/57 1334/80/70 1335/272/71
f 1351/82/17 1332/68/59 1341/412/67
f 1330/70/61 1329/409/60 1338/79/69 1339/275/72
f 1327/410/62 1326/66/58 1335/272/71 1336/84/73
f 1324/73/63 1361/85/20 1333/413/74
f 1331/268/64 1330/70/61 1339/275/72 1340/414/66
f 1328/75/65 1327/410/62 1336/84/73 1337/333/68
f 1325/407/57 1324/73/63 1333/413/74 1334/80/70
f 1332/68/59 1331/268/64 1340/414/66 1341/412/67
f 1334/80/70 1333/413/74 1342/415/77 1343/90/78
f 1341/412/67 1340/414/66 1349/416/79 1350/417/80
f 1338/79/69 1337/333/68 1346/88/76 1347/93/241
f 1335/272/71 1334/80/70 1343/90/78 1344/279/82
f 1351/95/17 1341/412/67 1350/417/80
f 1339/275/72 1338/79/69 1347/93/241 1348/418/83
f 1336/84/73 1335/272/71 1344/279/82 1345/87/75
f 1333/413/74 1361/97/20 1342/415/77
f 1340/414/66 1339/275/72 1348/418/83 1349/416/79
f 1337/333/68 1336/84/73 1345/87/75 1346/88/76
f 1349/416/79 1348/418/83 1358/419/85 1359/420/86
f 1346/88/76 1345/87/75 1355/102/244 1356/103/88
f 1343/90/78 1342/415/77 1352/99/84 1353/104/89
f 1350/417/80 1349/416/79 1359/420/86 1360/105/90
f 1347/93/241 1346/88/76 1356/103/88 1357/106/243
f 1344/279/82 1343/90/78 1353/104/89 1354/284/92
f 1351/108/17 1350/417/80 1360/105/90
f 1348/418/83 1347/93/241 1357/106/243 1358/419/85
f 1345/87/75 1344/279/82 1354/284/92 1355/102/244
f 1342/415/77 1361/98/20 1352/99/84
f 1355/102/244 1354/284/92 1364/109/93 1365/110/246
f 1352/99/84 1361/111/20 1362/112/95
f 1359/420/86 1358/419/85 1368/421/96 1369/422/97
f 1356/103/88 1355/102/244 1365/110/246 1366/115/98
f 1353/104/89 1352/99/84 1362/112/95 1363/116/99
f 1360/105/90 1359/420/86 1369/422/97 1370/117/180
f 1357/106/243 1356/103/88 1366/115/98 1367/118/101
f 1354/284/92 1353/104/89 1363/116/99 1364/109/93
f 1351/119/17 1360/105/90 1370/117/180
f 1358/419/85 1357/106/243 1367/118/101 1368/421/96
f 1368/421/96 1367/118/101 1376/423/247 1377/424/104
f 1365/110/246 1364/109/93 1373/124/105 1374/425/288
f 1362/112/95 1361/426/20 1371/127/107
f 1369/422/97 1368/421/96 1377/424/104 1378/427/108
f 1366/115/98 1365/110/246 1374/425/288 1375/299/109
f 1363/116/99 1362/112/95 1371/127/107 1372/130/110
f 1370/117/180 1369/422/97 1378/427/108 1379/121/102
f 1367/118/101 1366/115/98 1375/299/109 1376/423/247
f 1364/109/93 1363/116/99 1372/130/110 1373/124/105
f 1351/428/17 1370/117/180 1379/121/102
f 1373/124/105 1372/130/110 1381/133/113 1382/134/114
f 1351/135/17 1379/121/102 1388/136/115
f 1377/424/104 1376/423/247 1385/132/248 1386/429/116
f 1374/425/288 1373/124/105 1382/134/114 1383/138/117
f 1371/127/107 1361/139/20 1380/140/118
f 1378/427/108 1377/424/104 1386/429/116 1387/430/119
f 1375/299/109 1374/425/288 1383/138/117 1384/131/111
f 1372/130/110 1371/127/107 1380/140/118 1381/133/113
f 1379/121/102 1378/427/108 1387/430/119 1388/136/115
f 1376/423/247 1375/299/109 1384/131/111 1385/132/248
f 1388/146/115 1387/431/119 1396/432/122 1397/433/123
f 1385/150/248 1384/151/111 1393/152/124 1394/153/289
f 1382/154/114 1381/142/113 1390/145/121 1391/306/126
f 1351/156/17 1388/146/115 1397/433/123
f 1386/434/116 1385/150/248 1394/153/289 1395/307/127
f 1383/159/117 1382/154/114 1391/306/126 1392/160/128
f 1380/143/118 1361/161/20 1389/435/120
f 1387/431/119 1386/434/116 1395/307/127 1396/432/122
f 1384/151/111 1383/159/117 1392/160/128 1393/152/124
f 1381/142/113 1380/143/118 1389/435/120 1390/145/121
f 1393/152/124 1392/160/128 1401/162/251 1402/163/130
f 1390/145/121 1389/435/120 1398/164/131 1399/165/132
f 1397/433/123 1396/432/122 1405/436/133 1406/167/134
f 1394/153/289 1393/152/124 1402/163/130 1403/168/250
f 1391/306/126 1390/145/121 1399/165/132 1400/169/136
f 1351/437/17 1397/433/123 1406/167/134
f 1395/307/127 1394/153/289 1403/168/250 1404/171/137
f 1392/160/128 1391/306/126 1400/169/136 1401/162/251
f 1389/435/120 1361/438/20 1398/164/131
f 1396/432/122 1395/307/127 1404/171/137 1405/436/133
f 1398/164/131 1361/173/20 1407/174/138
f 1405/436/133 1404/171/137 1413/175/139 1414/439/140
f 1402/163/130 1401/162/251 1410/440/253 1411/312/142
f 1399/165/132 1398/164/131 1407/174/138 1408/179/143
f 1406/167/134 1405/436/133 1414/439/140 1415/180/144
f 1403/168/250 1402/163/130 1411/312/142 1412/441/252
f 1400/169/136 1399/165/132 1408/179/143 1409/182/146
f 1351/183/17 1406/167/134 1415/180/144
f 1404/171/137 1403/168/250 1412/441/252 1413/175/139
f 1401/162/251 1400/169/136 1409/182/146 1410/440/253
f 1410/440/253 1409/182/146 1274/15/15 1275/403/233
f 1407/174/138 1361/184/20 1416/6/6
f 1414/439/140 1413/175/139 1277/18/18 1419/401/10
f 1411/312/142 1410/440/253 1275/403/233 1276/1/1
f 1408/179/143 1407/174/138 1416/6/6 1417/399/5
f 1415/180/144 1414/439/140 1419/401/10 1278/9/9
f 1412/441/252 1411/312/142 1276/1/1 1418/402/232
f 1409/182/146 1408/179/143 1417/399/5 1274/15/15
f 1351/185/17 1415/180/144 1278/9/9
f 1413/175/139 1412/441/252 1418/402/232 1277/18/18
f 1424/9/9 1565/401/10 1432/11/11 1433/12/12
f 1564/402/13 1422/1/1 1429/4/4 1430/14/14
f 1420/15/15 1563/399/5 1426/400/8 1427/16/16
f 1497/17/17 1424/9/9 1433/12/12
f 1423/18/18 1564/402/13 1430/14/14 1431/19/19
f 1421/403/2 1420/15/15 1427/16/16 1428/3/3
f 1562/6/6 1507/20/20 1425/7/7
f 1565/401/10 1423/18/18 1431/19/19 1432/11/11
f 1422/1/1 1421/403/2 1428/3/3 1429/4/4
f 1563/399/5 1562/6/6 1425/7/7 1426/400/8
f 1430/14/14 1429/4/4 1438/25/25 1439/26/26
f 1427/16/16 1426/400/8 1435/404/22 1436/245/27
f 1497/28/17 1433/12/12 1442/24/24
f 1431/19/19 1430/14/14 1439/26/26 1440/29/28
f 1428/3/3 1427/16/16 1436/245/27 1437/30/29
f 1425/7/7 1507/31/20 1434/21/21
f 1432/11/11 1431/19/19 1440/29/28 1441/23/23
f 1429/4/4 1428/3/3 1437/30/29 1438/25/25
f 1426/400/8 1425/7/7 1434/21/21 1435/404/22
f 1433/12/12 1432/11/11 1441/23/23 1442/24/24
f 1435/404/22 1434/21/21 1443/36/34 1444/37/35
f 1442/24/24 1441/23/23 1450/33/31 1451/38/36
f 1439/26/26 1438/25/25 1447/35/33 1448/39/37
f 1436/245/27 1435/404/22 1444/37/35 1445/247/38
f 1497/41/17 1442/24/24 1451/38/36
f 1440/29/28 1439/26/26 1448/39/37 1449/32/30
f 1437/30/29 1436/245/27 1445/247/38 1446/34/32
f 1434/21/21 1507/42/20 1443/36/34
f 1441/23/23 1440/29/28 1449/32/30 1450/33/31
f 1438/25/25 1437/30/29 1446/34/32 1447/35/33
f 1450/33/31 1449/32/30 1458/47/42 1459/48/43
f 1447/35/33 1446/34/32 1455/249/40 1456/328/44
f 1444/37/35 1443/36/34 1452/46/41 1453/50/45
f 1451/38/36 1450/33/31 1459/48/43 1460/51/46
f 1448/39/37 1447/35/33 1456/328/44 1457/252/47
f 1445/247/38 1444/37/35 1453/50/45 1454/253/39
f 1497/53/17 1451/38/36 1460/51/46
f 1449/32/30 1448/39/37 1457/252/47 1458/47/42
f 1446/34/32 1445/247/38 1454/253/39 1455/249/40
f 1443/36/34 1507/45/20 1452/46/41
f 1455/249/40 1454/253/39 1463/405/50 1464/254/51
f 1452/46/41 1507/58/20 1461/59/52
f 1459/48/43 1458/47/42 1467/55/49 1468/257/53
f 1456/328/44 1455/249/40 1464/254/51 1465/330/54
f 1453/50/45 1452/46/41 1461/59/52 1462/406/55
f 1460/51/46 1459/48/43 1468/257/53 1469/63/56
f 1457/252/47 1456/328/44 1465/330/54 1466/260/48
f 1454/253/39 1453/50/45 1462/406/55 1463/405/50
f 1497/64/17 1460/51/46 1469/63/56
f 1458/47/42 1457/252/47 1466/260/48 1467/55/49
f 1467/55/49 1466/260/48 1475/409/60 1476/70/61
f 1464/254/51 1463/405/50 1472/66/58 1473/410/62
f 1461/59/52 1507/411/20 1470/73/63
f 1468/257/53 1467/55/49 1476/70/61 1477/268/64
f 1465/330/54 1464/254/51 1473/410/62 1474/75/65
f 1462/406/55 1461/59/52 1470/73/63 1471/407/57
f 1469/63/56 1468/257/53 1477/268/64 1478/68/59
f 1466/260/48 1465/330/54 1474/75/65 1475/409/60
f 1463/405/50 1462/406/55 1471/407/57 1472/66/58
f 1497/408/17 1469/63/56 1478/68/59
f 1472/66/58 1471/407/57 1480/80/70 1481/272/71
f 1497/82/17 1478/68/59 1487/412/67
f 1476/70/61 1475/409/60 1484/79/69 1485/275/72
f 1473/410/62 1472/66/58 1481/272/71 1482/84/73
f 1470/73/63 1507/85/20 1479/413/74
f 1477/268/64 1476/70/61 1485/275/72 1486/414/66
f 1474/75/65 1473/410/62 1482/84/73 1483/333/68
f 1471/407/57 1470/73/63 1479/413/74 1480/80/70
f 1478/68/59 1477/268/64 1486/414/66 1487/412/67
f 1475/409/60 1474/75/65 1483/333/68 1484/79/69
f 1487/412/67 1486/414/66 1495/416/79 1496/417/80
f 1484/79/69 1483/333/68 1492/88/76 1493/93/81
f 1481/272/71 1480/80/70 1489/90/78 1490/279/82
f 1497/95/17 1487/412/67 1496/417/80
f 1485/275/72 1484/79/69 1493/93/81 1494/418/83
f 1482/84/73 1481/272/71 1490/279/82 1491/87/75
f 1479/413/74 1507/97/20 1488/415/77
f 1486/414/66 1485/275/72 1494/418/83 1495/416/79
f 1483/333/68 1482/84/73 1491/87/75 1492/88/76
f 1480/80/70 1479/413/74 1488/415/77 1489/90/78
f 1492/88/76 1491/87/75 1501/102/87 1502/103/88
f 1489/90/78 1488/415/77 1498/99/84 1499/104/89
f 1496/417/80 1495/416/79 1505/420/86 1506/105/90
f 1493/93/81 1492/88/76 1502/103/88 1503/106/91
f 1490/279/82 1489/90/78 1499/104/89 1500/284/92
f 1497/108/17 1496/417/80 1506/105/90
f 1494/418/83 1493/93/81 1503/106/91 1504/419/85
f 1491/87/75 1490/279/82 1500/284/92 1501/102/87
f 1488/415/77 1507/98/20 1498/99/84
f 1495/416/79 1494/418/83 1504/419/85 1505/420/86
f 1498/99/84 1507/111/20 1508/112/95
f 1505/420/86 1504/419/85 1514/421/96 1515/422/97
f 1502/103/88 1501/102/87 1511/110/94 1512/115/98
f 1499/104/89 1498/99/84 1508/112/95 1509/116/99
f 1506/105/90 1505/420/86 1515/422/97 1516/117/100
f 1503/106/91 1502/103/88 1512/115/98 1513/118/101
f 1500/284/92 1499/104/89 1509/116/99 1510/109/93
f 1497/119/17 1506/105/90 1516/117/100
f 1504/419/85 1503/106/91 1513/118/101 1514/421/96
f 1501/102/87 1500/284/92 1510/109/93 1511/110/94
f 1511/110/94 1510/109/93 1519/124/105 1520/425/106
f 1508/112/95 1507/426/20 1517/127/107
f 1515/422/97 1514/421/96 1523/424/104 1524/427/108
f 1512/115/98 1511/110/94 1520/425/106 1521/299/109
f 1509/116/99 1508/112/95 1517/127/107 1518/130/110
f 1516/117/100 1515/422/97 1524/427/108 1525/121/102
f 1513/118/101 1512/115/98 1521/299/109 1522/423/103
f 1510/109/93 1509/116/99 1518/130/110 1519/124/105
f 1497/428/17 1516/117/100 1525/121/102
f 1514/421/96 1513/118/101 1522/423/103 1523/424/104
f 1497/135/17 1525/121/102 1534/136/115
f 1523/424/104 1522/423/103 1531/132/112 1532/429/116
f 1520/425/106 1519/124/105 1528/134/114 1529/138/117
f 1517/127/107 1507/139/20 1526/140/118
f 1524/427/108 1523/424/104 1532/429/116 1533/430/119
f 1521/299/109 1520/425/106 1529/138/117 1530/131/111
f 1518/130/110 1517/127/107 1526/140/118 1527/133/113
f 1525/121/102 1524/427/108 1533/430/119 1534/136/115
f 1522/423/103 1521/299/109 1530/131/111 1531/132/112
f 1519/124/105 1518/130/110 1527/133/113 1528/134/114
f 1531/150/112 1530/151/111 1539/152/124 1540/153/125
f 1528/154/114 1527/142/113 1536/145/121 1537/306/126
f 1497/156/17 1534/146/115 1543/433/123
f 1532/434/116 1531/150/112 1540/153/125 1541/307/127
f 1529/159/117 1528/154/114 1537/306/126 1538/160/128
f 1526/143/118 1507/161/20 1535/435/120
f 1533/431/119 1532/434/116 1541/307/127 1542/432/122
f 1530/151/111 1529/159/117 1538/160/128 1539/152/124
f 1527/142/113 1526/143/118 1535/435/120 1536/145/121
f 1534/146/115 1533/431/119 1542/432/122 1543/433/123
f 1536/145/121 1535/435/120 1544/164/131 1545/165/132
f 1543/433/123 1542/432/122 1551/436/133 1552/167/134
f 1540/153/125 1539/152/124 1548/163/130 1549/168/135
f 1537/306/126 1536/145/121 1545/165/132 1546/169/136
f 1497/437/17 1543/433/123 1552/167/134
f 1541/307/127 1540/153/125 1549/168/135 1550/171/137
f 1538/160/128 1537/306/126 1546/169/136 1547/162/129
f 1535/435/120 1507/438/20 1544/164/131
f 1542/432/122 1541/307/127 1550/171/137 1551/436/133
f 1539/152/124 1538/160/128 1547/162/129 1548/163/130
f 1548/163/130 1547/162/129 1556/440/141 1557/312/142
f 1545/165/132 1544/164/131 1553/174/138 1554/179/143
f 1552/167/134 1551/436/133 1560/439/140 1561/180/144
f 1549/168/135 1548/163/130 1557/312/142 1558/441/145
f 1546/169/136 1545/165/132 1554/179/143 1555/182/146
f 1497/183/17 1552/167/134 1561/180/144
f 1550/171/137 1549/168/135 1558/441/145 1559/175/139
f 1547/162/129 1546/169/136 1555/182/146 1556/440/141
f 1544/164/131 1507/173/20 1553/174/138
f 1551/436/133 1550/171/137 1559/175/139 1560/439/140
f 1553/174/138 1507/184/20 1562/6/6
f 1560/439/140 1559/175/139 1423/18/18 1565/401/10
f 1557/312/142 1556/440/141 1421/403/2 1422/1/1
f 1554/179/143 1553/174/138 1562/6/6 1563/399/5
f 1561/180/144 1560/439/140 1565/401/10 1424/9/9
f 1558/441/145 1557/312/142 1422/1/1 1564/402/13
f 1555/182/146 1554/179/143 1563/399/5 1420/15/15
f 1497/185/17 1561/180/144 1424/9/9
f 1559/175/139 1558/441/145 1564/402/13 1423/18/18
f 1556/440/141 1555/182/146 1420/15/15 1421/403/2
f 1566/151/254 1567/186/255 1569/187/256 1568/188/257
f 1568/188/257 1569/187/256 1571/189/258 1570/190/259
f 1570/190/259 1571/189/258 1573/191/260 1572/192/261
f 1572/192/261 1573/191/260 1575/193/262 1574/194/263
f 1574/194/263 1575/193/262 1577/195/264 1576/196/265
f 1576/196/265 1577/195/264 1579/197/266 1578/198/267
f 1578/198/267 1579/197/266 1581/199/268 1580/200/269
f 1580/200/269 1581/199/268 1583/201/270 1582/202/271
f 1582/202/271 1583/201/270 1585/203/272 1584/204/273
f 1584/204/273 1585/203/272 1587/205/274 1586/206/275
f 1586/206/275 1587/205/274 1589/207/276 1588/208/277
f 1588/208/277 1589/207/276 1591/209/278 1590/210/279
f 1569/211/256 1567/212/255 1593/442/280 1591/214/278 1589/443/276 1587/444/274 1585/217/272 1583/445/270 1581/446/268 1579/220/266 1577/221/264 1575/447/262 1573/448/260 1571/224/258
f 1590/210/279 1591/209/278 1593/225/280 1592/226/281
f 1592/226/281 1593/225/280 1567/227/255 1566/228/254
f 1566/229/254 1568/230/257 1570/231/259 1572/232/261 1574/449/263 1576/234/265 1578/235/267 1580/450/269 1582/237/271 1584/238/273 1586/451/275 1588/240/277 1590/241/279 1592/242/281
f 1737/399/5 1736/452/6 1599/453/7 1600/8/8
f 1598/454/9 1739/401/10 1606/11/11 1607/455/12
f 1596/13/13 1595/1/1 1603/4/4 1604/14/14
f 1594/15/15 1737/399/5 1600/8/8 1601/456/16
f 1671/17/17 1598/454/9 1607/455/12
f 1597/18/18 1596/13/13 1604/14/14 1605/19/19
f 1738/2/233 1594/15/15 1601/456/16 1602/3/283
f 1736/452/6 1681/20/20 1599/453/7
f 1739/401/10 1597/18/18 1605/19/19 1606/11/11
f 1595/1/1 1738/2/233 1602/3/283 1603/4/4
f 1600/8/8 1599/453/7 1608/457/21 1609/22/22
f 1607/455/12 1606/11/11 1615/23/23 1616/458/24
f 1604/14/14 1603/4/4 1612/25/25 1613/26/285
f 1601/456/16 1600/8/8 1609/22/22 1610/27/27
f 1671/28/17 1607/455/12 1616/458/24
f 1605/19/19 1604/14/14 1613/26/285 1614/29/28
f 1602/3/283 1601/456/16 1610/27/27 1611/30/286
f 1599/453/7 1681/31/20 1608/457/21
f 1606/11/11 1605/19/19 1614/29/28 1615/23/23
f 1603/4/4 1602/3/283 1611/30/286 1612/25/25
f 1612/25/25 1611/30/286 1620/34/290 1621/35/33
f 1609/22/22 1608/457/21 1617/459/34 1618/37/35
f 1616/458/24 1615/23/23 1624/33/31 1625/460/36
f 1613/26/285 1612/25/25 1621/35/33 1622/39/37
f 1610/27/27 1609/22/22 1618/37/35 1619/40/38
f 1671/41/17 1616/458/24 1625/460/36
f 1614/29/28 1613/26/285 1622/39/37 1623/32/30
f 1611/30/286 1610/27/27 1619/40/38 1620/34/290
f 1608/457/21 1681/42/20 1617/459/34
f 1615/23/23 1614/29/28 1623/32/30 1624/33/31
f 1617/459/34 1681/45/20 1626/461/41
f 1624/33/31 1623/32/30 1632/47/42 1633/48/43
f 1621/35/33 1620/34/290 1629/249/287 1630/49/44
f 1618/37/35 1617/459/34 1626/461/41 1627/50/45
f 1625/460/36 1624/33/31 1633/48/43 1634/462/46
f 1622/39/37 1621/35/33 1630/49/44 1631/252/47
f 1619/40/38 1618/37/35 1627/50/45 1628/43/39
f 1671/53/17 1625/460/36 1634/462/46
f 1623/32/30 1622/39/37 1631/252/47 1632/47/42
f 1620/34/290 1619/40/38 1628/43/39 1629/249/287
f 1632/47/42 1631/252/47 1640/260/48 1641/55/49
f 1629/249/287 1628/43/39 1637/56/50 1638/254/235
f 1626/461/41 1681/58/20 1635/463/52
f 1633/48/43 1632/47/42 1641/55/49 1642/257/53
f 1630/49/44 1629/249/287 1638/254/235 1639/61/54
f 1627/50/45 1626/461/41 1635/463/52 1636/406/55
f 1634/462/46 1633/48/43 1642/257/53 1643/464/56
f 1631/252/47 1630/49/44 1639/61/54 1640/260/48
f 1628/43/39 1627/50/45 1636/406/55 1637/56/50
f 1671/64/17 1634/462/46 1643/464/56
f 1637/56/50 1636/406/55 1645/65/57 1646/66/58
f 1671/408/17 1643/464/56 1652/465/59
f 1641/55/49 1640/260/48 1649/263/60 1650/70/61
f 1638/254/235 1637/56/50 1646/66/58 1647/266/62
f 1635/463/52 1681/411/20 1644/466/63
f 1642/257/53 1641/55/49 1650/70/61 1651/74/64
f 1639/61/54 1638/254/235 1647/266/62 1648/269/65
f 1636/406/55 1635/463/52 1644/466/63 1645/65/57
f 1643/464/56 1642/257/53 1651/74/64 1652/465/59
f 1640/260/48 1639/61/54 1648/269/65 1649/263/60
f 1649/263/60 1648/269/65 1657/78/68 1658/467/69
f 1646/66/58 1645/65/57 1654/80/70 1655/272/71
f 1671/82/17 1652/465/59 1661/468/67
f 1650/70/61 1649/263/60 1658/467/69 1659/275/72
f 1647/266/62 1646/66/58 1655/272/71 1656/469/240
f 1644/466/63 1681/85/20 1653/470/74
f 1651/74/64 1650/70/61 1659/275/72 1660/76/66
f 1648/269/65 1647/266/62 1656/469/240 1657/78/68
f 1645/65/57 1644/466/63 1653/470/74 1654/80/70
f 1652/465/59 1651/74/64 1660/76/66 1661/468/67
f 1654/80/70 1653/470/74 1662/471/77 1663/90/78
f 1661/468/67 1660/76/66 1669/91/79 1670/472/80
f 1658/467/69 1657/78/68 1666/88/76 1667/473/81
f 1655/272/71 1654/80/70 1663/90/78 1664/279/82
f 1671/95/17 1661/468/67 1670/472/80
f 1659/275/72 1658/467/69 1667/473/81 1668/418/83
f 1656/469/240 1655/272/71 1664/279/82 1665/474/242
f 1653/470/74 1681/97/20 1662/471/77
f 1660/76/66 1659/275/72 1668/418/83 1669/91/79
f 1657/78/68 1656/469/240 1665/474/242 1666/88/76
f 1669/91/79 1668/418/83 1678/419/85 1679/101/86
f 1666/88/76 1665/474/242 1675/102/244 1676/103/88
f 1663/90/78 1662/471/77 1672/475/84 1673/104/89
f 1670/472/80 1669/91/79 1679/101/86 1680/476/90
f 1667/473/81 1666/88/76 1676/103/88 1677/106/91
f 1664/279/82 1663/90/78 1673/104/89 1674/284/92
f 1671/108/17 1670/472/80 1680/476/90
f 1668/418/83 1667/473/81 1677/106/91 1678/419/85
f 1665/474/242 1664/279/82 1674/284/92 1675/102/244
f 1662/471/77 1681/98/20 1672/475/84
f 1675/102/244 1674/284/92 1684/109/93 1685/292/246
f 1672/475/84 1681/111/20 1682/477/95
f 1679/101/86 1678/419/85 1688/421/96 1689/291/97
f 1676/103/88 1675/102/244 1685/292/246 1686/293/98
f 1673/104/89 1672/475/84 1682/477/95 1683/294/99
f 1680/476/90 1679/101/86 1689/291/97 1690/478/100
f 1677/106/91 1676/103/88 1686/293/98 1687/296/245
f 1674/284/92 1673/104/89 1683/294/99 1684/109/93
f 1671/119/17 1680/476/90 1690/478/100
f 1678/419/85 1677/106/91 1687/296/245 1688/421/96
f 1688/421/96 1687/296/245 1696/479/103 1697/424/104
f 1685/292/246 1684/109/93 1693/124/105 1694/480/288
f 1682/477/95 1681/426/20 1691/481/107
f 1689/291/97 1688/421/96 1697/424/104 1698/427/108
f 1686/293/98 1685/292/246 1694/480/288 1695/299/109
f 1683/294/99 1682/477/95 1691/481/107 1692/130/110
f 1690/478/100 1689/291/97 1698/427/108 1699/482/102
f 1687/296/245 1686/293/98 1695/299/109 1696/479/103
f 1684/109/93 1683/294/99 1692/130/110 1693/124/105
f 1671/428/17 1690/478/100 1699/482/102
f 1693/124/105 1692/130/110 1701/133/113 1702/134/114
f 1671/135/17 1699/482/102 1708/483/115
f 1697/424/104 1696/479/103 1705/132/112 1706/429/116
f 1694/480/288 1693/124/105 1702/134/114 1703/138/117
f 1691/481/107 1681/139/20 1700/484/118
f 1698/427/108 1697/424/104 1706/429/116 1707/430/119
f 1695/299/109 1694/480/288 1703/138/117 1704/131/111
f 1692/130/110 1691/481/107 1700/484/118 1701/133/113
f 1699/482/102 1698/427/108 1707/430/119 1708/483/115
f 1696/479/103 1695/299/109 1704/131/111 1705/132/112
f 1708/485/115 1707/431/119 1716/432/122 1717/486/123
f 1705/150/112 1704/151/111 1713/152/124 1714/487/125
f 1702/154/114 1701/142/113 1710/145/121 1711/155/126
f 1671/156/17 1708/485/115 1717/486/123
f 1706/434/116 1705/150/112 1714/487/125 1715/158/127
f 1703/159/117 1702/154/114 1711/155/126 1712/488/128
f 1700/489/118 1681/161/20 1709/490/120
f 1707/431/119 1706/434/116 1715/158/127 1716/432/122
f 1704/151/111 1703/159/117 1712/488/128 1713/152/124
f 1701/142/113 1700/489/118 1709/490/120 1710/145/121
f 1713/152/124 1712/488/128 1721/162/129 1722/163/130
f 1710/145/121 1709/490/120 1718/491/131 1719/165/132
f 1717/486/123 1716/432/122 1725/436/133 1726/492/134
f 1714/487/125 1713/152/124 1722/163/130 1723/168/135
f 1711/155/126 1710/145/121 1719/165/132 1720/169/136
f 1671/437/17 1717/486/123 1726/492/134
f 1715/158/127 1714/487/125 1723/168/135 1724/171/137
f 1712/488/128 1711/155/126 1720/169/136 1721/162/129
f 1709/490/120 1681/438/20 1718/491/131
f 1716/432/122 1715/158/127 1724/171/137 1725/436/133
f 1718/491/131 1681/173/20 1727/493/138
f 1725/436/133 1724/171/137 1733/175/139 1734/439/140
f 1722/163/130 1721/162/129 1730/177/253 1731/312/142
f 1719/165/132 1718/491/131 1727/493/138 1728/179/143
f 1726/492/134 1725/436/133 1734/439/140 1735/494/144
f 1723/168/135 1722/163/130 1731/312/142 1732/181/145
f 1720/169/136 1719/165/132 1728/179/143 1729/182/146
f 1671/183/17 1726/492/134 1735/494/144
f 1724/171/137 1723/168/135 1732/181/145 1733/175/139
f 1721/162/129 1720/169/136 1729/182/146 1730/177/253
f 1730/177/253 1729/182/146 1594/15/15 1738/2/233
f 1727/493/138 1681/184/20 1736/452/6
f 1734/439/140 1733/175/139 1597/18/18 1739/401/10
f 1731/312/142 1730/177/253 1738/2/233 1595/1/1
f 1728/179/143 1727/493/138 1736/452/6 1737/399/5
f 1735/494/144 1734/439/140 1739/401/10 1598/454/9
f 1732/181/145 1731/312/142 1595/1/1 1596/13/13
f 1729/182/146 1728/179/143 1737/399/5 1594/15/15
f 1671/185/17 1735/494/144 1598/454/9
f 1733/175/139 1732/181/145 1596/13/13 1597/18/18
f 1882/452/6 1827/20/20 1745/453/7
f 1885/401/10 1743/18/18 1751/19/19 1752/11/11
f 1741/1/1 1884/2/2 1748/3/3 1749/4/4
f 1883/399/5 1882/452/6 1745/453/7 1746/8/8
f 1744/454/9 1885/401/10 1752/11/11 1753/455/12
f 1742/13/13 1741/1/1 1749/4/4 1750/14/14
f 1740/15/15 1883/399/5 1746/8/8 1747/456/16
f 1817/17/17 1744/454/9 1753/455/12
f 1743/18/18 1742/13/13 1750/14/14 1751/19/19
f 1884/2/2 1740/15/15 1747/456/16 1748/3/3
f 1745/453/7 1827/31/20 1754/457/21
f 1752/11/11 1751/19/19 1760/29/28 1761/23/23
f 1749/4/4 1748/3/3 1757/30/29 1758/25/25
f 1746/8/8 1745/453/7 1754/457/21 1755/22/22
f 1753/455/12 1752/11/11 1761/23/23 1762/458/24
f 1750/14/14 1749/4/4 1758/25/25 1759/26/26
f 1747/456/16 1746/8/8 1755/22/22 1756/27/27
f 1817/28/17 1753/455/12 1762/458/24
f 1751/19/19 1750/14/14 1759/26/26 1760/29/28
f 1748/3/3 1747/456/16 1756/27/27 1757/30/29
f 1757/30/29 1756/27/27 1765/40/38 1766/34/32
f 1754/457/21 1827/42/20 1763/459/34
f 1761/23/23 1760/29/28 1769/32/30 1770/33/31
f 1758/25/25 1757/30/29 1766/34/32 1767/35/33
f 1755/22/22 1754/457/21 1763/459/34 1764/37/35
f 1762/458/24 1761/23/23 1770/33/31 1771/460/36
f 1759/26/26 1758/25/25 1767/35/33 1768/39/37
f 1756/27/27 1755/22/22 1764/37/35 1765/40/38
f 1817/41/17 1762/458/24 1771/460/36
f 1760/29/28 1759/26/26 1768/39/37 1769/32/30
f 1817/53/17 1771/460/36 1780/462/46
f 1769/32/30 1768/39/37 1777/252/47 1778/47/42
f 1766/34/32 1765/40/38 1774/43/39 1775/249/40
f 1763/459/34 1827/45/20 1772/461/41
f 1770/33/31 1769/32/30 1778/47/42 1779/48/43
f 1767/35/33 1766/34/32 1775/249/40 1776/49/44
f 1764/37/35 1763/459/34 1772/461/41 1773/50/45
f 1771/460/36 1770/33/31 1779/48/43 1780/462/46
f 1768/39/37 1767/35/33 1776/49/44 1777/252/47
f 1765/40/38 1764/37/35 1773/50/45 1774/43/39
f 1777/252/47 1776/49/44 1785/61/54 1786/260/48
f 1774/43/39 1773/50/45 1782/406/55 1783/56/50
f 1817/64/17 1780/462/46 1789/464/56
f 1778/47/42 1777/252/47 1786/260/48 1787/55/49
f 1775/249/40 1774/43/39 1783/56/50 1784/254/51
f 1772/461/41 1827/58/20 1781/463/52
f 1779/48/43 1778/47/42 1787/55/49 1788/257/53
f 1776/49/44 1775/249/40 1784/254/51 1785/61/54
f 1773/50/45 1772/461/41 1781/463/52 1782/406/55
f 1780/462/46 1779/48/43 1788/257/53 1789/464/56
f 1782/406/55 1781/463/52 1790/466/63 1791/65/57
f 1789/464/56 1788/257/53 1797/74/64 1798/465/59
f 1786/260/48 1785/61/54 1794/269/65 1795/263/60
f 1783/56/50 1782/406/55 1791/65/57 1792/66/58
f 1817/408/17 1789/464/56 1798/465/59
f 1787/55/49 1786/260/48 1795/263/60 1796/70/61
f 1784/254/51 1783/56/50 1792/66/58 1793/266/62
f 1781/463/52 1827/411/20 1790/466/63
f 1788/257/53 1787/55/49 1796/70/61 1797/74/64
f 1785/61/54 1784/254/51 1793/266/62 1794/269/65
f 1794/269/65 1793/266/62 1802/469/73 1803/78/68
f 1791/65/57 1790/466/63 1799/470/74 1800/80/70
f 1798/465/59 1797/74/64 1806/76/66 1807/468/67
f 1795/263/60 1794/269/65 1803/78/68 1804/467/69
f 1792/66/58 1791/65/57 1800/80/70 1801/272/71
f 1817/82/17 1798/465/59 1807/468/67
f 1796/70/61 1795/263/60 1804/467/69 1805/275/72
f 1793/266/62 1792/66/58 1801/272/71 1802/469/73
f 1790/466/63 1827/85/20 1799/470/74
f 1797/74/64 1796/70/61 1805/275/72 1806/76/66
f 1799/470/74 1827/97/20 1808/471/77
f 1806/76/66 1805/275/72 1814/418/83 1815/91/79
f 1803/78/68 1802/469/73 1811/474/75 1812/88/76
f 1800/80/70 1799/470/74 1808/471/77 1809/90/78
f 1807/468/67 1806/76/66 1815/91/79 1816/472/80
f 1804/467/69 1803/78/68 1812/88/76 1813/473/81
f 1801/272/71 1800/80/70 1809/90/78 1810/279/82
f 1817/95/17 1807/468/67 1816/472/80
f 1805/275/72 1804/467/69 1813/473/81 1814/418/83
f 1802/469/73 1801/272/71 1810/279/82 1811/474/75
f 1814/418/83 1813/473/81 1823/106/91 1824/419/85
f 1811/474/75 1810/279/82 1820/284/92 1821/102/87
f 1808/471/77 1827/98/20 1818/475/84
f 1815/91/79 1814/418/83 1824/419/85 1825/101/86
f 1812/88/76 1811/474/75 1821/102/87 1822/103/88
f 1809/90/78 1808/471/77 1818/475/84 1819/104/89
f 1816/472/80 1815/91/79 1825/101/86 1826/476/90
f 1813/473/81 1812/88/76 1822/103/88 1823/106/91
f 1810/279/82 1809/90/78 1819/104/89 1820/284/92
f 1817/108/17 1816/472/80 1826/476/90
f 1820/284/92 1819/104/89 1829/294/99 1830/109/93
f 1817/119/17 1826/476/90 1836/478/100
f 1824/419/85 1823/106/91 1833/296/101 1834/421/96
f 1821/102/87 1820/284/92 1830/109/93 1831/292/94
f 1818/475/84 1827/111/20 1828/477/95
f 1825/101/86 1824/419/85 1834/421/96 1835/291/97
f 1822/103/88 1821/102/87 1831/292/94 1832/293/98
f 1819/104/89 1818/475/84 1828/477/95 1829/294/99
f 1826/476/90 1825/101/86 1835/291/97 1836/478/100
f 1823/106/91 1822/103/88 1832/293/98 1833/296/101
f 1833/296/101 1832/293/98 1841/299/109 1842/479/103
f 1830/109/93 1829/294/99 1838/130/110 1839/124/105
f 1817/428/17 1836/478/100 1845/482/102
f 1834/421/96 1833/296/101 1842/479/103 1843/424/104
f 1831/292/94 1830/109/93 1839/124/105 1840/480/106
f 1828/477/95 1827/426/20 1837/481/107
f 1835/291/97 1834/421/96 1843/424/104 1844/427/108
f 1832/293/98 1831/292/94 1840/480/106 1841/299/109
f 1829/294/99 1828/477/95 1837/481/107 1838/130/110
f 1836/478/100 1835/291/97 1844/427/108 1845/482/102
f 1838/130/110 1837/481/107 1846/484/118 1847/133/113
f 1845/482/102 1844/427/108 1853/430/119 1854/483/115
f 1842/479/103 1841/299/109 1850/131/111 1851/132/112
f 1839/124/105 1838/130/110 1847/133/113 1848/134/114
f 1817/135/17 1845/482/102 1854/483/115
f 1843/424/104 1842/479/103 1851/132/112 1852/429/116
f 1840/480/106 1839/124/105 1848/134/114 1849/138/117
f 1837/481/107 1827/139/20 1846/484/118
f 1844/427/108 1843/424/104 1852/429/116 1853/430/119
f 1841/299/109 1840/480/106 1849/138/117 1850/131/111
f 1853/431/119 1852/434/116 1861/158/127 1862/432/122
f 1850/151/111 1849/159/117 1858/488/128 1859/152/124
f 1847/142/113 1846/489/118 1855/490/120 1856/145/121
f 1854/485/115 1853/431/119 1862/432/122 1863/486/123
f 1851/150/112 1850/151/111 1859/152/124 1860/487/125
f 1848/154/114 1847/142/113 1856/145/121 1857/155/126
f 1817/156/17 1854/485/115 1863/486/123
f 1852/434/116 1851/150/112 1860/487/125 1861/158/127
f 1849/159/117 1848/154/114 1857/155/126 1858/488/128
f 1846/489/118 1827/161/20 1855/490/120
f 1858/488/128 1857/155/126 1866/169/136 1867/162/129
f 1855/490/120 1827/438/20 1864/491/131
f 1862/432/122 1861/158/127 1870/171/137 1871/436/133
f 1859/152/124 1858/488/128 1867/162/129 1868/163/130
f 1856/145/121 1855/490/120 1864/491/131 1865/165/132
f 1863/486/123 1862/432/122 1871/436/133 1872/492/134
f 1860/487/125 1859/152/124 1868/163/130 1869/168/135
f 1857/155/126 1856/145/121 1865/165/132 1866/169/136
f 1817/437/17 1863/486/123 1872/492/134
f 1861/158/127 1860/487/125 1869/168/135 1870/171/137
f 1870/171/137 1869/168/135 1878/181/145 1879/175/139
f 1867/162/129 1866/169/136 1875/182/146 1876/177/141
f 1864/491/131 1827/173/20 1873/493/138
f 1871/436/133 1870/171/137 1879/175/139 1880/439/140
f 1868/163/130 1867/162/129 1876/177/141 1877/312/142
f 1865/165/132 1864/491/131 1873/493/138 1874/179/143
f 1872/492/134 1871/436/133 1880/439/140 1881/494/144
f 1869/168/135 1868/163/130 1877/312/142 1878/181/145
f 1866/169/136 1865/165/132 1874/179/143 1875/182/146
f 1817/183/17 1872/492/134 1881/494/144
f 1875/182/146 1874/179/143 1883/399/5 1740/15/15
f 1817/185/17 1881/494/144 1744/454/9
f 1879/175/139 1878/181/145 1742/13/13 1743/18/18
f 1876/177/141 1875/182/146 1740/15/15 1884/2/2
f 1873/493/138 1827/184/20 1882/452/6
f 1880/439/140 1879/175/139 1743/18/18 1885/401/10
f 1877/312/142 1876/177/141 1884/2/2 1741/1/1
f 1874/179/143 1873/493/138 1882/452/6 1883/399/5
f 1881/494/144 1880/439/140 1885/401/10 1744/454/9
f 1878/181/145 1877/312/142 1741/1/1 1742/13/13
f 2109/17/17 2036/9/9 2045/12/12
f 2035/18/18 2034/13/232 2042/14/14 2043/19/19
f 2176/2/233 2032/15/15 2039/16/16 2040/3/3
f 2174/6/6 2119/20/20 2037/7/7
f 2177/10/10 2035/18/18 2043/19/19 2044/11/11
f 2033/1/1 2176/2/233 2040/3/3 2041/4/4
f 2175/5/5 2174/6/6 2037/7/7 2038/8/8
f 2036/9/9 2177/10/10 2044/11/11 2045/12/12
f 2034/13/232 2033/1/1 2041/4/4 2042/14/14
f 2032/15/15 2175/5/5 2038/8/8 2039/16/16
f 2043/19/19 2042/14/14 2051/26/26 2052/29/28
f 2040/3/3 2039/16/16 2048/27/27 2049/30/29
f 2037/7/7 2119/31/20 2046/21/21
f 2044/11/11 2043/19/19 2052/29/28 2053/23/23
f 2041/4/4 2040/3/3 2049/30/29 2050/25/25
f 2038/8/8 2037/7/7 2046/21/21 2047/22/22
f 2045/12/12 2044/11/11 2053/23/23 2054/24/24
f 2042/14/14 2041/4/4 2050/25/25 2051/26/26
f 2039/16/16 2038/8/8 2047/22/22 2048/27/27
f 2109/28/17 2045/12/12 2054/24/24
f 2048/27/27 2047/22/22 2056/37/35 2057/40/38
f 2109/41/17 2054/24/24 2063/38/36
f 2052/29/28 2051/26/26 2060/39/234 2061/32/30
f 2049/30/29 2048/27/27 2057/40/38 2058/34/32
f 2046/21/21 2119/42/20 2055/36/34
f 2053/23/23 2052/29/28 2061/32/30 2062/33/31
f 2050/25/25 2049/30/29 2058/34/32 2059/35/33
f 2047/22/22 2046/21/21 2055/36/34 2056/37/35
f 2054/24/24 2053/23/23 2062/33/31 2063/38/36
f 2051/26/26 2050/25/25 2059/35/33 2060/39/234
f 2063/38/36 2062/33/31 2071/48/43 2072/51/46
f 2060/39/234 2059/35/33 2068/49/44 2069/52/47
f 2057/40/38 2056/37/35 2065/50/45 2066/43/39
f 2109/53/17 2063/38/36 2072/51/46
f 2061/32/30 2060/39/234 2069/52/47 2070/47/42
f 2058/34/32 2057/40/38 2066/43/39 2067/44/40
f 2055/36/34 2119/45/20 2064/46/41
f 2062/33/31 2061/32/30 2070/47/42 2071/48/43
f 2059/35/33 2058/34/32 2067/44/40 2068/49/44
f 2056/37/35 2055/36/34 2064/46/41 2065/50/45
f 2068/49/44 2067/44/40 2076/57/51 2077/61/54
f 2065/50/45 2064/46/41 2073/59/52 2074/62/55
f 2072/51/46 2071/48/43 2080/60/53 2081/63/56
f 2069/52/47 2068/49/44 2077/61/54 2078/54/236
f 2066/43/39 2065/50/45 2074/62/55 2075/56/50
f 2109/64/17 2072/51/46 2081/63/56
f 2070/47/42 2069/52/47 2078/54/236 2079/55/49
f 2067/44/40 2066/43/39 2075/56/50 2076/57/51
f 2064/46/41 2119/58/20 2073/59/52
f 2071/48/43 2070/47/42 2079/55/49 2080/60/53
f 2073/59/52 2119/72/20 2082/73/63
f 2080/60/53 2079/55/49 2088/70/61 2089/74/64
f 2077/61/54 2076/57/51 2085/71/237 2086/75/65
f 2074/62/55 2073/59/52 2082/73/63 2083/65/57
f 2081/63/56 2080/60/53 2089/74/64 2090/68/59
f 2078/54/236 2077/61/54 2086/75/65 2087/69/238
f 2075/56/50 2074/62/55 2083/65/57 2084/66/58
f 2109/67/17 2081/63/56 2090/68/59
f 2079/55/49 2078/54/236 2087/69/238 2088/70/61
f 2076/57/51 2075/56/50 2084/66/58 2085/71/237
f 2085/71/237 2084/66/58 2093/81/71 2094/84/240
f 2082/73/63 2119/85/20 2091/86/74
f 2089/74/64 2088/70/61 2097/83/72 2098/76/66
f 2086/75/65 2085/71/237 2094/84/240 2095/78/68
f 2083/65/57 2082/73/63 2091/86/74 2092/80/70
f 2090/68/59 2089/74/64 2098/76/66 2099/77/67
f 2087/69/238 2086/75/65 2095/78/68 2096/79/239
f 2084/66/58 2083/65/57 2092/80/70 2093/81/71
f 2109/82/17 2090/68/59 2099/77/67
f 2088/70/61 2087/69/238 2096/79/239 2097/83/72
f 2109/95/17 2099/77/67 2108/92/80
f 2097/83/72 2096/79/239 2105/93/241 2106/96/83
f 2094/84/240 2093/81/71 2102/94/82 2103/87/242
f 2091/86/74 2119/97/20 2100/89/77
f 2098/76/66 2097/83/72 2106/96/83 2107/91/79
f 2095/78/68 2094/84/240 2103/87/242 2104/88/76
f 2092/80/70 2091/86/74 2100/89/77 2101/90/78
f 2099/77/67 2098/76/66 2107/91/79 2108/92/80
f 2096/79/239 2095/78/68 2104/88/76 2105/93/241
f 2093/81/71 2092/80/70 2101/90/78 2102/94/82
f 2105/93/241 2104/88/76 2114/103/88 2115/106/243
f 2102/94/82 2101/90/78 2111/104/89 2112/107/92
f 2109/108/17 2108/92/80 2118/105/90
f 2106/96/83 2105/93/241 2115/106/243 2116/100/85
f 2103/87/242 2102/94/82 2112/107/92 2113/102/244
f 2100/89/77 2119/98/20 2110/99/84
f 2107/91/79 2106/96/83 2116/100/85 2117/101/86
f 2104/88/76 2103/87/242 2113/102/244 2114/103/88
f 2101/90/78 2100/89/77 2110/99/84 2111/104/89
f 2108/92/80 2107/91/79 2117/101/86 2118/105/90
f 2111/104/89 2110/99/84 2120/112/95 2121/116/99
f 2118/105/90 2117/101/86 2127/114/97 2128/117/100
f 2115/106/243 2114/103/88 2124/115/98 2125/118/245
f 2112/107/92 2111/104/89 2121/116/99 2122/109/93
f 2109/119/17 2118/105/90 2128/117/100
f 2116/100/85 2115/106/243 2125/118/245 2126/113/96
f 2113/102/244 2112/107/92 2122/109/93 2123/110/246
f 2110/99/84 2119/111/20 2120/112/95
f 2117/101/86 2116/100/85 2126/113/96 2127/114/97
f 2114/103/88 2113/102/244 2123/110/246 2124/115/98
f 2124/115/98 2123/110/246 2132/125/106 2133/129/109
f 2121/116/99 2120/112/95 2129/127/107 2130/130/110
f 2128/117/100 2127/114/97 2136/128/108 2137/121/102
f 2125/118/245 2124/115/98 2133/129/109 2134/122/247
f 2122/109/93 2121/116/99 2130/130/110 2131/124/105
f 2109/120/17 2128/117/100 2137/121/102
f 2126/113/96 2125/118/245 2134/122/247 2135/123/104
f 2123/110/246 2122/109/93 2131/124/105 2132/125/106
f 2120/112/95 2119/126/20 2129/127/107
f 2127/114/97 2126/113/96 2135/123/104 2136/128/108
f 2129/127/107 2119/139/20 2138/140/118
f 2136/128/108 2135/123/104 2144/137/116 2145/141/119
f 2133/129/109 2132/125/106 2141/138/117 2142/131/111
f 2130/130/110 2129/127/107 2138/140/118 2139/133/113
f 2137/121/102 2136/128/108 2145/141/119 2146/136/115
f 2134/122/247 2133/129/109 2142/131/111 2143/132/248
f 2131/124/105 2130/130/110 2139/133/113 2140/134/114
f 2109/135/17 2137/121/102 2146/136/115
f 2135/123/104 2134/122/247 2143/132/248 2144/137/116
f 2132/125/106 2131/124/105 2140/134/114 2141/138/117
f 2144/157/116 2143/150/248 2152/153/125 2153/158/127
f 2141/159/117 2140/154/114 2149/155/126 2150/160/249
f 2138/143/118 2119/161/20 2147/144/120
f 2145/147/119 2144/157/116 2153/158/127 2154/148/122
f 2142/151/111 2141/159/117 2150/160/249 2151/152/124
f 2139/142/113 2138/143/118 2147/144/120 2148/145/121
f 2146/146/115 2145/147/119 2154/148/122 2155/149/123
f 2143/150/248 2142/151/111 2151/152/124 2152/153/125
f 2140/154/114 2139/142/113 2148/145/121 2149/155/126
f 2109/156/17 2146/146/115 2155/149/123
f 2149/155/126 2148/145/121 2157/165/132 2158/169/136
f 2109/170/17 2155/149/123 2164/167/134
f 2153/158/127 2152/153/125 2161/168/250 2162/171/137
f 2150/160/249 2149/155/126 2158/169/136 2159/162/251
f 2147/144/120 2119/172/20 2156/164/131
f 2154/148/122 2153/158/127 2162/171/137 2163/166/133
f 2151/152/124 2150/160/249 2159/162/251 2160/163/130
f 2148/145/121 2147/144/120 2156/164/131 2157/165/132
f 2155/149/123 2154/148/122 2163/166/133 2164/167/134
f 2152/153/125 2151/152/124 2160/163/130 2161/168/250
f 2161/168/250 2160/163/130 2169/178/142 2170/181/252
f 2158/169/136 2157/165/132 2166/179/143 2167/182/146
f 2109/183/17 2164/167/134 2173/180/144
f 2162/171/137 2161/168/250 2170/181/252 2171/175/139
f 2159/162/251 2158/169/136 2167/182/146 2168/177/253
f 2156/164/131 2119/173/20 2165/174/138
f 2163/166/133 2162/171/137 2171/175/139 2172/176/140
f 2160/163/130 2159/162/251 2168/177/253 2169/178/142
f 2157/165/132 2156/164/131 2165/174/138 2166/179/143
f 2164/167/134 2163/166/133 2172/176/140 2173/180/144
f 2166/179/143 2165/174/138 2174/6/6 2175/5/5
f 2173/180/144 2172/176/140 2177/10/10 2036/9/9
f 2170/181/252 2169/178/142 2033/1/1 2034/13/232
f 2167/182/146 2166/179/143 2175/5/5 2032/15/15
f 2109/185/17 2173/180/144 2036/9/9
f 2171/175/139 2170/181/252 2034/13/232 2035/18/18
f 2168/177/253 2167/182/146 2032/15/15 2176/2/233
f 2165/174/138 2119/184/20 2174/6/6
f 2172/176/140 2171/175/139 2035/18/18 2177/10/10
f 2169/178/142 2168/177/253 2176/2/233 2033/1/1
f 2178/151/291 2179/186/292 2181/187/293 2180/188/294
f 2180/188/294 2181/187/293 2183/189/295 2182/190/296
f 2182/190/296 2183/189/295 2185/191/297 2184/192/298
f 2184/192/298 2185/191/297 2187/193/299 2186/194/300
f 2186/194/300 2187/193/299 2189/195/301 2188/196/302
f 2188/196/302 2189/195/301 2191/197/303 2190/198/304
f 2190/198/304 2191/197/303 2193/199/305 2192/200/306
f 2192/200/306 2193/199/305 2195/201/307 2194/202/308
f 2194/202/308 2195/201/307 2197/203/309 2196/204/310
f 2196/204/310 2197/203/309 2199/205/311 2198/206/312
f 2198/206/312 2199/205/311 2201/207/313 2200/208/314
f 2200/208/314 2201/207/313 2203/209/315 2202/210/316
f 2181/377/293 2179/378/292 2205/379/317 2203/380/315 2201/381/313 2199/382/311 2197/383/309 2195/384/307 2193/385/305 2191/386/303 2189/387/301 2187/222/299 2185/223/297 2183/388/295
f 2202/210/316 2203/209/315 2205/225/317 2204/226/318
f 2204/226/318 2205/225/317 2179/227/292 2178/228/291
f 2178/389/291 2180/390/294 2182/391/296 2184/232/298 2186/233/300 2188/392/302 2190/393/304 2192/394/306 2194/395/308 2196/396/310 2198/239/312 2200/240/314 2202/397/316 2204/398/318
f 2208/1/1 2207/403/233 2214/3/283 2215/4/4
f 2349/399/5 2348/6/6 2211/7/7 2212/400/8
f 2210/9/9 2351/401/10 2218/11/11 2219/12/12
f 2350/402/232 2208/1/1 2215/4/4 2216/14/282
f 2206/15/15 2349/399/5 2212/400/8 2213/16/16
f 2283/17/17 2210/9/9 2219/12/12
f 2209/18/18 2350/402/232 2216/14/282 2217/19/19
f 2207/403/233 2206/15/15 2213/16/16 2214/3/283
f 2348/6/6 2293/20/20 2211/7/7
f 2351/401/10 2209/18/18 2217/19/19 2218/11/11
f 2215/4/4 2214/3/283 2223/30/286 2224/25/25
f 2212/400/8 2211/7/7 2220/21/284 2221/404/22
f 2219/12/12 2218/11/11 2227/23/23 2228/24/24
f 2216/14/282 2215/4/4 2224/25/25 2225/26/285
f 2213/16/16 2212/400/8 2221/404/22 2222/245/27
f 2283/28/17 2219/12/12 2228/24/24
f 2217/19/19 2216/14/282 2225/26/285 2226/29/28
f 2214/3/283 2213/16/16 2222/245/27 2223/30/286
f 2211/7/7 2293/31/20 2220/21/284
f 2218/11/11 2217/19/19 2226/29/28 2227/23/23
f 2220/21/284 2293/42/20 2229/36/34
f 2227/23/23 2226/29/28 2235/32/30 2236/33/31
f 2224/25/25 2223/30/286 2232/34/32 2233/35/33
f 2221/404/22 2220/21/284 2229/36/34 2230/37/35
f 2228/24/24 2227/23/23 2236/33/31 2237/38/36
f 2225/26/285 2224/25/25 2233/35/33 2234/39/37
f 2222/245/27 2221/404/22 2230/37/35 2231/247/38
f 2283/41/17 2228/24/24 2237/38/36
f 2226/29/28 2225/26/285 2234/39/37 2235/32/30
f 2223/30/286 2222/245/27 2231/247/38 2232/34/32
f 2232/34/32 2231/247/38 2240/253/39 2241/249/287
f 2229/36/34 2293/45/20 2238/46/41
f 2236/33/31 2235/32/30 2244/47/42 2245/48/43
f 2233/35/33 2232/34/32 2241/249/287 2242/328/44
f 2230/37/35 2229/36/34 2238/46/41 2239/50/45
f 2237/38/36 2236/33/31 2245/48/43 2246/51/46
f 2234/39/37 2233/35/33 2242/328/44 2243/252/47
f 2231/247/38 2230/37/35 2239/50/45 2240/253/39
f 2283/53/17 2237/38/36 2246/51/46
f 2235/32/30 2234/39/37 2243/252/47 2244/47/42
f 2283/64/17 2246/51/46 2255/63/56
f 2244/47/42 2243/252/47 2252/260/48 2253/55/49
f 2241/249/287 2240/253/39 2249/405/50 2250/254/235
f 2238/46/41 2293/58/20 2247/59/52
f 2245/48/43 2244/47/42 2253/55/49 2254/257/53
f 2242/328/44 2241/249/287 2250/254/235 2251/330/54
f 2239/50/45 2238/46/41 2247/59/52 2248/406/55
f 2246/51/46 2245/48/43 2254/257/53 2255/63/56
f 2243/252/47 2242/328/44 2251/330/54 2252/260/48
f 2240/253/39 2239/50/45 2248/406/55 2249/405/50
f 2252/260/48 2251/330/54 2260/75/65 2261/409/60
f 2249/405/50 2248/406/55 2257/407/57 2258/66/58
f 2283/408/17 2255/63/56 2264/68/59
f 2253/55/49 2252/260/48 2261/409/60 2262/70/61
f 2250/254/235 2249/405/50 2258/66/58 2259/410/237
f 2247/59/52 2293/411/20 2256/73/63
f 2254/257/53 2253/55/49 2262/70/61 2263/268/64
f 2251/330/54 2250/254/235 2259/410/237 2260/75/65
f 2248/406/55 2247/59/52 2256/73/63 2257/407/57
f 2255/63/56 2254/257/53 2263/268/64 2264/68/59
f 2257/407/57 2256/73/63 2265/413/74 2266/80/70
f 2264/68/59 2263/268/64 2272/414/66 2273/412/67
f 2261/409/60 2260/75/65 2269/333/68 2270/79/69
f 2258/66/58 2257/407/57 2266/80/70 2267/272/71
f 2283/82/17 2264/68/59 2273/412/67
f 2262/70/61 2261/409/60 2270/79/69 2271/275/72
f 2259/410/237 2258/66/58 2267/272/71 2268/84/73
f 2256/73/63 2293/85/20 2265/413/74
f 2263/268/64 2262/70/61 2271/275/72 2272/414/66
f 2260/75/65 2259/410/237 2268/84/73 2269/333/68
f 2269/333/68 2268/84/73 2277/87/75 2278/88/76
f 2266/80/70 2265/413/74 2274/415/77 2275/90/78
f 2273/412/67 2272/414/66 2281/416/79 2282/417/80
f 2270/79/69 2269/333/68 2278/88/76 2279/93/81
f 2267/272/71 2266/80/70 2275/90/78 2276/279/82
f 2283/95/17 2273/412/67 2282/417/80
f 2271/275/72 2270/79/69 2279/93/81 2280/418/83
f 2268/84/73 2267/272/71 2276/279/82 2277/87/75
f 2265/413/74 2293/97/20 2274/415/77
f 2272/414/66 2271/275/72 2280/418/83 2281/416/79
f 2274/415/77 2293/98/20 2284/99/84
f 2281/416/79 2280/418/83 2290/419/85 2291/420/86
f 2278/88/76 2277/87/75 2287/102/244 2288/103/88
f 2275/90/78 2274/415/77 2284/99/84 2285/104/89
f 2282/417/80 2281/416/79 2291/420/86 2292/105/90
f 2279/93/81 2278/88/76 2288/103/88 2289/106/243
f 2276/279/82 2275/90/78 2285/104/89 2286/284/92
f 2283/108/17 2282/417/80 2292/105/90
f 2280/418/83 2279/93/81 2289/106/243 2290/419/85
f 2277/87/75 2276/279/82 2286/284/92 2287/102/244
f 2290/419/85 2289/106/243 2299/118/101 2300/421/96
f 2287/102/244 2286/284/92 2296/109/93 2297/110/246
f 2284/99/84 2293/111/20 2294/112/95
f 2291/420/86 2290/419/85 2300/421/96 2301/422/97
f 2288/103/88 2287/102/244 2297/110/246 2298/115/98
f 2285/104/89 2284/99/84 2294/112/95 2295/116/99
f 2292/105/90 2291/420/86 2301/422/97 2302/117/180
f 2289/106/243 2288/103/88 2298/115/98 2299/118/101
f 2286/284/92 2285/104/89 2295/116/99 2296/109/93
f 2283/119/17 2292/105/90 2302/117/180
f 2296/109/93 2295/116/99 2304/130/110 2305/124/105
f 2283/428/17 2302/117/180 2311/121/102
f 2300/421/96 2299/118/101 2308/423/247 2309/424/104
f 2297/110/246 2296/109/93 2305/124/105 2306/425/288
f 2294/112/95 2293/426/20 2303/127/107
f 2301/422/97 2300/421/96 2309/424/104 2310/427/108
f 2298/115/98 2297/110/246 2306/425/288 2307/299/109
f 2295/116/99 2294/112/95 2303/127/107 2304/130/110
f 2302/117/180 2301/422/97 2310/427/108 2311/121/102
f 2299/118/101 2298/115/98 2307/299/109 2308/423/247
f 2308/423/247 2307/299/109 2316/131/111 2317/132/248
f 2305/124/105 2304/130/110 2313/133/113 2314/134/114
f 2283/135/17 2311/121/102 2320/136/115
f 2309/424/104 2308/423/247 2317/132/248 2318/429/116
f 2306/425/288 2305/124/105 2314/134/114 2315/138/117
f 2303/127/107 2293/139/20 2312/140/118
f 2310/427/108 2309/424/104 2318/429/116 2319/430/119
f 2307/299/109 2306/425/288 2315/138/117 2316/131/111
f 2304/130/110 2303/127/107 2312/140/118 2313/133/113
f 2311/121/102 2310/427/108 2319/430/119 2320/136/115
f 2313/142/113 2312/143/118 2321/435/120 2322/145/121
f 2320/146/115 2319/431/119 2328/432/122 2329/433/123
f 2317/150/248 2316/151/111 2325/152/124 2326/153/289
f 2314/154/114 2313/142/113 2322/145/121 2323/306/126
f 2283/156/17 2320/146/115 2329/433/123
f 2318/434/116 2317/150/248 2326/153/289 2327/307/127
f 2315/159/117 2314/154/114 2323/306/126 2324/160/128
f 2312/143/118 2293/161/20 2321/435/120
f 2319/431/119 2318/434/116 2327/307/127 2328/432/122
f 2316/151/111 2315/159/117 2324/160/128 2325/152/124
f 2328/432/122 2327/307/127 2336/171/137 2337/436/133
f 2325/152/124 2324/160/128 2333/162/251 2334/163/130
f 2322/145/121 2321/435/120 2330/164/131 2331/165/132
f 2329/433/123 2328/432/122 2337/436/133 2338/167/134
f 2326/153/289 2325/152/124 2334/163/130 2335/168/250
f 2323/306/126 2322/145/121 2331/165/132 2332/169/136
f 2283/437/17 2329/433/123 2338/167/134
f 2327/307/127 2326/153/289 2335/168/250 2336/171/137
f 2324/160/128 2323/306/126 2332/169/136 2333/162/251
f 2321/435/120 2293/438/20 2330/164/131
f 2333/162/251 2332/169/136 2341/182/146 2342/440/253
f 2330/164/131 2293/173/20 2339/174/138
f 2337/436/133 2336/171/137 2345/175/139 2346/439/140
f 2334/163/130 2333/162/251 2342/440/253 2343/312/142
f 2331/165/132 2330/164/131 2339/174/138 2340/179/143
f 2338/167/134 2337/436/133 2346/439/140 2347/180/144
f 2335/168/250 2334/163/130 2343/312/142 2344/441/252
f 2332/169/136 2331/165/132 2340/179/143 2341/182/146
f 2283/183/17 2338/167/134 2347/180/144
f 2336/171/137 2335/168/250 2344/441/252 2345/175/139
f 2345/175/139 2344/441/252 2350/402/232 2209/18/18
f 2342/440/253 2341/182/146 2206/15/15 2207/403/233
f 2339/174/138 2293/184/20 2348/6/6
f 2346/439/140 2345/175/139 2209/18/18 2351/401/10
f 2343/312/142 2342/440/253 2207/403/233 2208/1/1
f 2340/179/143 2339/174/138 2348/6/6 2349/399/5
f 2347/180/144 2346/439/140 2351/401/10 2210/9/9
f 2344/441/252 2343/312/142 2208/1/1 2350/402/232
f 2341/182/146 2340/179/143 2349/399/5 2206/15/15
f 2283/185/17 2347/180/144 2210/9/9
f 2429/17/17 2356/9/9 2365/12/12
f 2355/18/18 2496/402/13 2362/14/14 2363/19/19
f 2353/403/2 2352/15/15 2359/16/16 2360/3/3
f 2494/6/6 2439/20/20 2357/7/7
f 2497/401/10 2355/18/18 2363/19/19 2364/11/11
f 2354/1/1 2353/403/2 2360/3/3 2361/4/4
f 2495/399/5 2494/6/6 2357/7/7 2358/400/8
f 2356/9/9 2497/401/10 2364/11/11 2365/12/12
f 2496/402/13 2354/1/1 2361/4/4 2362/14/14
f 2352/15/15 2495/399/5 2358/400/8 2359/16/16
f 2363/19/19 2362/14/14 2371/26/26 2372/29/28
f 2360/3/3 2359/16/16 2368/245/27 2369/30/29
f 2357/7/7 2439/31/20 2366/21/21
f 2364/11/11 2363/19/19 2372/29/28 2373/23/23
f 2361/4/4 2360/3/3 2369/30/29 2370/25/25
f 2358/400/8 2357/7/7 2366/21/21 2367/404/22
f 2365/12/12 2364/11/11 2373/23/23 2374/24/24
f 2362/14/14 2361/4/4 2370/25/25 2371/26/26
f 2359/16/16 2358/400/8 2367/404/22 2368/245/27
f 2429/28/17 2365/12/12 2374/24/24
f 2368/245/27 2367/404/22 2376/37/35 2377/247/38
f 2429/41/17 2374/24/24 2383/38/36
f 2372/29/28 2371/26/26 2380/39/37 2381/32/30
f 2369/30/29 2368/245/27 2377/247/38 2378/34/32
f 2366/21/21 2439/42/20 2375/36/34
f 2373/23/23 2372/29/28 2381/32/30 2382/33/31
f 2370/25/25 2369/30/29 2378/34/32 2379/35/33
f 2367/404/22 2366/21/21 2375/36/34 2376/37/35
f 2374/24/24 2373/23/23 2382/33/31 2383/38/36
f 2371/26/26 2370/25/25 2379/35/33 2380/39/37
f 2383/38/36 2382/33/31 2391/48/43 2392/51/46
f 2380/39/37 2379/35/33 2388/328/44 2389/252/47
f 2377/247/38 2376/37/35 2385/50/45 2386/253/39
f 2429/53/17 2383/38/36 2392/51/46
f 2381/32/30 2380/39/37 2389/252/47 2390/47/42
f 2378/34/32 2377/247/38 2386/253/39 2387/249/40
f 2375/36/34 2439/45/20 2384/46/41
f 2382/33/31 2381/32/30 2390/47/42 2391/48/43
f 2379/35/33 2378/34/32 2387/249/40 2388/328/44
f 2376/37/35 2375/36/34 2384/46/41 2385/50/45
f 2388/328/44 2387/249/40 2396/254/51 2397/330/54
f 2385/50/45 2384/46/41 2393/59/52 2394/406/55
f 2392/51/46 2391/48/43 2400/257/53 2401/63/56
f 2389/252/47 2388/328/44 2397/330/54 2398/260/48
f 2386/253/39 2385/50/45 2394/406/55 2395/405/50
f 2429/64/17 2392/51/46 2401/63/56
f 2390/47/42 2389/252/47 2398/260/48 2399/55/49
f 2387/249/40 2386/253/39 2395/405/50 2396/254/51
f 2384/46/41 2439/58/20 2393/59/52
f 2391/48/43 2390/47/42 2399/55/49 2400/257/53
f 2393/59/52 2439/411/20 2402/73/63
f 2400/257/53 2399/55/49 2408/70/61 2409/268/64
f 2397/330/54 2396/254/51 2405/410/62 2406/75/65
f 2394/406/55 2393/59/52 2402/73/63 2403/407/57
f 2401/63/56 2400/257/53 2409/268/64 2410/68/59
f 2398/260/48 2397/330/54 2406/75/65 2407/409/60
f 2395/405/50 2394/406/55 2403/407/57 2404/66/58
f 2429/408/17 2401/63/56 2410/68/59
f 2399/55/49 2398/260/48 2407/409/60 2408/70/61
f 2396/254/51 2395/405/50 2404/66/58 2405/410/62
f 2405/410/62 2404/66/58 2413/272/71 2414/84/73
f 2402/73/63 2439/85/20 2411/413/74
f 2409/268/64 2408/70/61 2417/275/72 2418/414/66
f 2406/75/65 2405/410/62 2414/84/73 2415/333/68
f 2403/407/57 2402/73/63 2411/413/74 2412/80/70
f 2410/68/59 2409/268/64 2418/414/66 2419/412/67
f 2407/409/60 2406/75/65 2415/333/68 2416/79/69
f 2404/66/58 2403/407/57 2412/80/70 2413/272/71
f 2429/82/17 2410/68/59 2419/412/67
f 2408/70/61 2407/409/60 2416/79/69 2417/275/72
f 2429/95/17 2419/412/67 2428/417/80
f 2417/275/72 2416/79/69 2425/93/81 2426/418/83
f 2414/84/73 2413/272/71 2422/279/82 2423/87/75
f 2411/413/74 2439/97/20 2420/415/77
f 2418/414/66 2417/275/72 2426/418/83 2427/416/79
f 2415/333/68 2414/84/73 2423/87/75 2424/88/76
f 2412/80/70 2411/413/74 2420/415/77 2421/90/78
f 2419/412/67 2418/414/66 2427/416/79 2428/417/80
f 2416/79/69 2415/333/68 2424/88/76 2425/93/81
f 2413/272/71 2412/80/70 2421/90/78 2422/279/82
f 2425/93/81 2424/88/76 2434/103/88 2435/106/91
f 2422/279/82 2421/90/78 2431/104/89 2432/284/92
f 2429/108/17 2428/417/80 2438/105/90
f 2426/418/83 2425/93/81 2435/106/91 2436/419/85
f 2423/87/75 2422/279/82 2432/284/92 2433/102/87
f 2420/415/77 2439/98/20 2430/99/84
f 2427/416/79 2426/418/83 2436/419/85 2437/420/86
f 2424/88/76 2423/87/75 2433/102/87 2434/103/88
f 2421/90/78 2420/415/77 2430/99/84 2431/104/89
f 2428/417/80 2427/416/79 2437/420/86 2438/105/90
f 2431/104/89 2430/99/84 2440/112/95 2441/116/99
f 2438/105/90 2437/420/86 2447/422/97 2448/117/100
f 2435/106/91 2434/103/88 2444/115/98 2445/118/101
f 2432/284/92 2431/104/89 2441/116/99 2442/109/93
f 2429/119/17 2438/105/90 2448/117/100
f 2436/419/85 2435/106/91 2445/118/101 2446/421/96
f 2433/102/87 2432/284/92 2442/109/93 2443/110/94
f 2430/99/84 2439/111/20 2440/112/95
f 2437/420/86 2436/419/85 2446/421/96 2447/422/97
f 2434/103/88 2433/102/87 2443/110/94 2444/115/98
f 2444/115/98 2443/110/94 2452/425/106 2453/299/109
f 2441/116/99 2440/112/95 2449/127/107 2450/130/110
f 2448/117/100 2447/422/97 2456/427/108 2457/121/102
f 2445/118/101 2444/115/98 2453/299/109 2454/423/103
f 2442/109/93 2441/116/99 2450/130/110 2451/124/105
f 2429/428/17 2448/117/100 2457/121/102
f 2446/421/96 2445/118/101 2454/423/103 2455/424/104
f 2443/110/94 2442/109/93 2451/124/105 2452/425/106
f 2440/112/95 2439/426/20 2449/127/107
f 2447/422/97 2446/421/96 2455/424/104 2456/427/108
f 2449/127/107 2439/139/20 2458/140/118
f 2456/427/108 2455/424/104 2464/429/116 2465/430/119
f 2453/299/109 2452/425/106 2461/138/117 2462/131/111
f 2450/130/110 2449/127/107 2458/140/118 2459/133/113
f 2457/121/102 2456/427/108 2465/430/119 2466/136/115
f 2454/423/103 2453/299/109 2462/131/111 2463/132/112
f 2451/124/105 2450/130/110 2459/133/113 2460/134/114
f 2429/135/17 2457/121/102 2466/136/115
f 2455/424/104 2454/423/103 2463/132/112 2464/429/116
f 2452/425/106 2451/124/105 2460/134/114 2461/138/117
f 2464/434/116 2463/150/112 2472/153/125 2473/307/127
f 2461/159/117 2460/154/114 2469/306/126 2470/160/128
f 2458/143/118 2439/161/20 2467/435/120
f 2465/431/119 2464/434/116 2473/307/127 2474/432/122
f 2462/151/111 2461/159/117 2470/160/128 2471/152/124
f 2459/142/113 2458/143/118 2467/435/120 2468/145/121
f 2466/146/115 2465/431/119 2474/432/122 2475/433/123
f 2463/150/112 2462/151/111 2471/152/124 2472/153/125
f 2460/154/114 2459/142/113 2468/145/121 2469/306/126
f 2429/156/17 2466/146/115 2475/433/123
f 2469/306/126 2468/145/121 2477/165/132 2478/169/136
f 2429/437/17 2475/433/123 2484/167/134
f 2473/307/127 2472/153/125 2481/168/135 2482/171/137
f 2470/160/128 2469/306/126 2478/169/136 2479/162/129
f 2467/435/120 2439/438/20 2476/164/131
f 2474/432/122 2473/307/127 2482/171/137 2483/436/133
f 2471/152/124 2470/160/128 2479/162/129 2480/163/130
f 2468/145/121 2467/435/120 2476/164/131 2477/165/132
f 2475/433/123 2474/432/122 2483/436/133 2484/167/134
f 2472/153/125 2471/152/124 2480/163/130 2481/168/135
f 2481/168/135 2480/163/130 2489/312/142 2490/441/145
f 2478/169/136 2477/165/132 2486/179/143 2487/182/146
f 2429/183/17 2484/167/134 2493/180/144
f 2482/171/137 2481/168/135 2490/441/145 2491/175/139
f 2479/162/129 2478/169/136 2487/182/146 2488/440/141
f 2476/164/131 2439/173/20 2485/174/138
f 2483/436/133 2482/171/137 2491/175/139 2492/439/140
f 2480/163/130 2479/162/129 2488/440/141 2489/312/142
f 2477/165/132 2476/164/131 2485/174/138 2486/179/143
f 2484/167/134 2483/436/133 2492/439/140 2493/180/144
f 2486/179/143 2485/174/138 2494/6/6 2495/399/5
f 2493/180/144 2492/439/140 2497/401/10 2356/9/9
f 2490/441/145 2489/312/142 2354/1/1 2496/402/13
f 2487/182/146 2486/179/143 2495/399/5 2352/15/15
f 2429/185/17 2493/180/144 2356/9/9
f 2491/175/139 2490/441/145 2496/402/13 2355/18/18
f 2488/440/141 2487/182/146 2352/15/15 2353/403/2
f 2485/174/138 2439/184/20 2494/6/6
f 2492/439/140 2491/175/139 2355/18/18 2497/401/10
f 2489/312/142 2488/440/141 2353/403/2 2354/1/1
f 2498/151/291 2499/186/292 2501/187/293 2500/188/294
f 2500/188/294 2501/187/293 2503/189/295 2502/190/296
f 2502/190/296 2503/189/295 2505/191/297 2504/192/298
f 2504/192/298 2505/191/297 2507/193/299 2506/194/300
f 2506/194/300 2507/193/299 2509/195/301 2508/196/302
f 2508/196/302 2509/195/301 2511/197/303 2510/198/304
f 2510/198/304 2511/197/303 2513/199/305 2512/200/306
f 2512/200/306 2513/199/305 2515/201/307 2514/202/308
f 2514/202/308 2515/201/307 2517/203/309 2516/204/310
f 2516/204/310 2517/203/309 2519/205/311 2518/206/312
f 2518/206/312 2519/205/311 2521/207/313 2520/208/314
f 2520/208/314 2521/207/313 2523/209/315 2522/210/316
f 2501/211/293 2499/212/292 2525/442/317 2523/214/315 2521/443/313 2519/444/311 2517/217/309 2515/445/307 2513/446/305 2511/220/303 2509/221/301 2507/447/299 2505/448/297 2503/224/295
f 2522/210/316 2523/209/315 2525/225/317 2524/226/318
f 2524/226/318 2525/225/317 2499/227/292 2498/228/291
f 2498/229/291 2500/230/294 2502/231/296 2504/232/298 2506/449/300 2508/234/302 2510/235/304 2512/450/306 2514/237/308 2516/238/310 2518/451/312 2520/240/314 2522/241/316 2524/242/318
f 2529/18/18 2528/13/13 2536/14/282 2537/19/19
f 2670/2/233 2526/15/15 2533/456/16 2534/3/283
f 2668/452/6 2613/20/20 2531/453/7
f 2671/401/10 2529/18/18 2537/19/19 2538/11/11
f 2527/1/1 2670/2/233 2534/3/283 2535/4/4
f 2669/399/5 2668/452/6 2531/453/7 2532/8/8
f 2530/454/9 2671/401/10 2538/11/11 2539/455/12
f 2528/13/13 2527/1/1 2535/4/4 2536/14/282
f 2526/15/15 2669/399/5 2532/8/8 2533/456/16
f 2603/17/17 2530/454/9 2539/455/12
f 2537/19/19 2536/14/282 2545/26/285 2546/29/28
f 2534/3/283 2533/456/16 2542/27/27 2543/30/286
f 2531/453/7 2613/31/20 2540/457/21
f 2538/11/11 2537/19/19 2546/29/28 2547/23/23
f 2535/4/4 2534/3/283 2543/30/286 2544/25/25
f 2532/8/8 2531/453/7 2540/457/21 2541/22/22
f 2539/455/12 2538/11/11 2547/23/23 2548/458/24
f 2536/14/282 2535/4/4 2544/25/25 2545/26/285
f 2533/456/16 2532/8/8 2541/22/22 2542/27/27
f 2603/28/17 2539/455/12 2548/458/24
f 2542/27/27 2541/22/22 2550/37/35 2551/40/38
f 2603/41/17 2548/458/24 2557/460/36
f 2546/29/28 2545/26/285 2554/39/37 2555/32/30
f 2543/30/286 2542/27/27 2551/40/38 2552/34/290
f 2540/457/21 2613/42/20 2549/459/34
f 2547/23/23 2546/29/28 2555/32/30 2556/33/31
f 2544/25/25 2543/30/286 2552/34/290 2553/35/33
f 2541/22/22 2540/457/21 2549/459/34 2550/37/35
f 2548/458/24 2547/23/23 2556/33/31 2557/460/36
f 2545/26/285 2544/25/25 2553/35/33 2554/39/37
f 2554/39/37 2553/35/33 2562/49/44 2563/252/47
f 2551/40/38 2550/37/35 2559/50/45 2560/43/39
f 2603/53/17 2557/460/36 2566/462/46
f 2555/32/30 2554/39/37 2563/252/47 2564/47/42
f 2552/34/290 2551/40/38 2560/43/39 2561/249/287
f 2549/459/34 2613/45/20 2558/461/41
f 2556/33/31 2555/32/30 2564/47/42 2565/48/43
f 2553/35/33 2552/34/290 2561/249/287 2562/49/44
f 2550/37/35 2549/459/34 2558/461/41 2559/50/45
f 2557/460/36 2556/33/31 2565/48/43 2566/462/46
f 2559/50/45 2558/461/41 2567/463/52 2568/406/55
f 2566/462/46 2565/48/43 2574/257/53 2575/464/56
f 2563/252/47 2562/49/44 2571/61/54 2572/260/48
f 2560/43/39 2559/50/45 2568/406/55 2569/56/50
f 2603/64/17 2566/462/46 2575/464/56
f 2564/47/42 2563/252/47 2572/260/48 2573/55/49
f 2561/249/287 2560/43/39 2569/56/50 2570/254/235
f 2558/461/41 2613/58/20 2567/463/52
f 2565/48/43 2564/47/42 2573/55/49 2574/257/53
f 2562/49/44 2561/249/287 2570/254/235 2571/61/54
f 2574/257/53 2573/55/49 2582/70/61 2583/74/64
f 2571/61/54 2570/254/235 2579/266/237 2580/269/65
f 2568/406/55 2567/463/52 2576/466/63 2577/65/57
f 2575/464/56 2574/257/53 2583/74/64 2584/465/59
f 2572/260/48 2571/61/54 2580/269/65 2581/263/60
f 2569/56/50 2568/406/55 2577/65/57 2578/66/58
f 2603/408/17 2575/464/56 2584/465/59
f 2573/55/49 2572/260/48 2581/263/60 2582/70/61
f 2570/254/235 2569/56/50 2578/66/58 2579/266/237
f 2567/463/52 2613/411/20 2576/466/63
f 2579/266/237 2578/66/58 2587/272/71 2588/469/240
f 2576/466/63 2613/85/20 2585/470/74
f 2583/74/64 2582/70/61 2591/275/72 2592/76/66
f 2580/269/65 2579/266/237 2588/469/240 2589/78/68
f 2577/65/57 2576/466/63 2585/470/74 2586/80/70
f 2584/465/59 2583/74/64 2592/76/66 2593/468/67
f 2581/263/60 2580/269/65 2589/78/68 2590/467/69
f 2578/66/58 2577/65/57 2586/80/70 2587/272/71
f 2603/82/17 2584/465/59 2593/468/67
f 2582/70/61 2581/263/60 2590/467/69 2591/275/72
f 2591/275/72 2590/467/69 2599/473/81 2600/418/83
f 2588/469/240 2587/272/71 2596/279/82 2597/474/242
f 2585/470/74 2613/97/20 2594/471/77
f 2592/76/66 2591/275/72 2600/418/83 2601/91/79
f 2589/78/68 2588/469/240 2597/474/242 2598/88/76
f 2586/80/70 2585/470/74 2594/471/77 2595/90/78
f 2593/468/67 2592/76/66 2601/91/79 2602/472/80
f 2590/467/69 2589/78/68 2598/88/76 2599/473/81
f 2587/272/71 2586/80/70 2595/90/78 2596/279/82
f 2603/95/17 2593/468/67 2602/472/80
f 2596/279/82 2595/90/78 2605/104/89 2606/284/92
f 2603/108/17 2602/472/80 2612/476/90
f 2600/418/83 2599/473/81 2609/106/91 2610/419/85
f 2597/474/242 2596/279/82 2606/284/92 2607/102/244
f 2594/471/77 2613/98/20 2604/475/84
f 2601/91/79 2600/418/83 2610/419/85 2611/101/86
f 2598/88/76 2597/474/242 2607/102/244 2608/103/88
f 2595/90/78 2594/471/77 2604/475/84 2605/104/89
f 2602/472/80 2601/91/79 2611/101/86 2612/476/90
f 2599/473/81 2598/88/76 2608/103/88 2609/106/91
f 2612/476/90 2611/101/86 2621/291/97 2622/478/100
f 2609/106/91 2608/103/88 2618/293/98 2619/296/245
f 2606/284/92 2605/104/89 2615/294/99 2616/109/93
f 2603/119/17 2612/476/90 2622/478/100
f 2610/419/85 2609/106/91 2619/296/245 2620/421/96
f 2607/102/244 2606/284/92 2616/109/93 2617/292/246
f 2604/475/84 2613/111/20 2614/477/95
f 2611/101/86 2610/419/85 2620/421/96 2621/291/97
f 2608/103/88 2607/102/244 2617/292/246 2618/293/98
f 2605/104/89 2604/475/84 2614/477/95 2615/294/99
f 2618/293/98 2617/292/246 2626/480/288 2627/299/109
f 2615/294/99 2614/477/95 2623/481/107 2624/130/110
f 2622/478/100 2621/291/97 2630/427/108 2631/482/102
f 2619/296/245 2618/293/98 2627/299/109 2628/479/103
f 2616/109/93 2615/294/99 2624/130/110 2625/124/105
f 2603/428/17 2622/478/100 2631/482/102
f 2620/421/96 2619/296/245 2628/479/103 2629/424/104
f 2617/292/246 2616/109/93 2625/124/105 2626/480/288
f 2614/477/95 2613/426/20 2623/481/107
f 2621/291/97 2620/421/96 2629/424/104 2630/427/108
f 2623/481/107 2613/139/20 2632/484/118
f 2630/427/108 2629/424/104 2638/429/116 2639/430/119
f 2627/299/109 2626/480/288 2635/138/117 2636/131/111
f 2624/130/110 2623/481/107 2632/484/118 2633/133/113
f 2631/482/102 2630/427/108 2639/430/119 2640/483/115
f 2628/479/103 2627/299/109 2636/131/111 2637/132/112
f 2625/124/105 2624/130/110 2633/133/113 2634/134/114
f 2603/135/17 2631/482/102 2640/483/115
f 2629/424/104 2628/479/103 2637/132/112 2638/429/116
f 2626/480/288 2625/124/105 2634/134/114 2635/138/117
f 2635/159/117 2634/154/114 2643/155/126 2644/488/128
f 2632/489/118 2613/161/20 2641/490/120
f 2639/431/119 2638/434/116 2647/158/127 2648/432/122
f 2636/151/111 2635/159/117 2644/488/128 2645/152/124
f 2633/142/113 2632/489/118 2641/490/120 2642/145/121
f 2640/485/115 2639/431/119 2648/432/122 2649/486/123
f 2637/150/112 2636/151/111 2645/152/124 2646/487/125
f 2634/154/114 2633/142/113 2642/145/121 2643/155/126
f 2603/156/17 2640/485/115 2649/486/123
f 2638/434/116 2637/150/112 2646/487/125 2647/158/127
f 2603/437/17 2649/486/123 2658/492/134
f 2647/158/127 2646/487/125 2655/168/135 2656/171/137
f 2644/488/128 2643/155/126 2652/169/136 2653/162/129
f 2641/490/120 2613/438/20 2650/491/131
f 2648/432/122 2647/158/127 2656/171/137 2657/436/133
f 2645/152/124 2644/488/128 2653/162/129 2654/163/130
f 2642/145/121 2641/490/120 2650/491/131 2651/165/132
f 2649/486/123 2648/432/122 2657/436/133 2658/492/134
f 2646/487/125 2645/152/124 2654/163/130 2655/168/135
f 2643/155/126 2642/145/121 2651/165/132 2652/169/136
f 2655/168/135 2654/163/130 2663/312/142 2664/181/145
f 2652/169/136 2651/165/132 2660/179/143 2661/182/146
f 2603/183/17 2658/492/134 2667/494/144
f 2656/171/137 2655/168/135 2664/181/145 2665/175/139
f 2653/162/129 2652/169/136 2661/182/146 2662/177/253
f 2650/491/131 2613/173/20 2659/493/138
f 2657/436/133 2656/171/137 2665/175/139 2666/439/140
f 2654/163/130 2653/162/129 2662/177/253 2663/312/142
f 2651/165/132 2650/491/131 2659/493/138 2660/179/143
f 2658/492/134 2657/436/133 2666/439/140 2667/494/144
f 2660/179/143 2659/493/138 2668/452/6 2669/399/5
f 2667/494/144 2666/439/140 2671/401/10 2530/454/9
f 2664/181/145 2663/312/142 2527/1/1 2528/13/13
f 2661/182/146 2660/179/143 2669/399/5 2526/15/15
f 2603/185/17 2667/494/144 2530/454/9
f 2665/175/139 2664/181/145 2528/13/13 2529/18/18
f 2662/177/253 2661/182/146 2526/15/15 2670/2/233
f 2659/493/138 2613/184/20 2668/452/6
f 2666/439/140 2665/175/139 2529/18/18 2671/401/10
f 2663/312/142 2662/177/253 2670/2/233 2527/1/1
f 2674/13/13 2673/1/1 2681/4/4 2682/14/14
f 2672/15/15 2815/399/5 2678/8/8 2679/456/16
f 2749/17/17 2676/454/9 2685/455/12
f 2675/18/18 2674/13/13 2682/14/14 2683/19/19
f 2816/2/2 2672/15/15 2679/456/16 2680/3/3
f 2814/452/6 2759/20/20 2677/453/7
f 2817/401/10 2675/18/18 2683/19/19 2684/11/11
f 2673/1/1 2816/2/2 2680/3/3 2681/4/4
f 2815/399/5 2814/452/6 2677/453/7 2678/8/8
f 2676/454/9 2817/401/10 2684/11/11 2685/455/12
f 2679/456/16 2678/8/8 2687/22/22 2688/27/27
f 2749/28/17 2685/455/12 2694/458/24
f 2683/19/19 2682/14/14 2691/26/26 2692/29/28
f 2680/3/3 2679/456/16 2688/27/27 2689/30/29
f 2677/453/7 2759/31/20 2686/457/21
f 2684/11/11 2683/19/19 2692/29/28 2693/23/23
f 2681/4/4 2680/3/3 2689/30/29 2690/25/25
f 2678/8/8 2677/453/7 2686/457/21 2687/22/22
f 2685/455/12 2684/11/11 2693/23/23 2694/458/24
f 2682/14/14 2681/4/4 2690/25/25 2691/26/26
f 2694/458/24 2693/23/23 2702/33/31 2703/460/36
f 2691/26/26 2690/25/25 2699/35/33 2700/39/37
f 2688/27/27 2687/22/22 2696/37/35 2697/40/38
f 2749/41/17 2694/458/24 2703/460/36
f 2692/29/28 2691/26/26 2700/39/37 2701/32/30
f 2689/30/29 2688/27/27 2697/40/38 2698/34/32
f 2686/457/21 2759/42/20 2695/459/34
f 2693/23/23 2692/29/28 2701/32/30 2702/33/31
f 2690/25/25 2689/30/29 2698/34/32 2699/35/33
f 2687/22/22 2686/457/21 2695/459/34 2696/37/35
f 2699/35/33 2698/34/32 2707/249/40 2708/49/44
f 2696/37/35 2695/459/34 2704/461/41 2705/50/45
f 2703/460/36 2702/33/31 2711/48/43 2712/462/46
f 2700/39/37 2699/35/33 2708/49/44 2709/252/47
f 2697/40/38 2696/37/35 2705/50/45 2706/43/39
f 2749/53/17 2703/460/36 2712/462/46
f 2701/32/30 2700/39/37 2709/252/47 2710/47/42
f 2698/34/32 2697/40/38 2706/43/39 2707/249/40
f 2695/459/34 2759/45/20 2704/461/41
f 2702/33/31 2701/32/30 2710/47/42 2711/48/43
f 2704/461/41 2759/58/20 2713/463/52
f 2711/48/43 2710/47/42 2719/55/49 2720/257/53
f 2708/49/44 2707/249/40 2716/254/51 2717/61/54
f 2705/50/45 2704/461/41 2713/463/52 2714/406/55
f 2712/462/46 2711/48/43 2720/257/53 2721/464/56
f 2709/252/47 2708/49/44 2717/61/54 2718/260/48
f 2706/43/39 2705/50/45 2714/406/55 2715/56/50
f 2749/64/17 2712/462/46 2721/464/56
f 2710/47/42 2709/252/47 2718/260/48 2719/55/49
f 2707/249/40 2706/43/39 2715/56/50 2716/254/51
f 2716/254/51 2715/56/50 2724/66/58 2725/266/62
f 2713/463/52 2759/411/20 2722/466/63
f 2720/257/53 2719/55/49 2728/70/61 2729/74/64
f 2717/61/54 2716/254/51 2725/266/62 2726/269/65
f 2714/406/55 2713/463/52 2722/466/63 2723/65/57
f 2721/464/56 2720/257/53 2729/74/64 2730/465/59
f 2718/260/48 2717/61/54 2726/269/65 2727/263/60
f 2715/56/50 2714/406/55 2723/65/57 2724/66/58
f 2749/408/17 2721/464/56 2730/465/59
f 2719/55/49 2718/260/48 2727/263/60 2728/70/61
f 2749/82/17 2730/465/59 2739/468/67
f 2728/70/61 2727/263/60 2736/467/69 2737/275/72
f 2725/266/62 2724/66/58 2733/272/71 2734/469/73
f 2722/466/63 2759/85/20 2731/470/74
f 2729/74/64 2728/70/61 2737/275/72 2738/76/66
f 2726/269/65 2725/266/62 2734/469/73 2735/78/68
f 2723/65/57 2722/466/63 2731/470/74 2732/80/70
f 2730/465/59 2729/74/64 2738/76/66 2739/468/67
f 2727/263/60 2726/269/65 2735/78/68 2736/467/69
f 2724/66/58 2723/65/57 2732/80/70 2733/272/71
f 2736/467/69 2735/78/68 2744/88/76 2745/473/81
f 2733/272/71 2732/80/70 2741/90/78 2742/279/82
f 2749/95/17 2739/468/67 2748/472/80
f 2737/275/72 2736/467/69 2745/473/81 2746/418/83
f 2734/469/73 2733/272/71 2742/279/82 2743/474/75
f 2731/470/74 2759/97/20 2740/471/77
f 2738/76/66 2737/275/72 2746/418/83 2747/91/79
f 2735/78/68 2734/469/73 2743/474/75 2744/88/76
f 2732/80/70 2731/470/74 2740/471/77 2741/90/78
f 2739/468/67 2738/76/66 2747/91/79 2748/472/80
f 2741/90/78 2740/471/77 2750/475/84 2751/104/89
f 2748/472/80 2747/91/79 2757/101/86 2758/476/90
f 2745/473/81 2744/88/76 2754/103/88 2755/106/91
f 2742/279/82 2741/90/78 2751/104/89 2752/284/92
f 2749/108/17 2748/472/80 2758/476/90
f 2746/418/83 2745/473/81 2755/106/91 2756/419/85
f 2743/474/75 2742/279/82 2752/284/92 2753/102/87
f 2740/471/77 2759/98/20 2750/475/84
f 2747/91/79 2746/418/83 2756/419/85 2757/101/86
f 2744/88/76 2743/474/75 2753/102/87 2754/103/88
f 2754/103/88 2753/102/87 2763/292/94 2764/293/98
f 2751/104/89 2750/475/84 2760/477/95 2761/294/99
f 2758/476/90 2757/101/86 2767/291/97 2768/478/100
f 2755/106/91 2754/103/88 2764/293/98 2765/296/101
f 2752/284/92 2751/104/89 2761/294/99 2762/109/93
f 2749/119/17 2758/476/90 2768/478/100
f 2756/419/85 2755/106/91 2765/296/101 2766/421/96
f 2753/102/87 2752/284/92 2762/109/93 2763/292/94
f 2750/475/84 2759/111/20 2760/477/95
f 2757/101/86 2756/419/85 2766/421/96 2767/291/97
f 2760/477/95 2759/426/20 2769/481/107
f 2767/291/97 2766/421/96 2775/424/104 2776/427/108
f 2764/293/98 2763/292/94 2772/480/106 2773/299/109
f 2761/294/99 2760/477/95 2769/481/107 2770/130/110
f 2768/478/100 2767/291/97 2776/427/108 2777/482/102
f 2765/296/101 2764/293/98 2773/299/109 2774/479/103
f 2762/109/93 2761/294/99 2770/130/110 2771/124/105
f 2749/428/17 2768/478/100 2777/482/102
f 2766/421/96 2765/296/101 2774/479/103 2775/424/104
f 2763/292/94 2762/109/93 2771/124/105 2772/480/106
f 2775/424/104 2774/479/103 2783/132/112 2784/429/116
f 2772/480/106 2771/124/105 2780/134/114 2781/138/117
f 2769/481/107 2759/139/20 2778/484/118
f 2776/427/108 2775/424/104 2784/429/116 2785/430/119
f 2773/299/109 2772/480/106 2781/138/117 2782/131/111
f 2770/130/110 2769/481/107 2778/484/118 2779/133/113
f 2777/482/102 2776/427/108 2785/430/119 2786/483/115
f 2774/479/103 2773/299/109 2782/131/111 2783/132/112
f 2771/124/105 2770/130/110 2779/133/113 2780/134/114
f 2749/135/17 2777/482/102 2786/483/115
f 2780/154/114 2779/142/113 2788/145/121 2789/155/126
f 2749/156/17 2786/485/115 2795/486/123
f 2784/434/116 2783/150/112 2792/487/125 2793/158/127
f 2781/159/117 2780/154/114 2789/155/126 2790/488/128
f 2778/489/118 2759/161/20 2787/490/120
f 2785/431/119 2784/434/116 2793/158/127 2794/432/122
f 2782/151/111 2781/159/117 2790/488/128 2791/152/124
f 2779/142/113 2778/489/118 2787/490/120 2788/145/121
f 2786/485/115 2785/431/119 2794/432/122 2795/486/123
f 2783/150/112 2782/151/111 2791/152/124 2792/487/125
f 2792/487/125 2791/152/124 2800/163/130 2801/168/135
f 2789/155/126 2788/145/121 2797/165/132 2798/169/136
f 2749/437/17 2795/486/123 2804/492/134
f 2793/158/127 2792/487/125 2801/168/135 2802/171/137
f 2790/488/128 2789/155/126 2798/169/136 2799/162/129
f 2787/490/120 2759/438/20 2796/491/131
f 2794/432/122 2793/158/127 2802/171/137 2803/436/133
f 2791/152/124 2790/488/128 2799/162/129 2800/163/130
f 2788/145/121 2787/490/120 2796/491/131 2797/165/132
f 2795/486/123 2794/432/122 2803/436/133 2804/492/134
f 2797/165/132 2796/491/131 2805/493/138 2806/179/143
f 2804/492/134 2803/436/133 2812/439/140 2813/494/144
f 2801/168/135 2800/163/130 2809/312/142 2810/181/145
f 2798/169/136 2797/165/132 2806/179/143 2807/182/146
f 2749/183/17 2804/492/134 2813/494/144
f 2802/171/137 2801/168/135 2810/181/145 2811/175/139
f 2799/162/129 2798/169/136 2807/182/146 2808/177/141
f 2796/491/131 2759/173/20 2805/493/138
f 2803/436/133 2802/171/137 2811/175/139 2812/439/140
f 2800/163/130 2799/162/129 2808/177/141 2809/312/142
f 2812/439/140 2811/175/139 2675/18/18 2817/401/10
f 2809/312/142 2808/177/141 2816/2/2 2673/1/1
f 2806/179/143 2805/493/138 2814/452/6 2815/399/5
f 2813/494/144 2812/439/140 2817/401/10 2676/454/9
f 2810/181/145 2809/312/142 2673/1/1 2674/13/13
f 2807/182/146 2806/179/143 2815/399/5 2672/15/15
f 2749/185/17 2813/494/144 2676/454/9
f 2811/175/139 2810/181/145 2674/13/13 2675/18/18
f 2808/177/141 2807/182/146 2672/15/15 2816/2/2
f 2805/493/138 2759/184/20 2814/452/6
f 4260/538/439 4261/538/440 4263/538/441 4262/538/442
f 4262/538/442 4263/538/441 4265/538/443 4264/538/444
f 4264/538/444 4265/538/443 4267/538/445 4266/538/446
f 4266/538/446 4267/538/445 4269/538/447 4268/538/448
f 4268/538/448 4269/538/447 4271/538/449 4270/538/450
f 4270/538/450 4271/538/449 4273/538/451 4272/538/452
f 4272/538/452 4273/538/451 4275/538/453 4274/538/454
f 4274/538/454 4275/538/453 4277/538/455 4276/538/456
f 4278/538/457 4280/538/458 4281/538/459 4279/538/460
f 4280/538/458 4282/538/461 4283/538/462 4281/538/459
f 4282/538/461 4284/538/463 4285/538/464 4283/538/462
f 4284/538/463 4286/538/465 4287/538/466 4285/538/464
f 4286/538/465 4288/538/467 4289/538/468 4287/538/466
f 4288/538/467 4290/538/469 4291/538/470 4289/538/468
f 4290/538/469 4292/538/471 4293/538/472 4291/538/470
f 4292/538/471 4294/538/473 4295/538/474 4293/538/472
f 4261/538/440 4260/538/439 4278/538/457 4279/538/460
f 4260/538/439 4262/538/442 4280/538/458 4278/538/457
f 4262/538/442 4264/538/444 4282/538/461 4280/538/458
f 4265/538/443 4263/538/441 4281/538/459 4283/538/462
f 4264/538/444 4266/538/446 4284/538/463 4282/538/461
f 4267/538/445 4265/538/443 4283/538/462 4285/538/464
f 4266/538/446 4268/538/448 4286/538/465 4284/538/463
f 4269/538/447 4267/538/445 4285/538/464 4287/538/466
f 4268/538/448 4270/538/450 4288/538/467 4286/538/465
f 4271/538/449 4269/538/447 4287/538/466 4289/538/468
f 4270/538/450 4272/538/452 4290/538/469 4288/538/467
f 4273/538/451 4271/538/449 4289/538/468 4291/538/470
f 4272/538/452 4274/538/454 4292/538/471 4290/538/469
f 4275/538/453 4273/538/451 4291/538/470 4293/538/472
f 4274/538/454 4276/538/456 4294/538/473 4292/538/471
f 4277/538/455 4275/538/453 4293/538/472 4295/538/474
f 4276/538/456 4277/538/455 4295/538/474 4294/538/473
f 4263/538/441 4261/538/440 4279/538/460 4281/538/459
f 4296/538/475 4297/538/476 4299/538/477 4298/538/478
f 4298/538/478 4299/538/477 4301/538/479 4300/538/480
f 4300/538/480 4301/538/479 4303/538/481 4302/538/482
f 4302/538/482 4303/538/481 4305/538/483 4304/538/484
f 4304/538/484 4305/538/483 4307/538/485 4306/538/486
f 4306/538/486 4307/538/485 4309/538/487 4308/538/488
f 4308/538/488 4309/538/487 4311/538/489 4310/538/490
f 4310/538/490 4311/538/489 4313/538/491 4312/538/492
f 4314/538/493 4316/538/494 4317/538/495 4315/538/496
f 4316/538/494 4318/538/497 4319/538/498 4317/538/495
f 4318/538/497 4320/538/499 4321/538/500 4319/538/498
f 4320/538/499 4322/538/501 4323/538/502 4321/538/500
f 4322/538/501 4324/538/503 4325/538/504 4323/538/502
f 4324/538/503 4326/538/505 4327/538/506 4325/538/504
f 4326/538/505 4328/538/507 4329/538/508 4327/538/506
f 4328/538/507 4330/538/509 4331/538/510 4329/538/508
f 4297/538/476 4296/538/475 4314/538/493 4315/538/496
f 4296/538/475 4298/538/478 4316/538/494 4314/538/493
f 4298/538/478 4300/538/480 4318/538/497 4316/538/494
f 4301/538/479 4299/538/477 4317/538/495 4319/538/498
f 4300/538/480 4302/538/482 4320/538/499 4318/538/497
f 4303/538/481 4301/538/479 4319/538/498 4321/538/500
f 4302/538/482 4304/538/484 4322/538/501 4320/538/499
f 4305/538/483 4303/538/481 4321/538/500 4323/538/502
f 4304/538/484 4306/538/486 4324/538/503 4322/538/501
f 4307/538/485 4305/538/483 4323/538/502 4325/538/504
f 4306/538/486 4308/538/488 4326/538/505 4324/538/503
f 4309/538/487 4307/538/485 4325/538/504 4327/538/506
f 4308/538/488 4310/538/490 4328/538/507 4326/538/505
f 4311/538/489 4309/538/487 4327/538/506 4329/538/508
f 4310/538/490 4312/538/492 4330/538/509 4328/538/507
f 4313/538/491 4311/538/489 4329/538/508 4331/538/510
f 4312/538/492 4313/538/491 4331/538/510 4330/538/509
f 4299/538/477 4297/538/476 4315/538/496 4317/538/495
usemtl Body
f 612/10/10 470/18/18 478/19/19 479/11/11
f 468/1/1 611/2/2 475/3/3 476/4/4
f 610/5/5 609/6/6 472/7/7 473/8/8
f 471/9/9 612/10/10 479/11/11 480/12/12
f 469/13/13 468/1/1 476/4/4 477/14/14
f 467/15/15 610/5/5 473/8/8 474/16/16
f 544/17/17 471/9/9 480/12/12
f 470/18/18 469/13/13 477/14/14 478/19/19
f 611/2/2 467/15/15 474/16/16 475/3/3
f 609/6/6 554/20/20 472/7/7
f 476/4/4 475/3/3 484/30/29 485/25/25
f 473/8/8 472/7/7 481/21/21 482/22/22
f 480/12/12 479/11/11 488/23/23 489/24/24
f 477/14/14 476/4/4 485/25/25 486/26/26
f 474/16/16 473/8/8 482/22/22 483/27/27
f 544/28/17 480/12/12 489/24/24
f 478/19/19 477/14/14 486/26/26 487/29/28
f 475/3/3 474/16/16 483/27/27 484/30/29
f 472/7/7 554/31/20 481/21/21
f 479/11/11 478/19/19 487/29/28 488/23/23
f 481/21/21 554/42/20 490/36/34
f 488/23/23 487/29/28 496/32/30 497/33/31
f 485/25/25 484/30/29 493/34/32 494/35/33
f 482/22/22 481/21/21 490/36/34 491/37/35
f 489/24/24 488/23/23 497/33/31 498/38/36
f 486/26/26 485/25/25 494/35/33 495/39/37
f 483/27/27 482/22/22 491/37/35 492/40/38
f 544/41/17 489/24/24 498/38/36
f 487/29/28 486/26/26 495/39/37 496/32/30
f 484/30/29 483/27/27 492/40/38 493/34/32
f 496/32/30 495/39/37 504/52/47 505/47/42
f 493/34/32 492/40/38 501/43/39 502/44/40
f 490/36/34 554/45/20 499/46/41
f 497/33/31 496/32/30 505/47/42 506/48/43
f 494/35/33 493/34/32 502/44/40 503/49/44
f 491/37/35 490/36/34 499/46/41 500/50/45
f 498/38/36 497/33/31 506/48/43 507/51/46
f 495/39/37 494/35/33 503/49/44 504/52/47
f 492/40/38 491/37/35 500/50/45 501/43/39
f 544/53/17 498/38/36 507/51/46
f 501/43/39 500/50/45 509/62/55 510/56/50
f 544/64/17 507/51/46 516/63/56
f 505/47/42 504/52/47 513/54/48 514/55/49
f 502/44/40 501/43/39 510/56/50 511/57/51
f 499/46/41 554/58/20 508/59/52
f 506/48/43 505/47/42 514/55/49 515/60/53
f 503/49/44 502/44/40 511/57/51 512/61/54
f 500/50/45 499/46/41 508/59/52 509/62/55
f 507/51/46 506/48/43 515/60/53 516/63/56
f 504/52/47 503/49/44 512/61/54 513/54/48
f 513/54/48 512/61/54 521/75/65 522/69/60
f 510/56/50 509/62/55 518/65/57 519/66/58
f 544/67/17 516/63/56 525/68/59
f 514/55/49 513/54/48 522/69/60 523/70/61
f 511/57/51 510/56/50 519/66/58 520/71/62
f 508/59/52 554/72/20 517/73/63
f 515/60/53 514/55/49 523/70/61 524/74/64
f 512/61/54 511/57/51 520/71/62 521/75/65
f 509/62/55 508/59/52 517/73/63 518/65/57
f 516/63/56 515/60/53 524/74/64 525/68/59
f 518/65/57 517/73/63 526/86/74 527/80/70
f 525/68/59 524/74/64 533/76/66 534/77/67
f 522/69/60 521/75/65 530/78/68 531/79/69
f 519/66/58 518/65/57 527/80/70 528/81/71
f 544/82/17 525/68/59 534/77/67
f 523/70/61 522/69/60 531/79/69 532/83/72
f 520/71/62 519/66/58 528/81/71 529/84/73
f 517/73/63 554/85/20 526/86/74
f 524/74/64 523/70/61 532/83/72 533/76/66
f 521/75/65 520/71/62 529/84/73 530/78/68
f 533/76/66 532/83/72 541/96/83 542/91/79
f 530/78/68 529/84/73 538/87/75 539/88/76
f 527/80/70 526/86/74 535/89/77 536/90/78
f 534/77/67 533/76/66 542/91/79 543/92/80
f 531/79/69 530/78/68 539/88/76 540/93/81
f 528/81/71 527/80/70 536/90/78 537/94/82
f 544/95/17 534/77/67 543/92/80
f 532/83/72 531/79/69 540/93/81 541/96/83
f 529/84/73 528/81/71 537/94/82 538/87/75
f 526/86/74 554/97/20 535/89/77
f 538/87/75 537/94/82 547/107/92 548/102/87
f 535/89/77 554/98/20 545/99/84
f 542/91/79 541/96/83 551/100/85 552/101/86
f 539/88/76 538/87/75 548/102/87 549/103/88
f 536/90/78 535/89/77 545/99/84 546/104/89
f 543/92/80 542/91/79 552/101/86 553/105/90
f 540/93/81 539/88/76 549/103/88 550/106/91
f 537/94/82 536/90/78 546/104/89 547/107/92
f 544/108/17 543/92/80 553/105/90
f 541/96/83 540/93/81 550/106/91 551/100/85
f 551/100/85 550/106/91 560/118/101 561/113/96
f 548/102/87 547/107/92 557/109/93 558/110/94
f 545/99/84 554/111/20 555/112/95
f 552/101/86 551/100/85 561/113/96 562/114/97
f 549/103/88 548/102/87 558/110/94 559/115/98
f 546/104/89 545/99/84 555/112/95 556/116/99
f 553/105/90 552/101/86 562/114/97 563/117/100
f 550/106/91 549/103/88 559/115/98 560/118/101
f 547/107/92 546/104/89 556/116/99 557/109/93
f 544/119/17 553/105/90 563/117/100
f 557/109/93 556/116/99 565/130/110 566/124/105
f 544/120/17 563/117/100 572/121/102
f 561/113/96 560/118/101 569/122/103 570/123/104
f 558/110/94 557/109/93 566/124/105 567/125/106
f 555/112/95 554/126/20 564/127/107
f 562/114/97 561/113/96 570/123/104 571/128/108
f 559/115/98 558/110/94 567/125/106 568/129/109
f 556/116/99 555/112/95 564/127/107 565/130/110
f 563/117/100 562/114/97 571/128/108 572/121/102
f 560/118/101 559/115/98 568/129/109 569/122/103
f 572/121/102 571/128/108 580/141/119 581/136/115
f 569/122/103 568/129/109 577/131/111 578/132/112
f 566/124/105 565/130/110 574/133/113 575/134/114
f 544/135/17 572/121/102 581/136/115
f 570/123/104 569/122/103 578/132/112 579/137/116
f 567/125/106 566/124/105 575/134/114 576/138/117
f 564/127/107 554/139/20 573/140/118
f 571/128/108 570/123/104 579/137/116 580/141/119
f 568/129/109 567/125/106 576/138/117 577/131/111
f 565/130/110 564/127/107 573/140/118 574/133/113
f 577/151/111 576/159/117 585/160/128 586/152/124
f 574/142/113 573/143/118 582/144/120 583/145/121
f 581/146/115 580/147/119 589/148/122 590/149/123
f 578/150/112 577/151/111 586/152/124 587/153/125
f 575/154/114 574/142/113 583/145/121 584/155/126
f 544/156/17 581/146/115 590/149/123
f 579/157/116 578/150/112 587/153/125 588/158/127
f 576/159/117 575/154/114 584/155/126 585/160/128
f 573/143/118 554/161/20 582/144/120
f 580/147/119 579/157/116 588/158/127 589/148/122
f 582/144/120 554/172/20 591/164/131
f 589/148/122 588/158/127 597/171/137 598/166/133
f 586/152/124 585/160/128 594/162/129 595/163/130
f 583/145/121 582/144/120 591/164/131 592/165/132
f 590/149/123 589/148/122 598/166/133 599/167/134
f 587/153/125 586/152/124 595/163/130 596/168/135
f 584/155/126 583/145/121 592/165/132 593/169/136
f 544/170/17 590/149/123 599/167/134
f 588/158/127 587/153/125 596/168/135 597/171/137
f 585/160/128 584/155/126 593/169/136 594/162/129
f 594/162/129 593/169/136 602/182/146 603/177/141
f 591/164/131 554/173/20 600/174/138
f 598/166/133 597/171/137 606/175/139 607/176/140
f 595/163/130 594/162/129 603/177/141 604/178/142
f 592/165/132 591/164/131 600/174/138 601/179/143
f 599/167/134 598/166/133 607/176/140 608/180/144
f 596/168/135 595/163/130 604/178/142 605/181/145
f 593/169/136 592/165/132 601/179/143 602/182/146
f 544/183/17 599/167/134 608/180/144
f 597/171/137 596/168/135 605/181/145 606/175/139
f 544/185/17 608/180/144 471/9/9
f 606/175/139 605/181/145 469/13/13 470/18/18
f 603/177/141 602/182/146 467/15/15 611/2/2
f 600/174/138 554/184/20 609/6/6
f 607/176/140 606/175/139 470/18/18 612/10/10
f 604/178/142 603/177/141 611/2/2 468/1/1
f 601/179/143 600/174/138 609/6/6 610/5/5
f 608/180/144 607/176/140 612/10/10 471/9/9
f 605/181/145 604/178/142 468/1/1 469/13/13
f 602/182/146 601/179/143 610/5/5 467/15/15
f 757/2/2 613/15/15 620/16/16 621/3/3
f 755/6/6 700/20/20 618/7/7
f 758/10/10 616/18/18 624/19/19 625/11/11
f 614/1/1 757/2/2 621/3/3 622/4/4
f 756/5/5 755/6/6 618/7/7 619/8/8
f 617/9/9 758/10/10 625/11/11 626/12/12
f 615/13/13 614/1/1 622/4/4 623/14/14
f 613/15/15 756/5/5 619/8/8 620/16/16
f 690/17/17 617/9/9 626/12/12
f 616/18/18 615/13/13 623/14/14 624/19/19
f 618/7/7 700/31/20 627/21/21
f 625/11/11 624/19/19 633/29/28 634/23/23
f 622/4/4 621/3/3 630/30/29 631/25/25
f 619/8/8 618/7/7 627/21/21 628/22/22
f 626/12/12 625/11/11 634/23/23 635/24/24
f 623/14/14 622/4/4 631/25/25 632/26/26
f 620/16/16 619/8/8 628/22/22 629/27/27
f 690/28/17 626/12/12 635/24/24
f 624/19/19 623/14/14 632/26/26 633/29/28
f 621/3/3 620/16/16 629/27/27 630/30/29
f 633/29/28 632/26/26 641/39/37 642/32/30
f 630/30/29 629/27/27 638/40/38 639/34/32
f 627/21/21 700/42/20 636/36/34
f 634/23/23 633/29/28 642/32/30 643/33/31
f 631/25/25 630/30/29 639/34/32 640/35/33
f 628/22/22 627/21/21 636/36/34 637/37/35
f 635/24/24 634/23/23 643/33/31 644/38/36
f 632/26/26 631/25/25 640/35/33 641/39/37
f 629/27/27 628/22/22 637/37/35 638/40/38
f 690/41/17 635/24/24 644/38/36
f 638/40/38 637/37/35 646/50/45 647/43/39
f 690/53/17 644/38/36 653/51/46
f 642/32/30 641/39/37 650/52/47 651/47/42
f 639/34/32 638/40/38 647/43/39 648/44/40
f 636/36/34 700/45/20 645/46/41
f 643/33/31 642/32/30 651/47/42 652/48/43
f 640/35/33 639/34/32 648/44/40 649/49/44
f 637/37/35 636/36/34 645/46/41 646/50/45
f 644/38/36 643/33/31 652/48/43 653/51/46
f 641/39/37 640/35/33 649/49/44 650/52/47
f 650/52/47 649/49/44 658/61/54 659/54/48
f 647/43/39 646/50/45 655/62/55 656/56/50
f 690/64/17 653/51/46 662/63/56
f 651/47/42 650/52/47 659/54/48 660/55/49
f 648/44/40 647/43/39 656/56/50 657/57/51
f 645/46/41 700/58/20 654/59/52
f 652/48/43 651/47/42 660/55/49 661/60/53
f 649/49/44 648/44/40 657/57/51 658/61/54
f 646/50/45 645/46/41 654/59/52 655/62/55
f 653/51/46 652/48/43 661/60/53 662/63/56
f 655/62/55 654/59/52 663/73/63 664/65/57
f 662/63/56 661/60/53 670/74/64 671/68/59
f 659/54/48 658/61/54 667/75/65 668/69/60
f 656/56/50 655/62/55 664/65/57 665/66/58
f 690/67/17 662/63/56 671/68/59
f 660/55/49 659/54/48 668/69/60 669/70/61
f 657/57/51 656/56/50 665/66/58 666/71/62
f 654/59/52 700/72/20 663/73/63
f 661/60/53 660/55/49 669/70/61 670/74/64
f 658/61/54 657/57/51 666/71/62 667/75/65
f 670/74/64 669/70/61 678/83/72 679/76/66
f 667/75/65 666/71/62 675/84/73 676/78/68
f 664/65/57 663/73/63 672/86/74 673/80/70
f 671/68/59 670/74/64 679/76/66 680/77/67
f 668/69/60 667/75/65 676/78/68 677/79/69
f 665/66/58 664/65/57 673/80/70 674/81/71
f 690/82/17 671/68/59 680/77/67
f 669/70/61 668/69/60 677/79/69 678/83/72
f 666/71/62 665/66/58 674/81/71 675/84/73
f 663/73/63 700/85/20 672/86/74
f 675/84/73 674/81/71 683/94/82 684/87/75
f 672/86/74 700/97/20 681/89/77
f 679/76/66 678/83/72 687/96/83 688/91/79
f 676/78/68 675/84/73 684/87/75 685/88/76
f 673/80/70 672/86/74 681/89/77 682/90/78
f 680/77/67 679/76/66 688/91/79 689/92/80
f 677/79/69 676/78/68 685/88/76 686/93/81
f 674/81/71 673/80/70 682/90/78 683/94/82
f 690/95/17 680/77/67 689/92/80
f 678/83/72 677/79/69 686/93/81 687/96/83
f 687/96/83 686/93/81 696/106/91 697/100/85
f 684/87/75 683/94/82 693/107/92 694/102/87
f 681/89/77 700/98/20 691/99/84
f 688/91/79 687/96/83 697/100/85 698/101/86
f 685/88/76 684/87/75 694/102/87 695/103/88
f 682/90/78 681/89/77 691/99/84 692/104/89
f 689/92/80 688/91/79 698/101/86 699/105/90
f 686/93/81 685/88/76 695/103/88 696/106/91
f 683/94/82 682/90/78 692/104/89 693/107/92
f 690/108/17 689/92/80 699/105/90
f 693/107/92 692/104/89 702/116/99 703/109/93
f 690/119/17 699/105/90 709/117/100
f 697/100/85 696/106/91 706/118/101 707/113/96
f 694/102/87 693/107/92 703/109/93 704/110/94
f 691/99/84 700/111/20 701/112/95
f 698/101/86 697/100/85 707/113/96 708/114/97
f 695/103/88 694/102/87 704/110/94 705/115/98
f 692/104/89 691/99/84 701/112/95 702/116/99
f 699/105/90 698/101/86 708/114/97 709/117/100
f 696/106/91 695/103/88 705/115/98 706/118/101
f 709/117/100 708/114/97 717/128/108 718/121/102
f 706/118/101 705/115/98 714/129/109 715/122/103
f 703/109/93 702/116/99 711/130/110 712/124/105
f 690/120/17 709/117/100 718/121/102
f 707/113/96 706/118/101 715/122/103 716/123/104
f 704/110/94 703/109/93 712/124/105 713/125/106
f 701/112/95 700/126/20 710/127/107
f 708/114/97 707/113/96 716/123/104 717/128/108
f 705/115/98 704/110/94 713/125/106 714/129/109
f 702/116/99 701/112/95 710/127/107 711/130/110
f 714/129/109 713/125/106 722/138/117 723/131/111
f 711/130/110 710/127/107 719/140/118 720/133/113
f 718/121/102 717/128/108 726/141/119 727/136/115
f 715/122/103 714/129/109 723/131/111 724/132/112
f 712/124/105 711/130/110 720/133/113 721/134/114
f 690/135/17 718/121/102 727/136/115
f 716/123/104 715/122/103 724/132/112 725/137/116
f 713/125/106 712/124/105 721/134/114 722/138/117
f 710/127/107 700/139/20 719/140/118
f 717/128/108 716/123/104 725/137/116 726/141/119
f 719/143/118 700/161/20 728/144/120
f 726/147/119 725/157/116 734/158/127 735/148/122
f 723/151/111 722/159/117 731/160/128 732/152/124
f 720/142/113 719/143/118 728/144/120 729/145/121
f 727/146/115 726/147/119 735/148/122 736/149/123
f 724/150/112 723/151/111 732/152/124 733/153/125
f 721/154/114 720/142/113 729/145/121 730/155/126
f 690/156/17 727/146/115 736/149/123
f 725/157/116 724/150/112 733/153/125 734/158/127
f 722/159/117 721/154/114 730/155/126 731/160/128
f 731/160/128 730/155/126 739/169/136 740/162/129
f 728/144/120 700/172/20 737/164/131
f 735/148/122 734/158/127 743/171/137 744/166/133
f 732/152/124 731/160/128 740/162/129 741/163/130
f 729/145/121 728/144/120 737/164/131 738/165/132
f 736/149/123 735/148/122 744/166/133 745/167/134
f 733/153/125 732/152/124 741/163/130 742/168/135
f 730/155/126 729/145/121 738/165/132 739/169/136
f 690/170/17 736/149/123 745/167/134
f 734/158/127 733/153/125 742/168/135 743/171/137
f 690/183/17 745/167/134 754/180/144
f 743/171/137 742/168/135 751/181/145 752/175/139
f 740/162/129 739/169/136 748/182/146 749/177/141
f 737/164/131 700/173/20 746/174/138
f 744/166/133 743/171/137 752/175/139 753/176/140
f 741/163/130 740/162/129 749/177/141 750/178/142
f 738/165/132 737/164/131 746/174/138 747/179/143
f 745/167/134 744/166/133 753/176/140 754/180/144
f 742/168/135 741/163/130 750/178/142 751/181/145
f 739/169/136 738/165/132 747/179/143 748/182/146
f 751/181/145 750/178/142 614/1/1 615/13/13
f 748/182/146 747/179/143 756/5/5 613/15/15
f 690/185/17 754/180/144 617/9/9
f 752/175/139 751/181/145 615/13/13 616/18/18
f 749/177/141 748/182/146 613/15/15 757/2/2
f 746/174/138 700/184/20 755/6/6
f 753/176/140 752/175/139 616/18/18 758/10/10
f 750/178/142 749/177/141 757/2/2 614/1/1
f 747/179/143 746/174/138 755/6/6 756/5/5
f 754/180/144 753/176/140 758/10/10 617/9/9
f 2028/6/6 1973/20/20 1891/7/7
f 2031/10/10 1889/18/18 1897/19/19 1898/11/11
f 1887/1/1 2030/244/2 1894/3/3 1895/4/4
f 2029/5/5 2028/6/6 1891/7/7 1892/8/8
f 1890/9/9 2031/10/10 1898/11/11 1899/12/12
f 1888/13/13 1887/1/1 1895/4/4 1896/14/14
f 1886/15/15 2029/5/5 1892/8/8 1893/16/16
f 1963/17/17 1890/9/9 1899/12/12
f 1889/18/18 1888/13/13 1896/14/14 1897/19/19
f 2030/244/2 1886/15/15 1893/16/16 1894/3/3
f 1898/11/11 1897/19/19 1906/29/28 1907/23/23
f 1895/4/4 1894/3/3 1903/30/29 1904/25/25
f 1892/8/8 1891/7/7 1900/21/21 1901/22/22
f 1899/12/12 1898/11/11 1907/23/23 1908/24/24
f 1896/14/14 1895/4/4 1904/25/25 1905/26/26
f 1893/16/16 1892/8/8 1901/22/22 1902/245/27
f 1963/28/17 1899/12/12 1908/24/24
f 1897/19/19 1896/14/14 1905/26/26 1906/29/28
f 1894/3/3 1893/16/16 1902/245/27 1903/30/29
f 1891/7/7 1973/31/20 1900/21/21
f 1903/30/29 1902/245/27 1911/247/38 1912/34/32
f 1900/21/21 1973/42/20 1909/36/34
f 1907/23/23 1906/29/28 1915/32/30 1916/33/31
f 1904/25/25 1903/30/29 1912/34/32 1913/35/33
f 1901/22/22 1900/21/21 1909/36/34 1910/246/35
f 1908/24/24 1907/23/23 1916/33/31 1917/38/36
f 1905/26/26 1904/25/25 1913/35/33 1914/39/234
f 1902/245/27 1901/22/22 1910/246/35 1911/247/38
f 1963/41/17 1908/24/24 1917/38/36
f 1906/29/28 1905/26/26 1914/39/234 1915/32/30
f 1915/32/30 1914/39/234 1923/252/47 1924/47/42
f 1912/34/32 1911/247/38 1920/253/39 1921/249/40
f 1909/36/34 1973/45/20 1918/46/41
f 1916/33/31 1915/32/30 1924/47/42 1925/48/43
f 1913/35/33 1912/34/32 1921/249/40 1922/49/44
f 1910/246/35 1909/36/34 1918/46/41 1919/250/45
f 1917/38/36 1916/33/31 1925/48/43 1926/51/46
f 1914/39/234 1913/35/33 1922/49/44 1923/252/47
f 1911/247/38 1910/246/35 1919/250/45 1920/253/39
f 1963/53/17 1917/38/36 1926/51/46
f 1920/253/39 1919/250/45 1928/258/55 1929/56/50
f 1963/64/17 1926/51/46 1935/63/56
f 1924/47/42 1923/252/47 1932/260/48 1933/55/49
f 1921/249/40 1920/253/39 1929/56/50 1930/254/51
f 1918/46/41 1973/58/20 1927/59/52
f 1925/48/43 1924/47/42 1933/55/49 1934/257/53
f 1922/49/44 1921/249/40 1930/254/51 1931/61/54
f 1919/250/45 1918/46/41 1927/59/52 1928/258/55
f 1926/51/46 1925/48/43 1934/257/53 1935/63/56
f 1923/252/47 1922/49/44 1931/61/54 1932/260/48
f 1935/63/56 1934/257/53 1943/268/64 1944/68/59
f 1932/260/48 1931/61/54 1940/269/65 1941/263/60
f 1929/56/50 1928/258/55 1937/270/57 1938/265/58
f 1963/408/17 1935/63/56 1944/68/59
f 1933/55/49 1932/260/48 1941/263/60 1942/264/61
f 1930/254/51 1929/56/50 1938/265/58 1939/266/62
f 1927/59/52 1973/411/20 1936/73/63
f 1934/257/53 1933/55/49 1942/264/61 1943/268/64
f 1931/61/54 1930/254/51 1939/266/62 1940/269/65
f 1928/258/55 1927/59/52 1936/73/63 1937/270/57
f 1940/269/65 1939/266/62 1948/84/73 1949/333/68
f 1937/270/57 1936/73/63 1945/413/74 1946/271/70
f 1944/68/59 1943/268/64 1952/76/66 1953/412/67
f 1941/263/60 1940/269/65 1949/333/68 1950/79/69
f 1938/265/58 1937/270/57 1946/271/70 1947/272/71
f 1963/82/17 1944/68/59 1953/412/67
f 1942/264/61 1941/263/60 1950/79/69 1951/275/72
f 1939/266/62 1938/265/58 1947/272/71 1948/84/73
f 1936/73/63 1973/85/20 1945/413/74
f 1943/268/64 1942/264/61 1951/275/72 1952/76/66
f 1945/413/74 1973/97/20 1954/89/77
f 1952/76/66 1951/275/72 1960/418/83 1961/91/79
f 1949/333/68 1948/84/73 1957/87/75 1958/88/76
f 1946/271/70 1945/413/74 1954/89/77 1955/278/78
f 1953/412/67 1952/76/66 1961/91/79 1962/92/80
f 1950/79/69 1949/333/68 1958/88/76 1959/93/81
f 1947/272/71 1946/271/70 1955/278/78 1956/279/82
f 1963/95/17 1953/412/67 1962/92/80
f 1951/275/72 1950/79/69 1959/93/81 1960/418/83
f 1948/84/73 1947/272/71 1956/279/82 1957/87/75
f 1957/87/75 1956/279/82 1966/284/92 1967/102/87
f 1954/89/77 1973/98/20 1964/99/84
f 1961/91/79 1960/418/83 1970/419/85 1971/101/86
f 1958/88/76 1957/87/75 1967/102/87 1968/103/88
f 1955/278/78 1954/89/77 1964/99/84 1965/283/89
f 1962/92/80 1961/91/79 1971/101/86 1972/105/90
f 1959/93/81 1958/88/76 1968/103/88 1969/106/91
f 1956/279/82 1955/278/78 1965/283/89 1966/284/92
f 1963/108/17 1962/92/80 1972/105/90
f 1960/418/83 1959/93/81 1969/106/91 1970/419/85
f 1963/119/17 1972/105/90 1982/117/100
f 1970/419/85 1969/106/91 1979/296/101 1980/421/96
f 1967/102/87 1966/284/92 1976/109/93 1977/292/94
f 1964/99/84 1973/111/20 1974/112/95
f 1971/101/86 1970/419/85 1980/421/96 1981/291/97
f 1968/103/88 1967/102/87 1977/292/94 1978/115/98
f 1965/283/89 1964/99/84 1974/112/95 1975/495/99
f 1972/105/90 1971/101/86 1981/291/97 1982/117/100
f 1969/106/91 1968/103/88 1978/115/98 1979/296/101
f 1966/284/92 1965/283/89 1975/495/99 1976/109/93
f 1979/296/101 1978/115/98 1987/129/109 1988/122/247
f 1976/109/93 1975/495/99 1984/300/110 1985/496/105
f 1963/120/17 1982/117/100 1991/121/102
f 1980/421/96 1979/296/101 1988/122/247 1989/497/104
f 1977/292/94 1976/109/93 1985/496/105 1986/125/106
f 1974/112/95 1973/126/20 1983/127/107
f 1981/291/97 1980/421/96 1989/497/104 1990/128/108
f 1978/115/98 1977/292/94 1986/125/106 1987/129/109
f 1975/495/99 1974/112/95 1983/127/107 1984/300/110
f 1982/117/100 1981/291/97 1990/128/108 1991/121/102
f 1984/300/110 1983/127/107 1992/140/118 1993/133/113
f 1991/121/102 1990/128/108 1999/141/119 2000/136/115
f 1988/122/247 1987/129/109 1996/131/111 1997/132/112
f 1985/496/105 1984/300/110 1993/133/113 1994/134/114
f 1963/135/17 1991/121/102 2000/136/115
f 1989/497/104 1988/122/247 1997/132/112 1998/429/116
f 1986/125/106 1985/496/105 1994/134/114 1995/138/117
f 1983/127/107 1973/139/20 1992/140/118
f 1990/128/108 1989/497/104 1998/429/116 1999/141/119
f 1987/129/109 1986/125/106 1995/138/117 1996/131/111
f 1996/151/111 1995/159/117 2004/160/128 2005/152/124
f 1993/142/113 1992/143/118 2001/435/120 2002/498/121
f 2000/146/115 1999/147/119 2008/309/122 2009/433/123
f 1997/150/112 1996/151/111 2005/152/124 2006/153/125
f 1994/154/114 1993/142/113 2002/498/121 2003/306/126
f 1963/156/17 2000/146/115 2009/433/123
f 1998/434/116 1997/150/112 2006/153/125 2007/307/127
f 1995/159/117 1994/154/114 2003/306/126 2004/160/128
f 1992/143/118 1973/161/20 2001/435/120
f 1999/147/119 1998/434/116 2007/307/127 2008/309/122
f 2001/435/120 1973/172/20 2010/164/131
f 2008/309/122 2007/307/127 2016/171/137 2017/166/133
f 2005/152/124 2004/160/128 2013/162/129 2014/499/130
f 2002/498/121 2001/435/120 2010/164/131 2011/165/132
f 2009/433/123 2008/309/122 2017/166/133 2018/167/134
f 2006/153/125 2005/152/124 2014/499/130 2015/168/135
f 2003/306/126 2002/498/121 2011/165/132 2012/169/136
f 1963/170/17 2009/433/123 2018/167/134
f 2007/307/127 2006/153/125 2015/168/135 2016/171/137
f 2004/160/128 2003/306/126 2012/169/136 2013/162/129
f 2016/171/137 2015/168/135 2024/181/145 2025/175/139
f 2013/162/129 2012/169/136 2021/182/146 2022/177/141
f 2010/164/131 1973/173/20 2019/174/138
f 2017/166/133 2016/171/137 2025/175/139 2026/176/140
f 2014/499/130 2013/162/129 2022/177/141 2023/178/142
f 2011/165/132 2010/164/131 2019/174/138 2020/179/143
f 2018/167/134 2017/166/133 2026/176/140 2027/180/144
f 2015/168/135 2014/499/130 2023/178/142 2024/181/145
f 2012/169/136 2011/165/132 2020/179/143 2021/182/146
f 1963/183/17 2018/167/134 2027/180/144
f 2021/182/146 2020/179/143 2029/5/5 1886/15/15
f 1963/185/17 2027/180/144 1890/9/9
f 2025/175/139 2024/181/145 1888/13/13 1889/18/18
f 2022/177/141 2021/182/146 1886/15/15 2030/244/2
f 2019/174/138 1973/184/20 2028/6/6
f 2026/176/140 2025/175/139 1889/18/18 2031/10/10
f 2023/178/142 2022/177/141 2030/244/2 1887/1/1
f 2020/179/143 2019/174/138 2028/6/6 2029/5/5
f 2027/180/144 2026/176/140 2031/10/10 1890/9/9
f 2024/181/145 2023/178/142 1887/1/1 1888/13/13
f 2819/1/1 2962/244/2 2826/3/3 2827/4/4
f 2961/5/5 2960/6/6 2823/7/7 2824/8/8
f 2822/9/9 2963/10/10 2830/11/11 2831/12/12
f 2820/13/13 2819/1/1 2827/4/4 2828/14/14
f 2818/15/15 2961/5/5 2824/8/8 2825/16/16
f 2895/17/17 2822/9/9 2831/12/12
f 2821/18/18 2820/13/13 2828/14/14 2829/19/19
f 2962/244/2 2818/15/15 2825/16/16 2826/3/3
f 2960/6/6 2905/20/20 2823/7/7
f 2963/10/10 2821/18/18 2829/19/19 2830/11/11
f 2827/4/4 2826/3/3 2835/30/29 2836/25/25
f 2824/8/8 2823/7/7 2832/21/21 2833/22/22
f 2831/12/12 2830/11/11 2839/23/23 2840/24/24
f 2828/14/14 2827/4/4 2836/25/25 2837/26/26
f 2825/16/16 2824/8/8 2833/22/22 2834/245/27
f 2895/28/17 2831/12/12 2840/24/24
f 2829/19/19 2828/14/14 2837/26/26 2838/29/28
f 2826/3/3 2825/16/16 2834/245/27 2835/30/29
f 2823/7/7 2905/31/20 2832/21/21
f 2830/11/11 2829/19/19 2838/29/28 2839/23/23
f 2832/21/21 2905/42/20 2841/36/34
f 2839/23/23 2838/29/28 2847/32/30 2848/33/31
f 2836/25/25 2835/30/29 2844/34/32 2845/35/33
f 2833/22/22 2832/21/21 2841/36/34 2842/246/35
f 2840/24/24 2839/23/23 2848/33/31 2849/38/36
f 2837/26/26 2836/25/25 2845/35/33 2846/39/234
f 2834/245/27 2833/22/22 2842/246/35 2843/247/38
f 2895/41/17 2840/24/24 2849/38/36
f 2838/29/28 2837/26/26 2846/39/234 2847/32/30
f 2835/30/29 2834/245/27 2843/247/38 2844/34/32
f 2844/34/32 2843/247/38 2852/253/39 2853/249/40
f 2841/36/34 2905/45/20 2850/46/41
f 2848/33/31 2847/32/30 2856/47/42 2857/48/43
f 2845/35/33 2844/34/32 2853/249/40 2854/49/44
f 2842/246/35 2841/36/34 2850/46/41 2851/250/45
f 2849/38/36 2848/33/31 2857/48/43 2858/51/46
f 2846/39/234 2845/35/33 2854/49/44 2855/252/47
f 2843/247/38 2842/246/35 2851/250/45 2852/253/39
f 2895/53/17 2849/38/36 2858/51/46
f 2847/32/30 2846/39/234 2855/252/47 2856/47/42
f 2895/64/17 2858/51/46 2867/63/56
f 2856/47/42 2855/252/47 2864/260/48 2865/55/49
f 2853/249/40 2852/253/39 2861/56/50 2862/254/51
f 2850/46/41 2905/58/20 2859/59/52
f 2857/48/43 2856/47/42 2865/55/49 2866/257/53
f 2854/49/44 2853/249/40 2862/254/51 2863/61/54
f 2851/250/45 2850/46/41 2859/59/52 2860/258/55
f 2858/51/46 2857/48/43 2866/257/53 2867/63/56
f 2855/252/47 2854/49/44 2863/61/54 2864/260/48
f 2852/253/39 2851/250/45 2860/258/55 2861/56/50
f 2864/260/48 2863/61/54 2872/269/65 2873/263/60
f 2861/56/50 2860/258/55 2869/270/57 2870/265/58
f 2895/408/17 2867/63/56 2876/68/59
f 2865/55/49 2864/260/48 2873/263/60 2874/264/61
f 2862/254/51 2861/56/50 2870/265/58 2871/266/62
f 2859/59/52 2905/411/20 2868/73/63
f 2866/257/53 2865/55/49 2874/264/61 2875/268/64
f 2863/61/54 2862/254/51 2871/266/62 2872/269/65
f 2860/258/55 2859/59/52 2868/73/63 2869/270/57
f 2867/63/56 2866/257/53 2875/268/64 2876/68/59
f 2869/270/57 2868/73/63 2877/413/74 2878/271/70
f 2876/68/59 2875/268/64 2884/76/66 2885/412/67
f 2873/263/60 2872/269/65 2881/333/68 2882/79/69
f 2870/265/58 2869/270/57 2878/271/70 2879/272/71
f 2895/82/17 2876/68/59 2885/412/67
f 2874/264/61 2873/263/60 2882/79/69 2883/275/72
f 2871/266/62 2870/265/58 2879/272/71 2880/84/73
f 2868/73/63 2905/85/20 2877/413/74
f 2875/268/64 2874/264/61 2883/275/72 2884/76/66
f 2872/269/65 2871/266/62 2880/84/73 2881/333/68
f 2881/333/68 2880/84/73 2889/87/75 2890/88/76
f 2878/271/70 2877/413/74 2886/89/77 2887/278/78
f 2885/412/67 2884/76/66 2893/91/79 2894/92/80
f 2882/79/69 2881/333/68 2890/88/76 2891/93/81
f 2879/272/71 2878/271/70 2887/278/78 2888/279/82
f 2895/95/17 2885/412/67 2894/92/80
f 2883/275/72 2882/79/69 2891/93/81 2892/418/83
f 2880/84/73 2879/272/71 2888/279/82 2889/87/75
f 2877/413/74 2905/97/20 2886/89/77
f 2884/76/66 2883/275/72 2892/418/83 2893/91/79
f 2886/89/77 2905/98/20 2896/99/84
f 2893/91/79 2892/418/83 2902/419/85 2903/101/86
f 2890/88/76 2889/87/75 2899/102/87 2900/103/88
f 2887/278/78 2886/89/77 2896/99/84 2897/283/89
f 2894/92/80 2893/91/79 2903/101/86 2904/105/90
f 2891/93/81 2890/88/76 2900/103/88 2901/106/91
f 2888/279/82 2887/278/78 2897/283/89 2898/284/92
f 2895/108/17 2894/92/80 2904/105/90
f 2892/418/83 2891/93/81 2901/106/91 2902/419/85
f 2889/87/75 2888/279/82 2898/284/92 2899/102/87
f 2902/419/85 2901/106/91 2911/296/101 2912/421/96
f 2899/102/87 2898/284/92 2908/109/93 2909/292/94
f 2896/99/84 2905/111/20 2906/112/95
f 2903/101/86 2902/419/85 2912/421/96 2913/291/97
f 2900/103/88 2899/102/87 2909/292/94 2910/115/98
f 2897/283/89 2896/99/84 2906/112/95 2907/495/99
f 2904/105/90 2903/101/86 2913/291/97 2914/117/100
f 2901/106/91 2900/103/88 2910/115/98 2911/296/101
f 2898/284/92 2897/283/89 2907/495/99 2908/109/93
f 2895/119/17 2904/105/90 2914/117/100
f 2908/109/93 2907/495/99 2916/300/110 2917/496/105
f 2895/120/17 2914/117/100 2923/121/102
f 2912/421/96 2911/296/101 2920/122/247 2921/497/104
f 2909/292/94 2908/109/93 2917/496/105 2918/125/106
f 2906/112/95 2905/126/20 2915/127/107
f 2913/291/97 2912/421/96 2921/497/104 2922/128/108
f 2910/115/98 2909/292/94 2918/125/106 2919/129/109
f 2907/495/99 2906/112/95 2915/127/107 2916/300/110
f 2914/117/100 2913/291/97 2922/128/108 2923/121/102
f 2911/296/101 2910/115/98 2919/129/109 2920/122/247
f 2920/122/247 2919/129/109 2928/131/111 2929/132/112
f 2917/496/105 2916/300/110 2925/133/113 2926/134/114
f 2895/135/17 2923/121/102 2932/136/115
f 2921/497/104 2920/122/247 2929/132/112 2930/429/116
f 2918/125/106 2917/496/105 2926/134/114 2927/138/117
f 2915/127/107 2905/139/20 2924/140/118
f 2922/128/108 2921/497/104 2930/429/116 2931/141/119
f 2919/129/109 2918/125/106 2927/138/117 2928/131/111
f 2916/300/110 2915/127/107 2924/140/118 2925/133/113
f 2923/121/102 2922/128/108 2931/141/119 2932/136/115
f 2925/142/113 2924/143/118 2933/435/120 2934/498/121
f 2932/146/115 2931/147/119 2940/309/122 2941/433/123
f 2929/150/112 2928/151/111 2937/152/124 2938/153/125
f 2926/154/114 2925/142/113 2934/498/121 2935/306/126
f 2895/156/17 2932/146/115 2941/433/123
f 2930/434/116 2929/150/112 2938/153/125 2939/307/127
f 2927/159/117 2926/154/114 2935/306/126 2936/160/128
f 2924/143/118 2905/161/20 2933/435/120
f 2931/147/119 2930/434/116 2939/307/127 2940/309/122
f 2928/151/111 2927/159/117 2936/160/128 2937/152/124
f 2940/309/122 2939/307/127 2948/171/137 2949/166/133
f 2937/152/124 2936/160/128 2945/162/129 2946/499/130
f 2934/498/121 2933/435/120 2942/164/131 2943/165/132
f 2941/433/123 2940/309/122 2949/166/133 2950/167/134
f 2938/153/125 2937/152/124 2946/499/130 2947/168/135
f 2935/306/126 2934/498/121 2943/165/132 2944/169/136
f 2895/170/17 2941/433/123 2950/167/134
f 2939/307/127 2938/153/125 2947/168/135 2948/171/137
f 2936/160/128 2935/306/126 2944/169/136 2945/162/129
f 2933/435/120 2905/172/20 2942/164/131
f 2945/162/129 2944/169/136 2953/182/146 2954/177/141
f 2942/164/131 2905/173/20 2951/174/138
f 2949/166/133 2948/171/137 2957/175/139 2958/176/140
f 2946/499/130 2945/162/129 2954/177/141 2955/178/142
f 2943/165/132 2942/164/131 2951/174/138 2952/179/143
f 2950/167/134 2949/166/133 2958/176/140 2959/180/144
f 2947/168/135 2946/499/130 2955/178/142 2956/181/145
f 2944/169/136 2943/165/132 2952/179/143 2953/182/146
f 2895/183/17 2950/167/134 2959/180/144
f 2948/171/137 2947/168/135 2956/181/145 2957/175/139
f 2957/175/139 2956/181/145 2820/13/13 2821/18/18
f 2954/177/141 2953/182/146 2818/15/15 2962/244/2
f 2951/174/138 2905/184/20 2960/6/6
f 2958/176/140 2957/175/139 2821/18/18 2963/10/10
f 2955/178/142 2954/177/141 2962/244/2 2819/1/1
f 2952/179/143 2951/174/138 2960/6/6 2961/5/5
f 2959/180/144 2958/176/140 2963/10/10 2822/9/9
f 2956/181/145 2955/178/142 2819/1/1 2820/13/13
f 2953/182/146 2952/179/143 2961/5/5 2818/15/15
f 2895/185/17 2959/180/144 2822/9/9
f 2964/151/319 2965/186/320 2967/187/321 2966/188/322
f 2966/188/322 2967/187/321 2969/189/323 2968/190/324
f 2968/190/324 2969/189/323 2971/191/325 2970/192/326
f 2970/192/326 2971/191/325 2973/193/327 2972/194/328
f 2972/194/328 2973/193/327 2975/195/329 2974/196/330
f 2974/196/330 2975/195/329 2977/197/331 2976/198/332
f 2976/198/332 2977/197/331 2979/199/333 2978/200/334
f 2978/200/334 2979/199/333 2981/201/335 2980/202/336
f 2980/202/336 2981/201/335 2983/203/337 2982/204/338
f 2982/204/338 2983/203/337 2985/205/339 2984/206/340
f 2984/206/340 2985/205/339 2987/207/341 2986/208/342
f 2986/208/342 2987/207/341 2989/209/343 2988/210/344
f 2967/211/321 2965/212/320 2991/213/345 2989/214/343 2987/215/341 2985/216/339 2983/217/337 2981/218/335 2979/219/333 2977/220/331 2975/221/329 2973/222/327 2971/223/325 2969/224/323
f 2988/210/344 2989/209/343 2991/225/345 2990/226/346
f 2990/226/346 2991/225/345 2965/227/320 2964/228/319
f 2964/229/319 2966/230/322 2968/231/324 2970/232/326 2972/233/328 2974/234/330 2976/235/332 2978/236/334 2980/237/336 2982/238/338 2984/239/340 2986/240/342 2988/241/344 2990/242/346
f 2992/15/15 3135/5/5 2998/8/8 2999/16/16
f 3069/17/17 2996/9/9 3005/12/12
f 2995/18/18 2994/13/13 3002/14/14 3003/19/19
f 3136/2/2 2992/15/15 2999/16/16 3000/3/3
f 3134/6/6 3079/20/20 2997/7/7
f 3137/10/10 2995/18/18 3003/19/19 3004/11/11
f 2993/1/1 3136/2/2 3000/3/3 3001/4/4
f 3135/5/5 3134/6/6 2997/7/7 2998/8/8
f 2996/9/9 3137/10/10 3004/11/11 3005/12/12
f 2994/13/13 2993/1/1 3001/4/4 3002/14/14
f 3069/28/17 3005/12/12 3014/24/24
f 3003/19/19 3002/14/14 3011/26/26 3012/29/28
f 3000/3/3 2999/16/16 3008/27/27 3009/30/29
f 2997/7/7 3079/31/20 3006/21/21
f 3004/11/11 3003/19/19 3012/29/28 3013/23/23
f 3001/4/4 3000/3/3 3009/30/29 3010/25/25
f 2998/8/8 2997/7/7 3006/21/21 3007/22/22
f 3005/12/12 3004/11/11 3013/23/23 3014/24/24
f 3002/14/14 3001/4/4 3010/25/25 3011/26/26
f 2999/16/16 2998/8/8 3007/22/22 3008/27/27
f 3011/26/26 3010/25/25 3019/35/33 3020/39/37
f 3008/27/27 3007/22/22 3016/37/35 3017/40/38
f 3069/41/17 3014/24/24 3023/38/36
f 3012/29/28 3011/26/26 3020/39/37 3021/32/30
f 3009/30/29 3008/27/27 3017/40/38 3018/34/32
f 3006/21/21 3079/42/20 3015/36/34
f 3013/23/23 3012/29/28 3021/32/30 3022/33/31
f 3010/25/25 3009/30/29 3018/34/32 3019/35/33
f 3007/22/22 3006/21/21 3015/36/34 3016/37/35
f 3014/24/24 3013/23/23 3022/33/31 3023/38/36
f 3016/37/35 3015/36/34 3024/46/41 3025/50/45
f 3023/38/36 3022/33/31 3031/48/43 3032/51/46
f 3020/39/37 3019/35/33 3028/49/44 3029/52/47
f 3017/40/38 3016/37/35 3025/50/45 3026/43/39
f 3069/53/17 3023/38/36 3032/51/46
f 3021/32/30 3020/39/37 3029/52/47 3030/47/42
f 3018/34/32 3017/40/38 3026/43/39 3027/44/40
f 3015/36/34 3079/45/20 3024/46/41
f 3022/33/31 3021/32/30 3030/47/42 3031/48/43
f 3019/35/33 3018/34/32 3027/44/40 3028/49/44
f 3028/49/44 3027/44/40 3036/57/51 3037/61/54
f 3025/50/45 3024/46/41 3033/59/52 3034/62/55
f 3032/51/46 3031/48/43 3040/60/53 3041/63/56
f 3029/52/47 3028/49/44 3037/61/54 3038/54/48
f 3026/43/39 3025/50/45 3034/62/55 3035/56/50
f 3069/64/17 3032/51/46 3041/63/56
f 3030/47/42 3029/52/47 3038/54/48 3039/55/49
f 3027/44/40 3026/43/39 3035/56/50 3036/57/51
f 3024/46/41 3079/58/20 3033/59/52
f 3031/48/43 3030/47/42 3039/55/49 3040/60/53
f 3033/59/52 3079/72/20 3042/73/63
f 3040/60/53 3039/55/49 3048/70/61 3049/74/64
f 3037/61/54 3036/57/51 3045/71/62 3046/75/65
f 3034/62/55 3033/59/52 3042/73/63 3043/65/57
f 3041/63/56 3040/60/53 3049/74/64 3050/68/59
f 3038/54/48 3037/61/54 3046/75/65 3047/69/60
f 3035/56/50 3034/62/55 3043/65/57 3044/66/58
f 3069/67/17 3041/63/56 3050/68/59
f 3039/55/49 3038/54/48 3047/69/60 3048/70/61
f 3036/57/51 3035/56/50 3044/66/58 3045/71/62
f 3048/70/61 3047/69/60 3056/79/69 3057/83/72
f 3045/71/62 3044/66/58 3053/81/71 3054/84/73
f 3042/73/63 3079/85/20 3051/86/74
f 3049/74/64 3048/70/61 3057/83/72 3058/76/66
f 3046/75/65 3045/71/62 3054/84/73 3055/78/68
f 3043/65/57 3042/73/63 3051/86/74 3052/80/70
f 3050/68/59 3049/74/64 3058/76/66 3059/77/67
f 3047/69/60 3046/75/65 3055/78/68 3056/79/69
f 3044/66/58 3043/65/57 3052/80/70 3053/81/71
f 3069/82/17 3050/68/59 3059/77/67
f 3053/81/71 3052/80/70 3061/90/78 3062/94/82
f 3069/95/17 3059/77/67 3068/92/80
f 3057/83/72 3056/79/69 3065/93/81 3066/96/83
f 3054/84/73 3053/81/71 3062/94/82 3063/87/75
f 3051/86/74 3079/97/20 3060/89/77
f 3058/76/66 3057/83/72 3066/96/83 3067/91/79
f 3055/78/68 3054/84/73 3063/87/75 3064/88/76
f 3052/80/70 3051/86/74 3060/89/77 3061/90/78
f 3059/77/67 3058/76/66 3067/91/79 3068/92/80
f 3056/79/69 3055/78/68 3064/88/76 3065/93/81
f 3065/93/81 3064/88/76 3074/103/88 3075/106/91
f 3062/94/82 3061/90/78 3071/104/89 3072/107/92
f 3069/108/17 3068/92/80 3078/105/90
f 3066/96/83 3065/93/81 3075/106/91 3076/100/85
f 3063/87/75 3062/94/82 3072/107/92 3073/102/87
f 3060/89/77 3079/98/20 3070/99/84
f 3067/91/79 3066/96/83 3076/100/85 3077/101/86
f 3064/88/76 3063/87/75 3073/102/87 3074/103/88
f 3061/90/78 3060/89/77 3070/99/84 3071/104/89
f 3068/92/80 3067/91/79 3077/101/86 3078/105/90
f 3071/104/89 3070/99/84 3080/112/95 3081/116/99
f 3078/105/90 3077/101/86 3087/114/97 3088/117/100
f 3075/106/91 3074/103/88 3084/115/98 3085/118/101
f 3072/107/92 3071/104/89 3081/116/99 3082/109/93
f 3069/119/17 3078/105/90 3088/117/100
f 3076/100/85 3075/106/91 3085/118/101 3086/113/96
f 3073/102/87 3072/107/92 3082/109/93 3083/110/94
f 3070/99/84 3079/111/20 3080/112/95
f 3077/101/86 3076/100/85 3086/113/96 3087/114/97
f 3074/103/88 3073/102/87 3083/110/94 3084/115/98
f 3087/114/97 3086/113/96 3095/123/104 3096/128/108
f 3084/115/98 3083/110/94 3092/125/106 3093/129/109
f 3081/116/99 3080/112/95 3089/127/107 3090/130/110
f 3088/117/100 3087/114/97 3096/128/108 3097/121/102
f 3085/118/101 3084/115/98 3093/129/109 3094/122/103
f 3082/109/93 3081/116/99 3090/130/110 3091/124/105
f 3069/120/17 3088/117/100 3097/121/102
f 3086/113/96 3085/118/101 3094/122/103 3095/123/104
f 3083/110/94 3082/109/93 3091/124/105 3092/125/106
f 3080/112/95 3079/126/20 3089/127/107
f 3092/125/106 3091/124/105 3100/134/114 3101/138/117
f 3089/127/107 3079/139/20 3098/140/118
f 3096/128/108 3095/123/104 3104/137/116 3105/141/119
f 3093/129/109 3092/125/106 3101/138/117 3102/131/111
f 3090/130/110 3089/127/107 3098/140/118 3099/133/113
f 3097/121/102 3096/128/108 3105/141/119 3106/136/115
f 3094/122/103 3093/129/109 3102/131/111 3103/132/112
f 3091/124/105 3090/130/110 3099/133/113 3100/134/114
f 3069/135/17 3097/121/102 3106/136/115
f 3095/123/104 3094/122/103 3103/132/112 3104/137/116
f 3104/157/116 3103/150/112 3112/153/125 3113/158/127
f 3101/159/117 3100/154/114 3109/155/126 3110/160/128
f 3098/143/118 3079/161/20 3107/144/120
f 3105/147/119 3104/157/116 3113/158/127 3114/148/122
f 3102/151/111 3101/159/117 3110/160/128 3111/152/124
f 3099/142/113 3098/143/118 3107/144/120 3108/145/121
f 3106/146/115 3105/147/119 3114/148/122 3115/149/123
f 3103/150/112 3102/151/111 3111/152/124 3112/153/125
f 3100/154/114 3099/142/113 3108/145/121 3109/155/126
f 3069/156/17 3106/146/115 3115/149/123
f 3109/155/126 3108/145/121 3117/165/132 3118/169/136
f 3069/170/17 3115/149/123 3124/167/134
f 3113/158/127 3112/153/125 3121/168/135 3122/171/137
f 3110/160/128 3109/155/126 3118/169/136 3119/162/129
f 3107/144/120 3079/172/20 3116/164/131
f 3114/148/122 3113/158/127 3122/171/137 3123/166/133
f 3111/152/124 3110/160/128 3119/162/129 3120/163/130
f 3108/145/121 3107/144/120 3116/164/131 3117/165/132
f 3115/149/123 3114/148/122 3123/166/133 3124/167/134
f 3112/153/125 3111/152/124 3120/163/130 3121/168/135
f 3124/167/134 3123/166/133 3132/176/140 3133/180/144
f 3121/168/135 3120/163/130 3129/178/142 3130/181/145
f 3118/169/136 3117/165/132 3126/179/143 3127/182/146
f 3069/183/17 3124/167/134 3133/180/144
f 3122/171/137 3121/168/135 3130/181/145 3131/175/139
f 3119/162/129 3118/169/136 3127/182/146 3128/177/141
f 3116/164/131 3079/173/20 3125/174/138
f 3123/166/133 3122/171/137 3131/175/139 3132/176/140
f 3120/163/130 3119/162/129 3128/177/141 3129/178/142
f 3117/165/132 3116/164/131 3125/174/138 3126/179/143
f 3129/178/142 3128/177/141 3136/2/2 2993/1/1
f 3126/179/143 3125/174/138 3134/6/6 3135/5/5
f 3133/180/144 3132/176/140 3137/10/10 2996/9/9
f 3130/181/145 3129/178/142 2993/1/1 2994/13/13
f 3127/182/146 3126/179/143 3135/5/5 2992/15/15
f 3069/185/17 3133/180/144 2996/9/9
f 3131/175/139 3130/181/145 2994/13/13 2995/18/18
f 3128/177/141 3127/182/146 2992/15/15 3136/2/2
f 3125/174/138 3079/184/20 3134/6/6
f 3132/176/140 3131/175/139 2995/18/18 3137/10/10
f 3282/2/2 3138/15/15 3145/16/16 3146/3/3
f 3280/6/6 3225/20/20 3143/7/7
f 3283/10/10 3141/18/18 3149/19/19 3150/11/11
f 3139/1/1 3282/2/2 3146/3/3 3147/4/4
f 3281/5/5 3280/6/6 3143/7/7 3144/8/8
f 3142/9/9 3283/10/10 3150/11/11 3151/12/12
f 3140/13/13 3139/1/1 3147/4/4 3148/14/14
f 3138/15/15 3281/5/5 3144/8/8 3145/16/16
f 3215/17/17 3142/9/9 3151/12/12
f 3141/18/18 3140/13/13 3148/14/14 3149/19/19
f 3146/3/3 3145/16/16 3154/27/27 3155/30/29
f 3143/7/7 3225/31/20 3152/21/21
f 3150/11/11 3149/19/19 3158/29/28 3159/23/23
f 3147/4/4 3146/3/3 3155/30/29 3156/25/25
f 3144/8/8 3143/7/7 3152/21/21 3153/22/22
f 3151/12/12 3150/11/11 3159/23/23 3160/24/24
f 3148/14/14 3147/4/4 3156/25/25 3157/26/26
f 3145/16/16 3144/8/8 3153/22/22 3154/27/27
f 3215/28/17 3151/12/12 3160/24/24
f 3149/19/19 3148/14/14 3157/26/26 3158/29/28
f 3158/29/28 3157/26/26 3166/39/37 3167/32/30
f 3155/30/29 3154/27/27 3163/40/38 3164/34/32
f 3152/21/21 3225/42/20 3161/36/34
f 3159/23/23 3158/29/28 3167/32/30 3168/33/31
f 3156/25/25 3155/30/29 3164/34/32 3165/35/33
f 3153/22/22 3152/21/21 3161/36/34 3162/37/35
f 3160/24/24 3159/23/23 3168/33/31 3169/38/36
f 3157/26/26 3156/25/25 3165/35/33 3166/39/37
f 3154/27/27 3153/22/22 3162/37/35 3163/40/38
f 3215/41/17 3160/24/24 3169/38/36
f 3163/40/38 3162/37/35 3171/50/45 3172/43/39
f 3215/53/17 3169/38/36 3178/51/46
f 3167/32/30 3166/39/37 3175/52/47 3176/47/42
f 3164/34/32 3163/40/38 3172/43/39 3173/44/40
f 3161/36/34 3225/45/20 3170/46/41
f 3168/33/31 3167/32/30 3176/47/42 3177/48/43
f 3165/35/33 3164/34/32 3173/44/40 3174/49/44
f 3162/37/35 3161/36/34 3170/46/41 3171/50/45
f 3169/38/36 3168/33/31 3177/48/43 3178/51/46
f 3166/39/37 3165/35/33 3174/49/44 3175/52/47
f 3178/51/46 3177/48/43 3186/60/53 3187/63/56
f 3175/52/47 3174/49/44 3183/61/54 3184/54/48
f 3172/43/39 3171/50/45 3180/62/55 3181/56/50
f 3215/64/17 3178/51/46 3187/63/56
f 3176/47/42 3175/52/47 3184/54/48 3185/55/49
f 3173/44/40 3172/43/39 3181/56/50 3182/57/51
f 3170/46/41 3225/58/20 3179/59/52
f 3177/48/43 3176/47/42 3185/55/49 3186/60/53
f 3174/49/44 3173/44/40 3182/57/51 3183/61/54
f 3171/50/45 3170/46/41 3179/59/52 3180/62/55
f 3183/61/54 3182/57/51 3191/71/62 3192/75/65
f 3180/62/55 3179/59/52 3188/73/63 3189/65/57
f 3187/63/56 3186/60/53 3195/74/64 3196/68/59
f 3184/54/48 3183/61/54 3192/75/65 3193/69/60
f 3181/56/50 3180/62/55 3189/65/57 3190/66/58
f 3215/67/17 3187/63/56 3196/68/59
f 3185/55/49 3184/54/48 3193/69/60 3194/70/61
f 3182/57/51 3181/56/50 3190/66/58 3191/71/62
f 3179/59/52 3225/72/20 3188/73/63
f 3186/60/53 3185/55/49 3194/70/61 3195/74/64
f 3188/73/63 3225/85/20 3197/86/74
f 3195/74/64 3194/70/61 3203/83/72 3204/76/66
f 3192/75/65 3191/71/62 3200/84/73 3201/78/68
f 3189/65/57 3188/73/63 3197/86/74 3198/80/70
f 3196/68/59 3195/74/64 3204/76/66 3205/77/67
f 3193/69/60 3192/75/65 3201/78/68 3202/79/69
f 3190/66/58 3189/65/57 3198/80/70 3199/81/71
f 3215/82/17 3196/68/59 3205/77/67
f 3194/70/61 3193/69/60 3202/79/69 3203/83/72
f 3191/71/62 3190/66/58 3199/81/71 3200/84/73
f 3200/84/73 3199/81/71 3208/94/82 3209/87/75
f 3197/86/74 3225/97/20 3206/89/77
f 3204/76/66 3203/83/72 3212/96/83 3213/91/79
f 3201/78/68 3200/84/73 3209/87/75 3210/88/76
f 3198/80/70 3197/86/74 3206/89/77 3207/90/78
f 3205/77/67 3204/76/66 3213/91/79 3214/92/80
f 3202/79/69 3201/78/68 3210/88/76 3211/93/81
f 3199/81/71 3198/80/70 3207/90/78 3208/94/82
f 3215/95/17 3205/77/67 3214/92/80
f 3203/83/72 3202/79/69 3211/93/81 3212/96/83
f 3215/108/17 3214/92/80 3224/105/90
f 3212/96/83 3211/93/81 3221/106/91 3222/100/85
f 3209/87/75 3208/94/82 3218/107/92 3219/102/87
f 3206/89/77 3225/98/20 3216/99/84
f 3213/91/79 3212/96/83 3222/100/85 3223/101/86
f 3210/88/76 3209/87/75 3219/102/87 3220/103/88
f 3207/90/78 3206/89/77 3216/99/84 3217/104/89
f 3214/92/80 3213/91/79 3223/101/86 3224/105/90
f 3211/93/81 3210/88/76 3220/103/88 3221/106/91
f 3208/94/82 3207/90/78 3217/104/89 3218/107/92
f 3221/106/91 3220/103/88 3230/115/98 3231/118/101
f 3218/107/92 3217/104/89 3227/116/99 3228/109/93
f 3215/119/17 3224/105/90 3234/117/100
f 3222/100/85 3221/106/91 3231/118/101 3232/113/96
f 3219/102/87 3218/107/92 3228/109/93 3229/110/94
f 3216/99/84 3225/111/20 3226/112/95
f 3223/101/86 3222/100/85 3232/113/96 3233/114/97
f 3220/103/88 3219/102/87 3229/110/94 3230/115/98
f 3217/104/89 3216/99/84 3226/112/95 3227/116/99
f 3224/105/90 3223/101/86 3233/114/97 3234/117/100
f 3227/116/99 3226/112/95 3235/127/107 3236/130/110
f 3234/117/100 3233/114/97 3242/128/108 3243/121/102
f 3231/118/101 3230/115/98 3239/129/109 3240/122/103
f 3228/109/93 3227/116/99 3236/130/110 3237/124/105
f 3215/120/17 3234/117/100 3243/121/102
f 3232/113/96 3231/118/101 3240/122/103 3241/123/104
f 3229/110/94 3228/109/93 3237/124/105 3238/125/106
f 3226/112/95 3225/126/20 3235/127/107
f 3233/114/97 3232/113/96 3241/123/104 3242/128/108
f 3230/115/98 3229/110/94 3238/125/106 3239/129/109
f 3239/129/109 3238/125/106 3247/138/117 3248/131/111
f 3236/130/110 3235/127/107 3244/140/118 3245/133/113
f 3243/121/102 3242/128/108 3251/141/119 3252/136/115
f 3240/122/103 3239/129/109 3248/131/111 3249/132/112
f 3237/124/105 3236/130/110 3245/133/113 3246/134/114
f 3215/135/17 3243/121/102 3252/136/115
f 3241/123/104 3240/122/103 3249/132/112 3250/137/116
f 3238/125/106 3237/124/105 3246/134/114 3247/138/117
f 3235/127/107 3225/139/20 3244/140/118
f 3242/128/108 3241/123/104 3250/137/116 3251/141/119
f 3244/143/118 3225/161/20 3253/144/120
f 3251/147/119 3250/157/116 3259/158/127 3260/148/122
f 3248/151/111 3247/159/117 3256/160/249 3257/152/124
f 3245/142/113 3244/143/118 3253/144/120 3254/145/121
f 3252/146/115 3251/147/119 3260/148/122 3261/149/123
f 3249/150/112 3248/151/111 3257/152/124 3258/153/125
f 3246/154/114 3245/142/113 3254/145/121 3255/155/126
f 3215/156/17 3252/146/115 3261/149/123
f 3250/157/116 3249/150/112 3258/153/125 3259/158/127
f 3247/159/117 3246/154/114 3255/155/126 3256/160/249
f 3259/158/127 3258/153/125 3267/168/135 3268/171/137
f 3256/160/249 3255/155/126 3264/169/136 3265/162/129
f 3253/144/120 3225/172/20 3262/164/131
f 3260/148/122 3259/158/127 3268/171/137 3269/166/133
f 3257/152/124 3256/160/249 3265/162/129 3266/163/130
f 3254/145/121 3253/144/120 3262/164/131 3263/165/132
f 3261/149/123 3260/148/122 3269/166/133 3270/167/134
f 3258/153/125 3257/152/124 3266/163/130 3267/168/135
f 3255/155/126 3254/145/121 3263/165/132 3264/169/136
f 3215/170/17 3261/149/123 3270/167/134
f 3264/169/136 3263/165/132 3272/179/143 3273/182/146
f 3215/183/17 3270/167/134 3279/180/144
f 3268/171/137 3267/168/135 3276/181/145 3277/175/139
f 3265/162/129 3264/169/136 3273/182/146 3274/177/141
f 3262/164/131 3225/173/20 3271/174/138
f 3269/166/133 3268/171/137 3277/175/139 3278/176/140
f 3266/163/130 3265/162/129 3274/177/141 3275/178/142
f 3263/165/132 3262/164/131 3271/174/138 3272/179/143
f 3270/167/134 3269/166/133 3278/176/140 3279/180/144
f 3267/168/135 3266/163/130 3275/178/142 3276/181/145
f 3276/181/145 3275/178/142 3139/1/1 3140/13/13
f 3273/182/146 3272/179/143 3281/5/5 3138/15/15
f 3215/185/17 3279/180/144 3142/9/9
f 3277/175/139 3276/181/145 3140/13/13 3141/18/18
f 3274/177/141 3273/182/146 3138/15/15 3282/2/2
f 3271/174/138 3225/184/20 3280/6/6
f 3278/176/140 3277/175/139 3141/18/18 3283/10/10
f 3275/178/142 3274/177/141 3282/2/2 3139/1/1
f 3272/179/143 3271/174/138 3280/6/6 3281/5/5
f 3279/180/144 3278/176/140 3283/10/10 3142/9/9
f 3284/151/347 3285/186/348 3287/187/349 3286/188/350
f 3286/188/350 3287/187/349 3289/189/351 3288/190/352
f 3288/190/352 3289/189/351 3291/191/353 3290/192/354
f 3290/192/354 3291/191/353 3293/193/355 3292/194/356
f 3292/194/356 3293/193/355 3295/195/357 3294/196/358
f 3294/196/358 3295/195/357 3297/197/359 3296/198/360
f 3296/198/360 3297/197/359 3299/199/361 3298/200/362
f 3298/200/362 3299/199/361 3301/201/363 3300/202/364
f 3300/202/364 3301/201/363 3303/203/365 3302/204/366
f 3302/204/366 3303/203/365 3305/205/367 3304/206/368
f 3304/206/368 3305/205/367 3307/207/369 3306/208/370
f 3306/208/370 3307/207/369 3309/209/371 3308/210/372
f 3287/500/349 3285/212/348 3311/501/373 3309/380/371 3307/381/369 3305/382/367 3303/383/365 3301/502/363 3299/219/361 3297/503/359 3295/387/357 3293/222/355 3291/223/353 3289/388/351
f 3308/210/372 3309/209/371 3311/225/373 3310/226/374
f 3310/226/374 3311/225/373 3285/227/348 3284/228/347
f 3284/229/347 3286/230/350 3288/391/352 3290/232/354 3292/233/356 3294/392/358 3296/235/360 3298/236/362 3300/237/364 3302/396/366 3304/239/368 3306/240/370 3308/397/372 3310/242/374
f 3455/504/5 3454/243/6 3317/453/7 3318/8/8
f 3316/454/9 3457/505/10 3324/11/11 3325/455/12
f 3314/13/13 3313/1/1 3321/4/4 3322/14/14
f 3312/15/15 3455/504/5 3318/8/8 3319/16/16
f 3389/17/17 3316/454/9 3325/455/12
f 3315/18/18 3314/13/13 3322/14/14 3323/19/19
f 3456/506/2 3312/15/15 3319/16/16 3320/3/3
f 3454/243/6 3399/507/20 3317/453/7
f 3457/505/10 3315/18/18 3323/19/19 3324/11/11
f 3313/1/1 3456/506/2 3320/3/3 3321/4/4
f 3325/455/12 3324/11/11 3333/23/23 3334/458/24
f 3322/14/14 3321/4/4 3330/25/25 3331/26/26
f 3319/16/16 3318/8/8 3327/22/22 3328/245/27
f 3389/28/17 3325/455/12 3334/458/24
f 3323/19/19 3322/14/14 3331/26/26 3332/29/28
f 3320/3/3 3319/16/16 3328/245/27 3329/30/29
f 3317/453/7 3399/31/20 3326/457/21
f 3324/11/11 3323/19/19 3332/29/28 3333/23/23
f 3321/4/4 3320/3/3 3329/30/29 3330/25/25
f 3318/8/8 3317/453/7 3326/457/21 3327/22/22
f 3330/25/25 3329/30/29 3338/34/32 3339/35/33
f 3327/22/22 3326/457/21 3335/459/34 3336/246/35
f 3334/458/24 3333/23/23 3342/33/31 3343/460/36
f 3331/26/26 3330/25/25 3339/35/33 3340/39/37
f 3328/245/27 3327/22/22 3336/246/35 3337/247/38
f 3389/41/17 3334/458/24 3343/460/36
f 3332/29/28 3331/26/26 3340/39/37 3341/32/30
f 3329/30/29 3328/245/27 3337/247/38 3338/34/32
f 3326/457/21 3399/42/20 3335/459/34
f 3333/23/23 3332/29/28 3341/32/30 3342/33/31
f 3335/459/34 3399/45/20 3344/46/41
f 3342/33/31 3341/32/30 3350/47/42 3351/48/43
f 3339/35/33 3338/34/32 3347/249/40 3348/49/44
f 3336/246/35 3335/459/34 3344/46/41 3345/250/45
f 3343/460/36 3342/33/31 3351/48/43 3352/51/46
f 3340/39/37 3339/35/33 3348/49/44 3349/252/47
f 3337/247/38 3336/246/35 3345/250/45 3346/253/39
f 3389/53/17 3343/460/36 3352/51/46
f 3341/32/30 3340/39/37 3349/252/47 3350/47/42
f 3338/34/32 3337/247/38 3346/253/39 3347/249/40
f 3347/249/40 3346/253/39 3355/56/50 3356/254/51
f 3344/46/41 3399/58/20 3353/59/52
f 3351/48/43 3350/47/42 3359/55/49 3360/257/53
f 3348/49/44 3347/249/40 3356/254/51 3357/61/54
f 3345/250/45 3344/46/41 3353/59/52 3354/258/55
f 3352/51/46 3351/48/43 3360/257/53 3361/63/56
f 3349/252/47 3348/49/44 3357/61/54 3358/260/48
f 3346/253/39 3345/250/45 3354/258/55 3355/56/50
f 3389/64/17 3352/51/46 3361/63/56
f 3350/47/42 3349/252/47 3358/260/48 3359/55/49
f 3389/408/17 3361/63/56 3370/68/59
f 3359/55/49 3358/260/48 3367/263/60 3368/70/61
f 3356/254/51 3355/56/50 3364/66/58 3365/266/62
f 3353/59/52 3399/411/20 3362/73/63
f 3360/257/53 3359/55/49 3368/70/61 3369/508/64
f 3357/61/54 3356/254/51 3365/266/62 3366/269/65
f 3354/258/55 3353/59/52 3362/73/63 3363/509/57
f 3361/63/56 3360/257/53 3369/508/64 3370/68/59
f 3358/260/48 3357/61/54 3366/269/65 3367/263/60
f 3355/56/50 3354/258/55 3363/509/57 3364/66/58
f 3367/263/60 3366/269/65 3375/333/68 3376/79/69
f 3364/66/58 3363/509/57 3372/271/70 3373/272/71
f 3389/82/17 3370/68/59 3379/77/67
f 3368/70/61 3367/263/60 3376/79/69 3377/275/72
f 3365/266/62 3364/66/58 3373/272/71 3374/84/73
f 3362/73/63 3399/85/20 3371/86/74
f 3369/508/64 3368/70/61 3377/275/72 3378/76/66
f 3366/269/65 3365/266/62 3374/84/73 3375/333/68
f 3363/509/57 3362/73/63 3371/86/74 3372/271/70
f 3370/68/59 3369/508/64 3378/76/66 3379/77/67
f 3372/271/70 3371/86/74 3380/89/77 3381/278/78
f 3379/77/67 3378/76/66 3387/91/79 3388/92/80
f 3376/79/69 3375/333/68 3384/88/76 3385/93/81
f 3373/272/71 3372/271/70 3381/278/78 3382/510/82
f 3389/95/17 3379/77/67 3388/92/80
f 3377/275/72 3376/79/69 3385/93/81 3386/418/83
f 3374/84/73 3373/272/71 3382/510/82 3383/87/75
f 3371/86/74 3399/97/20 3380/89/77
f 3378/76/66 3377/275/72 3386/418/83 3387/91/79
f 3375/333/68 3374/84/73 3383/87/75 3384/88/76
f 3384/88/76 3383/87/75 3393/102/87 3394/103/88
f 3381/278/78 3380/89/77 3390/99/84 3391/283/89
f 3388/92/80 3387/91/79 3397/101/86 3398/105/90
f 3385/93/81 3384/88/76 3394/103/88 3395/106/91
f 3382/510/82 3381/278/78 3391/283/89 3392/284/92
f 3389/511/17 3388/92/80 3398/105/90
f 3386/418/83 3385/93/81 3395/106/91 3396/419/85
f 3383/87/75 3382/510/82 3392/284/92 3393/102/87
f 3380/89/77 3399/512/20 3390/99/84
f 3387/91/79 3386/418/83 3396/419/85 3397/101/86
f 3390/99/84 3399/111/20 3400/289/95
f 3397/101/86 3396/419/85 3406/421/96 3407/114/97
f 3394/103/88 3393/102/87 3403/292/94 3404/115/98
f 3391/283/89 3390/99/84 3400/289/95 3401/513/99
f 3398/105/90 3397/101/86 3407/114/97 3408/295/100
f 3395/106/91 3394/103/88 3404/115/98 3405/296/101
f 3392/284/92 3391/283/89 3401/513/99 3402/109/93
f 3389/119/17 3398/105/90 3408/295/100
f 3396/419/85 3395/106/91 3405/296/101 3406/421/96
f 3393/102/87 3392/284/92 3402/109/93 3403/292/94
f 3406/421/96 3405/296/101 3414/122/103 3415/424/104
f 3403/292/94 3402/109/93 3411/124/105 3412/125/106
f 3400/289/95 3399/126/20 3409/514/107
f 3407/114/97 3406/421/96 3415/424/104 3416/515/108
f 3404/115/98 3403/292/94 3412/125/106 3413/129/109
f 3401/513/99 3400/289/95 3409/514/107 3410/516/110
f 3408/295/100 3407/114/97 3416/515/108 3417/517/102
f 3405/296/101 3404/115/98 3413/129/109 3414/122/103
f 3402/109/93 3401/513/99 3410/516/110 3411/124/105
f 3389/120/17 3408/295/100 3417/517/102
f 3411/124/105 3410/516/110 3419/301/113 3420/134/114
f 3389/302/17 3417/517/102 3426/136/115
f 3415/424/104 3414/122/103 3423/132/112 3424/429/116
f 3412/125/106 3411/124/105 3420/134/114 3421/138/117
f 3409/514/107 3399/303/20 3418/140/118
f 3416/515/108 3415/424/104 3424/429/116 3425/141/119
f 3413/129/109 3412/125/106 3421/138/117 3422/131/111
f 3410/516/110 3409/514/107 3418/140/118 3419/301/113
f 3417/517/102 3416/515/108 3425/141/119 3426/136/115
f 3414/122/103 3413/129/109 3422/131/111 3423/132/112
f 3423/150/112 3422/151/111 3431/152/124 3432/487/125
f 3420/154/114 3419/304/113 3428/518/121 3429/155/126
f 3389/519/17 3426/146/115 3435/149/123
f 3424/434/116 3423/150/112 3432/487/125 3433/520/127
f 3421/159/117 3420/154/114 3429/155/126 3430/521/128
f 3418/143/118 3399/522/20 3427/144/120
f 3425/147/119 3424/434/116 3433/520/127 3434/148/122
f 3422/151/111 3421/159/117 3430/521/128 3431/152/124
f 3419/304/113 3418/143/118 3427/144/120 3428/518/121
f 3426/146/115 3425/147/119 3434/148/122 3435/149/123
f 3428/518/121 3427/144/120 3436/523/131 3437/524/132
f 3435/149/123 3434/148/122 3443/525/133 3444/526/134
f 3432/487/125 3431/152/124 3440/163/130 3441/168/135
f 3429/155/126 3428/518/121 3437/524/132 3438/169/136
f 3389/170/17 3435/149/123 3444/526/134
f 3433/520/127 3432/487/125 3441/168/135 3442/171/137
f 3430/521/128 3429/155/126 3438/169/136 3439/310/129
f 3427/144/120 3399/172/20 3436/523/131
f 3434/148/122 3433/520/127 3442/171/137 3443/525/133
f 3431/152/124 3430/521/128 3439/310/129 3440/163/130
f 3443/525/133 3442/171/137 3451/175/139 3452/527/140
f 3440/163/130 3439/310/129 3448/311/141 3449/178/142
f 3437/524/132 3436/523/131 3445/313/138 3446/528/143
f 3444/526/134 3443/525/133 3452/527/140 3453/314/144
f 3441/168/135 3440/163/130 3449/178/142 3450/181/145
f 3438/169/136 3437/524/132 3446/528/143 3447/182/146
f 3389/315/17 3444/526/134 3453/314/144
f 3442/171/137 3441/168/135 3450/181/145 3451/175/139
f 3439/310/129 3438/169/136 3447/182/146 3448/311/141
f 3436/523/131 3399/316/20 3445/313/138
f 3448/311/141 3447/182/146 3312/15/15 3456/506/2
f 3445/313/138 3399/529/20 3454/243/6
f 3452/527/140 3451/175/139 3315/18/18 3457/505/10
f 3449/178/142 3448/311/141 3456/506/2 3313/1/1
f 3446/528/143 3445/313/138 3454/243/6 3455/504/5
f 3453/314/144 3452/527/140 3457/505/10 3316/454/9
f 3450/181/145 3449/178/142 3313/1/1 3314/13/13
f 3447/182/146 3446/528/143 3455/504/5 3312/15/15
f 3389/185/17 3453/314/144 3316/454/9
f 3451/175/139 3450/181/145 3314/13/13 3315/18/18
f 3458/15/15 3601/504/5 3464/8/8 3465/16/16
f 3535/17/17 3462/454/9 3471/455/12
f 3461/18/18 3460/13/13 3468/14/14 3469/19/19
f 3602/506/2 3458/15/15 3465/16/16 3466/3/3
f 3600/243/6 3545/507/20 3463/453/7
f 3603/505/10 3461/18/18 3469/19/19 3470/11/11
f 3459/1/1 3602/506/2 3466/3/3 3467/4/4
f 3601/504/5 3600/243/6 3463/453/7 3464/8/8
f 3462/454/9 3603/505/10 3470/11/11 3471/455/12
f 3460/13/13 3459/1/1 3467/4/4 3468/14/14
f 3465/16/16 3464/8/8 3473/22/22 3474/245/27
f 3535/28/17 3471/455/12 3480/458/24
f 3469/19/19 3468/14/14 3477/26/26 3478/29/28
f 3466/3/3 3465/16/16 3474/245/27 3475/30/29
f 3463/453/7 3545/31/20 3472/457/21
f 3470/11/11 3469/19/19 3478/29/28 3479/23/23
f 3467/4/4 3466/3/3 3475/30/29 3476/25/25
f 3464/8/8 3463/453/7 3472/457/21 3473/22/22
f 3471/455/12 3470/11/11 3479/23/23 3480/458/24
f 3468/14/14 3467/4/4 3476/25/25 3477/26/26
f 3477/26/26 3476/25/25 3485/35/33 3486/39/37
f 3474/245/27 3473/22/22 3482/246/35 3483/247/38
f 3535/41/17 3480/458/24 3489/460/36
f 3478/29/28 3477/26/26 3486/39/37 3487/32/30
f 3475/30/29 3474/245/27 3483/247/38 3484/34/32
f 3472/457/21 3545/42/20 3481/459/34
f 3479/23/23 3478/29/28 3487/32/30 3488/33/31
f 3476/25/25 3475/30/29 3484/34/32 3485/35/33
f 3473/22/22 3472/457/21 3481/459/34 3482/246/35
f 3480/458/24 3479/23/23 3488/33/31 3489/460/36
f 3482/246/35 3481/459/34 3490/46/41 3491/250/45
f 3489/460/36 3488/33/31 3497/48/43 3498/51/46
f 3486/39/37 3485/35/33 3494/49/44 3495/252/47
f 3483/247/38 3482/246/35 3491/250/45 3492/253/39
f 3535/53/17 3489/460/36 3498/51/46
f 3487/32/30 3486/39/37 3495/252/47 3496/47/42
f 3484/34/32 3483/247/38 3492/253/39 3493/249/40
f 3481/459/34 3545/45/20 3490/46/41
f 3488/33/31 3487/32/30 3496/47/42 3497/48/43
f 3485/35/33 3484/34/32 3493/249/40 3494/49/44
f 3497/48/43 3496/47/42 3505/55/49 3506/257/53
f 3494/49/44 3493/249/40 3502/254/51 3503/61/54
f 3491/250/45 3490/46/41 3499/59/52 3500/258/55
f 3498/51/46 3497/48/43 3506/257/53 3507/63/56
f 3495/252/47 3494/49/44 3503/61/54 3504/260/48
f 3492/253/39 3491/250/45 3500/258/55 3501/56/50
f 3535/64/17 3498/51/46 3507/63/56
f 3496/47/42 3495/252/47 3504/260/48 3505/55/49
f 3493/249/40 3492/253/39 3501/56/50 3502/254/51
f 3490/46/41 3545/58/20 3499/59/52
f 3502/254/51 3501/56/50 3510/66/58 3511/266/62
f 3499/59/52 3545/411/20 3508/73/63
f 3506/257/53 3505/55/49 3514/70/61 3515/508/64
f 3503/61/54 3502/254/51 3511/266/62 3512/269/65
f 3500/258/55 3499/59/52 3508/73/63 3509/509/57
f 3507/63/56 3506/257/53 3515/508/64 3516/68/59
f 3504/260/48 3503/61/54 3512/269/65 3513/263/60
f 3501/56/50 3500/258/55 3509/509/57 3510/66/58
f 3535/408/17 3507/63/56 3516/68/59
f 3505/55/49 3504/260/48 3513/263/60 3514/70/61
f 3514/70/61 3513/263/60 3522/79/69 3523/275/72
f 3511/266/62 3510/66/58 3519/272/71 3520/84/73
f 3508/73/63 3545/85/20 3517/86/74
f 3515/508/64 3514/70/61 3523/275/72 3524/76/66
f 3512/269/65 3511/266/62 3520/84/73 3521/333/68
f 3509/509/57 3508/73/63 3517/86/74 3518/271/70
f 3516/68/59 3515/508/64 3524/76/66 3525/77/67
f 3513/263/60 3512/269/65 3521/333/68 3522/79/69
f 3510/66/58 3509/509/57 3518/271/70 3519/272/71
f 3535/82/17 3516/68/59 3525/77/67
f 3519/272/71 3518/271/70 3527/278/78 3528/510/82
f 3535/95/17 3525/77/67 3534/92/80
f 3523/275/72 3522/79/69 3531/93/81 3532/418/83
f 3520/84/73 3519/272/71 3528/510/82 3529/87/75
f 3517/86/74 3545/97/20 3526/89/77
f 3524/76/66 3523/275/72 3532/418/83 3533/91/79
f 3521/333/68 3520/84/73 3529/87/75 3530/88/76
f 3518/271/70 3517/86/74 3526/89/77 3527/278/78
f 3525/77/67 3524/76/66 3533/91/79 3534/92/80
f 3522/79/69 3521/333/68 3530/88/76 3531/93/81
f 3534/92/80 3533/91/79 3543/101/86 3544/105/90
f 3531/93/81 3530/88/76 3540/103/88 3541/106/91
f 3528/510/82 3527/278/78 3537/283/89 3538/284/92
f 3535/511/17 3534/92/80 3544/105/90
f 3532/418/83 3531/93/81 3541/106/91 3542/419/85
f 3529/87/75 3528/510/82 3538/284/92 3539/102/87
f 3526/89/77 3545/512/20 3536/99/84
f 3533/91/79 3532/418/83 3542/419/85 3543/101/86
f 3530/88/76 3529/87/75 3539/102/87 3540/103/88
f 3527/278/78 3526/89/77 3536/99/84 3537/283/89
f 3540/103/88 3539/102/87 3549/292/94 3550/115/98
f 3537/283/89 3536/99/84 3546/289/95 3547/513/99
f 3544/105/90 3543/101/86 3553/114/97 3554/295/100
f 3541/106/91 3540/103/88 3550/115/98 3551/296/101
f 3538/284/92 3537/283/89 3547/513/99 3548/109/93
f 3535/119/17 3544/105/90 3554/295/100
f 3542/419/85 3541/106/91 3551/296/101 3552/421/96
f 3539/102/87 3538/284/92 3548/109/93 3549/292/94
f 3536/99/84 3545/111/20 3546/289/95
f 3543/101/86 3542/419/85 3552/421/96 3553/114/97
f 3546/289/95 3545/126/20 3555/514/107
f 3553/114/97 3552/421/96 3561/424/104 3562/515/108
f 3550/115/98 3549/292/94 3558/125/106 3559/129/109
f 3547/513/99 3546/289/95 3555/514/107 3556/516/110
f 3554/295/100 3553/114/97 3562/515/108 3563/517/102
f 3551/296/101 3550/115/98 3559/129/109 3560/122/103
f 3548/109/93 3547/513/99 3556/516/110 3557/124/105
f 3535/120/17 3554/295/100 3563/517/102
f 3552/421/96 3551/296/101 3560/122/103 3561/424/104
f 3549/292/94 3548/109/93 3557/124/105 3558/125/106
f 3558/125/106 3557/124/105 3566/134/114 3567/138/117
f 3555/514/107 3545/303/20 3564/140/118
f 3562/515/108 3561/424/104 3570/429/116 3571/141/119
f 3559/129/109 3558/125/106 3567/138/117 3568/131/111
f 3556/516/110 3555/514/107 3564/140/118 3565/301/113
f 3563/517/102 3562/515/108 3571/141/119 3572/136/115
f 3560/122/103 3559/129/109 3568/131/111 3569/132/112
f 3557/124/105 3556/516/110 3565/301/113 3566/134/114
f 3535/302/17 3563/517/102 3572/136/115
f 3561/424/104 3560/122/103 3569/132/112 3570/429/116
f 3535/519/17 3572/146/115 3581/149/123
f 3570/434/116 3569/150/112 3578/487/125 3579/520/127
f 3567/159/117 3566/154/114 3575/155/126 3576/521/128
f 3564/143/118 3545/522/20 3573/144/120
f 3571/147/119 3570/434/116 3579/520/127 3580/148/122
f 3568/151/111 3567/159/117 3576/521/128 3577/152/124
f 3565/304/113 3564/143/118 3573/144/120 3574/518/121
f 3572/146/115 3571/147/119 3580/148/122 3581/149/123
f 3569/150/112 3568/151/111 3577/152/124 3578/487/125
f 3566/154/114 3565/304/113 3574/518/121 3575/155/126
f 3578/487/125 3577/152/124 3586/163/130 3587/168/135
f 3575/155/126 3574/518/121 3583/524/132 3584/169/136
f 3535/170/17 3581/149/123 3590/526/134
f 3579/520/127 3578/487/125 3587/168/135 3588/171/137
f 3576/521/128 3575/155/126 3584/169/136 3585/310/129
f 3573/144/120 3545/172/20 3582/523/131
f 3580/148/122 3579/520/127 3588/171/137 3589/525/133
f 3577/152/124 3576/521/128 3585/310/129 3586/163/130
f 3574/518/121 3573/144/120 3582/523/131 3583/524/132
f 3581/149/123 3580/148/122 3589/525/133 3590/526/134
f 3583/524/132 3582/523/131 3591/313/138 3592/528/143
f 3590/526/134 3589/525/133 3598/527/140 3599/314/144
f 3587/168/135 3586/163/130 3595/178/142 3596/181/145
f 3584/169/136 3583/524/132 3592/528/143 3593/182/146
f 3535/315/17 3590/526/134 3599/314/144
f 3588/171/137 3587/168/135 3596/181/145 3597/175/139
f 3585/310/129 3584/169/136 3593/182/146 3594/311/141
f 3582/523/131 3545/316/20 3591/313/138
f 3589/525/133 3588/171/137 3597/175/139 3598/527/140
f 3586/163/130 3585/310/129 3594/311/141 3595/178/142
f 3595/178/142 3594/311/141 3602/506/2 3459/1/1
f 3592/528/143 3591/313/138 3600/243/6 3601/504/5
f 3599/314/144 3598/527/140 3603/505/10 3462/454/9
f 3596/181/145 3595/178/142 3459/1/1 3460/13/13
f 3593/182/146 3592/528/143 3601/504/5 3458/15/15
f 3535/185/17 3599/314/144 3462/454/9
f 3597/175/139 3596/181/145 3460/13/13 3461/18/18
f 3594/311/141 3593/182/146 3458/15/15 3602/506/2
f 3591/313/138 3545/529/20 3600/243/6
f 3598/527/140 3597/175/139 3461/18/18 3603/505/10
f 3604/530/375 3605/531/376 3607/532/377 3606/533/378
f 3606/533/378 3607/532/377 3611/25/379 3610/75/380
f 3610/75/380 3611/25/379 3609/534/381 3608/535/382
f 3608/535/382 3609/534/381 3605/325/376 3604/331/375
f 3606/339/378 3610/75/380 3608/535/382 3604/536/375
f 3611/25/379 3607/320/377 3605/537/376 3609/534/381
f 3612/151/383 3613/186/384 3615/187/385 3614/188/386
f 3614/188/386 3615/187/385 3617/189/387 3616/190/388
f 3616/190/388 3617/189/387 3619/191/389 3618/192/390
f 3618/192/390 3619/191/389 3621/193/391 3620/194/392
f 3620/194/392 3621/193/391 3623/195/393 3622/196/394
f 3622/196/394 3623/195/393 3625/197/395 3624/198/396
f 3624/198/396 3625/197/395 3627/199/397 3626/200/398
f 3626/200/398 3627/199/397 3629/201/399 3628/202/400
f 3628/202/400 3629/201/399 3631/203/401 3630/204/402
f 3630/204/402 3631/203/401 3633/205/403 3632/206/404
f 3632/206/404 3633/205/403 3635/207/405 3634/208/406
f 3634/208/406 3635/207/405 3637/209/407 3636/210/408
f 3615/211/385 3613/212/384 3639/213/409 3637/214/407 3635/215/405 3633/216/403 3631/217/401 3629/218/399 3627/219/397 3625/220/395 3623/221/393 3621/222/391 3619/223/389 3617/224/387
f 3636/210/408 3637/209/407 3639/225/409 3638/226/410
f 3638/226/410 3639/225/409 3613/227/384 3612/228/383
f 3612/229/383 3614/230/386 3616/231/388 3618/232/390 3620/233/392 3622/234/394 3624/235/396 3626/236/398 3628/237/400 3630/238/402 3632/239/404 3634/240/406 3636/241/408 3638/242/410
f 3644/9/9 3785/10/10 3652/11/11 3653/12/12
f 3642/13/13 3641/1/1 3649/4/4 3650/14/14
f 3640/15/15 3783/5/5 3646/8/8 3647/16/16
f 3717/17/17 3644/9/9 3653/12/12
f 3643/18/18 3642/13/13 3650/14/14 3651/19/19
f 3784/2/2 3640/15/15 3647/16/16 3648/3/3
f 3782/6/6 3727/20/20 3645/7/7
f 3785/10/10 3643/18/18 3651/19/19 3652/11/11
f 3641/1/1 3784/2/2 3648/3/3 3649/4/4
f 3783/5/5 3782/6/6 3645/7/7 3646/8/8
f 3650/14/14 3649/4/4 3658/25/25 3659/26/26
f 3647/16/16 3646/8/8 3655/22/22 3656/27/27
f 3717/28/17 3653/12/12 3662/24/24
f 3651/19/19 3650/14/14 3659/26/26 3660/29/28
f 3648/3/3 3647/16/16 3656/27/27 3657/30/29
f 3645/7/7 3727/31/20 3654/21/21
f 3652/11/11 3651/19/19 3660/29/28 3661/23/23
f 3649/4/4 3648/3/3 3657/30/29 3658/25/25
f 3646/8/8 3645/7/7 3654/21/21 3655/22/22
f 3653/12/12 3652/11/11 3661/23/23 3662/24/24
f 3655/22/22 3654/21/21 3663/36/34 3664/37/35
f 3662/24/24 3661/23/23 3670/33/31 3671/38/36
f 3659/26/26 3658/25/25 3667/35/33 3668/39/37
f 3656/27/27 3655/22/22 3664/37/35 3665/40/38
f 3717/41/17 3662/24/24 3671/38/36
f 3660/29/28 3659/26/26 3668/39/37 3669/32/30
f 3657/30/29 3656/27/27 3665/40/38 3666/34/32
f 3654/21/21 3727/42/20 3663/36/34
f 3661/23/23 3660/29/28 3669/32/30 3670/33/31
f 3658/25/25 3657/30/29 3666/34/32 3667/35/33
f 3670/33/31 3669/32/30 3678/47/42 3679/48/43
f 3667/35/33 3666/34/32 3675/44/40 3676/49/44
f 3664/37/35 3663/36/34 3672/46/41 3673/50/45
f 3671/38/36 3670/33/31 3679/48/43 3680/51/46
f 3668/39/37 3667/35/33 3676/49/44 3677/52/47
f 3665/40/38 3664/37/35 3673/50/45 3674/43/39
f 3717/53/17 3671/38/36 3680/51/46
f 3669/32/30 3668/39/37 3677/52/47 3678/47/42
f 3666/34/32 3665/40/38 3674/43/39 3675/44/40
f 3663/36/34 3727/45/20 3672/46/41
f 3675/44/40 3674/43/39 3683/56/50 3684/57/51
f 3672/46/41 3727/58/20 3681/59/52
f 3679/48/43 3678/47/42 3687/55/49 3688/60/53
f 3676/49/44 3675/44/40 3684/57/51 3685/61/54
f 3673/50/45 3672/46/41 3681/59/52 3682/62/55
f 3680/51/46 3679/48/43 3688/60/53 3689/63/56
f 3677/52/47 3676/49/44 3685/61/54 3686/54/48
f 3674/43/39 3673/50/45 3682/62/55 3683/56/50
f 3717/64/17 3680/51/46 3689/63/56
f 3678/47/42 3677/52/47 3686/54/48 3687/55/49
f 3687/55/49 3686/54/48 3695/69/60 3696/70/61
f 3684/57/51 3683/56/50 3692/66/58 3693/71/62
f 3681/59/52 3727/72/20 3690/73/63
f 3688/60/53 3687/55/49 3696/70/61 3697/74/64
f 3685/61/54 3684/57/51 3693/71/62 3694/75/65
f 3682/62/55 3681/59/52 3690/73/63 3691/65/57
f 3689/63/56 3688/60/53 3697/74/64 3698/68/59
f 3686/54/48 3685/61/54 3694/75/65 3695/69/60
f 3683/56/50 3682/62/55 3691/65/57 3692/66/58
f 3717/67/17 3689/63/56 3698/68/59
f 3692/66/58 3691/65/57 3700/80/70 3701/81/71
f 3717/82/17 3698/68/59 3707/77/67
f 3696/70/61 3695/69/60 3704/79/69 3705/83/72
f 3693/71/62 3692/66/58 3701/81/71 3702/84/73
f 3690/73/63 3727/85/20 3699/86/74
f 3697/74/64 3696/70/61 3705/83/72 3706/76/66
f 3694/75/65 3693/71/62 3702/84/73 3703/78/68
f 3691/65/57 3690/73/63 3699/86/74 3700/80/70
f 3698/68/59 3697/74/64 3706/76/66 3707/77/67
f 3695/69/60 3694/75/65 3703/78/68 3704/79/69
f 3707/77/67 3706/76/66 3715/91/79 3716/92/80
f 3704/79/69 3703/78/68 3712/88/76 3713/93/81
f 3701/81/71 3700/80/70 3709/90/78 3710/94/82
f 3717/95/17 3707/77/67 3716/92/80
f 3705/83/72 3704/79/69 3713/93/81 3714/96/83
f 3702/84/73 3701/81/71 3710/94/82 3711/87/75
f 3699/86/74 3727/97/20 3708/89/77
f 3706/76/66 3705/83/72 3714/96/83 3715/91/79
f 3703/78/68 3702/84/73 3711/87/75 3712/88/76
f 3700/80/70 3699/86/74 3708/89/77 3709/90/78
f 3712/88/76 3711/87/75 3721/102/87 3722/103/88
f 3709/90/78 3708/89/77 3718/99/84 3719/104/89
f 3716/92/80 3715/91/79 3725/101/86 3726/105/90
f 3713/93/81 3712/88/76 3722/103/88 3723/106/91
f 3710/94/82 3709/90/78 3719/104/89 3720/107/92
f 3717/108/17 3716/92/80 3726/105/90
f 3714/96/83 3713/93/81 3723/106/91 3724/100/85
f 3711/87/75 3710/94/82 3720/107/92 3721/102/87
f 3708/89/77 3727/98/20 3718/99/84
f 3715/91/79 3714/96/83 3724/100/85 3725/101/86
f 3718/99/84 3727/111/20 3728/112/95
f 3725/101/86 3724/100/85 3734/113/96 3735/114/97
f 3722/103/88 3721/102/87 3731/110/94 3732/115/98
f 3719/104/89 3718/99/84 3728/112/95 3729/116/99
f 3726/105/90 3725/101/86 3735/114/97 3736/117/100
f 3723/106/91 3722/103/88 3732/115/98 3733/118/101
f 3720/107/92 3719/104/89 3729/116/99 3730/109/93
f 3717/119/17 3726/105/90 3736/117/100
f 3724/100/85 3723/106/91 3733/118/101 3734/113/96
f 3721/102/87 3720/107/92 3730/109/93 3731/110/94
f 3731/110/94 3730/109/93 3739/124/105 3740/125/106
f 3728/112/95 3727/126/20 3737/127/107
f 3735/114/97 3734/113/96 3743/123/104 3744/128/108
f 3732/115/98 3731/110/94 3740/125/106 3741/129/109
f 3729/116/99 3728/112/95 3737/127/107 3738/130/110
f 3736/117/100 3735/114/97 3744/128/108 3745/121/102
f 3733/118/101 3732/115/98 3741/129/109 3742/122/103
f 3730/109/93 3729/116/99 3738/130/110 3739/124/105
f 3717/120/17 3736/117/100 3745/121/102
f 3734/113/96 3733/118/101 3742/122/103 3743/123/104
f 3717/135/17 3745/121/102 3754/136/115
f 3743/123/104 3742/122/103 3751/132/112 3752/137/116
f 3740/125/106 3739/124/105 3748/134/114 3749/138/117
f 3737/127/107 3727/139/20 3746/140/118
f 3744/128/108 3743/123/104 3752/137/116 3753/141/119
f 3741/129/109 3740/125/106 3749/138/117 3750/131/111
f 3738/130/110 3737/127/107 3746/140/118 3747/133/113
f 3745/121/102 3744/128/108 3753/141/119 3754/136/115
f 3742/122/103 3741/129/109 3750/131/111 3751/132/112
f 3739/124/105 3738/130/110 3747/133/113 3748/134/114
f 3751/150/112 3750/151/111 3759/152/124 3760/153/125
f 3748/154/114 3747/142/113 3756/145/121 3757/155/126
f 3717/156/17 3754/146/115 3763/149/123
f 3752/157/116 3751/150/112 3760/153/125 3761/158/127
f 3749/159/117 3748/154/114 3757/155/126 3758/160/128
f 3746/143/118 3727/161/20 3755/144/120
f 3753/147/119 3752/157/116 3761/158/127 3762/148/122
f 3750/151/111 3749/159/117 3758/160/128 3759/152/124
f 3747/142/113 3746/143/118 3755/144/120 3756/145/121
f 3754/146/115 3753/147/119 3762/148/122 3763/149/123
f 3756/145/121 3755/144/120 3764/164/131 3765/165/132
f 3763/149/123 3762/148/122 3771/166/133 3772/167/134
f 3760/153/125 3759/152/124 3768/163/130 3769/168/135
f 3757/155/126 3756/145/121 3765/165/132 3766/169/136
f 3717/170/17 3763/149/123 3772/167/134
f 3761/158/127 3760/153/125 3769/168/135 3770/171/137
f 3758/160/128 3757/155/126 3766/169/136 3767/162/129
f 3755/144/120 3727/172/20 3764/164/131
f 3762/148/122 3761/158/127 3770/171/137 3771/166/133
f 3759/152/124 3758/160/128 3767/162/129 3768/163/130
f 3768/163/130 3767/162/129 3776/177/141 3777/178/142
f 3765/165/132 3764/164/131 3773/174/138 3774/179/143
f 3772/167/134 3771/166/133 3780/176/140 3781/180/144
f 3769/168/135 3768/163/130 3777/178/142 3778/181/145
f 3766/169/136 3765/165/132 3774/179/143 3775/182/146
f 3717/183/17 3772/167/134 3781/180/144
f 3770/171/137 3769/168/135 3778/181/145 3779/175/139
f 3767/162/129 3766/169/136 3775/182/146 3776/177/141
f 3764/164/131 3727/173/20 3773/174/138
f 3771/166/133 3770/171/137 3779/175/139 3780/176/140
f 3773/174/138 3727/184/20 3782/6/6
f 3780/176/140 3779/175/139 3643/18/18 3785/10/10
f 3777/178/142 3776/177/141 3784/2/2 3641/1/1
f 3774/179/143 3773/174/138 3782/6/6 3783/5/5
f 3781/180/144 3780/176/140 3785/10/10 3644/9/9
f 3778/181/145 3777/178/142 3641/1/1 3642/13/13
f 3775/182/146 3774/179/143 3783/5/5 3640/15/15
f 3717/185/17 3781/180/144 3644/9/9
f 3779/175/139 3778/181/145 3642/13/13 3643/18/18
f 3776/177/141 3775/182/146 3640/15/15 3784/2/2
f 3929/5/5 3928/6/6 3791/7/7 3792/8/8
f 3790/9/9 3931/10/10 3798/11/11 3799/12/12
f 3788/13/13 3787/1/1 3795/4/4 3796/14/14
f 3786/15/15 3929/5/5 3792/8/8 3793/16/16
f 3863/17/17 3790/9/9 3799/12/12
f 3789/18/18 3788/13/13 3796/14/14 3797/19/19
f 3930/2/2 3786/15/15 3793/16/16 3794/3/3
f 3928/6/6 3873/20/20 3791/7/7
f 3931/10/10 3789/18/18 3797/19/19 3798/11/11
f 3787/1/1 3930/2/2 3794/3/3 3795/4/4
f 3792/8/8 3791/7/7 3800/21/21 3801/22/22
f 3799/12/12 3798/11/11 3807/23/23 3808/24/24
f 3796/14/14 3795/4/4 3804/25/25 3805/26/26
f 3793/16/16 3792/8/8 3801/22/22 3802/27/27
f 3863/28/17 3799/12/12 3808/24/24
f 3797/19/19 3796/14/14 3805/26/26 3806/29/28
f 3794/3/3 3793/16/16 3802/27/27 3803/30/29
f 3791/7/7 3873/31/20 3800/21/21
f 3798/11/11 3797/19/19 3806/29/28 3807/23/23
f 3795/4/4 3794/3/3 3803/30/29 3804/25/25
f 3804/25/25 3803/30/29 3812/34/32 3813/35/33
f 3801/22/22 3800/21/21 3809/36/34 3810/37/35
f 3808/24/24 3807/23/23 3816/33/31 3817/38/36
f 3805/26/26 3804/25/25 3813/35/33 3814/39/37
f 3802/27/27 3801/22/22 3810/37/35 3811/40/38
f 3863/41/17 3808/24/24 3817/38/36
f 3806/29/28 3805/26/26 3814/39/37 3815/32/30
f 3803/30/29 3802/27/27 3811/40/38 3812/34/32
f 3800/21/21 3873/42/20 3809/36/34
f 3807/23/23 3806/29/28 3815/32/30 3816/33/31
f 3809/36/34 3873/45/20 3818/46/41
f 3816/33/31 3815/32/30 3824/47/42 3825/48/43
f 3813/35/33 3812/34/32 3821/44/40 3822/49/44
f 3810/37/35 3809/36/34 3818/46/41 3819/50/45
f 3817/38/36 3816/33/31 3825/48/43 3826/51/46
f 3814/39/37 3813/35/33 3822/49/44 3823/52/47
f 3811/40/38 3810/37/35 3819/50/45 3820/43/39
f 3863/53/17 3817/38/36 3826/51/46
f 3815/32/30 3814/39/37 3823/52/47 3824/47/42
f 3812/34/32 3811/40/38 3820/43/39 3821/44/40
f 3824/47/42 3823/52/47 3832/54/48 3833/55/49
f 3821/44/40 3820/43/39 3829/56/50 3830/57/51
f 3818/46/41 3873/58/20 3827/59/52
f 3825/48/43 3824/47/42 3833/55/49 3834/60/53
f 3822/49/44 3821/44/40 3830/57/51 3831/61/54
f 3819/50/45 3818/46/41 3827/59/52 3828/62/55
f 3826/51/46 3825/48/43 3834/60/53 3835/63/56
f 3823/52/47 3822/49/44 3831/61/54 3832/54/48
f 3820/43/39 3819/50/45 3828/62/55 3829/56/50
f 3863/64/17 3826/51/46 3835/63/56
f 3829/56/50 3828/62/55 3837/65/57 3838/66/58
f 3863/67/17 3835/63/56 3844/68/59
f 3833/55/49 3832/54/48 3841/69/60 3842/70/61
f 3830/57/51 3829/56/50 3838/66/58 3839/71/62
f 3827/59/52 3873/72/20 3836/73/63
f 3834/60/53 3833/55/49 3842/70/61 3843/74/64
f 3831/61/54 3830/57/51 3839/71/62 3840/75/65
f 3828/62/55 3827/59/52 3836/73/63 3837/65/57
f 3835/63/56 3834/60/53 3843/74/64 3844/68/59
f 3832/54/48 3831/61/54 3840/75/65 3841/69/60
f 3841/69/60 3840/75/65 3849/78/68 3850/79/69
f 3838/66/58 3837/65/57 3846/80/70 3847/81/71
f 3863/82/17 3844/68/59 3853/77/67
f 3842/70/61 3841/69/60 3850/79/69 3851/83/72
f 3839/71/62 3838/66/58 3847/81/71 3848/84/73
f 3836/73/63 3873/85/20 3845/86/74
f 3843/74/64 3842/70/61 3851/83/72 3852/76/66
f 3840/75/65 3839/71/62 3848/84/73 3849/78/68
f 3837/65/57 3836/73/63 3845/86/74 3846/80/70
f 3844/68/59 3843/74/64 3852/76/66 3853/77/67
f 3846/80/70 3845/86/74 3854/89/77 3855/90/78
f 3853/77/67 3852/76/66 3861/91/79 3862/92/80
f 3850/79/69 3849/78/68 3858/88/76 3859/93/81
f 3847/81/71 3846/80/70 3855/90/78 3856/94/82
f 3863/95/17 3853/77/67 3862/92/80
f 3851/83/72 3850/79/69 3859/93/81 3860/96/83
f 3848/84/73 3847/81/71 3856/94/82 3857/87/75
f 3845/86/74 3873/97/20 3854/89/77
f 3852/76/66 3851/83/72 3860/96/83 3861/91/79
f 3849/78/68 3848/84/73 3857/87/75 3858/88/76
f 3861/91/79 3860/96/83 3870/100/85 3871/101/86
f 3858/88/76 3857/87/75 3867/102/87 3868/103/88
f 3855/90/78 3854/89/77 3864/99/84 3865/104/89
f 3862/92/80 3861/91/79 3871/101/86 3872/105/90
f 3859/93/81 3858/88/76 3868/103/88 3869/106/91
f 3856/94/82 3855/90/78 3865/104/89 3866/107/92
f 3863/108/17 3862/92/80 3872/105/90
f 3860/96/83 3859/93/81 3869/106/91 3870/100/85
f 3857/87/75 3856/94/82 3866/107/92 3867/102/87
f 3854/89/77 3873/98/20 3864/99/84
f 3867/102/87 3866/107/92 3876/109/93 3877/110/94
f 3864/99/84 3873/111/20 3874/112/95
f 3871/101/86 3870/100/85 3880/113/96 3881/114/97
f 3868/103/88 3867/102/87 3877/110/94 3878/115/98
f 3865/104/89 3864/99/84 3874/112/95 3875/116/99
f 3872/105/90 3871/101/86 3881/114/97 3882/117/100
f 3869/106/91 3868/103/88 3878/115/98 3879/118/101
f 3866/107/92 3865/104/89 3875/116/99 3876/109/93
f 3863/119/17 3872/105/90 3882/117/100
f 3870/100/85 3869/106/91 3879/118/101 3880/113/96
f 3880/113/96 3879/118/101 3888/122/103 3889/123/104
f 3877/110/94 3876/109/93 3885/124/105 3886/125/106
f 3874/112/95 3873/126/20 3883/127/107
f 3881/114/97 3880/113/96 3889/123/104 3890/128/108
f 3878/115/98 3877/110/94 3886/125/106 3887/129/109
f 3875/116/99 3874/112/95 3883/127/107 3884/130/110
f 3882/117/100 3881/114/97 3890/128/108 3891/121/102
f 3879/118/101 3878/115/98 3887/129/109 3888/122/103
f 3876/109/93 3875/116/99 3884/130/110 3885/124/105
f 3863/120/17 3882/117/100 3891/121/102
f 3885/124/105 3884/130/110 3893/133/113 3894/134/114
f 3863/135/17 3891/121/102 3900/136/115
f 3889/123/104 3888/122/103 3897/132/112 3898/137/116
f 3886/125/106 3885/124/105 3894/134/114 3895/138/117
f 3883/127/107 3873/139/20 3892/140/118
f 3890/128/108 3889/123/104 3898/137/116 3899/141/119
f 3887/129/109 3886/125/106 3895/138/117 3896/131/111
f 3884/130/110 3883/127/107 3892/140/118 3893/133/113
f 3891/121/102 3890/128/108 3899/141/119 3900/136/115
f 3888/122/103 3887/129/109 3896/131/111 3897/132/112
f 3900/146/115 3899/147/119 3908/148/122 3909/149/123
f 3897/150/112 3896/151/111 3905/152/124 3906/153/125
f 3894/154/114 3893/142/113 3902/145/121 3903/155/126
f 3863/156/17 3900/146/115 3909/149/123
f 3898/157/116 3897/150/112 3906/153/125 3907/158/127
f 3895/159/117 3894/154/114 3903/155/126 3904/160/249
f 3892/143/118 3873/161/20 3901/144/120
f 3899/147/119 3898/157/116 3907/158/127 3908/148/122
f 3896/151/111 3895/159/117 3904/160/249 3905/152/124
f 3893/142/113 3892/143/118 3901/144/120 3902/145/121
f 3905/152/124 3904/160/249 3913/162/129 3914/163/130
f 3902/145/121 3901/144/120 3910/164/131 3911/165/132
f 3909/149/123 3908/148/122 3917/166/133 3918/167/134
f 3906/153/125 3905/152/124 3914/163/130 3915/168/135
f 3903/155/126 3902/145/121 3911/165/132 3912/169/136
f 3863/170/17 3909/149/123 3918/167/134
f 3907/158/127 3906/153/125 3915/168/135 3916/171/137
f 3904/160/249 3903/155/126 3912/169/136 3913/162/129
f 3901/144/120 3873/172/20 3910/164/131
f 3908/148/122 3907/158/127 3916/171/137 3917/166/133
f 3910/164/131 3873/173/20 3919/174/138
f 3917/166/133 3916/171/137 3925/175/139 3926/176/140
f 3914/163/130 3913/162/129 3922/177/141 3923/178/142
f 3911/165/132 3910/164/131 3919/174/138 3920/179/143
f 3918/167/134 3917/166/133 3926/176/140 3927/180/144
f 3915/168/135 3914/163/130 3923/178/142 3924/181/145
f 3912/169/136 3911/165/132 3920/179/143 3921/182/146
f 3863/183/17 3918/167/134 3927/180/144
f 3916/171/137 3915/168/135 3924/181/145 3925/175/139
f 3913/162/129 3912/169/136 3921/182/146 3922/177/141
f 3922/177/141 3921/182/146 3786/15/15 3930/2/2
f 3919/174/138 3873/184/20 3928/6/6
f 3926/176/140 3925/175/139 3789/18/18 3931/10/10
f 3923/178/142 3922/177/141 3930/2/2 3787/1/1
f 3920/179/143 3919/174/138 3928/6/6 3929/5/5
f 3927/180/144 3926/176/140 3931/10/10 3790/9/9
f 3924/181/145 3923/178/142 3787/1/1 3788/13/13
f 3921/182/146 3920/179/143 3929/5/5 3786/15/15
f 3863/185/17 3927/180/144 3790/9/9
f 3925/175/139 3924/181/145 3788/13/13 3789/18/18
f 3932/151/411 3933/186/412 3935/187/413 3934/188/414
f 3934/188/414 3935/187/413 3937/189/415 3936/190/416
f 3936/190/416 3937/189/415 3939/191/417 3938/192/418
f 3938/192/418 3939/191/417 3941/193/419 3940/194/420
f 3940/194/420 3941/193/419 3943/195/421 3942/196/422
f 3942/196/422 3943/195/421 3945/197/423 3944/198/424
f 3944/198/424 3945/197/423 3947/199/425 3946/200/426
f 3946/200/426 3947/199/425 3949/201/427 3948/202/428
f 3948/202/428 3949/201/427 3951/203/429 3950/204/430
f 3950/204/430 3951/203/429 3953/205/431 3952/206/432
f 3952/206/432 3953/205/431 3955/207/433 3954/208/434
f 3954/208/434 3955/207/433 3957/209/435 3956/210/436
f 3935/500/413 3933/212/412 3959/501/437 3957/380/435 3955/381/433 3953/382/431 3951/383/429 3949/502/427 3947/219/425 3945/503/423 3943/387/421 3941/222/419 3939/223/417 3937/388/415
f 3956/210/436 3957/209/435 3959/225/437 3958/226/438
f 3958/226/438 3959/225/437 3933/227/412 3932/228/411
f 3932/229/411 3934/230/414 3936/391/416 3938/232/418 3940/233/420 3942/392/422 3944/235/424 3946/236/426 3948/237/428 3950/396/430 3952/239/432 3954/240/434 3956/397/436 3958/242/438
f 4102/243/6 4047/507/20 3965/453/7
f 4105/505/10 3963/18/18 3971/19/19 3972/11/11
f 3961/1/1 4104/506/2 3968/3/3 3969/4/4
f 4103/504/5 4102/243/6 3965/453/7 3966/8/8
f 3964/454/9 4105/505/10 3972/11/11 3973/455/12
f 3962/13/13 3961/1/1 3969/4/4 3970/14/14
f 3960/15/15 4103/504/5 3966/8/8 3967/16/16
f 4037/17/17 3964/454/9 3973/455/12
f 3963/18/18 3962/13/13 3970/14/14 3971/19/19
f 4104/506/2 3960/15/15 3967/16/16 3968/3/3
f 3972/11/11 3971/19/19 3980/29/28 3981/23/23
f 3969/4/4 3968/3/3 3977/30/29 3978/25/25
f 3966/8/8 3965/453/7 3974/457/21 3975/22/22
f 3973/455/12 3972/11/11 3981/23/23 3982/458/24
f 3970/14/14 3969/4/4 3978/25/25 3979/26/26
f 3967/16/16 3966/8/8 3975/22/22 3976/245/27
f 4037/28/17 3973/455/12 3982/458/24
f 3971/19/19 3970/14/14 3979/26/26 3980/29/28
f 3968/3/3 3967/16/16 3976/245/27 3977/30/29
f 3965/453/7 4047/31/20 3974/457/21
f 3977/30/29 3976/245/27 3985/247/38 3986/34/32
f 3974/457/21 4047/42/20 3983/459/34
f 3981/23/23 3980/29/28 3989/32/30 3990/33/31
f 3978/25/25 3977/30/29 3986/34/32 3987/35/33
f 3975/22/22 3974/457/21 3983/459/34 3984/246/35
f 3982/458/24 3981/23/23 3990/33/31 3991/460/36
f 3979/26/26 3978/25/25 3987/35/33 3988/39/37
f 3976/245/27 3975/22/22 3984/246/35 3985/247/38
f 4037/41/17 3982/458/24 3991/460/36
f 3980/29/28 3979/26/26 3988/39/37 3989/32/30
f 3989/32/30 3988/39/37 3997/252/47 3998/47/42
f 3986/34/32 3985/247/38 3994/253/39 3995/249/40
f 3983/459/34 4047/45/20 3992/46/41
f 3990/33/31 3989/32/30 3998/47/42 3999/48/43
f 3987/35/33 3986/34/32 3995/249/40 3996/49/44
f 3984/246/35 3983/459/34 3992/46/41 3993/250/45
f 3991/460/36 3990/33/31 3999/48/43 4000/51/46
f 3988/39/37 3987/35/33 3996/49/44 3997/252/47
f 3985/247/38 3984/246/35 3993/250/45 3994/253/39
f 4037/53/17 3991/460/36 4000/51/46
f 3994/253/39 3993/250/45 4002/258/55 4003/56/50
f 4037/64/17 4000/51/46 4009/63/56
f 3998/47/42 3997/252/47 4006/260/48 4007/55/49
f 3995/249/40 3994/253/39 4003/56/50 4004/254/51
f 3992/46/41 4047/58/20 4001/59/52
f 3999/48/43 3998/47/42 4007/55/49 4008/257/53
f 3996/49/44 3995/249/40 4004/254/51 4005/61/54
f 3993/250/45 3992/46/41 4001/59/52 4002/258/55
f 4000/51/46 3999/48/43 4008/257/53 4009/63/56
f 3997/252/47 3996/49/44 4005/61/54 4006/260/48
f 4009/63/56 4008/257/53 4017/508/64 4018/68/59
f 4006/260/48 4005/61/54 4014/269/65 4015/263/60
f 4003/56/50 4002/258/55 4011/509/57 4012/66/58
f 4037/408/17 4009/63/56 4018/68/59
f 4007/55/49 4006/260/48 4015/263/60 4016/70/61
f 4004/254/51 4003/56/50 4012/66/58 4013/266/62
f 4001/59/52 4047/411/20 4010/73/63
f 4008/257/53 4007/55/49 4016/70/61 4017/508/64
f 4005/61/54 4004/254/51 4013/266/62 4014/269/65
f 4002/258/55 4001/59/52 4010/73/63 4011/509/57
f 4014/269/65 4013/266/62 4022/84/73 4023/333/68
f 4011/509/57 4010/73/63 4019/86/74 4020/271/70
f 4018/68/59 4017/508/64 4026/76/66 4027/77/67
f 4015/263/60 4014/269/65 4023/333/68 4024/79/69
f 4012/66/58 4011/509/57 4020/271/70 4021/272/71
f 4037/82/17 4018/68/59 4027/77/67
f 4016/70/61 4015/263/60 4024/79/69 4025/275/72
f 4013/266/62 4012/66/58 4021/272/71 4022/84/73
f 4010/73/63 4047/85/20 4019/86/74
f 4017/508/64 4016/70/61 4025/275/72 4026/76/66
f 4019/86/74 4047/97/20 4028/89/77
f 4026/76/66 4025/275/72 4034/418/83 4035/91/79
f 4023/333/68 4022/84/73 4031/87/75 4032/88/76
f 4020/271/70 4019/86/74 4028/89/77 4029/278/78
f 4027/77/67 4026/76/66 4035/91/79 4036/92/80
f 4024/79/69 4023/333/68 4032/88/76 4033/93/81
f 4021/272/71 4020/271/70 4029/278/78 4030/510/82
f 4037/95/17 4027/77/67 4036/92/80
f 4025/275/72 4024/79/69 4033/93/81 4034/418/83
f 4022/84/73 4021/272/71 4030/510/82 4031/87/75
f 4031/87/75 4030/510/82 4040/284/92 4041/102/87
f 4028/89/77 4047/512/20 4038/99/84
f 4035/91/79 4034/418/83 4044/419/85 4045/101/86
f 4032/88/76 4031/87/75 4041/102/87 4042/103/88
f 4029/278/78 4028/89/77 4038/99/84 4039/283/89
f 4036/92/80 4035/91/79 4045/101/86 4046/105/90
f 4033/93/81 4032/88/76 4042/103/88 4043/106/91
f 4030/510/82 4029/278/78 4039/283/89 4040/284/92
f 4037/511/17 4036/92/80 4046/105/90
f 4034/418/83 4033/93/81 4043/106/91 4044/419/85
f 4037/119/17 4046/105/90 4056/295/100
f 4044/419/85 4043/106/91 4053/296/101 4054/421/96
f 4041/102/87 4040/284/92 4050/109/93 4051/292/94
f 4038/99/84 4047/111/20 4048/289/95
f 4045/101/86 4044/419/85 4054/421/96 4055/114/97
f 4042/103/88 4041/102/87 4051/292/94 4052/115/98
f 4039/283/89 4038/99/84 4048/289/95 4049/513/99
f 4046/105/90 4045/101/86 4055/114/97 4056/295/100
f 4043/106/91 4042/103/88 4052/115/98 4053/296/101
f 4040/284/92 4039/283/89 4049/513/99 4050/109/93
f 4053/296/101 4052/115/98 4061/129/109 4062/122/103
f 4050/109/93 4049/513/99 4058/516/110 4059/124/105
f 4037/120/17 4056/295/100 4065/517/102
f 4054/421/96 4053/296/101 4062/122/103 4063/424/104
f 4051/292/94 4050/109/93 4059/124/105 4060/125/106
f 4048/289/95 4047/126/20 4057/514/107
f 4055/114/97 4054/421/96 4063/424/104 4064/515/108
f 4052/115/98 4051/292/94 4060/125/106 4061/129/109
f 4049/513/99 4048/289/95 4057/514/107 4058/516/110
f 4056/295/100 4055/114/97 4064/515/108 4065/517/102
f 4058/516/110 4057/514/107 4066/140/118 4067/301/113
f 4065/517/102 4064/515/108 4073/141/119 4074/136/115
f 4062/122/103 4061/129/109 4070/131/111 4071/132/112
f 4059/124/105 4058/516/110 4067/301/113 4068/134/114
f 4037/302/17 4065/517/102 4074/136/115
f 4063/424/104 4062/122/103 4071/132/112 4072/429/116
f 4060/125/106 4059/124/105 4068/134/114 4069/138/117
f 4057/514/107 4047/303/20 4066/140/118
f 4064/515/108 4063/424/104 4072/429/116 4073/141/119
f 4061/129/109 4060/125/106 4069/138/117 4070/131/111
f 4070/151/111 4069/159/117 4078/521/128 4079/152/124
f 4067/304/113 4066/143/118 4075/144/120 4076/518/121
f 4074/146/115 4073/147/119 4082/148/122 4083/149/123
f 4071/150/112 4070/151/111 4079/152/124 4080/487/125
f 4068/154/114 4067/304/113 4076/518/121 4077/155/126
f 4037/519/17 4074/146/115 4083/149/123
f 4072/434/116 4071/150/112 4080/487/125 4081/520/127
f 4069/159/117 4068/154/114 4077/155/126 4078/521/128
f 4066/143/118 4047/522/20 4075/144/120
f 4073/147/119 4072/434/116 4081/520/127 4082/148/122
f 4075/144/120 4047/172/20 4084/523/131
f 4082/148/122 4081/520/127 4090/171/137 4091/525/133
f 4079/152/124 4078/521/128 4087/310/129 4088/163/130
f 4076/518/121 4075/144/120 4084/523/131 4085/524/132
f 4083/149/123 4082/148/122 4091/525/133 4092/526/134
f 4080/487/125 4079/152/124 4088/163/130 4089/168/135
f 4077/155/126 4076/518/121 4085/524/132 4086/169/136
f 4037/170/17 4083/149/123 4092/526/134
f 4081/520/127 4080/487/125 4089/168/135 4090/171/137
f 4078/521/128 4077/155/126 4086/169/136 4087/310/129
f 4090/171/137 4089/168/135 4098/181/145 4099/175/139
f 4087/310/129 4086/169/136 4095/182/146 4096/311/141
f 4084/523/131 4047/316/20 4093/313/138
f 4091/525/133 4090/171/137 4099/175/139 4100/527/140
f 4088/163/130 4087/310/129 4096/311/141 4097/178/142
f 4085/524/132 4084/523/131 4093/313/138 4094/528/143
f 4092/526/134 4091/525/133 4100/527/140 4101/314/144
f 4089/168/135 4088/163/130 4097/178/142 4098/181/145
f 4086/169/136 4085/524/132 4094/528/143 4095/182/146
f 4037/315/17 4092/526/134 4101/314/144
f 4095/182/146 4094/528/143 4103/504/5 3960/15/15
f 4037/185/17 4101/314/144 3964/454/9
f 4099/175/139 4098/181/145 3962/13/13 3963/18/18
f 4096/311/141 4095/182/146 3960/15/15 4104/506/2
f 4093/313/138 4047/529/20 4102/243/6
f 4100/527/140 4099/175/139 3963/18/18 4105/505/10
f 4097/178/142 4096/311/141 4104/506/2 3961/1/1
f 4094/528/143 4093/313/138 4102/243/6 4103/504/5
f 4101/314/144 4100/527/140 4105/505/10 3964/454/9
f 4098/181/145 4097/178/142 3961/1/1 3962/13/13
f 4107/1/1 4250/506/2 4114/3/3 4115/4/4
f 4249/504/5 4248/243/6 4111/453/7 4112/8/8
f 4110/454/9 4251/505/10 4118/11/11 4119/455/12
f 4108/13/13 4107/1/1 4115/4/4 4116/14/14
f 4106/15/15 4249/504/5 4112/8/8 4113/16/16
f 4183/17/17 4110/454/9 4119/455/12
f 4109/18/18 4108/13/13 4116/14/14 4117/19/19
f 4250/506/2 4106/15/15 4113/16/16 4114/3/3
f 4248/243/6 4193/507/20 4111/453/7
f 4251/505/10 4109/18/18 4117/19/19 4118/11/11
f 4112/8/8 4111/453/7 4120/457/21 4121/22/22
f 4119/455/12 4118/11/11 4127/23/23 4128/458/24
f 4116/14/14 4115/4/4 4124/25/25 4125/26/26
f 4113/16/16 4112/8/8 4121/22/22 4122/245/27
f 4183/28/17 4119/455/12 4128/458/24
f 4117/19/19 4116/14/14 4125/26/26 4126/29/28
f 4114/3/3 4113/16/16 4122/245/27 4123/30/29
f 4111/453/7 4193/31/20 4120/457/21
f 4118/11/11 4117/19/19 4126/29/28 4127/23/23
f 4115/4/4 4114/3/3 4123/30/29 4124/25/25
f 4127/23/23 4126/29/28 4135/32/30 4136/33/31
f 4124/25/25 4123/30/29 4132/34/32 4133/35/33
f 4121/22/22 4120/457/21 4129/459/34 4130/246/35
f 4128/458/24 4127/23/23 4136/33/31 4137/460/36
f 4125/26/26 4124/25/25 4133/35/33 4134/39/37
f 4122/245/27 4121/22/22 4130/246/35 4131/247/38
f 4183/41/17 4128/458/24 4137/460/36
f 4126/29/28 4125/26/26 4134/39/37 4135/32/30
f 4123/30/29 4122/245/27 4131/247/38 4132/34/32
f 4120/457/21 4193/42/20 4129/459/34
f 4132/34/32 4131/247/38 4140/253/39 4141/249/40
f 4129/459/34 4193/45/20 4138/46/41
f 4136/33/31 4135/32/30 4144/47/42 4145/48/43
f 4133/35/33 4132/34/32 4141/249/40 4142/49/44
f 4130/246/35 4129/459/34 4138/46/41 4139/250/45
f 4137/460/36 4136/33/31 4145/48/43 4146/51/46
f 4134/39/37 4133/35/33 4142/49/44 4143/252/47
f 4131/247/38 4130/246/35 4139/250/45 4140/253/39
f 4183/53/17 4137/460/36 4146/51/46
f 4135/32/30 4134/39/37 4143/252/47 4144/47/42
f 4144/47/42 4143/252/47 4152/260/48 4153/55/49
f 4141/249/40 4140/253/39 4149/56/50 4150/254/51
f 4138/46/41 4193/58/20 4147/59/52
f 4145/48/43 4144/47/42 4153/55/49 4154/257/53
f 4142/49/44 4141/249/40 4150/254/51 4151/61/54
f 4139/250/45 4138/46/41 4147/59/52 4148/258/55
f 4146/51/46 4145/48/43 4154/257/53 4155/63/56
f 4143/252/47 4142/49/44 4151/61/54 4152/260/48
f 4140/253/39 4139/250/45 4148/258/55 4149/56/50
f 4183/64/17 4146/51/46 4155/63/56
f 4149/56/50 4148/258/55 4157/509/57 4158/66/58
f 4183/408/17 4155/63/56 4164/68/59
f 4153/55/49 4152/260/48 4161/263/60 4162/70/61
f 4150/254/51 4149/56/50 4158/66/58 4159/266/62
f 4147/59/52 4193/411/20 4156/73/63
f 4154/257/53 4153/55/49 4162/70/61 4163/508/64
f 4151/61/54 4150/254/51 4159/266/62 4160/269/65
f 4148/258/55 4147/59/52 4156/73/63 4157/509/57
f 4155/63/56 4154/257/53 4163/508/64 4164/68/59
f 4152/260/48 4151/61/54 4160/269/65 4161/263/60
f 4164/68/59 4163/508/64 4172/76/66 4173/77/67
f 4161/263/60 4160/269/65 4169/333/68 4170/79/69
f 4158/66/58 4157/509/57 4166/271/70 4167/272/71
f 4183/82/17 4164/68/59 4173/77/67
f 4162/70/61 4161/263/60 4170/79/69 4171/275/72
f 4159/266/62 4158/66/58 4167/272/71 4168/84/73
f 4156/73/63 4193/85/20 4165/86/74
f 4163/508/64 4162/70/61 4171/275/72 4172/76/66
f 4160/269/65 4159/266/62 4168/84/73 4169/333/68
f 4157/509/57 4156/73/63 4165/86/74 4166/271/70
f 4169/333/68 4168/84/73 4177/87/75 4178/88/76
f 4166/271/70 4165/86/74 4174/89/77 4175/278/78
f 4173/77/67 4172/76/66 4181/91/79 4182/92/80
f 4170/79/69 4169/333/68 4178/88/76 4179/93/81
f 4167/272/71 4166/271/70 4175/278/78 4176/510/82
f 4183/95/17 4173/77/67 4182/92/80
f 4171/275/72 4170/79/69 4179/93/81 4180/418/83
f 4168/84/73 4167/272/71 4176/510/82 4177/87/75
f 4165/86/74 4193/97/20 4174/89/77
f 4172/76/66 4171/275/72 4180/418/83 4181/91/79
f 4174/89/77 4193/512/20 4184/99/84
f 4181/91/79 4180/418/83 4190/419/85 4191/101/86
f 4178/88/76 4177/87/75 4187/102/87 4188/103/88
f 4175/278/78 4174/89/77 4184/99/84 4185/283/89
f 4182/92/80 4181/91/79 4191/101/86 4192/105/90
f 4179/93/81 4178/88/76 4188/103/88 4189/106/91
f 4176/510/82 4175/278/78 4185/283/89 4186/284/92
f 4183/511/17 4182/92/80 4192/105/90
f 4180/418/83 4179/93/81 4189/106/91 4190/419/85
f 4177/87/75 4176/510/82 4186/284/92 4187/102/87
f 4187/102/87 4186/284/92 4196/109/93 4197/292/94
f 4184/99/84 4193/111/20 4194/289/95
f 4191/101/86 4190/419/85 4200/421/96 4201/114/97
f 4188/103/88 4187/102/87 4197/292/94 4198/115/98
f 4185/283/89 4184/99/84 4194/289/95 4195/513/99
f 4192/105/90 4191/101/86 4201/114/97 4202/295/100
f 4189/106/91 4188/103/88 4198/115/98 4199/296/101
f 4186/284/92 4185/283/89 4195/513/99 4196/109/93
f 4183/119/17 4192/105/90 4202/295/100
f 4190/419/85 4189/106/91 4199/296/101 4200/421/96
f 4183/120/17 4202/295/100 4211/517/102
f 4200/421/96 4199/296/101 4208/122/103 4209/424/104
f 4197/292/94 4196/109/93 4205/124/105 4206/125/106
f 4194/289/95 4193/126/20 4203/514/107
f 4201/114/97 4200/421/96 4209/424/104 4210/515/108
f 4198/115/98 4197/292/94 4206/125/106 4207/129/109
f 4195/513/99 4194/289/95 4203/514/107 4204/516/110
f 4202/295/100 4201/114/97 4210/515/108 4211/517/102
f 4199/296/101 4198/115/98 4207/129/109 4208/122/103
f 4196/109/93 4195/513/99 4204/516/110 4205/124/105
f 4208/122/103 4207/129/109 4216/131/111 4217/132/112
f 4205/124/105 4204/516/110 4213/301/113 4214/134/114
f 4183/302/17 4211/517/102 4220/136/115
f 4209/424/104 4208/122/103 4217/132/112 4218/429/116
f 4206/125/106 4205/124/105 4214/134/114 4215/138/117
f 4203/514/107 4193/303/20 4212/140/118
f 4210/515/108 4209/424/104 4218/429/116 4219/141/119
f 4207/129/109 4206/125/106 4215/138/117 4216/131/111
f 4204/516/110 4203/514/107 4212/140/118 4213/301/113
f 4211/517/102 4210/515/108 4219/141/119 4220/136/115
f 4213/304/113 4212/143/118 4221/144/120 4222/518/121
f 4220/146/115 4219/147/119 4228/148/122 4229/149/123
f 4217/150/112 4216/151/111 4225/152/124 4226/487/125
f 4214/154/114 4213/304/113 4222/518/121 4223/155/126
f 4183/519/17 4220/146/115 4229/149/123
f 4218/434/116 4217/150/112 4226/487/125 4227/520/127
f 4215/159/117 4214/154/114 4223/155/126 4224/521/128
f 4212/143/118 4193/522/20 4221/144/120
f 4219/147/119 4218/434/116 4227/520/127 4228/148/122
f 4216/151/111 4215/159/117 4224/521/128 4225/152/124
f 4225/152/124 4224/521/128 4233/310/129 4234/163/130
f 4222/518/121 4221/144/120 4230/523/131 4231/524/132
f 4229/149/123 4228/148/122 4237/525/133 4238/526/134
f 4226/487/125 4225/152/124 4234/163/130 4235/168/135
f 4223/155/126 4222/518/121 4231/524/132 4232/169/136
f 4183/170/17 4229/149/123 4238/526/134
f 4227/520/127 4226/487/125 4235/168/135 4236/171/137
f 4224/521/128 4223/155/126 4232/169/136 4233/310/129
f 4221/144/120 4193/172/20 4230/523/131
f 4228/148/122 4227/520/127 4236/171/137 4237/525/133
f 4230/523/131 4193/316/20 4239/313/138
f 4237/525/133 4236/171/137 4245/175/139 4246/527/140
f 4234/163/130 4233/310/129 4242/311/141 4243/178/142
f 4231/524/132 4230/523/131 4239/313/138 4240/528/143
f 4238/526/134 4237/525/133 4246/527/140 4247/314/144
f 4235/168/135 4234/163/130 4243/178/142 4244/181/145
f 4232/169/136 4231/524/132 4240/528/143 4241/182/146
f 4183/315/17 4238/526/134 4247/314/144
f 4236/171/137 4235/168/135 4244/181/145 4245/175/139
f 4233/310/129 4232/169/136 4241/182/146 4242/311/141
f 4245/175/139 4244/181/145 4108/13/13 4109/18/18
f 4242/311/141 4241/182/146 4106/15/15 4250/506/2
f 4239/313/138 4193/529/20 4248/243/6
f 4246/527/140 4245/175/139 4109/18/18 4251/505/10
f 4243/178/142 4242/311/141 4250/506/2 4107/1/1
f 4240/528/143 4239/313/138 4248/243/6 4249/504/5
f 4247/314/144 4246/527/140 4251/505/10 4110/454/9
f 4244/181/145 4243/178/142 4107/1/1 4108/13/13
f 4241/182/146 4240/528/143 4249/504/5 4106/15/15
f 4183/185/17 4247/314/144 4110/454/9
f 4252/530/375 4253/531/376 4255/532/377 4254/533/378
f 4254/533/378 4255/532/377 4259/25/379 4258/75/380
f 4258/75/380 4259/25/379 4257/534/381 4256/535/382
f 4256/535/382 4257/534/381 4253/325/376 4252/331/375
f 4254/339/378 4258/75/380 4256/535/382 4252/536/375
f 4259/25/379 4255/320/377 4253/537/376 4257/534/381
usemtl Eye
f 902/5/5 901/243/6 764/7/7 765/8/8
f 763/9/9 904/10/10 771/11/11 772/12/12
f 761/13/13 760/1/1 768/4/4 769/14/14
f 759/15/15 902/5/5 765/8/8 766/16/16
f 836/17/17 763/9/9 772/12/12
f 762/18/18 761/13/13 769/14/14 770/19/19
f 903/244/2 759/15/15 766/16/16 767/3/3
f 901/243/6 846/20/20 764/7/7
f 904/10/10 762/18/18 770/19/19 771/11/11
f 760/1/1 903/244/2 767/3/3 768/4/4
f 772/12/12 771/11/11 780/23/23 781/24/175
f 769/14/14 768/4/4 777/25/25 778/26/26
f 766/16/16 765/8/8 774/22/176 775/245/27
f 836/28/17 772/12/12 781/24/175
f 770/19/19 769/14/14 778/26/26 779/29/28
f 767/3/3 766/16/16 775/245/27 776/30/29
f 764/7/7 846/31/20 773/21/21
f 771/11/11 770/19/19 779/29/28 780/23/23
f 768/4/4 767/3/3 776/30/29 777/25/25
f 765/8/8 764/7/7 773/21/21 774/22/176
f 777/25/25 776/30/29 785/34/32 786/35/33
f 774/22/176 773/21/21 782/36/34 783/246/35
f 781/24/175 780/23/23 789/33/31 790/38/36
f 778/26/26 777/25/25 786/35/33 787/39/37
f 775/245/27 774/22/176 783/246/35 784/247/38
f 836/41/17 781/24/175 790/38/36
f 779/29/28 778/26/26 787/39/37 788/32/30
f 776/30/29 775/245/27 784/247/38 785/34/32
f 773/21/21 846/42/20 782/36/34
f 780/23/23 779/29/28 788/32/30 789/33/31
f 782/36/34 846/45/20 791/248/41
f 789/33/31 788/32/30 797/47/42 798/48/43
f 786/35/33 785/34/32 794/249/40 795/49/44
f 783/246/35 782/36/34 791/248/41 792/250/45
f 790/38/36 789/33/31 798/48/43 799/251/46
f 787/39/37 786/35/33 795/49/44 796/252/47
f 784/247/38 783/246/35 792/250/45 793/253/39
f 836/53/17 790/38/36 799/251/46
f 788/32/30 787/39/37 796/252/47 797/47/42
f 785/34/32 784/247/38 793/253/39 794/249/40
f 794/249/40 793/253/39 802/56/50 803/254/51
f 791/248/41 846/255/20 800/256/52
f 798/48/43 797/47/42 806/55/49 807/257/53
f 795/49/44 794/249/40 803/254/51 804/61/54
f 792/250/45 791/248/41 800/256/52 801/258/55
f 799/251/46 798/48/43 807/257/53 808/259/56
f 796/252/47 795/49/44 804/61/54 805/260/48
f 793/253/39 792/250/45 801/258/55 802/56/50
f 836/261/17 799/251/46 808/259/56
f 797/47/42 796/252/47 805/260/48 806/55/49
f 836/67/17 808/259/56 817/262/177
f 806/55/49 805/260/48 814/263/60 815/264/61
f 803/254/51 802/56/50 811/265/58 812/266/62
f 800/256/52 846/72/20 809/267/178
f 807/257/53 806/55/49 815/264/61 816/268/179
f 804/61/54 803/254/51 812/266/62 813/269/65
f 801/258/55 800/256/52 809/267/178 810/270/57
f 808/259/56 807/257/53 816/268/179 817/262/177
f 805/260/48 804/61/54 813/269/65 814/263/60
f 802/56/50 801/258/55 810/270/57 811/265/58
f 814/263/60 813/269/65 822/78/68 823/79/69
f 811/265/58 810/270/57 819/271/70 820/272/71
f 836/273/17 817/262/177 826/274/67
f 815/264/61 814/263/60 823/79/69 824/275/72
f 812/266/62 811/265/58 820/272/71 821/84/73
f 809/267/178 846/276/20 818/277/74
f 816/268/179 815/264/61 824/275/72 825/76/66
f 813/269/65 812/266/62 821/84/73 822/78/68
f 810/270/57 809/267/178 818/277/74 819/271/70
f 817/262/177 816/268/179 825/76/66 826/274/67
f 819/271/70 818/277/74 827/89/77 828/278/78
f 826/274/67 825/76/66 834/91/79 835/92/80
f 823/79/69 822/78/68 831/88/76 832/93/81
f 820/272/71 819/271/70 828/278/78 829/279/82
f 836/280/17 826/274/67 835/92/80
f 824/275/72 823/79/69 832/93/81 833/281/83
f 821/84/73 820/272/71 829/279/82 830/87/75
f 818/277/74 846/282/20 827/89/77
f 825/76/66 824/275/72 833/281/83 834/91/79
f 822/78/68 821/84/73 830/87/75 831/88/76
f 831/88/76 830/87/75 840/102/87 841/103/88
f 828/278/78 827/89/77 837/99/84 838/283/89
f 835/92/80 834/91/79 844/101/86 845/105/90
f 832/93/81 831/88/76 841/103/88 842/106/91
f 829/279/82 828/278/78 838/283/89 839/284/92
f 836/285/17 835/92/80 845/105/90
f 833/281/83 832/93/81 842/106/91 843/286/85
f 830/87/75 829/279/82 839/284/92 840/102/87
f 827/89/77 846/287/20 837/99/84
f 834/91/79 833/281/83 843/286/85 844/101/86
f 837/99/84 846/288/20 847/289/95
f 844/101/86 843/286/85 853/290/96 854/291/97
f 841/103/88 840/102/87 850/292/94 851/293/98
f 838/283/89 837/99/84 847/289/95 848/294/99
f 845/105/90 844/101/86 854/291/97 855/295/180
f 842/106/91 841/103/88 851/293/98 852/296/101
f 839/284/92 838/283/89 848/294/99 849/297/93
f 836/298/17 845/105/90 855/295/180
f 843/286/85 842/106/91 852/296/101 853/290/96
f 840/102/87 839/284/92 849/297/93 850/292/94
f 853/290/96 852/296/101 861/122/103 862/123/104
f 850/292/94 849/297/93 858/124/105 859/125/106
f 847/289/95 846/126/20 856/127/107
f 854/291/97 853/290/96 862/123/104 863/128/108
f 851/293/98 850/292/94 859/125/106 860/299/109
f 848/294/99 847/289/95 856/127/107 857/300/110
f 855/295/180 854/291/97 863/128/108 864/121/102
f 852/296/101 851/293/98 860/299/109 861/122/103
f 849/297/93 848/294/99 857/300/110 858/124/105
f 836/120/17 855/295/180 864/121/102
f 858/124/105 857/300/110 866/301/113 867/134/114
f 836/302/17 864/121/102 873/136/115
f 862/123/104 861/122/103 870/132/112 871/137/116
f 859/125/106 858/124/105 867/134/114 868/138/117
f 856/127/107 846/303/20 865/140/118
f 863/128/108 862/123/104 871/137/116 872/141/119
f 860/299/109 859/125/106 868/138/117 869/131/111
f 857/300/110 856/127/107 865/140/118 866/301/113
f 864/121/102 863/128/108 872/141/119 873/136/115
f 861/122/103 860/299/109 869/131/111 870/132/112
f 870/150/112 869/151/111 878/152/124 879/153/125
f 867/154/114 866/304/113 875/305/121 876/306/126
f 836/156/17 873/146/115 882/149/123
f 871/157/116 870/150/112 879/153/125 880/307/127
f 868/159/117 867/154/114 876/306/126 877/308/128
f 865/143/118 846/161/20 874/144/120
f 872/147/119 871/157/116 880/307/127 881/309/122
f 869/151/111 868/159/117 877/308/128 878/152/124
f 866/304/113 865/143/118 874/144/120 875/305/121
f 873/146/115 872/147/119 881/309/122 882/149/123
f 875/305/121 874/144/120 883/164/181 884/165/132
f 882/149/123 881/309/122 890/166/133 891/167/182
f 879/153/125 878/152/124 887/163/130 888/168/135
f 876/306/126 875/305/121 884/165/132 885/169/136
f 836/170/17 882/149/123 891/167/182
f 880/307/127 879/153/125 888/168/135 889/171/137
f 877/308/128 876/306/126 885/169/136 886/310/129
f 874/144/120 846/172/20 883/164/181
f 881/309/122 880/307/127 889/171/137 890/166/133
f 878/152/124 877/308/128 886/310/129 887/163/130
f 890/166/133 889/171/137 898/175/139 899/176/140
f 887/163/130 886/310/129 895/311/141 896/312/142
f 884/165/132 883/164/181 892/313/138 893/179/143
f 891/167/182 890/166/133 899/176/140 900/314/144
f 888/168/135 887/163/130 896/312/142 897/181/145
f 885/169/136 884/165/132 893/179/143 894/182/146
f 836/315/17 891/167/182 900/314/144
f 889/171/137 888/168/135 897/181/145 898/175/139
f 886/310/129 885/169/136 894/182/146 895/311/141
f 883/164/181 846/316/20 892/313/138
f 895/311/141 894/182/146 759/15/15 903/244/2
f 892/313/138 846/184/20 901/243/6
f 899/176/140 898/175/139 762/18/18 904/10/10
f 896/312/142 895/311/141 903/244/2 760/1/1
f 893/179/143 892/313/138 901/243/6 902/5/5
f 900/314/144 899/176/140 904/10/10 763/9/9
f 897/181/145 896/312/142 760/1/1 761/13/13
f 894/182/146 893/179/143 902/5/5 759/15/15
f 836/185/17 900/314/144 763/9/9
f 898/175/139 897/181/145 761/13/13 762/18/18
f 1048/5/5 1047/243/6 910/7/7 911/8/8
f 909/9/9 1050/10/10 917/11/11 918/12/12
f 907/13/13 906/1/1 914/4/4 915/14/14
f 905/15/15 1048/5/5 911/8/8 912/16/16
f 982/17/17 909/9/9 918/12/12
f 908/18/18 907/13/13 915/14/14 916/19/19
f 1049/244/2 905/15/15 912/16/16 913/3/3
f 1047/243/6 992/20/20 910/7/7
f 1050/10/10 908/18/18 916/19/19 917/11/11
f 906/1/1 1049/244/2 913/3/3 914/4/4
f 918/12/12 917/11/11 926/23/23 927/24/175
f 915/14/14 914/4/4 923/25/25 924/26/26
f 912/16/16 911/8/8 920/22/176 921/245/27
f 982/28/17 918/12/12 927/24/175
f 916/19/19 915/14/14 924/26/26 925/29/28
f 913/3/3 912/16/16 921/245/27 922/30/29
f 910/7/7 992/31/20 919/21/21
f 917/11/11 916/19/19 925/29/28 926/23/23
f 914/4/4 913/3/3 922/30/29 923/25/25
f 911/8/8 910/7/7 919/21/21 920/22/176
f 923/25/25 922/30/29 931/34/32 932/35/33
f 920/22/176 919/21/21 928/36/34 929/246/35
f 927/24/175 926/23/23 935/33/31 936/38/36
f 924/26/26 923/25/25 932/35/33 933/39/37
f 921/245/27 920/22/176 929/246/35 930/247/38
f 982/41/17 927/24/175 936/38/36
f 925/29/28 924/26/26 933/39/37 934/32/30
f 922/30/29 921/245/27 930/247/38 931/34/32
f 919/21/21 992/42/20 928/36/34
f 926/23/23 925/29/28 934/32/30 935/33/31
f 928/36/34 992/45/20 937/248/41
f 935/33/31 934/32/30 943/47/42 944/48/43
f 932/35/33 931/34/32 940/249/40 941/49/44
f 929/246/35 928/36/34 937/248/41 938/250/45
f 936/38/36 935/33/31 944/48/43 945/251/46
f 933/39/37 932/35/33 941/49/44 942/252/47
f 930/247/38 929/246/35 938/250/45 939/253/39
f 982/53/17 936/38/36 945/251/46
f 934/32/30 933/39/37 942/252/47 943/47/42
f 931/34/32 930/247/38 939/253/39 940/249/40
f 940/249/40 939/253/39 948/56/50 949/254/51
f 937/248/41 992/255/20 946/256/52
f 944/48/43 943/47/42 952/55/49 953/257/53
f 941/49/44 940/249/40 949/254/51 950/61/54
f 938/250/45 937/248/41 946/256/52 947/258/55
f 945/251/46 944/48/43 953/257/53 954/259/56
f 942/252/47 941/49/44 950/61/54 951/260/48
f 939/253/39 938/250/45 947/258/55 948/56/50
f 982/261/17 945/251/46 954/259/56
f 943/47/42 942/252/47 951/260/48 952/55/49
f 982/67/17 954/259/56 963/262/177
f 952/55/49 951/260/48 960/263/60 961/264/61
f 949/254/51 948/56/50 957/265/58 958/266/62
f 946/256/52 992/72/20 955/267/178
f 953/257/53 952/55/49 961/264/61 962/268/179
f 950/61/54 949/254/51 958/266/62 959/269/65
f 947/258/55 946/256/52 955/267/178 956/270/57
f 954/259/56 953/257/53 962/268/179 963/262/177
f 951/260/48 950/61/54 959/269/65 960/263/60
f 948/56/50 947/258/55 956/270/57 957/265/58
f 960/263/60 959/269/65 968/78/68 969/79/69
f 957/265/58 956/270/57 965/271/70 966/272/71
f 982/273/17 963/262/177 972/274/67
f 961/264/61 960/263/60 969/79/69 970/275/72
f 958/266/62 957/265/58 966/272/71 967/84/73
f 955/267/178 992/276/20 964/277/74
f 962/268/179 961/264/61 970/275/72 971/76/66
f 959/269/65 958/266/62 967/84/73 968/78/68
f 956/270/57 955/267/178 964/277/74 965/271/70
f 963/262/177 962/268/179 971/76/66 972/274/67
f 965/271/70 964/277/74 973/89/77 974/278/78
f 972/274/67 971/76/66 980/91/79 981/92/80
f 969/79/69 968/78/68 977/88/76 978/93/81
f 966/272/71 965/271/70 974/278/78 975/279/82
f 982/280/17 972/274/67 981/92/80
f 970/275/72 969/79/69 978/93/81 979/281/83
f 967/84/73 966/272/71 975/279/82 976/87/75
f 964/277/74 992/282/20 973/89/77
f 971/76/66 970/275/72 979/281/83 980/91/79
f 968/78/68 967/84/73 976/87/75 977/88/76
f 977/88/76 976/87/75 986/102/87 987/103/88
f 974/278/78 973/89/77 983/99/84 984/283/89
f 981/92/80 980/91/79 990/101/86 991/105/90
f 978/93/81 977/88/76 987/103/88 988/106/91
f 975/279/82 974/278/78 984/283/89 985/284/92
f 982/285/17 981/92/80 991/105/90
f 979/281/83 978/93/81 988/106/91 989/286/85
f 976/87/75 975/279/82 985/284/92 986/102/87
f 973/89/77 992/287/20 983/99/84
f 980/91/79 979/281/83 989/286/85 990/101/86
f 983/99/84 992/288/20 993/289/95
f 990/101/86 989/286/85 999/290/96 1000/291/97
f 987/103/88 986/102/87 996/292/94 997/293/98
f 984/283/89 983/99/84 993/289/95 994/294/99
f 991/105/90 990/101/86 1000/291/97 1001/295/180
f 988/106/91 987/103/88 997/293/98 998/296/101
f 985/284/92 984/283/89 994/294/99 995/297/93
f 982/298/17 991/105/90 1001/295/180
f 989/286/85 988/106/91 998/296/101 999/290/96
f 986/102/87 985/284/92 995/297/93 996/292/94
f 999/290/96 998/296/101 1007/122/103 1008/123/104
f 996/292/94 995/297/93 1004/124/105 1005/125/106
f 993/289/95 992/126/20 1002/127/107
f 1000/291/97 999/290/96 1008/123/104 1009/128/108
f 997/293/98 996/292/94 1005/125/106 1006/299/109
f 994/294/99 993/289/95 1002/127/107 1003/300/110
f 1001/295/180 1000/291/97 1009/128/108 1010/121/102
f 998/296/101 997/293/98 1006/299/109 1007/122/103
f 995/297/93 994/294/99 1003/300/110 1004/124/105
f 982/120/17 1001/295/180 1010/121/102
f 1004/124/105 1003/300/110 1012/301/113 1013/134/114
f 982/302/17 1010/121/102 1019/136/115
f 1008/123/104 1007/122/103 1016/132/112 1017/137/116
f 1005/125/106 1004/124/105 1013/134/114 1014/138/117
f 1002/127/107 992/303/20 1011/140/118
f 1009/128/108 1008/123/104 1017/137/116 1018/141/119
f 1006/299/109 1005/125/106 1014/138/117 1015/131/111
f 1003/300/110 1002/127/107 1011/140/118 1012/301/113
f 1010/121/102 1009/128/108 1018/141/119 1019/136/115
f 1007/122/103 1006/299/109 1015/131/111 1016/132/112
f 1016/150/112 1015/151/111 1024/152/124 1025/153/125
f 1013/154/114 1012/304/113 1021/305/121 1022/306/126
f 982/156/17 1019/146/115 1028/149/123
f 1017/157/116 1016/150/112 1025/153/125 1026/307/127
f 1014/159/117 1013/154/114 1022/306/126 1023/308/128
f 1011/143/118 992/161/20 1020/144/120
f 1018/147/119 1017/157/116 1026/307/127 1027/309/122
f 1015/151/111 1014/159/117 1023/308/128 1024/152/124
f 1012/304/113 1011/143/118 1020/144/120 1021/305/121
f 1019/146/115 1018/147/119 1027/309/122 1028/149/123
f 1021/305/121 1020/144/120 1029/164/181 1030/165/132
f 1028/149/123 1027/309/122 1036/166/133 1037/167/182
f 1025/153/125 1024/152/124 1033/163/130 1034/168/135
f 1022/306/126 1021/305/121 1030/165/132 1031/169/136
f 982/170/17 1028/149/123 1037/167/182
f 1026/307/127 1025/153/125 1034/168/135 1035/171/137
f 1023/308/128 1022/306/126 1031/169/136 1032/310/129
f 1020/144/120 992/172/20 1029/164/181
f 1027/309/122 1026/307/127 1035/171/137 1036/166/133
f 1024/152/124 1023/308/128 1032/310/129 1033/163/130
f 1036/166/133 1035/171/137 1044/175/139 1045/176/140
f 1033/163/130 1032/310/129 1041/311/141 1042/312/142
f 1030/165/132 1029/164/181 1038/313/138 1039/179/143
f 1037/167/182 1036/166/133 1045/176/140 1046/314/144
f 1034/168/135 1033/163/130 1042/312/142 1043/181/145
f 1031/169/136 1030/165/132 1039/179/143 1040/182/146
f 982/315/17 1037/167/182 1046/314/144
f 1035/171/137 1034/168/135 1043/181/145 1044/175/139
f 1032/310/129 1031/169/136 1040/182/146 1041/311/141
f 1029/164/181 992/316/20 1038/313/138
f 1041/311/141 1040/182/146 905/15/15 1049/244/2
f 1038/313/138 992/184/20 1047/243/6
f 1045/176/140 1044/175/139 908/18/18 1050/10/10
f 1042/312/142 1041/311/141 1049/244/2 906/1/1
f 1039/179/143 1038/313/138 1047/243/6 1048/5/5
f 1046/314/144 1045/176/140 1050/10/10 909/9/9
f 1043/181/145 1042/312/142 906/1/1 907/13/13
f 1040/182/146 1039/179/143 1048/5/5 905/15/15
f 982/185/17 1046/314/144 909/9/9
f 1044/175/139 1043/181/145 907/13/13 908/18/18
