# Blender 4.0.2
# www.blender.org
mtllib traveler_body_rig.mtl
o TravelerBody
v 0.000000 1.000000 0.000000
v 0.000000 1.000000 0.000000
v 0.000000 1.000000 0.000000
v 0.000000 1.000000 0.000000
v 0.000000 1.000000 0.000000
v 0.000000 1.000000 0.000000
v 0.000000 1.000000 0.000000
v 0.000000 1.000000 0.000000
v 0.000000 1.000000 0.000000
v 0.000000 1.000000 0.000000
v 0.000000 1.000000 0.000000
v 0.000000 1.000000 0.000000
v 0.000000 1.000000 0.000000
v 0.000000 1.000000 0.000000
v 0.000000 1.000000 0.000000
v 0.000000 1.000000 0.000000
v 0.000000 1.000000 0.000000
v 0.000000 1.000000 0.000000
v 0.000000 1.000000 0.000000
v 0.000000 1.000000 0.000000
v 0.000000 1.000000 0.000000
v 0.000000 1.000000 0.000000
v 0.000000 1.012000 0.054520
v 0.016340 1.012000 0.052312
v 0.031357 1.012000 0.045865
v 0.043833 1.012000 0.035703
v 0.052759 1.012000 0.022648
v 0.057410 1.012000 0.007759
v 0.057410 1.012000 -0.007759
v 0.052759 1.012000 -0.022648
v 0.043833 1.012000 -0.035703
v 0.031357 1.012000 -0.045865
v 0.016340 1.012000 -0.052312
v 0.000000 1.012000 -0.054520
v -0.016340 1.012000 -0.052312
v -0.031357 1.012000 -0.045865
v -0.043833 1.012000 -0.035703
v -0.052759 1.012000 -0.022648
v -0.057410 1.012000 -0.007759
v -0.057410 1.012000 0.007759
v -0.052759 1.012000 0.022648
v -0.043833 1.012000 0.035703
v -0.031357 1.012000 0.045865
v -0.016340 1.012000 0.052312
v 0.000000 1.036000 0.089300
v 0.026765 1.036000 0.085683
v 0.051361 1.036000 0.075124
v 0.071796 1.036000 0.058479
v 0.086415 1.036000 0.037097
v 0.094033 1.036000 0.012709
v 0.094033 1.036000 -0.012709
v 0.086415 1.036000 -0.037097
v 0.071796 1.036000 -0.058479
v 0.051361 1.036000 -0.075124
v 0.026765 1.036000 -0.085683
v 0.000000 1.036000 -0.089300
v -0.026765 1.036000 -0.085683
v -0.051361 1.036000 -0.075124
v -0.071796 1.036000 -0.058479
v -0.086415 1.036000 -0.037097
v -0.094033 1.036000 -0.012709
v -0.094033 1.036000 0.012709
v -0.086415 1.036000 0.037097
v -0.071796 1.036000 0.058479
v -0.051361 1.036000 0.075124
v -0.026765 1.036000 0.085683
v 0.000000 1.066000 0.112800
v 0.033808 1.066000 0.108231
v 0.064877 1.066000 0.094893
v 0.090690 1.066000 0.073868
v 0.109156 1.066000 0.046859
v 0.118779 1.066000 0.016053
v 0.118779 1.066000 -0.016053
v 0.109156 1.066000 -0.046859
v 0.090690 1.066000 -0.073868
v 0.064877 1.066000 -0.094893
v 0.033808 1.066000 -0.108231
v 0.000000 1.066000 -0.112800
v -0.033808 1.066000 -0.108231
v -0.064877 1.066000 -0.094893
v -0.090690 1.066000 -0.073868
v -0.109156 1.066000 -0.046859
v -0.118779 1.066000 -0.016053
v -0.118779 1.066000 0.016053
v -0.109156 1.066000 0.046859
v -0.090690 1.066000 0.073868
v -0.064877 1.066000 0.094893
v -0.033808 1.066000 0.108231
v 0.000000 1.100000 0.127840
v 0.038316 1.100000 0.122662
v 0.073527 1.100000 0.107546
v 0.102782 1.100000 0.083717
v 0.123710 1.100000 0.053107
v 0.134616 1.100000 0.018194
v 0.134616 1.100000 -0.018194
v 0.123710 1.100000 -0.053107
v 0.102782 1.100000 -0.083717
v 0.073527 1.100000 -0.107546
v 0.038316 1.100000 -0.122662
v 0.000000 1.100000 -0.127840
v -0.038316 1.100000 -0.122662
v -0.073527 1.100000 -0.107546
v -0.102782 1.100000 -0.083717
v -0.123710 1.100000 -0.053107
v -0.134616 1.100000 -0.018194
v -0.134616 1.100000 0.018194
v -0.123710 1.100000 0.053107
v -0.102782 1.100000 0.083717
v -0.073527 1.100000 0.107546
v -0.038316 1.100000 0.122662
v 0.000000 1.135000 0.135360
v 0.040569 1.135000 0.129877
v 0.077852 1.135000 0.113872
v 0.108828 1.135000 0.088642
v 0.130987 1.135000 0.056231
v 0.142534 1.135000 0.019264
v 0.142534 1.135000 -0.019264
v 0.130987 1.135000 -0.056231
v 0.108828 1.135000 -0.088642
v 0.077852 1.135000 -0.113872
v 0.040569 1.135000 -0.129877
v 0.000000 1.135000 -0.135360
v -0.040569 1.135000 -0.129877
v -0.077852 1.135000 -0.113872
v -0.108828 1.135000 -0.088642
v -0.130987 1.135000 -0.056231
v -0.142534 1.135000 -0.019264
v -0.142534 1.135000 0.019264
v -0.130987 1.135000 0.056231
v -0.108828 1.135000 0.088642
v -0.077852 1.135000 0.113872
v -0.040569 1.135000 0.129877
v 0.000000 1.170000 0.136300
v 0.040851 1.170000 0.130779
v 0.078393 1.170000 0.114663
v 0.109584 1.170000 0.089258
v 0.131897 1.170000 0.056621
v 0.143524 1.170000 0.019398
v 0.143524 1.170000 -0.019398
v 0.131897 1.170000 -0.056621
v 0.109584 1.170000 -0.089258
v 0.078393 1.170000 -0.114663
v 0.040851 1.170000 -0.130779
v 0.000000 1.170000 -0.136300
v -0.040851 1.170000 -0.130779
v -0.078393 1.170000 -0.114663
v -0.109584 1.170000 -0.089258
v -0.131897 1.170000 -0.056621
v -0.143524 1.170000 -0.019398
v -0.143524 1.170000 0.019398
v -0.131897 1.170000 0.056621
v -0.109584 1.170000 0.089258
v -0.078393 1.170000 0.114663
v -0.040851 1.170000 0.130779
v 0.000000 1.205000 0.131600
v 0.039443 1.205000 0.126269
v 0.075690 1.205000 0.110709
v 0.105805 1.205000 0.086180
v 0.127348 1.205000 0.054669
v 0.138575 1.205000 0.018729
v 0.138575 1.205000 -0.018729
v 0.127348 1.205000 -0.054669
v 0.105805 1.205000 -0.086180
v 0.075690 1.205000 -0.110709
v 0.039443 1.205000 -0.126269
v 0.000000 1.205000 -0.131600
v -0.039443 1.205000 -0.126269
v -0.075690 1.205000 -0.110709
v -0.105805 1.205000 -0.086180
v -0.127348 1.205000 -0.054669
v -0.138575 1.205000 -0.018729
v -0.138575 1.205000 0.018729
v -0.127348 1.205000 0.054669
v -0.105805 1.205000 0.086180
v -0.075690 1.205000 0.110709
v -0.039443 1.205000 0.126269
v 0.000000 1.240000 0.116560
v 0.034935 1.240000 0.111839
v 0.067039 1.240000 0.098057
v 0.093713 1.240000 0.076331
v 0.112794 1.240000 0.048421
v 0.122738 1.240000 0.016588
v 0.122738 1.240000 -0.016588
v 0.112794 1.240000 -0.048421
v 0.093713 1.240000 -0.076331
v 0.067039 1.240000 -0.098057
v 0.034935 1.240000 -0.111839
v 0.000000 1.240000 -0.116560
v -0.034935 1.240000 -0.111839
v -0.067039 1.240000 -0.098057
v -0.093713 1.240000 -0.076331
v -0.112794 1.240000 -0.048421
v -0.122738 1.240000 -0.016588
v -0.122738 1.240000 0.016588
v -0.112794 1.240000 0.048421
v -0.093713 1.240000 0.076331
v -0.067039 1.240000 0.098057
v -0.034935 1.240000 0.111839
v 0.000000 1.272000 0.092120
v 0.027610 1.272000 0.088388
v 0.052983 1.272000 0.077496
v 0.074063 1.272000 0.060326
v 0.089144 1.272000 0.038268
v 0.097002 1.272000 0.013110
v 0.097002 1.272000 -0.013110
v 0.089144 1.272000 -0.038268
v 0.074063 1.272000 -0.060326
v 0.052983 1.272000 -0.077496
v 0.027610 1.272000 -0.088388
v 0.000000 1.272000 -0.092120
v -0.027610 1.272000 -0.088388
v -0.052983 1.272000 -0.077496
v -0.074063 1.272000 -0.060326
v -0.089144 1.272000 -0.038268
v -0.097002 1.272000 -0.013110
v -0.097002 1.272000 0.013110
v -0.089144 1.272000 0.038268
v -0.074063 1.272000 0.060326
v -0.052983 1.272000 0.077496
v -0.027610 1.272000 0.088388
v 0.000000 1.292000 0.054520
v 0.016340 1.292000 0.052312
v 0.031357 1.292000 0.045865
v 0.043833 1.292000 0.035703
v 0.052759 1.292000 0.022648
v 0.057410 1.292000 0.007759
v 0.057410 1.292000 -0.007759
v 0.052759 1.292000 -0.022648
v 0.043833 1.292000 -0.035703
v 0.031357 1.292000 -0.045865
v 0.016340 1.292000 -0.052312
v 0.000000 1.292000 -0.054520
v -0.016340 1.292000 -0.052312
v -0.031357 1.292000 -0.045865
v -0.043833 1.292000 -0.035703
v -0.052759 1.292000 -0.022648
v -0.057410 1.292000 -0.007759
v -0.057410 1.292000 0.007759
v -0.052759 1.292000 0.022648
v -0.043833 1.292000 0.035703
v -0.031357 1.292000 0.045865
v -0.016340 1.292000 0.052312
v 0.000000 1.300000 0.000000
v 0.000000 1.300000 0.000000
v 0.000000 1.300000 0.000000
v 0.000000 1.300000 0.000000
v 0.000000 1.300000 0.000000
v 0.000000 1.300000 0.000000
v 0.000000 1.300000 0.000000
v 0.000000 1.300000 0.000000
v 0.000000 1.300000 0.000000
v 0.000000 1.300000 0.000000
v 0.000000 1.300000 0.000000
v 0.000000 1.300000 0.000000
v 0.000000 1.300000 0.000000
v 0.000000 1.300000 0.000000
v 0.000000 1.300000 0.000000
v 0.000000 1.300000 0.000000
v 0.000000 1.300000 0.000000
v 0.000000 1.300000 0.000000
v 0.000000 1.300000 0.000000
v 0.000000 1.300000 0.000000
v 0.000000 1.300000 0.000000
v 0.000000 1.300000 0.000000
v 0.000000 0.935000 -0.032000
v 0.000000 1.045000 -0.032000
v 0.018809 0.935000 -0.025889
v 0.018809 1.045000 -0.025889
v 0.030434 0.935000 -0.009889
v 0.030434 1.045000 -0.009889
v 0.030434 0.935000 0.009889
v 0.030434 1.045000 0.009889
v 0.018809 0.935000 0.025889
v 0.018809 1.045000 0.025889
v 0.000000 0.935000 0.032000
v 0.000000 1.045000 0.032000
v -0.018809 0.935000 0.025889
v -0.018809 1.045000 0.025889
v -0.030434 0.935000 0.009889
v -0.030434 1.045000 0.009889
v -0.030434 0.935000 -0.009889
v -0.030434 1.045000 -0.009889
v -0.018809 0.935000 -0.025889
v -0.018809 1.045000 -0.025889
v -0.025311 1.235231 -0.036934
v -0.033111 1.275381 -0.094275
v -0.015344 1.241266 -0.034064
v -0.023144 1.281417 -0.091405
v -0.016033 1.251036 -0.027130
v -0.023833 1.291186 -0.084470
v -0.026689 1.254769 -0.023066
v -0.034489 1.294920 -0.080406
v -0.036656 1.248734 -0.025936
v -0.044456 1.288884 -0.083277
v -0.035967 1.238964 -0.032870
v -0.043767 1.279115 -0.090211
v -0.033800 1.288545 -0.090735
v -0.033800 1.285150 -0.092141
v -0.033800 1.281756 -0.090735
v -0.030861 1.288545 -0.089038
v -0.029643 1.285150 -0.089741
v -0.030861 1.281756 -0.089038
v -0.030861 1.288545 -0.085644
v -0.029643 1.285150 -0.084941
v -0.030861 1.281756 -0.085644
v -0.033800 1.288545 -0.083947
v -0.033800 1.285150 -0.082541
v -0.033800 1.281756 -0.083947
v -0.033800 1.280350 -0.087341
v -0.033800 1.289950 -0.087341
v -0.036739 1.288545 -0.085644
v -0.037957 1.285150 -0.084941
v -0.036739 1.281756 -0.085644
v -0.036739 1.288545 -0.089038
v -0.037957 1.285150 -0.089741
v -0.036739 1.281756 -0.089038
v 0.001958 1.234596 -0.039368
v 0.002558 1.294818 -0.106251
v 0.014103 1.239717 -0.034648
v 0.014703 1.299939 -0.101531
v 0.014145 1.250121 -0.025280
v 0.014745 1.310343 -0.092163
v 0.002042 1.255404 -0.020632
v 0.002642 1.315626 -0.087515
v -0.010103 1.250283 -0.025352
v -0.009503 1.310505 -0.092235
v -0.010145 1.239879 -0.034720
v -0.009545 1.300101 -0.101603
v 0.002600 1.309182 -0.100843
v 0.002600 1.305222 -0.102483
v 0.002600 1.301262 -0.100843
v 0.006029 1.309182 -0.098863
v 0.007450 1.305222 -0.099683
v 0.006029 1.301262 -0.098863
v 0.006029 1.309182 -0.094903
v 0.007450 1.305222 -0.094083
v 0.006029 1.301262 -0.094903
v 0.002600 1.309182 -0.092923
v 0.002600 1.305222 -0.091283
v 0.002600 1.301262 -0.092923
v 0.002600 1.299622 -0.096883
v 0.002600 1.310822 -0.096883
v -0.000829 1.309182 -0.094903
v -0.002250 1.305222 -0.094083
v -0.000829 1.301262 -0.094903
v -0.000829 1.309182 -0.098863
v -0.002250 1.305222 -0.099683
v -0.000829 1.301262 -0.098863
v 0.027145 1.235370 -0.035247
v 0.035545 1.265416 -0.091756
v 0.036989 1.238945 -0.031883
v 0.045389 1.268992 -0.088392
v 0.037844 1.248575 -0.026636
v 0.046244 1.278621 -0.083144
v 0.028855 1.254630 -0.024753
v 0.037255 1.284676 -0.081261
v 0.019011 1.251055 -0.028117
v 0.027411 1.281101 -0.084626
v 0.018156 1.241425 -0.033364
v 0.026556 1.271471 -0.089873
v 0.036400 1.278157 -0.089620
v 0.036400 1.275046 -0.090909
v 0.036400 1.271935 -0.089620
v 0.039094 1.278157 -0.088064
v 0.040211 1.275046 -0.088709
v 0.039094 1.271935 -0.088064
v 0.039094 1.278157 -0.084953
v 0.040211 1.275046 -0.084309
v 0.039094 1.271935 -0.084953
v 0.036400 1.278157 -0.083397
v 0.036400 1.275046 -0.082109
v 0.036400 1.271935 -0.083397
v 0.036400 1.270646 -0.086509
v 0.036400 1.279446 -0.086509
v 0.033706 1.278157 -0.084953
v 0.032589 1.275046 -0.084309
v 0.033706 1.271935 -0.084953
v 0.033706 1.278157 -0.088064
v 0.032589 1.275046 -0.088709
v 0.033706 1.271935 -0.088064
v -0.055000 1.137841 0.110327
v -0.049903 1.186183 0.119095
v -0.045581 1.178163 0.114937
v -0.042694 1.166159 0.112158
v -0.041680 1.152000 0.111183
v -0.042694 1.137841 0.112158
v -0.045581 1.125837 0.114937
v -0.049903 1.117816 0.119095
v -0.046171 1.186183 0.121168
v -0.038686 1.178163 0.118767
v -0.033685 1.166159 0.117163
v -0.031929 1.152000 0.116600
v -0.033685 1.137841 0.117163
v -0.038686 1.125837 0.118767
v -0.046171 1.117816 0.121168
v -0.044805 1.186183 0.124000
v -0.036163 1.178163 0.124000
v -0.030388 1.166159 0.124000
v -0.028360 1.152000 0.124000
v -0.030388 1.137841 0.124000
v -0.036163 1.125837 0.124000
v -0.044805 1.117816 0.124000
v -0.046171 1.186183 0.126832
v -0.038686 1.178163 0.129233
v -0.033685 1.166159 0.130837
v -0.031929 1.152000 0.131400
v -0.033685 1.137841 0.130837
v -0.038686 1.125837 0.129233
v -0.046171 1.117816 0.126832
v -0.049903 1.186183 0.128905
v -0.045581 1.178163 0.133063
v -0.042694 1.166159 0.135842
v -0.041680 1.152000 0.136817
v -0.042694 1.137841 0.135842
v -0.045581 1.125837 0.133063
v -0.049903 1.117816 0.128905
v -0.055000 1.186183 0.129664
v -0.055000 1.178163 0.134465
v -0.055000 1.166159 0.137673
v -0.055000 1.152000 0.138800
v -0.055000 1.137841 0.137673
v -0.055000 1.125837 0.134465
v -0.055000 1.117816 0.129664
v -0.060097 1.186183 0.128905
v -0.064419 1.178163 0.133063
v -0.067306 1.166159 0.135842
v -0.068320 1.152000 0.136817
v -0.067306 1.137841 0.135842
v -0.064419 1.125837 0.133063
v -0.060097 1.117816 0.128905
v -0.063829 1.186183 0.126832
v -0.071314 1.178163 0.129233
v -0.076315 1.166159 0.130837
v -0.078071 1.152000 0.131400
v -0.076315 1.137841 0.130837
v -0.071314 1.125837 0.129233
v -0.063829 1.117816 0.126832
v -0.055000 1.189000 0.124000
v -0.065195 1.186183 0.124000
v -0.073837 1.178163 0.124000
v -0.079612 1.166159 0.124000
v -0.081640 1.152000 0.124000
v -0.079612 1.137841 0.124000
v -0.073837 1.125837 0.124000
v -0.065195 1.117816 0.124000
v -0.063829 1.186183 0.121168
v -0.071314 1.178163 0.118767
v -0.076315 1.166159 0.117163
v -0.078071 1.152000 0.116600
v -0.076315 1.137841 0.117163
v -0.071314 1.125837 0.118767
v -0.063829 1.117816 0.121168
v -0.060097 1.186183 0.119095
v -0.064419 1.178163 0.114937
v -0.067306 1.166159 0.112158
v -0.068320 1.152000 0.111183
v -0.067306 1.137841 0.112158
v -0.064419 1.125837 0.114937
v -0.060097 1.117816 0.119095
v -0.055000 1.186183 0.118336
v -0.055000 1.178163 0.113535
v -0.055000 1.166159 0.110327
v -0.055000 1.152000 0.109200
v -0.055000 1.125837 0.113535
v -0.055000 1.117816 0.118336
v -0.055000 1.115000 0.124000
v 0.055000 1.137841 0.110327
v 0.060097 1.186183 0.119095
v 0.064419 1.178163 0.114937
v 0.067306 1.166159 0.112158
v 0.068320 1.152000 0.111183
v 0.067306 1.137841 0.112158
v 0.064419 1.125837 0.114937
v 0.060097 1.117816 0.119095
v 0.063829 1.186183 0.121168
v 0.071314 1.178163 0.118767
v 0.076315 1.166159 0.117163
v 0.078071 1.152000 0.116600
v 0.076315 1.137841 0.117163
v 0.071314 1.125837 0.118767
v 0.063829 1.117816 0.121168
v 0.065195 1.186183 0.124000
v 0.073837 1.178163 0.124000
v 0.079612 1.166159 0.124000
v 0.081640 1.152000 0.124000
v 0.079612 1.137841 0.124000
v 0.073837 1.125837 0.124000
v 0.065195 1.117816 0.124000
v 0.063829 1.186183 0.126832
v 0.071314 1.178163 0.129233
v 0.076315 1.166159 0.130837
v 0.078071 1.152000 0.131400
v 0.076315 1.137841 0.130837
v 0.071314 1.125837 0.129233
v 0.063829 1.117816 0.126832
v 0.060097 1.186183 0.128905
v 0.064419 1.178163 0.133063
v 0.067306 1.166159 0.135842
v 0.068320 1.152000 0.136817
v 0.067306 1.137841 0.135842
v 0.064419 1.125837 0.133063
v 0.060097 1.117816 0.128905
v 0.055000 1.186183 0.129664
v 0.055000 1.178163 0.134465
v 0.055000 1.166159 0.137673
v 0.055000 1.152000 0.138800
v 0.055000 1.137841 0.137673
v 0.055000 1.125837 0.134465
v 0.055000 1.117816 0.129664
v 0.049903 1.186183 0.128905
v 0.045581 1.178163 0.133063
v 0.042694 1.166159 0.135842
v 0.041680 1.152000 0.136817
v 0.042694 1.137841 0.135842
v 0.045581 1.125837 0.133063
v 0.049903 1.117816 0.128905
v 0.046171 1.186183 0.126832
v 0.038686 1.178163 0.129233
v 0.033685 1.166159 0.130837
v 0.031929 1.152000 0.131400
v 0.033685 1.137841 0.130837
v 0.038686 1.125837 0.129233
v 0.046171 1.117816 0.126832
v 0.055000 1.189000 0.124000
v 0.044805 1.186183 0.124000
v 0.036163 1.178163 0.124000
v 0.030388 1.166159 0.124000
v 0.028360 1.152000 0.124000
v 0.030388 1.137841 0.124000
v 0.036163 1.125837 0.124000
v 0.044805 1.117816 0.124000
v 0.046171 1.186183 0.121168
v 0.038686 1.178163 0.118767
v 0.033685 1.166159 0.117163
v 0.031929 1.152000 0.116600
v 0.033685 1.137841 0.117163
v 0.038686 1.125837 0.118767
v 0.046171 1.117816 0.121168
v 0.049903 1.186183 0.119095
v 0.045581 1.178163 0.114937
v 0.042694 1.166159 0.112158
v 0.041680 1.152000 0.111183
v 0.042694 1.137841 0.112158
v 0.045581 1.125837 0.114937
v 0.049903 1.117816 0.119095
v 0.055000 1.186183 0.118336
v 0.055000 1.178163 0.113535
v 0.055000 1.166159 0.110327
v 0.055000 1.152000 0.109200
v 0.055000 1.125837 0.113535
v 0.055000 1.117816 0.118336
v 0.055000 1.115000 0.124000
v 0.000000 0.650000 0.080840
v 0.032150 0.650000 0.075965
v 0.060422 0.650000 0.061927
v 0.081406 0.650000 0.040420
v 0.092572 0.650000 0.014038
v 0.092572 0.650000 -0.014038
v 0.081406 0.650000 -0.040420
v 0.060422 0.650000 -0.061927
v 0.032150 0.650000 -0.075965
v 0.000000 0.650000 -0.080840
v -0.032150 0.650000 -0.075965
v -0.060422 0.650000 -0.061927
v -0.081406 0.650000 -0.040420
v -0.092572 0.650000 -0.014038
v -0.092572 0.650000 0.014038
v -0.081406 0.650000 0.040420
v -0.060422 0.650000 0.061927
v -0.032150 0.650000 0.075965
v 0.000000 0.760000 0.078260
v 0.031124 0.760000 0.073540
v 0.058494 0.760000 0.059951
v 0.078808 0.760000 0.039130
v 0.089618 0.760000 0.013590
v 0.089618 0.760000 -0.013590
v 0.078808 0.760000 -0.039130
v 0.058494 0.760000 -0.059951
v 0.031124 0.760000 -0.073540
v 0.000000 0.760000 -0.078260
v -0.031124 0.760000 -0.073540
v -0.058494 0.760000 -0.059951
v -0.078808 0.760000 -0.039130
v -0.089618 0.760000 -0.013590
v -0.089618 0.760000 0.013590
v -0.078808 0.760000 0.039130
v -0.058494 0.760000 0.059951
v -0.031124 0.760000 0.073540
v 0.000000 0.880000 0.079980
v 0.031808 0.880000 0.075157
v 0.059779 0.880000 0.061268
v 0.080540 0.880000 0.039990
v 0.091587 0.880000 0.013888
v 0.091587 0.880000 -0.013888
v 0.080540 0.880000 -0.039990
v 0.059779 0.880000 -0.061268
v 0.031808 0.880000 -0.075157
v 0.000000 0.880000 -0.079980
v -0.031808 0.880000 -0.075157
v -0.059779 0.880000 -0.061268
v -0.080540 0.880000 -0.039990
v -0.091587 0.880000 -0.013888
v -0.091587 0.880000 0.013888
v -0.080540 0.880000 0.039990
v -0.059779 0.880000 0.061268
v -0.031808 0.880000 0.075157
v 0.000000 0.955000 0.073960
v 0.029414 0.955000 0.069500
v 0.055280 0.955000 0.056657
v 0.074478 0.955000 0.036980
v 0.084693 0.955000 0.012843
v 0.084693 0.955000 -0.012843
v 0.074478 0.955000 -0.036980
v 0.055280 0.955000 -0.056657
v 0.029414 0.955000 -0.069500
v 0.000000 0.955000 -0.073960
v -0.029414 0.955000 -0.069500
v -0.055280 0.955000 -0.056657
v -0.074478 0.955000 -0.036980
v -0.084693 0.955000 -0.012843
v -0.084693 0.955000 0.012843
v -0.074478 0.955000 0.036980
v -0.055280 0.955000 0.056657
v -0.029414 0.955000 0.069500
v 0.000000 0.985000 0.053320
v 0.021205 0.985000 0.050104
v 0.039853 0.985000 0.040845
v 0.053694 0.985000 0.026660
v 0.061058 0.985000 0.009259
v 0.061058 0.985000 -0.009259
v 0.053694 0.985000 -0.026660
v 0.039853 0.985000 -0.040845
v 0.021205 0.985000 -0.050104
v 0.000000 0.985000 -0.053320
v -0.021205 0.985000 -0.050104
v -0.039853 0.985000 -0.040845
v -0.053694 0.985000 -0.026660
v -0.061058 0.985000 -0.009259
v -0.061058 0.985000 0.009259
v -0.053694 0.985000 0.026660
v -0.039853 0.985000 0.040845
v -0.021205 0.985000 0.050104
v 0.000000 0.650000 0.000000
v 0.000000 0.985000 0.000000
v 0.000000 0.789560 0.093590
v 0.029272 0.789556 0.089884
v 0.056293 0.789545 0.079016
v 0.078928 0.789529 0.061740
v 0.095289 0.789513 0.039313
v 0.103891 0.789502 0.013501
v 0.103891 0.789502 -0.013501
v 0.095289 0.789513 -0.039313
v 0.078928 0.789529 -0.061740
v 0.056293 0.789545 -0.079016
v 0.029272 0.789556 -0.089884
v -0.000000 0.789560 -0.093590
v -0.029272 0.789556 -0.089884
v -0.056293 0.789545 -0.079016
v -0.078928 0.789529 -0.061740
v -0.095289 0.789513 -0.039313
v -0.103891 0.789502 -0.013501
v -0.103891 0.789502 0.013501
v -0.095289 0.789513 0.039313
v -0.078928 0.789529 0.061740
v -0.056293 0.789545 0.079016
v -0.029272 0.789556 0.089884
v 0.000000 0.829692 0.095355
v 0.029840 0.829690 0.091577
v 0.057382 0.829682 0.080498
v 0.080449 0.829671 0.062892
v 0.097116 0.829659 0.040042
v 0.105877 0.829652 0.013750
v 0.105877 0.829652 -0.013750
v 0.097116 0.829659 -0.040042
v 0.080449 0.829671 -0.062892
v 0.057382 0.829682 -0.080498
v 0.029840 0.829690 -0.091577
v -0.000000 0.829692 -0.095355
v -0.029840 0.829690 -0.091577
v -0.057382 0.829682 -0.080498
v -0.080449 0.829671 -0.062892
v -0.097116 0.829659 -0.040042
v -0.105877 0.829652 -0.013750
v -0.105877 0.829652 0.013750
v -0.097116 0.829659 0.040042
v -0.080449 0.829671 0.062892
v -0.057382 0.829682 0.080498
v -0.029840 0.829690 0.091577
v 0.000000 0.880701 0.096215
v 0.030081 0.880606 0.092418
v 0.057870 0.880421 0.081264
v 0.081164 0.880271 0.063512
v 0.098005 0.880177 0.040456
v 0.106867 0.880125 0.013907
v 0.106874 0.880103 -0.013867
v 0.098031 0.880097 -0.040409
v 0.081209 0.880094 -0.063470
v 0.057926 0.880091 -0.081242
v 0.030124 0.880089 -0.092425
v 0.000000 0.880088 -0.096240
v -0.030124 0.880089 -0.092425
v -0.057926 0.880091 -0.081242
v -0.081209 0.880094 -0.063470
v -0.098031 0.880097 -0.040409
v -0.106874 0.880103 -0.013867
v -0.106867 0.880125 0.013907
v -0.098005 0.880177 0.040456
v -0.081164 0.880271 0.063512
v -0.057870 0.880421 0.081264
v -0.030081 0.880606 0.092418
v 0.000000 0.899014 0.088810
v 0.026784 0.900099 0.086828
v 0.053998 0.903319 0.078922
v 0.077684 0.909697 0.063035
v 0.095167 0.918457 0.040818
v 0.104532 0.928003 0.014498
v 0.104802 0.931582 -0.013389
v 0.096122 0.931448 -0.039624
v 0.079633 0.931403 -0.062243
v 0.056805 0.931358 -0.079678
v 0.029542 0.931326 -0.090650
v 0.000000 0.931314 -0.094393
v -0.029542 0.931326 -0.090650
v -0.056805 0.931358 -0.079678
v -0.079633 0.931403 -0.062243
v -0.096122 0.931448 -0.039624
v -0.104802 0.931582 -0.013389
v -0.104532 0.928003 0.014498
v -0.095167 0.918457 0.040818
v -0.077684 0.909697 0.063035
v -0.053998 0.903319 0.078922
v -0.026784 0.900099 0.086828
v 0.000000 0.887808 0.067672
v 0.020796 0.893190 0.066688
v 0.042689 0.907029 0.064895
v 0.066285 0.923837 0.055902
v 0.083525 0.945602 0.036676
v 0.092474 0.968761 0.012633
v 0.092679 0.977645 -0.011971
v 0.084998 0.977518 -0.035166
v 0.070392 0.977438 -0.055213
v 0.050195 0.977359 -0.070645
v 0.026098 0.977304 -0.080348
v 0.000000 0.977285 -0.083656
v -0.026098 0.977304 -0.080348
v -0.050195 0.977359 -0.070645
v -0.070392 0.977438 -0.055213
v -0.084998 0.977518 -0.035166
v -0.092679 0.977645 -0.011971
v -0.092474 0.968761 0.012633
v -0.083525 0.945602 0.036676
v -0.066285 0.923837 0.055902
v -0.042689 0.907029 0.064895
v -0.020796 0.893190 0.066688
v 0.000000 0.790000 0.083600
v 0.026765 0.790000 0.080214
v 0.051361 0.790000 0.070329
v 0.071796 0.790000 0.054746
v 0.086415 0.790000 0.034729
v 0.094033 0.790000 0.011898
v 0.094033 0.790000 -0.011898
v 0.086415 0.790000 -0.034729
v 0.071796 0.790000 -0.054746
v 0.051361 0.790000 -0.070329
v 0.026765 0.790000 -0.080214
v 0.000000 0.790000 -0.083600
v -0.026765 0.790000 -0.080214
v -0.051361 0.790000 -0.070329
v -0.071796 0.790000 -0.054746
v -0.086415 0.790000 -0.034729
v -0.094033 0.790000 -0.011898
v -0.094033 0.790000 0.011898
v -0.086415 0.790000 0.034729
v -0.071796 0.790000 0.054746
v -0.051361 0.790000 0.070329
v -0.026765 0.790000 0.080214
v 0.000000 0.830000 0.085360
v 0.027328 0.830000 0.081902
v 0.052442 0.830000 0.071809
v 0.073308 0.830000 0.055899
v 0.088234 0.830000 0.035460
v 0.096013 0.830000 0.012148
v 0.096013 0.830000 -0.012148
v 0.088234 0.830000 -0.035460
v 0.073308 0.830000 -0.055899
v 0.052442 0.830000 -0.071809
v 0.027328 0.830000 -0.081902
v 0.000000 0.830000 -0.085360
v -0.027328 0.830000 -0.081902
v -0.052442 0.830000 -0.071809
v -0.073308 0.830000 -0.055899
v -0.088234 0.830000 -0.035460
v -0.096013 0.830000 -0.012148
v -0.096013 0.830000 0.012148
v -0.088234 0.830000 0.035460
v -0.073308 0.830000 0.055899
v -0.052442 0.830000 0.071809
v -0.027328 0.830000 0.081902
v 0.000000 0.880000 0.086240
v 0.027610 0.880000 0.082747
v 0.052983 0.880000 0.072550
v 0.074063 0.880000 0.056475
v 0.089144 0.880000 0.035825
v 0.097002 0.880000 0.012273
v 0.097002 0.880000 -0.012273
v 0.089144 0.880000 -0.035825
v 0.074063 0.880000 -0.056475
v 0.052983 0.880000 -0.072550
v 0.027610 0.880000 -0.082747
v 0.000000 0.880000 -0.086240
v -0.027610 0.880000 -0.082747
v -0.052983 0.880000 -0.072550
v -0.074063 0.880000 -0.056475
v -0.089144 0.880000 -0.035825
v -0.097002 0.880000 -0.012273
v -0.097002 0.880000 0.012273
v -0.089144 0.880000 0.035825
v -0.074063 0.880000 0.056475
v -0.052983 0.880000 0.072550
v -0.027610 0.880000 0.082747
v 0.000000 0.890000 0.084480
v 0.027046 0.891936 0.081058
v 0.051902 0.897493 0.071069
v 0.072552 0.905932 0.055323
v 0.087325 0.916061 0.035094
v 0.095023 0.926146 0.012023
v 0.095023 0.930000 -0.012023
v 0.087325 0.930000 -0.035094
v 0.072552 0.930000 -0.055323
v 0.051902 0.930000 -0.071069
v 0.027046 0.930000 -0.081058
v 0.000000 0.930000 -0.084480
v -0.027046 0.930000 -0.081058
v -0.051902 0.930000 -0.071069
v -0.072552 0.930000 -0.055323
v -0.087325 0.930000 -0.035094
v -0.095023 0.930000 -0.012023
v -0.095023 0.926146 0.012023
v -0.087325 0.916061 0.035094
v -0.072552 0.905932 0.055323
v -0.051902 0.897493 0.071069
v -0.027046 0.891936 0.081058
v 0.000000 0.880000 0.073920
v 0.023666 0.884599 0.070926
v 0.045414 0.897797 0.062185
v 0.063483 0.917839 0.048407
v 0.076409 0.941894 0.030707
v 0.083145 0.965846 0.010520
v 0.083145 0.975000 -0.010520
v 0.076409 0.975000 -0.030707
v 0.063483 0.975000 -0.048407
v 0.045414 0.975000 -0.062185
v 0.023666 0.975000 -0.070926
v 0.000000 0.975000 -0.073920
v -0.023666 0.975000 -0.070926
v -0.045414 0.975000 -0.062185
v -0.063483 0.975000 -0.048407
v -0.076409 0.975000 -0.030707
v -0.083145 0.975000 -0.010520
v -0.083145 0.965846 0.010520
v -0.076409 0.941894 0.030707
v -0.063483 0.917839 0.048407
v -0.045414 0.897797 0.062185
v -0.023666 0.884599 0.070926
v 0.063083 0.949015 0.066187
v 0.079032 0.948994 0.051088
v 0.090667 0.948967 0.032601
v 0.096897 0.948950 0.012122
v 0.097317 0.948949 -0.009105
v 0.091901 0.948964 -0.029770
v 0.081000 0.948990 -0.048613
v 0.065305 0.949019 -0.064514
v 0.045775 0.949044 -0.076556
v 0.023573 0.949061 -0.084061
v 0.000000 0.949067 -0.086610
v -0.023573 0.949061 -0.084061
v -0.045775 0.949044 -0.076556
v -0.065305 0.949019 -0.064514
v -0.081000 0.948990 -0.048613
v -0.091901 0.948964 -0.029770
v -0.097317 0.948949 -0.009105
v -0.096897 0.948950 0.012122
v -0.090667 0.948967 0.032601
v -0.079032 0.948994 0.051088
v -0.063083 0.949015 0.066187
v 0.066746 0.970245 0.070026
v 0.083652 0.970187 0.053995
v 0.095941 0.970148 0.034444
v 0.102515 0.970124 0.012804
v 0.102959 0.970122 -0.009617
v 0.097244 0.970144 -0.031451
v 0.085732 0.970181 -0.051376
v 0.069139 0.970224 -0.068206
v 0.048474 0.970262 -0.080963
v 0.024967 0.970288 -0.088917
v 0.000000 0.970297 -0.091619
v -0.024967 0.970288 -0.088917
v -0.048474 0.970262 -0.080963
v -0.069139 0.970224 -0.068206
v -0.085732 0.970181 -0.051376
v -0.097244 0.970144 -0.031451
v -0.102959 0.970122 -0.009617
v -0.102515 0.970124 0.012804
v -0.095941 0.970148 0.034444
v -0.083652 0.970187 0.053995
v -0.066746 0.970245 0.070026
v 0.072875 0.981547 0.076451
v 0.091421 0.981511 0.058873
v 0.104813 0.981469 0.037538
v 0.111968 0.981443 0.013950
v 0.112451 0.981442 -0.010477
v 0.106231 0.981464 -0.034274
v 0.093689 0.981504 -0.056013
v 0.075587 0.981551 -0.074401
v 0.053013 0.981595 -0.088356
v 0.027311 0.981624 -0.097066
v 0.000000 0.981635 -0.100026
v -0.027311 0.981624 -0.097066
v -0.053013 0.981595 -0.088356
v -0.075587 0.981551 -0.074401
v -0.093689 0.981504 -0.056013
v -0.106231 0.981464 -0.034274
v -0.112451 0.981442 -0.010477
v -0.111968 0.981443 0.013950
v -0.104813 0.981469 0.037538
v -0.091421 0.981511 0.058873
v -0.072875 0.981547 0.076451
v 0.057761 0.950985 0.060548
v 0.073064 0.951006 0.046155
v 0.083644 0.951033 0.029374
v 0.089274 0.951050 0.010903
v 0.089653 0.951051 -0.008188
v 0.084761 0.951036 -0.026814
v 0.074859 0.951010 -0.043900
v 0.060492 0.950981 -0.058432
v 0.042486 0.950956 -0.069519
v 0.021908 0.950939 -0.076465
v 0.000000 0.950933 -0.078830
v -0.021908 0.950939 -0.076465
v -0.042486 0.950956 -0.069519
v -0.060492 0.950981 -0.058432
v -0.074859 0.951010 -0.043900
v -0.084761 0.951036 -0.026814
v -0.089653 0.951051 -0.008188
v -0.089274 0.951050 0.010903
v -0.083644 0.951033 0.029374
v -0.073064 0.951006 0.046155
v -0.057761 0.950985 0.060548
v 0.061812 0.973755 0.064798
v 0.078152 0.973813 0.049455
v 0.089496 0.973852 0.031487
v 0.095538 0.973876 0.011690
v 0.095945 0.973878 -0.008780
v 0.090695 0.973856 -0.028744
v 0.080076 0.973819 -0.047042
v 0.064687 0.973776 -0.062588
v 0.045420 0.973738 -0.074436
v 0.023417 0.973712 -0.081855
v -0.000000 0.973704 -0.084381
v -0.023417 0.973712 -0.081855
v -0.045420 0.973738 -0.074436
v -0.064687 0.973776 -0.062588
v -0.080076 0.973819 -0.047042
v -0.090695 0.973856 -0.028744
v -0.095945 0.973878 -0.008780
v -0.095538 0.973876 0.011690
v -0.089496 0.973852 0.031487
v -0.078152 0.973813 0.049455
v -0.061812 0.973755 0.064798
v 0.068538 0.986453 0.071855
v 0.086563 0.986489 0.054922
v 0.099168 0.986531 0.034986
v 0.105890 0.986557 0.012994
v 0.106344 0.986558 -0.009759
v 0.100501 0.986536 -0.031941
v 0.088699 0.986496 -0.052247
v 0.071622 0.986449 -0.069472
v 0.050271 0.986406 -0.082582
v 0.025912 0.986376 -0.090784
v -0.000000 0.986365 -0.093574
v -0.025912 0.986376 -0.090784
v -0.050271 0.986406 -0.082582
v -0.071622 0.986449 -0.069472
v -0.088699 0.986496 -0.052247
v -0.100501 0.986536 -0.031941
v -0.106344 0.986558 -0.009759
v -0.105890 0.986557 0.012994
v -0.099168 0.986531 0.034986
v -0.086563 0.986489 0.054922
v -0.068538 0.986453 0.071855
v 0.000000 0.809210 0.087381
v 0.000000 0.800790 0.087381
v 0.000000 0.794837 0.090087
v 0.001611 0.815163 0.090232
v 0.002977 0.812778 0.088734
v 0.003889 0.809210 0.087732
v 0.004210 0.805000 0.087381
v 0.003889 0.800790 0.087732
v 0.002977 0.797222 0.088734
v 0.001611 0.794837 0.090232
v 0.002977 0.815163 0.090647
v 0.005500 0.812778 0.089500
v 0.007186 0.809210 0.088734
v 0.007778 0.805000 0.088464
v 0.007186 0.800790 0.088734
v 0.005500 0.797222 0.089500
v 0.002977 0.794837 0.090647
v 0.003889 0.815163 0.091268
v 0.007186 0.812778 0.090647
v 0.009389 0.809210 0.090232
v 0.010163 0.805000 0.090087
v 0.009389 0.800790 0.090232
v 0.007186 0.797222 0.090647
v 0.003889 0.794837 0.091268
v 0.004210 0.815163 0.092000
v 0.007778 0.812778 0.092000
v 0.010163 0.809210 0.092000
v 0.011000 0.805000 0.092000
v 0.010163 0.800790 0.092000
v 0.007778 0.797222 0.092000
v 0.004210 0.794837 0.092000
v 0.003889 0.815163 0.092732
v 0.007186 0.812778 0.093353
v 0.009389 0.809210 0.093768
v 0.010163 0.805000 0.093913
v 0.009389 0.800790 0.093768
v 0.007186 0.797222 0.093353
v 0.003889 0.794837 0.092732
v 0.002977 0.815163 0.093353
v 0.005500 0.812778 0.094500
v 0.007186 0.809210 0.095266
v 0.007778 0.805000 0.095536
v 0.007186 0.800790 0.095266
v 0.005500 0.797222 0.094500
v 0.002977 0.794837 0.093353
v 0.001611 0.815163 0.093768
v 0.002977 0.812778 0.095266
v 0.003889 0.809210 0.096268
v 0.004210 0.805000 0.096619
v 0.003889 0.800790 0.096268
v 0.002977 0.797222 0.095266
v 0.001611 0.794837 0.093768
v -0.000000 0.815163 0.093913
v -0.000000 0.812778 0.095536
v -0.000000 0.809210 0.096619
v -0.000000 0.805000 0.097000
v -0.000000 0.800790 0.096619
v -0.000000 0.797222 0.095536
v -0.000000 0.794837 0.093913
v 0.000000 0.794000 0.092000
v 0.000000 0.816000 0.092000
v -0.001611 0.815163 0.093768
v -0.002977 0.812778 0.095266
v -0.003889 0.809210 0.096268
v -0.004210 0.805000 0.096619
v -0.003889 0.800790 0.096268
v -0.002977 0.797222 0.095266
v -0.001611 0.794837 0.093768
v -0.002977 0.815163 0.093353
v -0.005500 0.812778 0.094500
v -0.007186 0.809210 0.095266
v -0.007778 0.805000 0.095536
v -0.007186 0.800790 0.095266
v -0.005500 0.797222 0.094500
v -0.002977 0.794837 0.093353
v -0.003889 0.815163 0.092732
v -0.007186 0.812778 0.093353
v -0.009389 0.809210 0.093768
v -0.010163 0.805000 0.093913
v -0.009389 0.800790 0.093768
v -0.007186 0.797222 0.093353
v -0.003889 0.794837 0.092732
v -0.004210 0.815163 0.092000
v -0.007778 0.812778 0.092000
v -0.010163 0.809210 0.092000
v -0.011000 0.805000 0.092000
v -0.010163 0.800790 0.092000
v -0.007778 0.797222 0.092000
v -0.004210 0.794837 0.092000
v -0.003889 0.815163 0.091268
v -0.007186 0.812778 0.090647
v -0.009389 0.809210 0.090232
v -0.010163 0.805000 0.090087
v -0.009389 0.800790 0.090232
v -0.007186 0.797222 0.090647
v -0.003889 0.794837 0.091268
v -0.002977 0.815163 0.090647
v -0.005500 0.812778 0.089500
v -0.007186 0.809210 0.088734
v -0.007778 0.805000 0.088464
v -0.007186 0.800790 0.088734
v -0.005500 0.797222 0.089500
v -0.002977 0.794837 0.090647
v -0.001611 0.815163 0.090232
v -0.002977 0.812778 0.088734
v -0.003889 0.809210 0.087732
v -0.004210 0.805000 0.087381
v -0.003889 0.800790 0.087732
v -0.002977 0.797222 0.088734
v -0.001611 0.794837 0.090232
v 0.000000 0.815163 0.090087
v 0.000000 0.812778 0.088464
v 0.000000 0.805000 0.087000
v 0.000000 0.797222 0.088464
v -0.003079 0.806619 0.095889
v -0.002595 0.805935 0.095625
v -0.002418 0.805000 0.095529
v -0.002595 0.804065 0.095625
v -0.003079 0.803381 0.095889
v -0.002805 0.806619 0.096250
v -0.002121 0.805935 0.096250
v -0.001870 0.805000 0.096250
v -0.002121 0.804065 0.096250
v -0.002805 0.803381 0.096250
v -0.003079 0.806619 0.096611
v -0.002595 0.805935 0.096875
v -0.002418 0.805000 0.096971
v -0.002595 0.804065 0.096875
v -0.003079 0.803381 0.096611
v -0.003740 0.806619 0.096760
v -0.003740 0.805935 0.097133
v -0.003740 0.805000 0.097270
v -0.003740 0.804065 0.097133
v -0.003740 0.803381 0.096760
v -0.003740 0.806870 0.096250
v -0.004401 0.806619 0.096611
v -0.004885 0.805935 0.096875
v -0.005062 0.805000 0.096971
v -0.004885 0.804065 0.096875
v -0.004401 0.803381 0.096611
v -0.003740 0.803130 0.096250
v -0.004675 0.806619 0.096250
v -0.005359 0.805935 0.096250
v -0.005610 0.805000 0.096250
v -0.005359 0.804065 0.096250
v -0.004675 0.803381 0.096250
v -0.004401 0.806619 0.095889
v -0.004885 0.805935 0.095625
v -0.005062 0.805000 0.095529
v -0.004885 0.804065 0.095625
v -0.004401 0.803381 0.095889
v -0.003740 0.806619 0.095740
v -0.003740 0.805935 0.095367
v -0.003740 0.805000 0.095230
v -0.003740 0.804065 0.095367
v -0.003740 0.803381 0.095740
v 0.004401 0.806619 0.095889
v 0.004885 0.805935 0.095625
v 0.005062 0.805000 0.095529
v 0.004885 0.804065 0.095625
v 0.004401 0.803381 0.095889
v 0.004675 0.806619 0.096250
v 0.005359 0.805935 0.096250
v 0.005610 0.805000 0.096250
v 0.005359 0.804065 0.096250
v 0.004675 0.803381 0.096250
v 0.004401 0.806619 0.096611
v 0.004885 0.805935 0.096875
v 0.005062 0.805000 0.096971
v 0.004885 0.804065 0.096875
v 0.004401 0.803381 0.096611
v 0.003740 0.806619 0.096760
v 0.003740 0.805935 0.097133
v 0.003740 0.805000 0.097270
v 0.003740 0.804065 0.097133
v 0.003740 0.803381 0.096760
v 0.003740 0.806870 0.096250
v 0.003079 0.806619 0.096611
v 0.002595 0.805935 0.096875
v 0.002418 0.805000 0.096971
v 0.002595 0.804065 0.096875
v 0.003079 0.803381 0.096611
v 0.003740 0.803130 0.096250
v 0.002805 0.806619 0.096250
v 0.002121 0.805935 0.096250
v 0.001870 0.805000 0.096250
v 0.002121 0.804065 0.096250
v 0.002805 0.803381 0.096250
v 0.003079 0.806619 0.095889
v 0.002595 0.805935 0.095625
v 0.002418 0.805000 0.095529
v 0.002595 0.804065 0.095625
v 0.003079 0.803381 0.095889
v 0.003740 0.806619 0.095740
v 0.003740 0.805935 0.095367
v 0.003740 0.805000 0.095230
v 0.003740 0.804065 0.095367
v 0.003740 0.803381 0.095740
v 0.000000 0.849210 0.087381
v 0.000000 0.840791 0.087381
v 0.000000 0.834837 0.090087
v 0.001611 0.855163 0.090232
v 0.002977 0.852778 0.088734
v 0.003889 0.849210 0.087732
v 0.004210 0.845000 0.087381
v 0.003889 0.840791 0.087732
v 0.002977 0.837222 0.088734
v 0.001611 0.834837 0.090232
v 0.002977 0.855163 0.090647
v 0.005500 0.852778 0.089500
v 0.007186 0.849210 0.088734
v 0.007778 0.845000 0.088464
v 0.007186 0.840791 0.088734
v 0.005500 0.837222 0.089500
v 0.002977 0.834837 0.090647
v 0.003889 0.855163 0.091268
v 0.007186 0.852778 0.090647
v 0.009389 0.849210 0.090232
v 0.010163 0.845000 0.090087
v 0.009389 0.840791 0.090232
v 0.007186 0.837222 0.090647
v 0.003889 0.834837 0.091268
v 0.004210 0.855163 0.092000
v 0.007778 0.852778 0.092000
v 0.010163 0.849210 0.092000
v 0.011000 0.845000 0.092000
v 0.010163 0.840791 0.092000
v 0.007778 0.837222 0.092000
v 0.004210 0.834837 0.092000
v 0.003889 0.855163 0.092732
v 0.007186 0.852778 0.093353
v 0.009389 0.849210 0.093768
v 0.010163 0.845000 0.093913
v 0.009389 0.840791 0.093768
v 0.007186 0.837222 0.093353
v 0.003889 0.834837 0.092732
v 0.002977 0.855163 0.093353
v 0.005500 0.852778 0.094500
v 0.007186 0.849210 0.095266
v 0.007778 0.845000 0.095536
v 0.007186 0.840791 0.095266
v 0.005500 0.837222 0.094500
v 0.002977 0.834837 0.093353
v 0.001611 0.855163 0.093768
v 0.002977 0.852778 0.095266
v 0.003889 0.849210 0.096268
v 0.004210 0.845000 0.096619
v 0.003889 0.840791 0.096268
v 0.002977 0.837222 0.095266
v 0.001611 0.834837 0.093768
v -0.000000 0.855163 0.093913
v -0.000000 0.852778 0.095536
v -0.000000 0.849210 0.096619
v -0.000000 0.845000 0.097000
v -0.000000 0.840791 0.096619
v -0.000000 0.837222 0.095536
v -0.000000 0.834837 0.093913
v 0.000000 0.834000 0.092000
v 0.000000 0.856000 0.092000
v -0.001611 0.855163 0.093768
v -0.002977 0.852778 0.095266
v -0.003889 0.849210 0.096268
v -0.004210 0.845000 0.096619
v -0.003889 0.840791 0.096268
v -0.002977 0.837222 0.095266
v -0.001611 0.834837 0.093768
v -0.002977 0.855163 0.093353
v -0.005500 0.852778 0.094500
v -0.007186 0.849210 0.095266
v -0.007778 0.845000 0.095536
v -0.007186 0.840791 0.095266
v -0.005500 0.837222 0.094500
v -0.002977 0.834837 0.093353
v -0.003889 0.855163 0.092732
v -0.007186 0.852778 0.093353
v -0.009389 0.849210 0.093768
v -0.010163 0.845000 0.093913
v -0.009389 0.840791 0.093768
v -0.007186 0.837222 0.093353
v -0.003889 0.834837 0.092732
v -0.004210 0.855163 0.092000
v -0.007778 0.852778 0.092000
v -0.010163 0.849210 0.092000
v -0.011000 0.845000 0.092000
v -0.010163 0.840791 0.092000
v -0.007778 0.837222 0.092000
v -0.004210 0.834837 0.092000
v -0.003889 0.855163 0.091268
v -0.007186 0.852778 0.090647
v -0.009389 0.849210 0.090232
v -0.010163 0.845000 0.090087
v -0.009389 0.840791 0.090232
v -0.007186 0.837222 0.090647
v -0.003889 0.834837 0.091268
v -0.002977 0.855163 0.090647
v -0.005500 0.852778 0.089500
v -0.007186 0.849210 0.088734
v -0.007778 0.845000 0.088464
v -0.007186 0.840791 0.088734
v -0.005500 0.837222 0.089500
v -0.002977 0.834837 0.090647
v -0.001611 0.855163 0.090232
v -0.002977 0.852778 0.088734
v -0.003889 0.849210 0.087732
v -0.004210 0.845000 0.087381
v -0.003889 0.840791 0.087732
v -0.002977 0.837222 0.088734
v -0.001611 0.834837 0.090232
v 0.000000 0.855163 0.090087
v 0.000000 0.852778 0.088464
v 0.000000 0.845000 0.087000
v 0.000000 0.837222 0.088464
v -0.003079 0.846619 0.095889
v -0.002595 0.845935 0.095625
v -0.002418 0.845000 0.095529
v -0.002595 0.844065 0.095625
v -0.003079 0.843381 0.095889
v -0.002805 0.846619 0.096250
v -0.002121 0.845935 0.096250
v -0.001870 0.845000 0.096250
v -0.002121 0.844065 0.096250
v -0.002805 0.843381 0.096250
v -0.003079 0.846619 0.096611
v -0.002595 0.845935 0.096875
v -0.002418 0.845000 0.096971
v -0.002595 0.844065 0.096875
v -0.003079 0.843381 0.096611
v -0.003740 0.846619 0.096760
v -0.003740 0.845935 0.097133
v -0.003740 0.845000 0.097270
v -0.003740 0.844065 0.097133
v -0.003740 0.843381 0.096760
v -0.003740 0.846870 0.096250
v -0.004401 0.846619 0.096611
v -0.004885 0.845935 0.096875
v -0.005062 0.845000 0.096971
v -0.004885 0.844065 0.096875
v -0.004401 0.843381 0.096611
v -0.003740 0.843130 0.096250
v -0.004675 0.846619 0.096250
v -0.005359 0.845935 0.096250
v -0.005610 0.845000 0.096250
v -0.005359 0.844065 0.096250
v -0.004675 0.843381 0.096250
v -0.004401 0.846619 0.095889
v -0.004885 0.845935 0.095625
v -0.005062 0.845000 0.095529
v -0.004885 0.844065 0.095625
v -0.004401 0.843381 0.095889
v -0.003740 0.846619 0.095740
v -0.003740 0.845935 0.095367
v -0.003740 0.845000 0.095230
v -0.003740 0.844065 0.095367
v -0.003740 0.843381 0.095740
v 0.004401 0.846619 0.095889
v 0.004885 0.845935 0.095625
v 0.005062 0.845000 0.095529
v 0.004885 0.844065 0.095625
v 0.004401 0.843381 0.095889
v 0.004675 0.846619 0.096250
v 0.005359 0.845935 0.096250
v 0.005610 0.845000 0.096250
v 0.005359 0.844065 0.096250
v 0.004675 0.843381 0.096250
v 0.004401 0.846619 0.096611
v 0.004885 0.845935 0.096875
v 0.005062 0.845000 0.096971
v 0.004885 0.844065 0.096875
v 0.004401 0.843381 0.096611
v 0.003740 0.846619 0.096760
v 0.003740 0.845935 0.097133
v 0.003740 0.845000 0.097270
v 0.003740 0.844065 0.097133
v 0.003740 0.843381 0.096760
v 0.003740 0.846870 0.096250
v 0.003079 0.846619 0.096611
v 0.002595 0.845935 0.096875
v 0.002418 0.845000 0.096971
v 0.002595 0.844065 0.096875
v 0.003079 0.843381 0.096611
v 0.003740 0.843130 0.096250
v 0.002805 0.846619 0.096250
v 0.002121 0.845935 0.096250
v 0.001870 0.845000 0.096250
v 0.002121 0.844065 0.096250
v 0.002805 0.843381 0.096250
v 0.003079 0.846619 0.095889
v 0.002595 0.845935 0.095625
v 0.002418 0.845000 0.095529
v 0.002595 0.844065 0.095625
v 0.003079 0.843381 0.095889
v 0.003740 0.846619 0.095740
v 0.003740 0.845935 0.095367
v 0.003740 0.845000 0.095230
v 0.003740 0.844065 0.095367
v 0.003740 0.843381 0.095740
v 0.000000 0.889210 0.087381
v 0.000000 0.880790 0.087381
v 0.000000 0.874837 0.090087
v 0.001611 0.895163 0.090232
v 0.002977 0.892778 0.088734
v 0.003889 0.889210 0.087732
v 0.004210 0.885000 0.087381
v 0.003889 0.880790 0.087732
v 0.002977 0.877222 0.088734
v 0.001611 0.874837 0.090232
v 0.002977 0.895163 0.090647
v 0.005500 0.892778 0.089500
v 0.007186 0.889210 0.088734
v 0.007778 0.885000 0.088464
v 0.007186 0.880790 0.088734
v 0.005500 0.877222 0.089500
v 0.002977 0.874837 0.090647
v 0.003889 0.895163 0.091268
v 0.007186 0.892778 0.090647
v 0.009389 0.889210 0.090232
v 0.010163 0.885000 0.090087
v 0.009389 0.880790 0.090232
v 0.007186 0.877222 0.090647
v 0.003889 0.874837 0.091268
v 0.004210 0.895163 0.092000
v 0.007778 0.892778 0.092000
v 0.010163 0.889210 0.092000
v 0.011000 0.885000 0.092000
v 0.010163 0.880790 0.092000
v 0.007778 0.877222 0.092000
v 0.004210 0.874837 0.092000
v 0.003889 0.895163 0.092732
v 0.007186 0.892778 0.093353
v 0.009389 0.889210 0.093768
v 0.010163 0.885000 0.093913
v 0.009389 0.880790 0.093768
v 0.007186 0.877222 0.093353
v 0.003889 0.874837 0.092732
v 0.002977 0.895163 0.093353
v 0.005500 0.892778 0.094500
v 0.007186 0.889210 0.095266
v 0.007778 0.885000 0.095536
v 0.007186 0.880790 0.095266
v 0.005500 0.877222 0.094500
v 0.002977 0.874837 0.093353
v 0.001611 0.895163 0.093768
v 0.002977 0.892778 0.095266
v 0.003889 0.889210 0.096268
v 0.004210 0.885000 0.096619
v 0.003889 0.880790 0.096268
v 0.002977 0.877222 0.095266
v 0.001611 0.874837 0.093768
v -0.000000 0.895163 0.093913
v -0.000000 0.892778 0.095536
v -0.000000 0.889210 0.096619
v -0.000000 0.885000 0.097000
v -0.000000 0.880790 0.096619
v -0.000000 0.877222 0.095536
v -0.000000 0.874837 0.093913
v 0.000000 0.874000 0.092000
v 0.000000 0.896000 0.092000
v -0.001611 0.895163 0.093768
v -0.002977 0.892778 0.095266
v -0.003889 0.889210 0.096268
v -0.004210 0.885000 0.096619
v -0.003889 0.880790 0.096268
v -0.002977 0.877222 0.095266
v -0.001611 0.874837 0.093768
v -0.002977 0.895163 0.093353
v -0.005500 0.892778 0.094500
v -0.007186 0.889210 0.095266
v -0.007778 0.885000 0.095536
v -0.007186 0.880790 0.095266
v -0.005500 0.877222 0.094500
v -0.002977 0.874837 0.093353
v -0.003889 0.895163 0.092732
v -0.007186 0.892778 0.093353
v -0.009389 0.889210 0.093768
v -0.010163 0.885000 0.093913
v -0.009389 0.880790 0.093768
v -0.007186 0.877222 0.093353
v -0.003889 0.874837 0.092732
v -0.004210 0.895163 0.092000
v -0.007778 0.892778 0.092000
v -0.010163 0.889210 0.092000
v -0.011000 0.885000 0.092000
v -0.010163 0.880790 0.092000
v -0.007778 0.877222 0.092000
v -0.004210 0.874837 0.092000
v -0.003889 0.895163 0.091268
v -0.007186 0.892778 0.090647
v -0.009389 0.889210 0.090232
v -0.010163 0.885000 0.090087
v -0.009389 0.880790 0.090232
v -0.007186 0.877222 0.090647
v -0.003889 0.874837 0.091268
v -0.002977 0.895163 0.090647
v -0.005500 0.892778 0.089500
v -0.007186 0.889210 0.088734
v -0.007778 0.885000 0.088464
v -0.007186 0.880790 0.088734
v -0.005500 0.877222 0.089500
v -0.002977 0.874837 0.090647
v -0.001611 0.895163 0.090232
v -0.002977 0.892778 0.088734
v -0.003889 0.889210 0.087732
v -0.004210 0.885000 0.087381
v -0.003889 0.880790 0.087732
v -0.002977 0.877222 0.088734
v -0.001611 0.874837 0.090232
v 0.000000 0.895163 0.090087
v 0.000000 0.892778 0.088464
v 0.000000 0.885000 0.087000
v 0.000000 0.877222 0.088464
v -0.003079 0.886619 0.095889
v -0.002595 0.885935 0.095625
v -0.002418 0.885000 0.095529
v -0.002595 0.884065 0.095625
v -0.003079 0.883381 0.095889
v -0.002805 0.886619 0.096250
v -0.002121 0.885935 0.096250
v -0.001870 0.885000 0.096250
v -0.002121 0.884065 0.096250
v -0.002805 0.883381 0.096250
v -0.003079 0.886619 0.096611
v -0.002595 0.885935 0.096875
v -0.002418 0.885000 0.096971
v -0.002595 0.884065 0.096875
v -0.003079 0.883381 0.096611
v -0.003740 0.886619 0.096760
v -0.003740 0.885935 0.097133
v -0.003740 0.885000 0.097270
v -0.003740 0.884065 0.097133
v -0.003740 0.883381 0.096760
v -0.003740 0.886870 0.096250
v -0.004401 0.886619 0.096611
v -0.004885 0.885935 0.096875
v -0.005062 0.885000 0.096971
v -0.004885 0.884065 0.096875
v -0.004401 0.883381 0.096611
v -0.003740 0.883130 0.096250
v -0.004675 0.886619 0.096250
v -0.005359 0.885935 0.096250
v -0.005610 0.885000 0.096250
v -0.005359 0.884065 0.096250
v -0.004675 0.883381 0.096250
v -0.004401 0.886619 0.095889
v -0.004885 0.885935 0.095625
v -0.005062 0.885000 0.095529
v -0.004885 0.884065 0.095625
v -0.004401 0.883381 0.095889
v -0.003740 0.886619 0.095740
v -0.003740 0.885935 0.095367
v -0.003740 0.885000 0.095230
v -0.003740 0.884065 0.095367
v -0.003740 0.883381 0.095740
v 0.004401 0.886619 0.095889
v 0.004885 0.885935 0.095625
v 0.005062 0.885000 0.095529
v 0.004885 0.884065 0.095625
v 0.004401 0.883381 0.095889
v 0.004675 0.886619 0.096250
v 0.005359 0.885935 0.096250
v 0.005610 0.885000 0.096250
v 0.005359 0.884065 0.096250
v 0.004675 0.883381 0.096250
v 0.004401 0.886619 0.096611
v 0.004885 0.885935 0.096875
v 0.005062 0.885000 0.096971
v 0.004885 0.884065 0.096875
v 0.004401 0.883381 0.096611
v 0.003740 0.886619 0.096760
v 0.003740 0.885935 0.097133
v 0.003740 0.885000 0.097270
v 0.003740 0.884065 0.097133
v 0.003740 0.883381 0.096760
v 0.003740 0.886870 0.096250
v 0.003079 0.886619 0.096611
v 0.002595 0.885935 0.096875
v 0.002418 0.885000 0.096971
v 0.002595 0.884065 0.096875
v 0.003079 0.883381 0.096611
v 0.003740 0.883130 0.096250
v 0.002805 0.886619 0.096250
v 0.002121 0.885935 0.096250
v 0.001870 0.885000 0.096250
v 0.002121 0.884065 0.096250
v 0.002805 0.883381 0.096250
v 0.003079 0.886619 0.095889
v 0.002595 0.885935 0.095625
v 0.002418 0.885000 0.095529
v 0.002595 0.884065 0.095625
v 0.003079 0.883381 0.095889
v 0.003740 0.886619 0.095740
v 0.003740 0.885935 0.095367
v 0.003740 0.885000 0.095230
v 0.003740 0.884065 0.095367
v 0.003740 0.883381 0.095740
v 0.000000 0.731000 0.098780
v 0.034276 0.731000 0.094000
v 0.065281 0.731000 0.080091
v 0.090008 0.731000 0.058317
v 0.105976 0.731000 0.030719
v 0.111500 0.731000 0.000000
v 0.105976 0.731000 -0.030719
v 0.090008 0.731000 -0.058317
v 0.065281 0.731000 -0.080091
v 0.034276 0.731000 -0.094000
v 0.000000 0.731000 -0.098780
v -0.034276 0.731000 -0.094000
v -0.065281 0.731000 -0.080091
v -0.090008 0.731000 -0.058317
v -0.105976 0.731000 -0.030719
v -0.111500 0.731000 -0.000000
v -0.105976 0.731000 0.030719
v -0.090008 0.731000 0.058317
v -0.065281 0.731000 0.080091
v -0.034276 0.731000 0.094000
v 0.000000 0.773000 0.098780
v 0.034276 0.773000 0.094000
v 0.065281 0.773000 0.080091
v 0.090008 0.773000 0.058317
v 0.105976 0.773000 0.030719
v 0.111500 0.773000 0.000000
v 0.105976 0.773000 -0.030719
v 0.090008 0.773000 -0.058317
v 0.065281 0.773000 -0.080091
v 0.034276 0.773000 -0.094000
v 0.000000 0.773000 -0.098780
v -0.034276 0.773000 -0.094000
v -0.065281 0.773000 -0.080091
v -0.090008 0.773000 -0.058317
v -0.105976 0.773000 -0.030719
v -0.111500 0.773000 -0.000000
v -0.105976 0.773000 0.030719
v -0.090008 0.773000 0.058317
v -0.065281 0.773000 0.080091
v -0.034276 0.773000 0.094000
v 0.000000 0.731000 0.087780
v 0.031236 0.731000 0.083429
v 0.059330 0.731000 0.070839
v 0.081503 0.731000 0.051340
v 0.095648 0.731000 0.026932
v 0.100500 0.731000 0.000000
v 0.095648 0.731000 -0.026932
v 0.081503 0.731000 -0.051340
v 0.059330 0.731000 -0.070839
v 0.031236 0.731000 -0.083429
v 0.000000 0.731000 -0.087780
v -0.031236 0.731000 -0.083429
v -0.059330 0.731000 -0.070839
v -0.081503 0.731000 -0.051340
v -0.095648 0.731000 -0.026932
v -0.100500 0.731000 -0.000000
v -0.095648 0.731000 0.026932
v -0.081503 0.731000 0.051340
v -0.059330 0.731000 0.070839
v -0.031236 0.731000 0.083429
v 0.000000 0.773000 0.087780
v 0.031236 0.773000 0.083429
v 0.059330 0.773000 0.070839
v 0.081503 0.773000 0.051340
v 0.095648 0.773000 0.026932
v 0.100500 0.773000 0.000000
v 0.095648 0.773000 -0.026932
v 0.081503 0.773000 -0.051340
v 0.059330 0.773000 -0.070839
v 0.031236 0.773000 -0.083429
v 0.000000 0.773000 -0.087780
v -0.031236 0.773000 -0.083429
v -0.059330 0.773000 -0.070839
v -0.081503 0.773000 -0.051340
v -0.095648 0.773000 -0.026932
v -0.100500 0.773000 -0.000000
v -0.095648 0.773000 0.026932
v -0.081503 0.773000 0.051340
v -0.059330 0.773000 0.070839
v -0.031236 0.773000 0.083429
v -0.019000 0.735000 0.103500
v -0.019000 0.769000 0.103500
v -0.019000 0.735000 0.092500
v -0.019000 0.769000 0.092500
v 0.019000 0.735000 0.103500
v 0.019000 0.769000 0.103500
v 0.019000 0.735000 0.092500
v 0.019000 0.769000 0.092500
v 0.000000 0.619927 0.099200
v 0.033661 0.619926 0.094399
v 0.064111 0.619924 0.080428
v 0.088396 0.619922 0.058558
v 0.104076 0.619920 0.030842
v 0.109499 0.619919 0.000000
v 0.104076 0.619920 -0.030842
v 0.088396 0.619922 -0.058558
v 0.064111 0.619924 -0.080428
v 0.033661 0.619926 -0.094399
v 0.000000 0.619927 -0.099200
v -0.033661 0.619926 -0.094399
v -0.064111 0.619924 -0.080428
v -0.088396 0.619922 -0.058558
v -0.104076 0.619920 -0.030842
v -0.109499 0.619919 -0.000000
v -0.104076 0.619920 0.030842
v -0.088396 0.619922 0.058558
v -0.064111 0.619924 0.080428
v -0.033661 0.619926 0.094399
v 0.000000 0.700125 0.100099
v 0.033971 0.700127 0.095254
v 0.064700 0.700130 0.081154
v 0.089206 0.700134 0.059084
v 0.105027 0.700138 0.031118
v 0.110499 0.700139 0.000000
v 0.105027 0.700138 -0.031118
v 0.089206 0.700134 -0.059084
v 0.064700 0.700130 -0.081154
v 0.033971 0.700127 -0.095254
v -0.000000 0.700125 -0.100099
v -0.033971 0.700127 -0.095254
v -0.064700 0.700130 -0.081154
v -0.089206 0.700134 -0.059084
v -0.105027 0.700138 -0.031118
v -0.110499 0.700139 -0.000000
v -0.105027 0.700138 0.031118
v -0.089206 0.700134 0.059084
v -0.064700 0.700130 0.081154
v -0.033971 0.700127 0.095254
v 0.000000 0.790325 0.095592
v 0.032421 0.790328 0.090968
v 0.061753 0.790336 0.077510
v 0.085152 0.790347 0.056438
v 0.100262 0.790357 0.029729
v 0.105490 0.790361 0.000000
v 0.100262 0.790357 -0.029729
v 0.085152 0.790347 -0.056438
v 0.061753 0.790336 -0.077510
v 0.032421 0.790328 -0.090968
v -0.000000 0.790325 -0.095592
v -0.032421 0.790328 -0.090968
v -0.061753 0.790336 -0.077510
v -0.085152 0.790347 -0.056438
v -0.100262 0.790357 -0.029729
v -0.105490 0.790361 -0.000000
v -0.100262 0.790357 0.029729
v -0.085152 0.790347 0.056438
v -0.061753 0.790336 0.077510
v -0.032421 0.790328 0.090968
v 0.000000 0.620073 0.086200
v 0.029997 0.620074 0.081927
v 0.056973 0.620076 0.069564
v 0.078261 0.620078 0.050418
v 0.091842 0.620080 0.026449
v 0.096501 0.620081 0.000000
v 0.091842 0.620080 -0.026449
v 0.078261 0.620078 -0.050418
v 0.056973 0.620076 -0.069564
v 0.029997 0.620074 -0.081927
v 0.000000 0.620073 -0.086200
v -0.029997 0.620074 -0.081927
v -0.056973 0.620076 -0.069564
v -0.078261 0.620078 -0.050418
v -0.091842 0.620080 -0.026449
v -0.096501 0.620081 -0.000000
v -0.091842 0.620080 0.026449
v -0.078261 0.620078 0.050418
v -0.056973 0.620076 0.069564
v -0.029997 0.620074 0.081927
v -0.000000 0.699875 0.087101
v 0.030305 0.699873 0.082784
v 0.057559 0.699870 0.070294
v 0.079069 0.699866 0.050949
v 0.092793 0.699862 0.026730
v 0.097501 0.699861 0.000000
v 0.092793 0.699862 -0.026730
v 0.079069 0.699866 -0.050949
v 0.057559 0.699870 -0.070294
v 0.030305 0.699873 -0.082784
v 0.000000 0.699875 -0.087101
v -0.030305 0.699873 -0.082784
v -0.057559 0.699870 -0.070294
v -0.079069 0.699866 -0.050949
v -0.092793 0.699862 -0.026730
v -0.097501 0.699861 -0.000000
v -0.092793 0.699862 0.026730
v -0.079069 0.699866 0.050949
v -0.057559 0.699870 0.070294
v -0.030305 0.699873 0.082784
v -0.000000 0.789675 0.082608
v 0.028764 0.789672 0.078510
v 0.054628 0.789664 0.066657
v 0.075034 0.789653 0.048305
v 0.088047 0.789643 0.025338
v 0.092510 0.789639 0.000000
v 0.088047 0.789643 -0.025338
v 0.075034 0.789653 -0.048305
v 0.054628 0.789664 -0.066657
v 0.028764 0.789672 -0.078510
v 0.000000 0.789675 -0.082608
v -0.028764 0.789672 -0.078510
v -0.054628 0.789664 -0.066657
v -0.075034 0.789653 -0.048305
v -0.088047 0.789643 -0.025338
v -0.092510 0.789639 -0.000000
v -0.088047 0.789643 0.025338
v -0.075034 0.789653 0.048305
v -0.054628 0.789664 0.066657
v -0.028764 0.789672 0.078510
v -0.067538 0.524700 0.059993
v -0.037542 0.524700 0.051955
v -0.015583 0.524700 0.029996
v -0.007546 0.524700 0.000000
v -0.015583 0.524700 -0.029996
v -0.037542 0.524700 -0.051955
v -0.067538 0.524700 -0.059993
v -0.097535 0.524700 -0.051955
v -0.119494 0.524700 -0.029996
v -0.127531 0.524700 -0.000000
v -0.119494 0.524700 0.029996
v -0.097535 0.524700 0.051955
v -0.067538 0.624700 0.064993
v -0.035042 0.624700 0.056285
v -0.011253 0.624700 0.032496
v -0.002546 0.624700 0.000000
v -0.011253 0.624700 -0.032496
v -0.035042 0.624700 -0.056285
v -0.067538 0.624700 -0.064993
v -0.100035 0.624700 -0.056285
v -0.123824 0.624700 -0.032496
v -0.132531 0.624700 -0.000000
v -0.123824 0.624700 0.032496
v -0.100035 0.624700 0.056285
v -0.067538 0.525300 0.048007
v -0.043535 0.525300 0.041576
v -0.025963 0.525300 0.024004
v -0.019531 0.525300 0.000000
v -0.025963 0.525300 -0.024004
v -0.043535 0.525300 -0.041576
v -0.067538 0.525300 -0.048007
v -0.091542 0.525300 -0.041576
v -0.109114 0.525300 -0.024004
v -0.115546 0.525300 -0.000000
v -0.109114 0.525300 0.024004
v -0.091542 0.525300 0.041576
v -0.067538 0.625300 0.053007
v -0.041035 0.625300 0.045906
v -0.021633 0.625300 0.026504
v -0.014531 0.625300 0.000000
v -0.021633 0.625300 -0.026504
v -0.041035 0.625300 -0.045906
v -0.067538 0.625300 -0.053007
v -0.094042 0.625300 -0.045906
v -0.113444 0.625300 -0.026504
v -0.120546 0.625300 -0.000000
v -0.113444 0.625300 0.026504
v -0.094042 0.625300 0.045906
v -0.074846 0.493000 0.068000
v -0.040846 0.493000 0.058890
v -0.015956 0.493000 0.034000
v -0.006846 0.493000 0.000000
v -0.015956 0.493000 -0.034000
v -0.040846 0.493000 -0.058890
v -0.074846 0.493000 -0.068000
v -0.108846 0.493000 -0.058890
v -0.133736 0.493000 -0.034000
v -0.142846 0.493000 -0.000000
v -0.133736 0.493000 0.034000
v -0.108846 0.493000 0.058890
v -0.074846 0.527000 0.068000
v -0.040846 0.527000 0.058890
v -0.015956 0.527000 0.034000
v -0.006846 0.527000 0.000000
v -0.015956 0.527000 -0.034000
v -0.040846 0.527000 -0.058890
v -0.074846 0.527000 -0.068000
v -0.108846 0.527000 -0.058890
v -0.133736 0.527000 -0.034000
v -0.142846 0.527000 -0.000000
v -0.133736 0.527000 0.034000
v -0.108846 0.527000 0.058890
v -0.074846 0.493000 0.056000
v -0.046846 0.493000 0.048497
v -0.026349 0.493000 0.028000
v -0.018846 0.493000 0.000000
v -0.026349 0.493000 -0.028000
v -0.046846 0.493000 -0.048497
v -0.074846 0.493000 -0.056000
v -0.102846 0.493000 -0.048497
v -0.123344 0.493000 -0.028000
v -0.130846 0.493000 -0.000000
v -0.123344 0.493000 0.028000
v -0.102846 0.493000 0.048497
v -0.074846 0.527000 0.056000
v -0.046846 0.527000 0.048497
v -0.026349 0.527000 0.028000
v -0.018846 0.527000 0.000000
v -0.026349 0.527000 -0.028000
v -0.046846 0.527000 -0.048497
v -0.074846 0.527000 -0.056000
v -0.102846 0.527000 -0.048497
v -0.123344 0.527000 -0.028000
v -0.130846 0.527000 -0.000000
v -0.123344 0.527000 0.028000
v -0.102846 0.527000 0.048497
v 0.067538 0.524700 0.059993
v 0.097535 0.524700 0.051955
v 0.119494 0.524700 0.029996
v 0.127531 0.524700 0.000000
v 0.119494 0.524700 -0.029996
v 0.097535 0.524700 -0.051955
v 0.067538 0.524700 -0.059993
v 0.037542 0.524700 -0.051955
v 0.015583 0.524700 -0.029996
v 0.007546 0.524700 -0.000000
v 0.015583 0.524700 0.029996
v 0.037542 0.524700 0.051955
v 0.067538 0.624700 0.064993
v 0.100035 0.624700 0.056285
v 0.123824 0.624700 0.032496
v 0.132531 0.624700 0.000000
v 0.123824 0.624700 -0.032496
v 0.100035 0.624700 -0.056285
v 0.067538 0.624700 -0.064993
v 0.035042 0.624700 -0.056285
v 0.011253 0.624700 -0.032496
v 0.002546 0.624700 -0.000000
v 0.011253 0.624700 0.032496
v 0.035042 0.624700 0.056285
v 0.067538 0.525300 0.048007
v 0.091542 0.525300 0.041576
v 0.109114 0.525300 0.024004
v 0.115546 0.525300 0.000000
v 0.109114 0.525300 -0.024004
v 0.091542 0.525300 -0.041576
v 0.067538 0.525300 -0.048007
v 0.043535 0.525300 -0.041576
v 0.025963 0.525300 -0.024004
v 0.019531 0.525300 -0.000000
v 0.025963 0.525300 0.024004
v 0.043535 0.525300 0.041576
v 0.067538 0.625300 0.053007
v 0.094042 0.625300 0.045906
v 0.113444 0.625300 0.026504
v 0.120546 0.625300 0.000000
v 0.113444 0.625300 -0.026504
v 0.094042 0.625300 -0.045906
v 0.067538 0.625300 -0.053007
v 0.041035 0.625300 -0.045906
v 0.021633 0.625300 -0.026504
v 0.014531 0.625300 -0.000000
v 0.021633 0.625300 0.026504
v 0.041035 0.625300 0.045906
v 0.074846 0.493000 0.068000
v 0.108846 0.493000 0.058890
v 0.133736 0.493000 0.034000
v 0.142846 0.493000 0.000000
v 0.133736 0.493000 -0.034000
v 0.108846 0.493000 -0.058890
v 0.074846 0.493000 -0.068000
v 0.040846 0.493000 -0.058890
v 0.015956 0.493000 -0.034000
v 0.006846 0.493000 -0.000000
v 0.015956 0.493000 0.034000
v 0.040846 0.493000 0.058890
v 0.074846 0.527000 0.068000
v 0.108846 0.527000 0.058890
v 0.133736 0.527000 0.034000
v 0.142846 0.527000 0.000000
v 0.133736 0.527000 -0.034000
v 0.108846 0.527000 -0.058890
v 0.074846 0.527000 -0.068000
v 0.040846 0.527000 -0.058890
v 0.015956 0.527000 -0.034000
v 0.006846 0.527000 -0.000000
v 0.015956 0.527000 0.034000
v 0.040846 0.527000 0.058890
v 0.074846 0.493000 0.056000
v 0.102846 0.493000 0.048497
v 0.123344 0.493000 0.028000
v 0.130846 0.493000 0.000000
v 0.123344 0.493000 -0.028000
v 0.102846 0.493000 -0.048497
v 0.074846 0.493000 -0.056000
v 0.046846 0.493000 -0.048497
v 0.026349 0.493000 -0.028000
v 0.018846 0.493000 -0.000000
v 0.026349 0.493000 0.028000
v 0.046846 0.493000 0.048497
v 0.074846 0.527000 0.056000
v 0.102846 0.527000 0.048497
v 0.123344 0.527000 0.028000
v 0.130846 0.527000 0.000000
v 0.123344 0.527000 -0.028000
v 0.102846 0.527000 -0.048497
v 0.074846 0.527000 -0.056000
v 0.046846 0.527000 -0.048497
v 0.026349 0.527000 -0.028000
v 0.018846 0.527000 -0.000000
v 0.026349 0.527000 0.028000
v 0.046846 0.527000 0.048497
v 0.050000 0.730729 -0.134607
v 0.050000 0.690000 -0.144800
v 0.060103 0.743215 -0.121533
v 0.068668 0.730729 -0.131311
v 0.074390 0.712043 -0.137844
v 0.076400 0.690000 -0.140138
v 0.074390 0.667957 -0.137844
v 0.068668 0.649271 -0.131311
v 0.060103 0.636785 -0.121533
v 0.067499 0.743215 -0.116659
v 0.082333 0.730729 -0.122304
v 0.092245 0.712043 -0.126076
v 0.095726 0.690000 -0.127400
v 0.092245 0.667957 -0.126076
v 0.082333 0.649271 -0.122304
v 0.067499 0.636785 -0.116659
v 0.070206 0.743215 -0.110000
v 0.087335 0.730729 -0.110000
v 0.098781 0.712043 -0.110000
v 0.102800 0.690000 -0.110000
v 0.098781 0.667957 -0.110000
v 0.087335 0.649271 -0.110000
v 0.070206 0.636785 -0.110000
v 0.067499 0.743215 -0.103341
v 0.082333 0.730729 -0.097696
v 0.092245 0.712043 -0.093924
v 0.095726 0.690000 -0.092600
v 0.092245 0.667957 -0.093924
v 0.082333 0.649271 -0.097696
v 0.067499 0.636785 -0.103341
v 0.060103 0.743215 -0.098467
v 0.068668 0.730729 -0.088689
v 0.074390 0.712043 -0.082156
v 0.076400 0.690000 -0.079862
v 0.074390 0.667957 -0.082156
v 0.068668 0.649271 -0.088689
v 0.060103 0.636785 -0.098467
v 0.050000 0.743215 -0.096683
v 0.050000 0.730729 -0.085393
v 0.050000 0.712043 -0.077849
v 0.050000 0.690000 -0.075200
v 0.050000 0.667957 -0.077849
v 0.050000 0.649271 -0.085393
v 0.050000 0.636785 -0.096683
v 0.039897 0.743215 -0.098467
v 0.031332 0.730729 -0.088689
v 0.025610 0.712043 -0.082156
v 0.023600 0.690000 -0.079862
v 0.025610 0.667957 -0.082156
v 0.031332 0.649271 -0.088689
v 0.039897 0.636785 -0.098467
v 0.050000 0.632400 -0.110000
v 0.050000 0.747600 -0.110000
v 0.032501 0.743215 -0.103341
v 0.017667 0.730729 -0.097696
v 0.007755 0.712043 -0.093924
v 0.004274 0.690000 -0.092600
v 0.007755 0.667957 -0.093924
v 0.017667 0.649271 -0.097696
v 0.032501 0.636785 -0.103341
v 0.029794 0.743215 -0.110000
v 0.012665 0.730729 -0.110000
v 0.001219 0.712043 -0.110000
v -0.002800 0.690000 -0.110000
v 0.001219 0.667957 -0.110000
v 0.012665 0.649271 -0.110000
v 0.029794 0.636785 -0.110000
v 0.032501 0.743215 -0.116659
v 0.017667 0.730729 -0.122304
v 0.007755 0.712043 -0.126076
v 0.004274 0.690000 -0.127400
v 0.007755 0.667957 -0.126076
v 0.017667 0.649271 -0.122304
v 0.032501 0.636785 -0.116659
v 0.039897 0.743215 -0.121533
v 0.031332 0.730729 -0.131311
v 0.025610 0.712043 -0.137844
v 0.023600 0.690000 -0.140138
v 0.025610 0.667957 -0.137844
v 0.031332 0.649271 -0.131311
v 0.039897 0.636785 -0.121533
v 0.050000 0.743215 -0.123317
v 0.050000 0.712043 -0.142151
v 0.050000 0.667957 -0.142151
v 0.050000 0.649271 -0.134607
v 0.050000 0.636785 -0.123317
v 0.006000 0.725000 -0.080000
v 0.006000 0.755000 -0.080000
v 0.006000 0.725000 -0.124000
v 0.006000 0.755000 -0.124000
v 0.094000 0.725000 -0.080000
v 0.094000 0.755000 -0.080000
v 0.094000 0.725000 -0.124000
v 0.094000 0.755000 -0.124000
v 0.039000 0.707000 -0.111000
v 0.039000 0.765000 -0.111000
v 0.039000 0.707000 -0.157000
v 0.039000 0.765000 -0.157000
v 0.061000 0.707000 -0.111000
v 0.061000 0.765000 -0.111000
v 0.061000 0.707000 -0.157000
v 0.061000 0.765000 -0.157000
v -0.059126 0.972043 -0.014967
v -0.051166 0.958500 -0.025923
v -0.048252 0.940000 -0.029934
v -0.051166 0.921500 -0.025923
v -0.059126 0.907957 -0.014967
v -0.052405 0.972043 -0.005717
v -0.039525 0.958500 -0.009902
v -0.034811 0.940000 -0.011434
v -0.039525 0.921500 -0.009902
v -0.052405 0.907957 -0.005717
v -0.052405 0.972043 0.005717
v -0.039525 0.958500 0.009902
v -0.034811 0.940000 0.011434
v -0.039525 0.921500 0.009902
v -0.052405 0.907957 0.005717
v -0.059126 0.972043 0.014967
v -0.051166 0.958500 0.025923
v -0.048252 0.940000 0.029934
v -0.051166 0.921500 0.025923
v -0.059126 0.907957 0.014967
v -0.070000 0.972043 0.018500
v -0.070000 0.958500 0.032043
v -0.070000 0.940000 0.037000
v -0.070000 0.921500 0.032043
v -0.070000 0.907957 0.018500
v -0.070000 0.977000 0.000000
v -0.080874 0.972043 0.014967
v -0.088834 0.958500 0.025923
v -0.091748 0.940000 0.029934
v -0.088834 0.921500 0.025923
v -0.080874 0.907957 0.014967
v -0.087595 0.972043 0.005717
v -0.100475 0.958500 0.009902
v -0.105189 0.940000 0.011434
v -0.100475 0.921500 0.009902
v -0.087595 0.907957 0.005717
v -0.070000 0.903000 0.000000
v -0.087595 0.972043 -0.005717
v -0.100475 0.958500 -0.009902
v -0.105189 0.940000 -0.011434
v -0.100475 0.921500 -0.009902
v -0.087595 0.907957 -0.005717
v -0.080874 0.972043 -0.014967
v -0.088834 0.958500 -0.025923
v -0.091748 0.940000 -0.029934
v -0.088834 0.921500 -0.025923
v -0.080874 0.907957 -0.014967
v -0.070000 0.972043 -0.018500
v -0.070000 0.958500 -0.032043
v -0.070000 0.940000 -0.037000
v -0.070000 0.921500 -0.032043
v -0.070000 0.907957 -0.018500
v -0.070000 0.940000 -0.027000
v -0.192130 0.794452 -0.027000
v -0.082157 0.950201 -0.021843
v -0.204287 0.804653 -0.021843
v -0.089671 0.956506 -0.008343
v -0.211801 0.810957 -0.008343
v -0.089671 0.956506 0.008343
v -0.211801 0.810957 0.008343
v -0.082157 0.950201 0.021843
v -0.204287 0.804653 0.021843
v -0.070000 0.940000 0.027000
v -0.192130 0.794452 0.027000
v -0.057843 0.929799 0.021843
v -0.179972 0.784250 0.021843
v -0.050329 0.923494 0.008343
v -0.172459 0.777946 0.008343
v -0.050329 0.923494 -0.008343
v -0.172459 0.777946 -0.008343
v -0.057843 0.929799 -0.021843
v -0.179972 0.784250 -0.021843
v -0.062065 0.963383 -0.010922
v -0.056256 0.953500 -0.018917
v -0.054130 0.940000 -0.021843
v -0.056256 0.926500 -0.018917
v -0.062065 0.916617 -0.010922
v -0.057161 0.963383 -0.004172
v -0.047762 0.953500 -0.007226
v -0.044321 0.940000 -0.008343
v -0.047762 0.926500 -0.007226
v -0.057161 0.916617 -0.004172
v -0.057161 0.963383 0.004172
v -0.047762 0.953500 0.007226
v -0.044321 0.940000 0.008343
v -0.047762 0.926500 0.007226
v -0.057161 0.916617 0.004172
v -0.062065 0.963383 0.010922
v -0.056256 0.953500 0.018917
v -0.054130 0.940000 0.021843
v -0.056256 0.926500 0.018917
v -0.062065 0.916617 0.010922
v -0.070000 0.963383 0.013500
v -0.070000 0.953500 0.023383
v -0.070000 0.940000 0.027000
v -0.070000 0.926500 0.023383
v -0.070000 0.916617 0.013500
v -0.070000 0.967000 0.000000
v -0.077935 0.963383 0.010922
v -0.083744 0.953500 0.018917
v -0.085870 0.940000 0.021843
v -0.083744 0.926500 0.018917
v -0.077935 0.916617 0.010922
v -0.082839 0.963383 0.004172
v -0.092238 0.953500 0.007226
v -0.095679 0.940000 0.008343
v -0.092238 0.926500 0.007226
v -0.082839 0.916617 0.004172
v -0.070000 0.913000 0.000000
v -0.082839 0.963383 -0.004172
v -0.092238 0.953500 -0.007226
v -0.095679 0.940000 -0.008343
v -0.092238 0.926500 -0.007226
v -0.082839 0.916617 -0.004172
v -0.077935 0.963383 -0.010922
v -0.083744 0.953500 -0.018917
v -0.085870 0.940000 -0.021843
v -0.083744 0.926500 -0.018917
v -0.077935 0.916617 -0.010922
v -0.070000 0.963383 -0.013500
v -0.070000 0.953500 -0.023383
v -0.070000 0.940000 -0.027000
v -0.070000 0.926500 -0.023383
v -0.070000 0.916617 -0.013500
v -0.184195 0.817834 -0.010922
v -0.178386 0.807952 -0.018917
v -0.176259 0.794452 -0.021843
v -0.178386 0.780952 -0.018917
v -0.184195 0.771069 -0.010922
v -0.179290 0.817834 -0.004172
v -0.169891 0.807952 -0.007226
v -0.166451 0.794452 -0.008343
v -0.169891 0.780952 -0.007226
v -0.179290 0.771069 -0.004172
v -0.179290 0.817834 0.004172
v -0.169891 0.807952 0.007226
v -0.166451 0.794452 0.008343
v -0.169891 0.780952 0.007226
v -0.179290 0.771069 0.004172
v -0.184195 0.817834 0.010922
v -0.178386 0.807952 0.018917
v -0.176259 0.794452 0.021843
v -0.178386 0.780952 0.018917
v -0.184195 0.771069 0.010922
v -0.192130 0.817834 0.013500
v -0.192130 0.807952 0.023383
v -0.192130 0.794452 0.027000
v -0.192130 0.780952 0.023383
v -0.192130 0.771069 0.013500
v -0.192130 0.821452 0.000000
v -0.200065 0.817834 0.010922
v -0.205874 0.807952 0.018917
v -0.208000 0.794452 0.021843
v -0.205874 0.780952 0.018917
v -0.200065 0.771069 0.010922
v -0.204969 0.817834 0.004172
v -0.214368 0.807952 0.007226
v -0.217808 0.794452 0.008343
v -0.214368 0.780952 0.007226
v -0.204969 0.771069 0.004172
v -0.192130 0.767452 0.000000
v -0.204969 0.817834 -0.004172
v -0.214368 0.807952 -0.007226
v -0.217808 0.794452 -0.008343
v -0.214368 0.780952 -0.007226
v -0.204969 0.771069 -0.004172
v -0.200065 0.817834 -0.010922
v -0.205874 0.807952 -0.018917
v -0.208000 0.794452 -0.021843
v -0.205874 0.780952 -0.018917
v -0.200065 0.771069 -0.010922
v -0.192130 0.817834 -0.013500
v -0.192130 0.807952 -0.023383
v -0.192130 0.794452 -0.027000
v -0.192130 0.780952 -0.023383
v -0.192130 0.771069 -0.013500
v -0.192130 0.794452 -0.024000
v -0.294976 0.671884 -0.024000
v -0.202936 0.803519 -0.019416
v -0.305782 0.680952 -0.019416
v -0.209615 0.809123 -0.007416
v -0.312461 0.686556 -0.007416
v -0.209615 0.809123 0.007416
v -0.312461 0.686556 0.007416
v -0.202936 0.803519 0.019416
v -0.305782 0.680952 0.019416
v -0.192130 0.794452 0.024000
v -0.294976 0.671884 0.024000
v -0.181323 0.785384 0.019416
v -0.284169 0.662817 0.019416
v -0.174644 0.779780 0.007416
v -0.277490 0.657213 0.007416
v -0.174644 0.779780 -0.007416
v -0.277490 0.657213 -0.007416
v -0.181323 0.785384 -0.019416
v -0.284169 0.662817 -0.019416
v -0.185076 0.815236 -0.009708
v -0.179913 0.806452 -0.016815
v -0.178023 0.794452 -0.019416
v -0.179913 0.782452 -0.016815
v -0.185076 0.773667 -0.009708
v -0.180717 0.815236 -0.003708
v -0.172362 0.806452 -0.006423
v -0.169304 0.794452 -0.007416
v -0.172362 0.782452 -0.006423
v -0.180717 0.773667 -0.003708
v -0.180717 0.815236 0.003708
v -0.172362 0.806452 0.006423
v -0.169304 0.794452 0.007416
v -0.172362 0.782452 0.006423
v -0.180717 0.773667 0.003708
v -0.185076 0.815236 0.009708
v -0.179913 0.806452 0.016815
v -0.178023 0.794452 0.019416
v -0.179913 0.782452 0.016815
v -0.185076 0.773667 0.009708
v -0.192130 0.815236 0.012000
v -0.192130 0.806452 0.020785
v -0.192130 0.794452 0.024000
v -0.192130 0.782452 0.020785
v -0.192130 0.773667 0.012000
v -0.199183 0.815236 0.009708
v -0.204347 0.806452 0.016815
v -0.206236 0.794452 0.019416
v -0.204347 0.782452 0.016815
v -0.199183 0.773667 0.009708
v -0.192130 0.818452 0.000000
v -0.203542 0.815236 0.003708
v -0.211897 0.806452 0.006423
v -0.214955 0.794452 0.007416
v -0.211897 0.782452 0.006423
v -0.203542 0.773667 0.003708
v -0.192130 0.770452 0.000000
v -0.203542 0.815236 -0.003708
v -0.211897 0.806452 -0.006423
v -0.214955 0.794452 -0.007416
v -0.211897 0.782452 -0.006423
v -0.203542 0.773667 -0.003708
v -0.199183 0.815236 -0.009708
v -0.204347 0.806452 -0.016815
v -0.206236 0.794452 -0.019416
v -0.204347 0.782452 -0.016815
v -0.199183 0.773667 -0.009708
v -0.192130 0.815236 -0.012000
v -0.192130 0.806452 -0.020785
v -0.192130 0.794452 -0.024000
v -0.192130 0.782452 -0.020785
v -0.192130 0.773667 -0.012000
v -0.287922 0.692669 -0.009708
v -0.282759 0.683884 -0.016815
v -0.280869 0.671884 -0.019416
v -0.282759 0.659884 -0.016815
v -0.287922 0.651100 -0.009708
v -0.283563 0.692669 -0.003708
v -0.275208 0.683884 -0.006423
v -0.272150 0.671884 -0.007416
v -0.275208 0.659884 -0.006423
v -0.283563 0.651100 -0.003708
v -0.283563 0.692669 0.003708
v -0.275208 0.683884 0.006423
v -0.272150 0.671884 0.007416
v -0.275208 0.659884 0.006423
v -0.283563 0.651100 0.003708
v -0.287922 0.692669 0.009708
v -0.282759 0.683884 0.016815
v -0.280869 0.671884 0.019416
v -0.282759 0.659884 0.016815
v -0.287922 0.651100 0.009708
v -0.294976 0.692669 0.012000
v -0.294976 0.683884 0.020785
v -0.294976 0.671884 0.024000
v -0.294976 0.659884 0.020785
v -0.294976 0.651100 0.012000
v -0.302029 0.692669 0.009708
v -0.307193 0.683884 0.016815
v -0.309083 0.671884 0.019416
v -0.307193 0.659884 0.016815
v -0.302029 0.651100 0.009708
v -0.294976 0.695884 0.000000
v -0.306388 0.692669 0.003708
v -0.314743 0.683884 0.006423
v -0.317801 0.671884 0.007416
v -0.314743 0.659884 0.006423
v -0.306388 0.651100 0.003708
v -0.294976 0.647884 0.000000
v -0.306388 0.692669 -0.003708
v -0.314743 0.683884 -0.006423
v -0.317801 0.671884 -0.007416
v -0.314743 0.659884 -0.006423
v -0.306388 0.651100 -0.003708
v -0.302029 0.692669 -0.009708
v -0.307193 0.683884 -0.016815
v -0.309083 0.671884 -0.019416
v -0.307193 0.659884 -0.016815
v -0.302029 0.651100 -0.009708
v -0.294976 0.692669 -0.012000
v -0.294976 0.683884 -0.020785
v -0.294976 0.671884 -0.024000
v -0.294976 0.659884 -0.020785
v -0.294976 0.651100 -0.012000
v -0.289833 0.678013 -0.036000
v -0.319402 0.642775 -0.036000
v -0.303622 0.689583 -0.031177
v -0.333190 0.654345 -0.031177
v -0.313716 0.698053 -0.018000
v -0.343284 0.662815 -0.018000
v -0.317411 0.701153 0.000000
v -0.346979 0.665915 0.000000
v -0.313716 0.698053 0.018000
v -0.343284 0.662815 0.018000
v -0.303622 0.689583 0.031177
v -0.333190 0.654345 0.031177
v -0.289833 0.678013 0.036000
v -0.319402 0.642775 0.036000
v -0.276045 0.666443 0.031177
v -0.305613 0.631204 0.031177
v -0.265950 0.657973 0.018000
v -0.295519 0.622735 0.018000
v -0.262256 0.654872 0.000000
v -0.291824 0.619634 0.000000
v -0.265950 0.657973 -0.018000
v -0.295519 0.622735 -0.018000
v -0.276045 0.666443 -0.031177
v -0.305613 0.631204 -0.031177
v -0.341256 0.632037 -0.022173
v -0.341256 0.579774 -0.009184
v -0.333603 0.653684 -0.007954
v -0.327114 0.645013 -0.014697
v -0.322779 0.632037 -0.019202
v -0.321256 0.616729 -0.020785
v -0.322779 0.601422 -0.019202
v -0.327114 0.588445 -0.014697
v -0.333603 0.579774 -0.007954
v -0.328000 0.653684 -0.004592
v -0.316761 0.645013 -0.008485
v -0.309252 0.632037 -0.011087
v -0.306615 0.616729 -0.012000
v -0.309252 0.601422 -0.011087
v -0.316761 0.588445 -0.008485
v -0.328000 0.579774 -0.004592
v -0.325949 0.653684 0.000000
v -0.312972 0.645013 0.000000
v -0.304301 0.632037 0.000000
v -0.301256 0.616729 0.000000
v -0.304301 0.601422 0.000000
v -0.312972 0.588445 0.000000
v -0.325949 0.579774 0.000000
v -0.328000 0.653684 0.004592
v -0.316761 0.645013 0.008485
v -0.309252 0.632037 0.011087
v -0.306615 0.616729 0.012000
v -0.309252 0.601422 0.011087
v -0.316761 0.588445 0.008485
v -0.328000 0.579774 0.004592
v -0.333603 0.653684 0.007954
v -0.327114 0.645013 0.014697
v -0.322779 0.632037 0.019202
v -0.321256 0.616729 0.020785
v -0.322779 0.601422 0.019202
v -0.327114 0.588445 0.014697
v -0.333603 0.579774 0.007954
v -0.341256 0.653684 0.009184
v -0.341256 0.645013 0.016971
v -0.341256 0.632037 0.022173
v -0.341256 0.616729 0.024000
v -0.341256 0.601422 0.022173
v -0.341256 0.588445 0.016971
v -0.341256 0.579774 0.009184
v -0.341256 0.576729 0.000000
v -0.348910 0.653684 0.007954
v -0.355399 0.645013 0.014697
v -0.359734 0.632037 0.019202
v -0.361256 0.616729 0.020785
v -0.359734 0.601422 0.019202
v -0.355399 0.588445 0.014697
v -0.348910 0.579774 0.007954
v -0.341256 0.656729 0.000000
v -0.354513 0.653684 0.004592
v -0.365751 0.645013 0.008485
v -0.373260 0.632037 0.011087
v -0.375897 0.616729 0.012000
v -0.373260 0.601422 0.011087
v -0.365751 0.588445 0.008485
v -0.354513 0.579774 0.004592
v -0.356564 0.653684 -0.000000
v -0.369541 0.645013 0.000000
v -0.378212 0.632037 -0.000000
v -0.381256 0.616729 0.000000
v -0.378212 0.601422 -0.000000
v -0.369541 0.588445 0.000000
v -0.356564 0.579774 -0.000000
v -0.354513 0.653684 -0.004592
v -0.365751 0.645013 -0.008485
v -0.373260 0.632037 -0.011087
v -0.375897 0.616729 -0.012000
v -0.373260 0.601422 -0.011087
v -0.365751 0.588445 -0.008485
v -0.354513 0.579774 -0.004592
v -0.348910 0.653684 -0.007954
v -0.355399 0.645013 -0.014697
v -0.359734 0.632037 -0.019202
v -0.361256 0.616729 -0.020785
v -0.359734 0.601422 -0.019202
v -0.355399 0.588445 -0.014697
v -0.348910 0.579774 -0.007954
v -0.341256 0.653684 -0.009184
v -0.341256 0.645013 -0.016971
v -0.341256 0.616729 -0.024000
v -0.341256 0.601422 -0.022173
v -0.341256 0.588445 -0.016971
v -0.360407 0.632799 -0.015700
v -0.386119 0.602157 -0.015700
v -0.366843 0.638199 -0.010850
v -0.392554 0.607557 -0.010850
v -0.366843 0.638199 -0.001150
v -0.392554 0.607557 -0.001150
v -0.360407 0.632799 0.003700
v -0.386119 0.602157 0.003700
v -0.353972 0.627399 -0.001150
v -0.379684 0.596757 -0.001150
v -0.353972 0.627399 -0.010850
v -0.379684 0.596757 -0.010850
v -0.360408 0.641199 -0.010850
v -0.360408 0.637649 -0.014400
v -0.360408 0.632799 -0.015700
v -0.360408 0.627949 -0.014400
v -0.360408 0.624398 -0.010850
v -0.356207 0.641199 -0.008425
v -0.353132 0.637649 -0.010200
v -0.352007 0.632799 -0.010850
v -0.353132 0.627949 -0.010200
v -0.356207 0.624398 -0.008425
v -0.356207 0.641199 -0.003575
v -0.353132 0.637649 -0.001800
v -0.352007 0.632799 -0.001150
v -0.353132 0.627949 -0.001800
v -0.356207 0.624398 -0.003575
v -0.360408 0.641199 -0.001150
v -0.360408 0.637649 0.002400
v -0.360408 0.632799 0.003700
v -0.360408 0.627949 0.002400
v -0.360408 0.624398 -0.001150
v -0.360408 0.642499 -0.006000
v -0.364608 0.641199 -0.003575
v -0.367683 0.637649 -0.001800
v -0.368808 0.632799 -0.001150
v -0.367683 0.627949 -0.001800
v -0.364608 0.624398 -0.003575
v -0.364608 0.641199 -0.008425
v -0.367683 0.637649 -0.010200
v -0.368808 0.632799 -0.010850
v -0.367683 0.627949 -0.010200
v -0.364608 0.624398 -0.008425
v -0.360408 0.623099 -0.006000
v -0.386119 0.610558 -0.010850
v -0.386119 0.607007 -0.014400
v -0.386119 0.602157 -0.015700
v -0.386119 0.597307 -0.014400
v -0.386119 0.593757 -0.010850
v -0.381919 0.610558 -0.008425
v -0.378844 0.607007 -0.010200
v -0.377719 0.602157 -0.010850
v -0.378844 0.597307 -0.010200
v -0.381919 0.593757 -0.008425
v -0.381919 0.610558 -0.003575
v -0.378844 0.607007 -0.001800
v -0.377719 0.602157 -0.001150
v -0.378844 0.597307 -0.001800
v -0.381919 0.593757 -0.003575
v -0.386119 0.610558 -0.001150
v -0.386119 0.607007 0.002400
v -0.386119 0.602157 0.003700
v -0.386119 0.597307 0.002400
v -0.386119 0.593757 -0.001150
v -0.386119 0.611857 -0.006000
v -0.390319 0.610558 -0.003575
v -0.393394 0.607007 -0.001800
v -0.394519 0.602157 -0.001150
v -0.393394 0.597307 -0.001800
v -0.390319 0.593757 -0.003575
v -0.390319 0.610558 -0.008425
v -0.393394 0.607007 -0.010200
v -0.394519 0.602157 -0.010850
v -0.393394 0.597307 -0.010200
v -0.390319 0.593757 -0.008425
v -0.386119 0.592457 -0.006000
v -0.348151 0.622514 -0.015700
v -0.377076 0.588042 -0.015700
v -0.354586 0.627914 -0.010850
v -0.383511 0.593442 -0.010850
v -0.354586 0.627914 -0.001150
v -0.383511 0.593442 -0.001150
v -0.348151 0.622514 0.003700
v -0.377076 0.588042 0.003700
v -0.341716 0.617115 -0.001150
v -0.370641 0.582643 -0.001150
v -0.341716 0.617115 -0.010850
v -0.370641 0.582643 -0.010850
v -0.348151 0.630915 -0.010850
v -0.348151 0.627364 -0.014400
v -0.348151 0.622514 -0.015700
v -0.348151 0.617664 -0.014400
v -0.348151 0.614114 -0.010850
v -0.343951 0.630915 -0.008425
v -0.340876 0.627364 -0.010200
v -0.339750 0.622514 -0.010850
v -0.340876 0.617664 -0.010200
v -0.343951 0.614114 -0.008425
v -0.343951 0.630915 -0.003575
v -0.340876 0.627364 -0.001800
v -0.339750 0.622514 -0.001150
v -0.340876 0.617664 -0.001800
v -0.343951 0.614114 -0.003575
v -0.348151 0.630915 -0.001150
v -0.348151 0.627364 0.002400
v -0.348151 0.622514 0.003700
v -0.348151 0.617664 0.002400
v -0.348151 0.614114 -0.001150
v -0.348151 0.632214 -0.006000
v -0.352351 0.630915 -0.003575
v -0.355426 0.627364 -0.001800
v -0.356551 0.622514 -0.001150
v -0.355426 0.617664 -0.001800
v -0.352351 0.614114 -0.003575
v -0.352351 0.630915 -0.008425
v -0.355426 0.627364 -0.010200
v -0.356551 0.622514 -0.010850
v -0.355426 0.617664 -0.010200
v -0.352351 0.614114 -0.008425
v -0.348151 0.612814 -0.006000
v -0.377076 0.596443 -0.010850
v -0.377076 0.592892 -0.014400
v -0.377076 0.588042 -0.015700
v -0.377076 0.583192 -0.014400
v -0.377076 0.579642 -0.010850
v -0.372876 0.596443 -0.008425
v -0.369801 0.592892 -0.010200
v -0.368676 0.588042 -0.010850
v -0.369801 0.583192 -0.010200
v -0.372876 0.579642 -0.008425
v -0.372876 0.596443 -0.003575
v -0.369801 0.592892 -0.001800
v -0.368676 0.588042 -0.001150
v -0.369801 0.583192 -0.001800
v -0.372876 0.579642 -0.003575
v -0.377076 0.596443 -0.001150
v -0.377076 0.592892 0.002400
v -0.377076 0.588042 0.003700
v -0.377076 0.583192 0.002400
v -0.377076 0.579642 -0.001150
v -0.377076 0.597742 -0.006000
v -0.381276 0.596443 -0.003575
v -0.384351 0.592892 -0.001800
v -0.385477 0.588042 -0.001150
v -0.384351 0.583192 -0.001800
v -0.381276 0.579642 -0.003575
v -0.381276 0.596443 -0.008425
v -0.384351 0.592892 -0.010200
v -0.385477 0.588042 -0.010850
v -0.384351 0.583192 -0.010200
v -0.381276 0.579642 -0.008425
v -0.377076 0.578342 -0.006000
v -0.334362 0.610944 -0.015700
v -0.361359 0.578770 -0.015700
v -0.340797 0.616344 -0.010850
v -0.367794 0.584170 -0.010850
v -0.340797 0.616344 -0.001150
v -0.367794 0.584170 -0.001150
v -0.334362 0.610944 0.003700
v -0.361359 0.578770 0.003700
v -0.327927 0.605544 -0.001150
v -0.354924 0.573371 -0.001150
v -0.327927 0.605544 -0.010850
v -0.354924 0.573371 -0.010850
v -0.334362 0.619345 -0.010850
v -0.334362 0.615794 -0.014400
v -0.334362 0.610944 -0.015700
v -0.334362 0.606094 -0.014400
v -0.334362 0.602544 -0.010850
v -0.330162 0.619345 -0.008425
v -0.327087 0.615794 -0.010200
v -0.325962 0.610944 -0.010850
v -0.327087 0.606094 -0.010200
v -0.330162 0.602544 -0.008425
v -0.330162 0.619345 -0.003575
v -0.327087 0.615794 -0.001800
v -0.325962 0.610944 -0.001150
v -0.327087 0.606094 -0.001800
v -0.330162 0.602544 -0.003575
v -0.334362 0.619345 -0.001150
v -0.334362 0.615794 0.002400
v -0.334362 0.610944 0.003700
v -0.334362 0.606094 0.002400
v -0.334362 0.602544 -0.001150
v -0.334362 0.620644 -0.006000
v -0.338562 0.619345 -0.003575
v -0.341637 0.615794 -0.001800
v -0.342762 0.610944 -0.001150
v -0.341637 0.606094 -0.001800
v -0.338562 0.602544 -0.003575
v -0.338562 0.619345 -0.008425
v -0.341637 0.615794 -0.010200
v -0.342762 0.610944 -0.010850
v -0.341637 0.606094 -0.010200
v -0.338562 0.602544 -0.008425
v -0.334362 0.601244 -0.006000
v -0.361359 0.587171 -0.010850
v -0.361359 0.583620 -0.014400
v -0.361359 0.578770 -0.015700
v -0.361359 0.573920 -0.014400
v -0.361359 0.570370 -0.010850
v -0.357159 0.587171 -0.008425
v -0.354084 0.583620 -0.010200
v -0.352959 0.578770 -0.010850
v -0.354084 0.573920 -0.010200
v -0.357159 0.570370 -0.008425
v -0.357159 0.587171 -0.003575
v -0.354084 0.583620 -0.001800
v -0.352959 0.578770 -0.001150
v -0.354084 0.573920 -0.001800
v -0.357159 0.570370 -0.003575
v -0.361359 0.587171 -0.001150
v -0.361359 0.583620 0.002400
v -0.361359 0.578770 0.003700
v -0.361359 0.573920 0.002400
v -0.361359 0.570370 -0.001150
v -0.361359 0.588470 -0.006000
v -0.365559 0.587171 -0.003575
v -0.368634 0.583620 -0.001800
v -0.369760 0.578770 -0.001150
v -0.368634 0.573920 -0.001800
v -0.365559 0.570370 -0.003575
v -0.365559 0.587171 -0.008425
v -0.368634 0.583620 -0.010200
v -0.369760 0.578770 -0.010850
v -0.368634 0.573920 -0.010200
v -0.365559 0.570370 -0.008425
v -0.361359 0.569070 -0.006000
v -0.322871 0.601302 -0.015700
v -0.345369 0.574491 -0.015700
v -0.329306 0.606702 -0.010850
v -0.351804 0.579891 -0.010850
v -0.329306 0.606702 -0.001150
v -0.351804 0.579891 -0.001150
v -0.322871 0.601302 0.003700
v -0.345369 0.574491 0.003700
v -0.316436 0.595903 -0.001150
v -0.338934 0.569091 -0.001150
v -0.316436 0.595903 -0.010850
v -0.338934 0.569091 -0.010850
v -0.322871 0.609703 -0.010850
v -0.322871 0.606152 -0.014400
v -0.322871 0.601302 -0.015700
v -0.322871 0.596452 -0.014400
v -0.322871 0.592902 -0.010850
v -0.318671 0.609703 -0.008425
v -0.315596 0.606152 -0.010200
v -0.314471 0.601302 -0.010850
v -0.315596 0.596452 -0.010200
v -0.318671 0.592902 -0.008425
v -0.318671 0.609703 -0.003575
v -0.315596 0.606152 -0.001800
v -0.314471 0.601302 -0.001150
v -0.315596 0.596452 -0.001800
v -0.318671 0.592902 -0.003575
v -0.322871 0.609703 -0.001150
v -0.322871 0.606152 0.002400
v -0.322871 0.601302 0.003700
v -0.322871 0.596452 0.002400
v -0.322871 0.592902 -0.001150
v -0.322871 0.611002 -0.006000
v -0.327072 0.609703 -0.003575
v -0.330146 0.606152 -0.001800
v -0.331272 0.601302 -0.001150
v -0.330146 0.596452 -0.001800
v -0.327072 0.592902 -0.003575
v -0.327072 0.609703 -0.008425
v -0.330146 0.606152 -0.010200
v -0.331272 0.601302 -0.010850
v -0.330146 0.596452 -0.010200
v -0.327072 0.592902 -0.008425
v -0.322871 0.591602 -0.006000
v -0.345369 0.582891 -0.010850
v -0.345369 0.579341 -0.014400
v -0.345369 0.574491 -0.015700
v -0.345369 0.569641 -0.014400
v -0.345369 0.566090 -0.010850
v -0.341169 0.582891 -0.008425
v -0.338094 0.579341 -0.010200
v -0.336968 0.574491 -0.010850
v -0.338094 0.569641 -0.010200
v -0.341169 0.566090 -0.008425
v -0.341169 0.582891 -0.003575
v -0.338094 0.579341 -0.001800
v -0.336968 0.574491 -0.001150
v -0.338094 0.569641 -0.001800
v -0.341169 0.566090 -0.003575
v -0.345369 0.582891 -0.001150
v -0.345369 0.579341 0.002400
v -0.345369 0.574491 0.003700
v -0.345369 0.569641 0.002400
v -0.345369 0.566090 -0.001150
v -0.345369 0.584191 -0.006000
v -0.349569 0.582891 -0.003575
v -0.352644 0.579341 -0.001800
v -0.353769 0.574491 -0.001150
v -0.352644 0.569641 -0.001800
v -0.349569 0.566090 -0.003575
v -0.349569 0.582891 -0.008425
v -0.352644 0.579341 -0.010200
v -0.353769 0.574491 -0.010850
v -0.352644 0.569641 -0.010200
v -0.349569 0.566090 -0.008425
v -0.345369 0.564791 -0.006000
v -0.355605 0.644169 -0.009545
v -0.389294 0.639802 -0.019545
v -0.357508 0.654302 -0.007559
v -0.391197 0.649935 -0.017559
v -0.360725 0.657267 0.001986
v -0.394414 0.652900 -0.008014
v -0.362040 0.650099 0.009545
v -0.395729 0.645732 -0.000455
v -0.360137 0.639965 0.007559
v -0.393826 0.635598 -0.002441
v -0.356919 0.637000 -0.001986
v -0.390608 0.632633 -0.011986
v -0.358822 0.656227 -0.005250
v -0.358822 0.652384 -0.009093
v -0.358822 0.647134 -0.010500
v -0.358822 0.641884 -0.009093
v -0.358822 0.638040 -0.005250
v -0.354276 0.656227 -0.002625
v -0.350947 0.652384 -0.004547
v -0.349729 0.647134 -0.005250
v -0.350947 0.641884 -0.004547
v -0.354276 0.638040 -0.002625
v -0.354276 0.656227 0.002625
v -0.350947 0.652384 0.004547
v -0.349729 0.647134 0.005250
v -0.350947 0.641884 0.004547
v -0.354276 0.638040 0.002625
v -0.358822 0.656227 0.005250
v -0.358822 0.652384 0.009093
v -0.358822 0.647134 0.010500
v -0.358822 0.641884 0.009093
v -0.358822 0.638040 0.005250
v -0.358822 0.657634 0.000000
v -0.363369 0.656227 0.002625
v -0.366697 0.652384 0.004547
v -0.367916 0.647134 0.005250
v -0.366697 0.641884 0.004547
v -0.363369 0.638040 0.002625
v -0.363369 0.656227 -0.002625
v -0.366697 0.652384 -0.004547
v -0.367916 0.647134 -0.005250
v -0.366697 0.641884 -0.004547
v -0.363369 0.638040 -0.002625
v -0.358822 0.636634 0.000000
v -0.392511 0.651860 -0.015250
v -0.392511 0.648017 -0.019093
v -0.392511 0.642767 -0.020500
v -0.392511 0.637517 -0.019093
v -0.392511 0.633673 -0.015250
v -0.387964 0.651860 -0.012625
v -0.384636 0.648017 -0.014547
v -0.383418 0.642767 -0.015250
v -0.384636 0.637517 -0.014547
v -0.387964 0.633673 -0.012625
v -0.387964 0.651860 -0.007375
v -0.384636 0.648017 -0.005453
v -0.383418 0.642767 -0.004750
v -0.384636 0.637517 -0.005453
v -0.387964 0.633673 -0.007375
v -0.392511 0.651860 -0.004750
v -0.392511 0.648017 -0.000907
v -0.392511 0.642767 0.000500
v -0.392511 0.637517 -0.000907
v -0.392511 0.633673 -0.004750
v -0.392511 0.653267 -0.010000
v -0.397058 0.651860 -0.007375
v -0.400386 0.648017 -0.005453
v -0.401604 0.642767 -0.004750
v -0.400386 0.637517 -0.005453
v -0.397058 0.633673 -0.007375
v -0.397058 0.651860 -0.012625
v -0.400386 0.648017 -0.014547
v -0.401604 0.642767 -0.015250
v -0.400386 0.637517 -0.014547
v -0.397058 0.633673 -0.012625
v -0.392511 0.632267 -0.010000
v 0.080874 0.972043 -0.014967
v 0.088834 0.958500 -0.025923
v 0.091748 0.940000 -0.029934
v 0.088834 0.921500 -0.025923
v 0.080874 0.907957 -0.014967
v 0.087595 0.972043 -0.005717
v 0.100475 0.958500 -0.009902
v 0.105189 0.940000 -0.011434
v 0.100475 0.921500 -0.009902
v 0.087595 0.907957 -0.005717
v 0.087595 0.972043 0.005717
v 0.100475 0.958500 0.009902
v 0.105189 0.940000 0.011434
v 0.100475 0.921500 0.009902
v 0.087595 0.907957 0.005717
v 0.080874 0.972043 0.014967
v 0.088834 0.958500 0.025923
v 0.091748 0.940000 0.029934
v 0.088834 0.921500 0.025923
v 0.080874 0.907957 0.014967
v 0.070000 0.972043 0.018500
v 0.070000 0.958500 0.032043
v 0.070000 0.940000 0.037000
v 0.070000 0.921500 0.032043
v 0.070000 0.907957 0.018500
v 0.070000 0.977000 0.000000
v 0.059126 0.972043 0.014967
v 0.051166 0.958500 0.025923
v 0.048252 0.940000 0.029934
v 0.051166 0.921500 0.025923
v 0.059126 0.907957 0.014967
v 0.052405 0.972043 0.005717
v 0.039525 0.958500 0.009902
v 0.034811 0.940000 0.011434
v 0.039525 0.921500 0.009902
v 0.052405 0.907957 0.005717
v 0.070000 0.903000 0.000000
v 0.052405 0.972043 -0.005717
v 0.039525 0.958500 -0.009902
v 0.034811 0.940000 -0.011434
v 0.039525 0.921500 -0.009902
v 0.052405 0.907957 -0.005717
v 0.059126 0.972043 -0.014967
v 0.051166 0.958500 -0.025923
v 0.048252 0.940000 -0.029934
v 0.051166 0.921500 -0.025923
v 0.059126 0.907957 -0.014967
v 0.070000 0.972043 -0.018500
v 0.070000 0.958500 -0.032043
v 0.070000 0.940000 -0.037000
v 0.070000 0.921500 -0.032043
v 0.070000 0.907957 -0.018500
v 0.070000 0.940000 -0.027000
v 0.192130 0.794452 -0.027000
v 0.057843 0.929799 -0.021843
v 0.179972 0.784250 -0.021843
v 0.050329 0.923494 -0.008343
v 0.172459 0.777946 -0.008343
v 0.050329 0.923494 0.008343
v 0.172459 0.777946 0.008343
v 0.057843 0.929799 0.021843
v 0.179972 0.784250 0.021843
v 0.070000 0.940000 0.027000
v 0.192130 0.794452 0.027000
v 0.082157 0.950201 0.021843
v 0.204287 0.804653 0.021843
v 0.089671 0.956506 0.008343
v 0.211801 0.810957 0.008343
v 0.089671 0.956506 -0.008343
v 0.211801 0.810957 -0.008343
v 0.082157 0.950201 -0.021843
v 0.204287 0.804653 -0.021843
v 0.077935 0.963383 -0.010922
v 0.083744 0.953500 -0.018917
v 0.085870 0.940000 -0.021843
v 0.083744 0.926500 -0.018917
v 0.077935 0.916617 -0.010922
v 0.082839 0.963383 -0.004172
v 0.092238 0.953500 -0.007226
v 0.095679 0.940000 -0.008343
v 0.092238 0.926500 -0.007226
v 0.082839 0.916617 -0.004172
v 0.082839 0.963383 0.004172
v 0.092238 0.953500 0.007226
v 0.095679 0.940000 0.008343
v 0.092238 0.926500 0.007226
v 0.082839 0.916617 0.004172
v 0.077935 0.963383 0.010922
v 0.083744 0.953500 0.018917
v 0.085870 0.940000 0.021843
v 0.083744 0.926500 0.018917
v 0.077935 0.916617 0.010922
v 0.070000 0.963383 0.013500
v 0.070000 0.953500 0.023383
v 0.070000 0.940000 0.027000
v 0.070000 0.926500 0.023383
v 0.070000 0.916617 0.013500
v 0.070000 0.967000 0.000000
v 0.062065 0.963383 0.010922
v 0.056256 0.953500 0.018917
v 0.054130 0.940000 0.021843
v 0.056256 0.926500 0.018917
v 0.062065 0.916617 0.010922
v 0.057161 0.963383 0.004172
v 0.047762 0.953500 0.007226
v 0.044321 0.940000 0.008343
v 0.047762 0.926500 0.007226
v 0.057161 0.916617 0.004172
v 0.070000 0.913000 0.000000
v 0.057161 0.963383 -0.004172
v 0.047762 0.953500 -0.007226
v 0.044321 0.940000 -0.008343
v 0.047762 0.926500 -0.007226
v 0.057161 0.916617 -0.004172
v 0.062065 0.963383 -0.010922
v 0.056256 0.953500 -0.018917
v 0.054130 0.940000 -0.021843
v 0.056256 0.926500 -0.018917
v 0.062065 0.916617 -0.010922
v 0.070000 0.963383 -0.013500
v 0.070000 0.953500 -0.023383
v 0.070000 0.940000 -0.027000
v 0.070000 0.926500 -0.023383
v 0.070000 0.916617 -0.013500
v 0.200065 0.817834 -0.010922
v 0.205874 0.807952 -0.018917
v 0.208000 0.794452 -0.021843
v 0.205874 0.780952 -0.018917
v 0.200065 0.771069 -0.010922
v 0.204969 0.817834 -0.004172
v 0.214368 0.807952 -0.007226
v 0.217808 0.794452 -0.008343
v 0.214368 0.780952 -0.007226
v 0.204969 0.771069 -0.004172
v 0.204969 0.817834 0.004172
v 0.214368 0.807952 0.007226
v 0.217808 0.794452 0.008343
v 0.214368 0.780952 0.007226
v 0.204969 0.771069 0.004172
v 0.200065 0.817834 0.010922
v 0.205874 0.807952 0.018917
v 0.208000 0.794452 0.021843
v 0.205874 0.780952 0.018917
v 0.200065 0.771069 0.010922
v 0.192130 0.817834 0.013500
v 0.192130 0.807952 0.023383
v 0.192130 0.794452 0.027000
v 0.192130 0.780952 0.023383
v 0.192130 0.771069 0.013500
v 0.192130 0.821452 0.000000
v 0.184195 0.817834 0.010922
v 0.178386 0.807952 0.018917
v 0.176259 0.794452 0.021843
v 0.178386 0.780952 0.018917
v 0.184195 0.771069 0.010922
v 0.179290 0.817834 0.004172
v 0.169891 0.807952 0.007226
v 0.166451 0.794452 0.008343
v 0.169891 0.780952 0.007226
v 0.179290 0.771069 0.004172
v 0.192130 0.767452 0.000000
v 0.179290 0.817834 -0.004172
v 0.169891 0.807952 -0.007226
v 0.166451 0.794452 -0.008343
v 0.169891 0.780952 -0.007226
v 0.179290 0.771069 -0.004172
v 0.184195 0.817834 -0.010922
v 0.178386 0.807952 -0.018917
v 0.176259 0.794452 -0.021843
v 0.178386 0.780952 -0.018917
v 0.184195 0.771069 -0.010922
v 0.192130 0.817834 -0.013500
v 0.192130 0.807952 -0.023383
v 0.192130 0.794452 -0.027000
v 0.192130 0.780952 -0.023383
v 0.192130 0.771069 -0.013500
v 0.192130 0.794452 -0.024000
v 0.294976 0.671884 -0.024000
v 0.181323 0.785384 -0.019416
v 0.284169 0.662817 -0.019416
v 0.174644 0.779780 -0.007416
v 0.277490 0.657213 -0.007416
v 0.174644 0.779780 0.007416
v 0.277490 0.657213 0.007416
v 0.181323 0.785384 0.019416
v 0.284169 0.662817 0.019416
v 0.192130 0.794452 0.024000
v 0.294976 0.671884 0.024000
v 0.202936 0.803519 0.019416
v 0.305782 0.680952 0.019416
v 0.209615 0.809123 0.007416
v 0.312461 0.686556 0.007416
v 0.209615 0.809123 -0.007416
v 0.312461 0.686556 -0.007416
v 0.202936 0.803519 -0.019416
v 0.305782 0.680952 -0.019416
v 0.199183 0.815236 -0.009708
v 0.204347 0.806452 -0.016815
v 0.206236 0.794452 -0.019416
v 0.204347 0.782452 -0.016815
v 0.199183 0.773667 -0.009708
v 0.203542 0.815236 -0.003708
v 0.211897 0.806452 -0.006423
v 0.214955 0.794452 -0.007416
v 0.211897 0.782452 -0.006423
v 0.203542 0.773667 -0.003708
v 0.203542 0.815236 0.003708
v 0.211897 0.806452 0.006423
v 0.214955 0.794452 0.007416
v 0.211897 0.782452 0.006423
v 0.203542 0.773667 0.003708
v 0.199183 0.815236 0.009708
v 0.204347 0.806452 0.016815
v 0.206236 0.794452 0.019416
v 0.204347 0.782452 0.016815
v 0.199183 0.773667 0.009708
v 0.192130 0.815236 0.012000
v 0.192130 0.806452 0.020785
v 0.192130 0.794452 0.024000
v 0.192130 0.782452 0.020785
v 0.192130 0.773667 0.012000
v 0.185076 0.815236 0.009708
v 0.179913 0.806452 0.016815
v 0.178023 0.794452 0.019416
v 0.179913 0.782452 0.016815
v 0.185076 0.773667 0.009708
v 0.192130 0.818452 0.000000
v 0.180717 0.815236 0.003708
v 0.172362 0.806452 0.006423
v 0.169304 0.794452 0.007416
v 0.172362 0.782452 0.006423
v 0.180717 0.773667 0.003708
v 0.192130 0.770452 0.000000
v 0.180717 0.815236 -0.003708
v 0.172362 0.806452 -0.006423
v 0.169304 0.794452 -0.007416
v 0.172362 0.782452 -0.006423
v 0.180717 0.773667 -0.003708
v 0.185076 0.815236 -0.009708
v 0.179913 0.806452 -0.016815
v 0.178023 0.794452 -0.019416
v 0.179913 0.782452 -0.016815
v 0.185076 0.773667 -0.009708
v 0.192130 0.815236 -0.012000
v 0.192130 0.806452 -0.020785
v 0.192130 0.794452 -0.024000
v 0.192130 0.782452 -0.020785
v 0.192130 0.773667 -0.012000
v 0.302029 0.692669 -0.009708
v 0.307193 0.683884 -0.016815
v 0.309083 0.671884 -0.019416
v 0.307193 0.659884 -0.016815
v 0.302029 0.651100 -0.009708
v 0.306388 0.692669 -0.003708
v 0.314743 0.683884 -0.006423
v 0.317801 0.671884 -0.007416
v 0.314743 0.659884 -0.006423
v 0.306388 0.651100 -0.003708
v 0.306388 0.692669 0.003708
v 0.314743 0.683884 0.006423
v 0.317801 0.671884 0.007416
v 0.314743 0.659884 0.006423
v 0.306388 0.651100 0.003708
v 0.302029 0.692669 0.009708
v 0.307193 0.683884 0.016815
v 0.309083 0.671884 0.019416
v 0.307193 0.659884 0.016815
v 0.302029 0.651100 0.009708
v 0.294976 0.692669 0.012000
v 0.294976 0.683884 0.020785
v 0.294976 0.671884 0.024000
v 0.294976 0.659884 0.020785
v 0.294976 0.651100 0.012000
v 0.287922 0.692669 0.009708
v 0.282759 0.683884 0.016815
v 0.280869 0.671884 0.019416
v 0.282759 0.659884 0.016815
v 0.287922 0.651100 0.009708
v 0.294976 0.695884 0.000000
v 0.283563 0.692669 0.003708
v 0.275208 0.683884 0.006423
v 0.272150 0.671884 0.007416
v 0.275208 0.659884 0.006423
v 0.283563 0.651100 0.003708
v 0.294976 0.647884 0.000000
v 0.283563 0.692669 -0.003708
v 0.275208 0.683884 -0.006423
v 0.272150 0.671884 -0.007416
v 0.275208 0.659884 -0.006423
v 0.283563 0.651100 -0.003708
v 0.287922 0.692669 -0.009708
v 0.282759 0.683884 -0.016815
v 0.280869 0.671884 -0.019416
v 0.282759 0.659884 -0.016815
v 0.287922 0.651100 -0.009708
v 0.294976 0.692669 -0.012000
v 0.294976 0.683884 -0.020785
v 0.294976 0.671884 -0.024000
v 0.294976 0.659884 -0.020785
v 0.294976 0.651100 -0.012000
v 0.289833 0.678013 -0.036000
v 0.319402 0.642775 -0.036000
v 0.276045 0.666443 -0.031177
v 0.305613 0.631204 -0.031177
v 0.265950 0.657973 -0.018000
v 0.295519 0.622735 -0.018000
v 0.262256 0.654872 0.000000
v 0.291824 0.619634 0.000000
v 0.265950 0.657973 0.018000
v 0.295519 0.622735 0.018000
v 0.276045 0.666443 0.031177
v 0.305613 0.631204 0.031177
v 0.289833 0.678013 0.036000
v 0.319402 0.642775 0.036000
v 0.303622 0.689583 0.031177
v 0.333190 0.654345 0.031177
v 0.313716 0.698053 0.018000
v 0.343284 0.662815 0.018000
v 0.317411 0.701153 0.000000
v 0.346979 0.665915 0.000000
v 0.313716 0.698053 -0.018000
v 0.343284 0.662815 -0.018000
v 0.303622 0.689583 -0.031177
v 0.333190 0.654345 -0.031177
v 0.341256 0.632037 -0.022173
v 0.341256 0.579774 -0.009184
v 0.348910 0.653684 -0.007954
v 0.355399 0.645013 -0.014697
v 0.359734 0.632037 -0.019202
v 0.361256 0.616729 -0.020785
v 0.359734 0.601422 -0.019202
v 0.355399 0.588445 -0.014697
v 0.348910 0.579774 -0.007954
v 0.354513 0.653684 -0.004592
v 0.365751 0.645013 -0.008485
v 0.373260 0.632037 -0.011087
v 0.375897 0.616729 -0.012000
v 0.373260 0.601422 -0.011087
v 0.365751 0.588445 -0.008485
v 0.354513 0.579774 -0.004592
v 0.356564 0.653684 0.000000
v 0.369541 0.645013 0.000000
v 0.378212 0.632037 0.000000
v 0.381256 0.616729 0.000000
v 0.378212 0.601422 0.000000
v 0.369541 0.588445 0.000000
v 0.356564 0.579774 0.000000
v 0.354513 0.653684 0.004592
v 0.365751 0.645013 0.008485
v 0.373260 0.632037 0.011087
v 0.375897 0.616729 0.012000
v 0.373260 0.601422 0.011087
v 0.365751 0.588445 0.008485
v 0.354513 0.579774 0.004592
v 0.348910 0.653684 0.007954
v 0.355399 0.645013 0.014697
v 0.359734 0.632037 0.019202
v 0.361256 0.616729 0.020785
v 0.359734 0.601422 0.019202
v 0.355399 0.588445 0.014697
v 0.348910 0.579774 0.007954
v 0.341256 0.653684 0.009184
v 0.341256 0.645013 0.016971
v 0.341256 0.632037 0.022173
v 0.341256 0.616729 0.024000
v 0.341256 0.601422 0.022173
v 0.341256 0.588445 0.016971
v 0.341256 0.579774 0.009184
v 0.341256 0.576729 0.000000
v 0.333603 0.653684 0.007954
v 0.327114 0.645013 0.014697
v 0.322779 0.632037 0.019202
v 0.321256 0.616729 0.020785
v 0.322779 0.601422 0.019202
v 0.327114 0.588445 0.014697
v 0.333603 0.579774 0.007954
v 0.341256 0.656729 0.000000
v 0.328000 0.653684 0.004592
v 0.316761 0.645013 0.008485
v 0.309252 0.632037 0.011087
v 0.306615 0.616729 0.012000
v 0.309252 0.601422 0.011087
v 0.316761 0.588445 0.008485
v 0.328000 0.579774 0.004592
v 0.325949 0.653684 -0.000000
v 0.312972 0.645013 0.000000
v 0.304301 0.632037 -0.000000
v 0.301256 0.616729 0.000000
v 0.304301 0.601422 -0.000000
v 0.312972 0.588445 0.000000
v 0.325949 0.579774 -0.000000
v 0.328000 0.653684 -0.004592
v 0.316761 0.645013 -0.008485
v 0.309252 0.632037 -0.011087
v 0.306615 0.616729 -0.012000
v 0.309252 0.601422 -0.011087
v 0.316761 0.588445 -0.008485
v 0.328000 0.579774 -0.004592
v 0.333603 0.653684 -0.007954
v 0.327114 0.645013 -0.014697
v 0.322779 0.632037 -0.019202
v 0.321256 0.616729 -0.020785
v 0.322779 0.601422 -0.019202
v 0.327114 0.588445 -0.014697
v 0.333603 0.579774 -0.007954
v 0.341256 0.653684 -0.009184
v 0.341256 0.645013 -0.016971
v 0.341256 0.616729 -0.024000
v 0.341256 0.601422 -0.022173
v 0.341256 0.588445 -0.016971
v 0.360407 0.632799 -0.015700
v 0.386119 0.602157 -0.015700
v 0.353972 0.627399 -0.010850
v 0.379684 0.596757 -0.010850
v 0.353972 0.627399 -0.001150
v 0.379684 0.596757 -0.001150
v 0.360407 0.632799 0.003700
v 0.386119 0.602157 0.003700
v 0.366843 0.638199 -0.001150
v 0.392554 0.607557 -0.001150
v 0.366843 0.638199 -0.010850
v 0.392554 0.607557 -0.010850
v 0.360408 0.641199 -0.010850
v 0.360408 0.637649 -0.014400
v 0.360408 0.632799 -0.015700
v 0.360408 0.627949 -0.014400
v 0.360408 0.624398 -0.010850
v 0.364608 0.641199 -0.008425
v 0.367683 0.637649 -0.010200
v 0.368808 0.632799 -0.010850
v 0.367683 0.627949 -0.010200
v 0.364608 0.624398 -0.008425
v 0.364608 0.641199 -0.003575
v 0.367683 0.637649 -0.001800
v 0.368808 0.632799 -0.001150
v 0.367683 0.627949 -0.001800
v 0.364608 0.624398 -0.003575
v 0.360408 0.641199 -0.001150
v 0.360408 0.637649 0.002400
v 0.360408 0.632799 0.003700
v 0.360408 0.627949 0.002400
v 0.360408 0.624398 -0.001150
v 0.360408 0.642499 -0.006000
v 0.356207 0.641199 -0.003575
v 0.353132 0.637649 -0.001800
v 0.352007 0.632799 -0.001150
v 0.353132 0.627949 -0.001800
v 0.356207 0.624398 -0.003575
v 0.356207 0.641199 -0.008425
v 0.353132 0.637649 -0.010200
v 0.352007 0.632799 -0.010850
v 0.353132 0.627949 -0.010200
v 0.356207 0.624398 -0.008425
v 0.360408 0.623099 -0.006000
v 0.386119 0.610558 -0.010850
v 0.386119 0.607007 -0.014400
v 0.386119 0.602157 -0.015700
v 0.386119 0.597307 -0.014400
v 0.386119 0.593757 -0.010850
v 0.390319 0.610558 -0.008425
v 0.393394 0.607007 -0.010200
v 0.394519 0.602157 -0.010850
v 0.393394 0.597307 -0.010200
v 0.390319 0.593757 -0.008425
v 0.390319 0.610558 -0.003575
v 0.393394 0.607007 -0.001800
v 0.394519 0.602157 -0.001150
v 0.393394 0.597307 -0.001800
v 0.390319 0.593757 -0.003575
v 0.386119 0.610558 -0.001150
v 0.386119 0.607007 0.002400
v 0.386119 0.602157 0.003700
v 0.386119 0.597307 0.002400
v 0.386119 0.593757 -0.001150
v 0.386119 0.611857 -0.006000
v 0.381919 0.610558 -0.003575
v 0.378844 0.607007 -0.001800
v 0.377719 0.602157 -0.001150
v 0.378844 0.597307 -0.001800
v 0.381919 0.593757 -0.003575
v 0.381919 0.610558 -0.008425
v 0.378844 0.607007 -0.010200
v 0.377719 0.602157 -0.010850
v 0.378844 0.597307 -0.010200
v 0.381919 0.593757 -0.008425
v 0.386119 0.592457 -0.006000
v 0.348151 0.622514 -0.015700
v 0.377076 0.588042 -0.015700
v 0.341716 0.617115 -0.010850
v 0.370641 0.582643 -0.010850
v 0.341716 0.617115 -0.001150
v 0.370641 0.582643 -0.001150
v 0.348151 0.622514 0.003700
v 0.377076 0.588042 0.003700
v 0.354586 0.627914 -0.001150
v 0.383511 0.593442 -0.001150
v 0.354586 0.627914 -0.010850
v 0.383511 0.593442 -0.010850
v 0.348151 0.630915 -0.010850
v 0.348151 0.627364 -0.014400
v 0.348151 0.622514 -0.015700
v 0.348151 0.617664 -0.014400
v 0.348151 0.614114 -0.010850
v 0.352351 0.630915 -0.008425
v 0.355426 0.627364 -0.010200
v 0.356551 0.622514 -0.010850
v 0.355426 0.617664 -0.010200
v 0.352351 0.614114 -0.008425
v 0.352351 0.630915 -0.003575
v 0.355426 0.627364 -0.001800
v 0.356551 0.622514 -0.001150
v 0.355426 0.617664 -0.001800
v 0.352351 0.614114 -0.003575
v 0.348151 0.630915 -0.001150
v 0.348151 0.627364 0.002400
v 0.348151 0.622514 0.003700
v 0.348151 0.617664 0.002400
v 0.348151 0.614114 -0.001150
v 0.348151 0.632214 -0.006000
v 0.343951 0.630915 -0.003575
v 0.340876 0.627364 -0.001800
v 0.339750 0.622514 -0.001150
v 0.340876 0.617664 -0.001800
v 0.343951 0.614114 -0.003575
v 0.343951 0.630915 -0.008425
v 0.340876 0.627364 -0.010200
v 0.339750 0.622514 -0.010850
v 0.340876 0.617664 -0.010200
v 0.343951 0.614114 -0.008425
v 0.348151 0.612814 -0.006000
v 0.377076 0.596443 -0.010850
v 0.377076 0.592892 -0.014400
v 0.377076 0.588042 -0.015700
v 0.377076 0.583192 -0.014400
v 0.377076 0.579642 -0.010850
v 0.381276 0.596443 -0.008425
v 0.384351 0.592892 -0.010200
v 0.385477 0.588042 -0.010850
v 0.384351 0.583192 -0.010200
v 0.381276 0.579642 -0.008425
v 0.381276 0.596443 -0.003575
v 0.384351 0.592892 -0.001800
v 0.385477 0.588042 -0.001150
v 0.384351 0.583192 -0.001800
v 0.381276 0.579642 -0.003575
v 0.377076 0.596443 -0.001150
v 0.377076 0.592892 0.002400
v 0.377076 0.588042 0.003700
v 0.377076 0.583192 0.002400
v 0.377076 0.579642 -0.001150
v 0.377076 0.597742 -0.006000
v 0.372876 0.596443 -0.003575
v 0.369801 0.592892 -0.001800
v 0.368676 0.588042 -0.001150
v 0.369801 0.583192 -0.001800
v 0.372876 0.579642 -0.003575
v 0.372876 0.596443 -0.008425
v 0.369801 0.592892 -0.010200
v 0.368676 0.588042 -0.010850
v 0.369801 0.583192 -0.010200
v 0.372876 0.579642 -0.008425
v 0.377076 0.578342 -0.006000
v 0.334362 0.610944 -0.015700
v 0.361359 0.578770 -0.015700
v 0.327927 0.605544 -0.010850
v 0.354924 0.573371 -0.010850
v 0.327927 0.605544 -0.001150
v 0.354924 0.573371 -0.001150
v 0.334362 0.610944 0.003700
v 0.361359 0.578770 0.003700
v 0.340797 0.616344 -0.001150
v 0.367794 0.584170 -0.001150
v 0.340797 0.616344 -0.010850
v 0.367794 0.584170 -0.010850
v 0.334362 0.619345 -0.010850
v 0.334362 0.615794 -0.014400
v 0.334362 0.610944 -0.015700
v 0.334362 0.606094 -0.014400
v 0.334362 0.602544 -0.010850
v 0.338562 0.619345 -0.008425
v 0.341637 0.615794 -0.010200
v 0.342762 0.610944 -0.010850
v 0.341637 0.606094 -0.010200
v 0.338562 0.602544 -0.008425
v 0.338562 0.619345 -0.003575
v 0.341637 0.615794 -0.001800
v 0.342762 0.610944 -0.001150
v 0.341637 0.606094 -0.001800
v 0.338562 0.602544 -0.003575
v 0.334362 0.619345 -0.001150
v 0.334362 0.615794 0.002400
v 0.334362 0.610944 0.003700
v 0.334362 0.606094 0.002400
v 0.334362 0.602544 -0.001150
v 0.334362 0.620644 -0.006000
v 0.330162 0.619345 -0.003575
v 0.327087 0.615794 -0.001800
v 0.325962 0.610944 -0.001150
v 0.327087 0.606094 -0.001800
v 0.330162 0.602544 -0.003575
v 0.330162 0.619345 -0.008425
v 0.327087 0.615794 -0.010200
v 0.325962 0.610944 -0.010850
v 0.327087 0.606094 -0.010200
v 0.330162 0.602544 -0.008425
v 0.334362 0.601244 -0.006000
v 0.361359 0.587171 -0.010850
v 0.361359 0.583620 -0.014400
v 0.361359 0.578770 -0.015700
v 0.361359 0.573920 -0.014400
v 0.361359 0.570370 -0.010850
v 0.365559 0.587171 -0.008425
v 0.368634 0.583620 -0.010200
v 0.369760 0.578770 -0.010850
v 0.368634 0.573920 -0.010200
v 0.365559 0.570370 -0.008425
v 0.365559 0.587171 -0.003575
v 0.368634 0.583620 -0.001800
v 0.369760 0.578770 -0.001150
v 0.368634 0.573920 -0.001800
v 0.365559 0.570370 -0.003575
v 0.361359 0.587171 -0.001150
v 0.361359 0.583620 0.002400
v 0.361359 0.578770 0.003700
v 0.361359 0.573920 0.002400
v 0.361359 0.570370 -0.001150
v 0.361359 0.588470 -0.006000
v 0.357159 0.587171 -0.003575
v 0.354084 0.583620 -0.001800
v 0.352959 0.578770 -0.001150
v 0.354084 0.573920 -0.001800
v 0.357159 0.570370 -0.003575
v 0.357159 0.587171 -0.008425
v 0.354084 0.583620 -0.010200
v 0.352959 0.578770 -0.010850
v 0.354084 0.573920 -0.010200
v 0.357159 0.570370 -0.008425
v 0.361359 0.569070 -0.006000
v 0.322871 0.601302 -0.015700
v 0.345369 0.574491 -0.015700
v 0.316436 0.595903 -0.010850
v 0.338934 0.569091 -0.010850
v 0.316436 0.595903 -0.001150
v 0.338934 0.569091 -0.001150
v 0.322871 0.601302 0.003700
v 0.345369 0.574491 0.003700
v 0.329306 0.606702 -0.001150
v 0.351804 0.579891 -0.001150
v 0.329306 0.606702 -0.010850
v 0.351804 0.579891 -0.010850
v 0.322871 0.609703 -0.010850
v 0.322871 0.606152 -0.014400
v 0.322871 0.601302 -0.015700
v 0.322871 0.596452 -0.014400
v 0.322871 0.592902 -0.010850
v 0.327072 0.609703 -0.008425
v 0.330146 0.606152 -0.010200
v 0.331272 0.601302 -0.010850
v 0.330146 0.596452 -0.010200
v 0.327072 0.592902 -0.008425
v 0.327072 0.609703 -0.003575
v 0.330146 0.606152 -0.001800
v 0.331272 0.601302 -0.001150
v 0.330146 0.596452 -0.001800
v 0.327072 0.592902 -0.003575
v 0.322871 0.609703 -0.001150
v 0.322871 0.606152 0.002400
v 0.322871 0.601302 0.003700
v 0.322871 0.596452 0.002400
v 0.322871 0.592902 -0.001150
v 0.322871 0.611002 -0.006000
v 0.318671 0.609703 -0.003575
v 0.315596 0.606152 -0.001800
v 0.314471 0.601302 -0.001150
v 0.315596 0.596452 -0.001800
v 0.318671 0.592902 -0.003575
v 0.318671 0.609703 -0.008425
v 0.315596 0.606152 -0.010200
v 0.314471 0.601302 -0.010850
v 0.315596 0.596452 -0.010200
v 0.318671 0.592902 -0.008425
v 0.322871 0.591602 -0.006000
v 0.345369 0.582891 -0.010850
v 0.345369 0.579341 -0.014400
v 0.345369 0.574491 -0.015700
v 0.345369 0.569641 -0.014400
v 0.345369 0.566090 -0.010850
v 0.349569 0.582891 -0.008425
v 0.352644 0.579341 -0.010200
v 0.353769 0.574491 -0.010850
v 0.352644 0.569641 -0.010200
v 0.349569 0.566090 -0.008425
v 0.349569 0.582891 -0.003575
v 0.352644 0.579341 -0.001800
v 0.353769 0.574491 -0.001150
v 0.352644 0.569641 -0.001800
v 0.349569 0.566090 -0.003575
v 0.345369 0.582891 -0.001150
v 0.345369 0.579341 0.002400
v 0.345369 0.574491 0.003700
v 0.345369 0.569641 0.002400
v 0.345369 0.566090 -0.001150
v 0.345369 0.584191 -0.006000
v 0.341169 0.582891 -0.003575
v 0.338094 0.579341 -0.001800
v 0.336968 0.574491 -0.001150
v 0.338094 0.569641 -0.001800
v 0.341169 0.566090 -0.003575
v 0.341169 0.582891 -0.008425
v 0.338094 0.579341 -0.010200
v 0.336968 0.574491 -0.010850
v 0.338094 0.569641 -0.010200
v 0.341169 0.566090 -0.008425
v 0.345369 0.564791 -0.006000
v 0.355605 0.644169 -0.009545
v 0.389294 0.639802 -0.019545
v 0.356919 0.637000 -0.001986
v 0.390608 0.632633 -0.011986
v 0.360137 0.639965 0.007559
v 0.393826 0.635598 -0.002441
v 0.362040 0.650099 0.009545
v 0.395729 0.645732 -0.000455
v 0.360725 0.657267 0.001986
v 0.394414 0.652900 -0.008014
v 0.357508 0.654302 -0.007559
v 0.391197 0.649935 -0.017559
v 0.358822 0.656227 -0.005250
v 0.358822 0.652384 -0.009093
v 0.358822 0.647134 -0.010500
v 0.358822 0.641884 -0.009093
v 0.358822 0.638040 -0.005250
v 0.363369 0.656227 -0.002625
v 0.366697 0.652384 -0.004547
v 0.367916 0.647134 -0.005250
v 0.366697 0.641884 -0.004547
v 0.363369 0.638040 -0.002625
v 0.363369 0.656227 0.002625
v 0.366697 0.652384 0.004547
v 0.367916 0.647134 0.005250
v 0.366697 0.641884 0.004547
v 0.363369 0.638040 0.002625
v 0.358822 0.656227 0.005250
v 0.358822 0.652384 0.009093
v 0.358822 0.647134 0.010500
v 0.358822 0.641884 0.009093
v 0.358822 0.638040 0.005250
v 0.358822 0.657634 0.000000
v 0.354276 0.656227 0.002625
v 0.350947 0.652384 0.004547
v 0.349729 0.647134 0.005250
v 0.350947 0.641884 0.004547
v 0.354276 0.638040 0.002625
v 0.354276 0.656227 -0.002625
v 0.350947 0.652384 -0.004547
v 0.349729 0.647134 -0.005250
v 0.350947 0.641884 -0.004547
v 0.354276 0.638040 -0.002625
v 0.358822 0.636634 0.000000
v 0.392511 0.651860 -0.015250
v 0.392511 0.648017 -0.019093
v 0.392511 0.642767 -0.020500
v 0.392511 0.637517 -0.019093
v 0.392511 0.633673 -0.015250
v 0.397058 0.651860 -0.012625
v 0.400386 0.648017 -0.014547
v 0.401604 0.642767 -0.015250
v 0.400386 0.637517 -0.014547
v 0.397058 0.633673 -0.012625
v 0.397058 0.651860 -0.007375
v 0.400386 0.648017 -0.005453
v 0.401604 0.642767 -0.004750
v 0.400386 0.637517 -0.005453
v 0.397058 0.633673 -0.007375
v 0.392511 0.651860 -0.004750
v 0.392511 0.648017 -0.000907
v 0.392511 0.642767 0.000500
v 0.392511 0.637517 -0.000907
v 0.392511 0.633673 -0.004750
v 0.392511 0.653267 -0.010000
v 0.387964 0.651860 -0.007375
v 0.384636 0.648017 -0.005453
v 0.383418 0.642767 -0.004750
v 0.384636 0.637517 -0.005453
v 0.387964 0.633673 -0.007375
v 0.387964 0.651860 -0.012625
v 0.384636 0.648017 -0.014547
v 0.383418 0.642767 -0.015250
v 0.384636 0.637517 -0.014547
v 0.387964 0.633673 -0.012625
v 0.392511 0.632267 -0.010000
v -0.050000 0.680000 -0.031000
v -0.088000 0.420000 -0.031000
v -0.068030 0.682635 -0.025080
v -0.106030 0.422635 -0.025080
v -0.079173 0.684264 -0.009580
v -0.117173 0.424264 -0.009580
v -0.079173 0.684264 0.009580
v -0.117173 0.424264 0.009580
v -0.068030 0.682635 0.025080
v -0.106030 0.422635 0.025080
v -0.050000 0.680000 0.031000
v -0.088000 0.420000 0.031000
v -0.031970 0.677365 0.025080
v -0.069970 0.417365 0.025080
v -0.020827 0.675736 0.009580
v -0.058827 0.415736 0.009580
v -0.020827 0.675736 -0.009580
v -0.058827 0.415736 -0.009580
v -0.031970 0.677365 -0.025080
v -0.069970 0.417365 -0.025080
v -0.040889 0.706847 -0.012540
v -0.034220 0.695500 -0.021720
v -0.031779 0.680000 -0.025080
v -0.034220 0.664500 -0.021720
v -0.040889 0.653153 -0.012540
v -0.035259 0.706847 -0.004790
v -0.024467 0.695500 -0.008296
v -0.020517 0.680000 -0.009580
v -0.024467 0.664500 -0.008296
v -0.035259 0.653153 -0.004790
v -0.035259 0.706847 0.004790
v -0.024467 0.695500 0.008296
v -0.020517 0.680000 0.009580
v -0.024467 0.664500 0.008296
v -0.035259 0.653153 0.004790
v -0.040889 0.706847 0.012540
v -0.034220 0.695500 0.021720
v -0.031779 0.680000 0.025080
v -0.034220 0.664500 0.021720
v -0.040889 0.653153 0.012540
v -0.050000 0.706847 0.015500
v -0.050000 0.695500 0.026847
v -0.050000 0.680000 0.031000
v -0.050000 0.664500 0.026847
v -0.050000 0.653153 0.015500
v -0.059111 0.706847 0.012540
v -0.065780 0.695500 0.021720
v -0.068221 0.680000 0.025080
v -0.065780 0.664500 0.021720
v -0.059111 0.653153 0.012540
v -0.050000 0.711000 0.000000
v -0.064741 0.706847 0.004790
v -0.075533 0.695500 0.008296
v -0.079483 0.680000 0.009580
v -0.075533 0.664500 0.008296
v -0.064741 0.653153 0.004790
v -0.050000 0.649000 0.000000
v -0.064741 0.706847 -0.004790
v -0.075533 0.695500 -0.008296
v -0.079483 0.680000 -0.009580
v -0.075533 0.664500 -0.008296
v -0.064741 0.653153 -0.004790
v -0.059111 0.706847 -0.012540
v -0.065780 0.695500 -0.021720
v -0.068221 0.680000 -0.025080
v -0.065780 0.664500 -0.021720
v -0.059111 0.653153 -0.012540
v -0.050000 0.706847 -0.015500
v -0.050000 0.695500 -0.026847
v -0.050000 0.680000 -0.031000
v -0.050000 0.664500 -0.026847
v -0.050000 0.653153 -0.015500
v -0.078889 0.446847 -0.012540
v -0.072220 0.435500 -0.021720
v -0.069779 0.420000 -0.025080
v -0.072220 0.404500 -0.021720
v -0.078889 0.393153 -0.012540
v -0.073259 0.446847 -0.004790
v -0.062467 0.435500 -0.008296
v -0.058517 0.420000 -0.009580
v -0.062467 0.404500 -0.008296
v -0.073259 0.393153 -0.004790
v -0.073259 0.446847 0.004790
v -0.062467 0.435500 0.008296
v -0.058517 0.420000 0.009580
v -0.062467 0.404500 0.008296
v -0.073259 0.393153 0.004790
v -0.078889 0.446847 0.012540
v -0.072220 0.435500 0.021720
v -0.069779 0.420000 0.025080
v -0.072220 0.404500 0.021720
v -0.078889 0.393153 0.012540
v -0.088000 0.446847 0.015500
v -0.088000 0.435500 0.026847
v -0.088000 0.420000 0.031000
v -0.088000 0.404500 0.026847
v -0.088000 0.393153 0.015500
v -0.097111 0.446847 0.012540
v -0.103780 0.435500 0.021720
v -0.106221 0.420000 0.025080
v -0.103780 0.404500 0.021720
v -0.097111 0.393153 0.012540
v -0.088000 0.451000 0.000000
v -0.102741 0.446847 0.004790
v -0.113533 0.435500 0.008296
v -0.117483 0.420000 0.009580
v -0.113533 0.404500 0.008296
v -0.102741 0.393153 0.004790
v -0.088000 0.389000 0.000000
v -0.102741 0.446847 -0.004790
v -0.113533 0.435500 -0.008296
v -0.117483 0.420000 -0.009580
v -0.113533 0.404500 -0.008296
v -0.102741 0.393153 -0.004790
v -0.097111 0.446847 -0.012540
v -0.103780 0.435500 -0.021720
v -0.106221 0.420000 -0.025080
v -0.103780 0.404500 -0.021720
v -0.097111 0.393153 -0.012540
v -0.088000 0.446847 -0.015500
v -0.088000 0.435500 -0.026847
v -0.088000 0.420000 -0.031000
v -0.088000 0.404500 -0.026847
v -0.088000 0.393153 -0.015500
v -0.088000 0.420000 -0.028000
v -0.120000 0.200000 -0.028000
v -0.104287 0.422369 -0.022652
v -0.136287 0.202369 -0.022652
v -0.114352 0.423833 -0.008652
v -0.146352 0.203833 -0.008652
v -0.114352 0.423833 0.008652
v -0.146352 0.203833 0.008652
v -0.104287 0.422369 0.022652
v -0.136287 0.202369 0.022652
v -0.088000 0.420000 0.028000
v -0.120000 0.200000 0.028000
v -0.071713 0.417631 0.022652
v -0.103713 0.197631 0.022652
v -0.061648 0.416167 0.008652
v -0.093648 0.196167 0.008652
v -0.061648 0.416167 -0.008652
v -0.093648 0.196167 -0.008652
v -0.071713 0.417631 -0.022652
v -0.103713 0.197631 -0.022652
v -0.079771 0.444249 -0.011326
v -0.073747 0.434000 -0.019618
v -0.071542 0.420000 -0.022652
v -0.073747 0.406000 -0.019618
v -0.079771 0.395751 -0.011326
v -0.074685 0.444249 -0.004326
v -0.064938 0.434000 -0.007493
v -0.061370 0.420000 -0.008652
v -0.064938 0.406000 -0.007493
v -0.074685 0.395751 -0.004326
v -0.074685 0.444249 0.004326
v -0.064938 0.434000 0.007493
v -0.061370 0.420000 0.008652
v -0.064938 0.406000 0.007493
v -0.074685 0.395751 0.004326
v -0.079771 0.444249 0.011326
v -0.073747 0.434000 0.019618
v -0.071542 0.420000 0.022652
v -0.073747 0.406000 0.019618
v -0.079771 0.395751 0.011326
v -0.088000 0.444249 0.014000
v -0.088000 0.434000 0.024249
v -0.088000 0.420000 0.028000
v -0.088000 0.406000 0.024249
v -0.088000 0.395751 0.014000
v -0.096229 0.444249 0.011326
v -0.102253 0.434000 0.019618
v -0.104458 0.420000 0.022652
v -0.102253 0.406000 0.019618
v -0.096229 0.395751 0.011326
v -0.088000 0.448000 0.000000
v -0.101315 0.444249 0.004326
v -0.111062 0.434000 0.007493
v -0.114630 0.420000 0.008652
v -0.111062 0.406000 0.007493
v -0.101315 0.395751 0.004326
v -0.088000 0.392000 0.000000
v -0.101315 0.444249 -0.004326
v -0.111062 0.434000 -0.007493
v -0.114630 0.420000 -0.008652
v -0.111062 0.406000 -0.007493
v -0.101315 0.395751 -0.004326
v -0.096229 0.444249 -0.011326
v -0.102253 0.434000 -0.019618
v -0.104458 0.420000 -0.022652
v -0.102253 0.406000 -0.019618
v -0.096229 0.395751 -0.011326
v -0.088000 0.444249 -0.014000
v -0.088000 0.434000 -0.024249
v -0.088000 0.420000 -0.028000
v -0.088000 0.406000 -0.024249
v -0.088000 0.395751 -0.014000
v -0.111771 0.224249 -0.011326
v -0.105747 0.214000 -0.019618
v -0.103542 0.200000 -0.022652
v -0.105747 0.186000 -0.019618
v -0.111771 0.175751 -0.011326
v -0.106685 0.224249 -0.004326
v -0.096938 0.214000 -0.007493
v -0.093370 0.200000 -0.008652
v -0.096938 0.186000 -0.007493
v -0.106685 0.175751 -0.004326
v -0.106685 0.224249 0.004326
v -0.096938 0.214000 0.007493
v -0.093370 0.200000 0.008652
v -0.096938 0.186000 0.007493
v -0.106685 0.175751 0.004326
v -0.111771 0.224249 0.011326
v -0.105747 0.214000 0.019618
v -0.103542 0.200000 0.022652
v -0.105747 0.186000 0.019618
v -0.111771 0.175751 0.011326
v -0.120000 0.224249 0.014000
v -0.120000 0.214000 0.024249
v -0.120000 0.200000 0.028000
v -0.120000 0.186000 0.024249
v -0.120000 0.175751 0.014000
v -0.128229 0.224249 0.011326
v -0.134253 0.214000 0.019618
v -0.136458 0.200000 0.022652
v -0.134253 0.186000 0.019618
v -0.128229 0.175751 0.011326
v -0.120000 0.228000 0.000000
v -0.133315 0.224249 0.004326
v -0.143062 0.214000 0.007493
v -0.146630 0.200000 0.008652
v -0.143062 0.186000 0.007493
v -0.133315 0.175751 0.004326
v -0.120000 0.172000 0.000000
v -0.133315 0.224249 -0.004326
v -0.143062 0.214000 -0.007493
v -0.146630 0.200000 -0.008652
v -0.143062 0.186000 -0.007493
v -0.133315 0.175751 -0.004326
v -0.128229 0.224249 -0.011326
v -0.134253 0.214000 -0.019618
v -0.136458 0.200000 -0.022652
v -0.134253 0.186000 -0.019618
v -0.128229 0.175751 -0.011326
v -0.120000 0.224249 -0.014000
v -0.120000 0.214000 -0.024249
v -0.120000 0.200000 -0.028000
v -0.120000 0.186000 -0.024249
v -0.120000 0.175751 -0.014000
v -0.120000 0.000000 0.136000
v -0.090643 0.000000 0.130910
v -0.064160 0.000000 0.116138
v -0.043143 0.000000 0.093130
v -0.029650 0.000000 0.064138
v -0.025000 0.000000 0.032000
v -0.029650 0.000000 -0.000138
v -0.043143 0.000000 -0.029130
v -0.064160 0.000000 -0.052138
v -0.090643 0.000000 -0.066910
v -0.120000 0.000000 -0.072000
v -0.149357 0.000000 -0.066910
v -0.175840 0.000000 -0.052138
v -0.196857 0.000000 -0.029130
v -0.210350 0.000000 -0.000138
v -0.215000 0.000000 0.032000
v -0.210350 0.000000 0.064138
v -0.196857 0.000000 0.093130
v -0.175840 0.000000 0.116138
v -0.149357 0.000000 0.130910
v -0.120000 0.020000 0.156000
v -0.086626 0.020000 0.149931
v -0.056519 0.020000 0.132318
v -0.032626 0.020000 0.104885
v -0.017286 0.020000 0.070318
v -0.012000 0.020000 0.032000
v -0.017286 0.020000 -0.006318
v -0.032626 0.020000 -0.040885
v -0.056519 0.020000 -0.068318
v -0.086626 0.020000 -0.085931
v -0.120000 0.020000 -0.092000
v -0.153374 0.020000 -0.085931
v -0.183481 0.020000 -0.068318
v -0.207374 0.020000 -0.040885
v -0.222714 0.020000 -0.006318
v -0.228000 0.020000 0.032000
v -0.222714 0.020000 0.070318
v -0.207374 0.020000 0.104885
v -0.183481 0.020000 0.132318
v -0.153374 0.020000 0.149931
v -0.120000 0.055000 0.156000
v -0.085390 0.055000 0.149735
v -0.054168 0.055000 0.131554
v -0.029390 0.055000 0.103237
v -0.013482 0.055000 0.067554
v -0.008000 0.055000 0.028000
v -0.013482 0.055000 -0.011554
v -0.029390 0.055000 -0.047237
v -0.054168 0.055000 -0.075554
v -0.085390 0.055000 -0.093735
v -0.120000 0.055000 -0.100000
v -0.154610 0.055000 -0.093735
v -0.185832 0.055000 -0.075554
v -0.210610 0.055000 -0.047237
v -0.226518 0.055000 -0.011554
v -0.232000 0.055000 0.028000
v -0.226518 0.055000 0.067554
v -0.210610 0.055000 0.103237
v -0.185832 0.055000 0.131554
v -0.154610 0.055000 0.149735
v -0.120000 0.090000 0.118000
v -0.089716 0.090000 0.112910
v -0.062397 0.090000 0.098138
v -0.040716 0.090000 0.075130
v -0.026796 0.090000 0.046138
v -0.022000 0.090000 0.014000
v -0.026796 0.090000 -0.018138
v -0.040716 0.090000 -0.047130
v -0.062397 0.090000 -0.070138
v -0.089716 0.090000 -0.084910
v -0.120000 0.090000 -0.090000
v -0.150284 0.090000 -0.084910
v -0.177603 0.090000 -0.070138
v -0.199284 0.090000 -0.047130
v -0.213204 0.090000 -0.018138
v -0.218000 0.090000 0.014000
v -0.213204 0.090000 0.046138
v -0.199284 0.090000 0.075130
v -0.177603 0.090000 0.098138
v -0.150284 0.090000 0.112910
v -0.120000 0.128000 0.075000
v -0.097751 0.128000 0.071329
v -0.077679 0.128000 0.060676
v -0.061751 0.128000 0.044084
v -0.051524 0.128000 0.023176
v -0.048000 0.128000 0.000000
v -0.051524 0.128000 -0.023176
v -0.061751 0.128000 -0.044084
v -0.077679 0.128000 -0.060676
v -0.097751 0.128000 -0.071329
v -0.120000 0.128000 -0.075000
v -0.142249 0.128000 -0.071329
v -0.162321 0.128000 -0.060676
v -0.178249 0.128000 -0.044084
v -0.188476 0.128000 -0.023176
v -0.192000 0.128000 -0.000000
v -0.188476 0.128000 0.023176
v -0.178249 0.128000 0.044084
v -0.162321 0.128000 0.060676
v -0.142249 0.128000 0.071329
v -0.120000 0.156000 0.061000
v -0.099296 0.156000 0.057721
v -0.080618 0.156000 0.048204
v -0.065796 0.156000 0.033382
v -0.056279 0.156000 0.014704
v -0.053000 0.156000 -0.006000
v -0.056279 0.156000 -0.026704
v -0.065796 0.156000 -0.045382
v -0.080618 0.156000 -0.060204
v -0.099296 0.156000 -0.069721
v -0.120000 0.156000 -0.073000
v -0.140704 0.156000 -0.069721
v -0.159382 0.156000 -0.060204
v -0.174204 0.156000 -0.045382
v -0.183721 0.156000 -0.026704
v -0.187000 0.156000 -0.006000
v -0.183721 0.156000 0.014704
v -0.174204 0.156000 0.033382
v -0.159382 0.156000 0.048204
v -0.140704 0.156000 0.057721
v -0.120000 0.160000 0.078000
v -0.094043 0.160000 0.073889
v -0.070626 0.160000 0.061957
v -0.052043 0.160000 0.043374
v -0.040111 0.160000 0.019957
v -0.036000 0.160000 -0.006000
v -0.040111 0.160000 -0.031957
v -0.052043 0.160000 -0.055374
v -0.070626 0.160000 -0.073957
v -0.094043 0.160000 -0.085889
v -0.120000 0.160000 -0.090000
v -0.145957 0.160000 -0.085889
v -0.169374 0.160000 -0.073957
v -0.187957 0.160000 -0.055374
v -0.199889 0.160000 -0.031957
v -0.204000 0.160000 -0.006000
v -0.199889 0.160000 0.019957
v -0.187957 0.160000 0.043374
v -0.169374 0.160000 0.061957
v -0.145957 0.160000 0.073889
v -0.120000 0.216000 0.075000
v -0.094970 0.216000 0.071036
v -0.072389 0.216000 0.059530
v -0.054470 0.216000 0.041611
v -0.042964 0.216000 0.019030
v -0.039000 0.216000 -0.006000
v -0.042964 0.216000 -0.031030
v -0.054470 0.216000 -0.053611
v -0.072389 0.216000 -0.071530
v -0.094970 0.216000 -0.083036
v -0.120000 0.216000 -0.087000
v -0.145030 0.216000 -0.083036
v -0.167611 0.216000 -0.071530
v -0.185530 0.216000 -0.053611
v -0.197036 0.216000 -0.031030
v -0.201000 0.216000 -0.006000
v -0.197036 0.216000 0.019030
v -0.185530 0.216000 0.041611
v -0.167611 0.216000 0.059530
v -0.145030 0.216000 0.071036
v -0.120000 0.000000 0.032000
v -0.120000 0.216000 -0.006000
v 0.050000 0.680000 -0.031000
v 0.088000 0.420000 -0.031000
v 0.031970 0.677365 -0.025080
v 0.069970 0.417365 -0.025080
v 0.020827 0.675736 -0.009580
v 0.058827 0.415736 -0.009580
v 0.020827 0.675736 0.009580
v 0.058827 0.415736 0.009580
v 0.031970 0.677365 0.025080
v 0.069970 0.417365 0.025080
v 0.050000 0.680000 0.031000
v 0.088000 0.420000 0.031000
v 0.068030 0.682635 0.025080
v 0.106030 0.422635 0.025080
v 0.079173 0.684264 0.009580
v 0.117173 0.424264 0.009580
v 0.079173 0.684264 -0.009580
v 0.117173 0.424264 -0.009580
v 0.068030 0.682635 -0.025080
v 0.106030 0.422635 -0.025080
v 0.059111 0.706847 -0.012540
v 0.065780 0.695500 -0.021720
v 0.068221 0.680000 -0.025080
v 0.065780 0.664500 -0.021720
v 0.059111 0.653153 -0.012540
v 0.064741 0.706847 -0.004790
v 0.075533 0.695500 -0.008296
v 0.079483 0.680000 -0.009580
v 0.075533 0.664500 -0.008296
v 0.064741 0.653153 -0.004790
v 0.064741 0.706847 0.004790
v 0.075533 0.695500 0.008296
v 0.079483 0.680000 0.009580
v 0.075533 0.664500 0.008296
v 0.064741 0.653153 0.004790
v 0.059111 0.706847 0.012540
v 0.065780 0.695500 0.021720
v 0.068221 0.680000 0.025080
v 0.065780 0.664500 0.021720
v 0.059111 0.653153 0.012540
v 0.050000 0.706847 0.015500
v 0.050000 0.695500 0.026847
v 0.050000 0.680000 0.031000
v 0.050000 0.664500 0.026847
v 0.050000 0.653153 0.015500
v 0.040889 0.706847 0.012540
v 0.034220 0.695500 0.021720
v 0.031779 0.680000 0.025080
v 0.034220 0.664500 0.021720
v 0.040889 0.653153 0.012540
v 0.050000 0.711000 0.000000
v 0.035259 0.706847 0.004790
v 0.024467 0.695500 0.008296
v 0.020517 0.680000 0.009580
v 0.024467 0.664500 0.008296
v 0.035259 0.653153 0.004790
v 0.050000 0.649000 0.000000
v 0.035259 0.706847 -0.004790
v 0.024467 0.695500 -0.008296
v 0.020517 0.680000 -0.009580
v 0.024467 0.664500 -0.008296
v 0.035259 0.653153 -0.004790
v 0.040889 0.706847 -0.012540
v 0.034220 0.695500 -0.021720
v 0.031779 0.680000 -0.025080
v 0.034220 0.664500 -0.021720
v 0.040889 0.653153 -0.012540
v 0.050000 0.706847 -0.015500
v 0.050000 0.695500 -0.026847
v 0.050000 0.680000 -0.031000
v 0.050000 0.664500 -0.026847
v 0.050000 0.653153 -0.015500
v 0.097111 0.446847 -0.012540
v 0.103780 0.435500 -0.021720
v 0.106221 0.420000 -0.025080
v 0.103780 0.404500 -0.021720
v 0.097111 0.393153 -0.012540
v 0.102741 0.446847 -0.004790
v 0.113533 0.435500 -0.008296
v 0.117483 0.420000 -0.009580
v 0.113533 0.404500 -0.008296
v 0.102741 0.393153 -0.004790
v 0.102741 0.446847 0.004790
v 0.113533 0.435500 0.008296
v 0.117483 0.420000 0.009580
v 0.113533 0.404500 0.008296
v 0.102741 0.393153 0.004790
v 0.097111 0.446847 0.012540
v 0.103780 0.435500 0.021720
v 0.106221 0.420000 0.025080
v 0.103780 0.404500 0.021720
v 0.097111 0.393153 0.012540
v 0.088000 0.446847 0.015500
v 0.088000 0.435500 0.026847
v 0.088000 0.420000 0.031000
v 0.088000 0.404500 0.026847
v 0.088000 0.393153 0.015500
v 0.078889 0.446847 0.012540
v 0.072220 0.435500 0.021720
v 0.069779 0.420000 0.025080
v 0.072220 0.404500 0.021720
v 0.078889 0.393153 0.012540
v 0.088000 0.451000 0.000000
v 0.073259 0.446847 0.004790
v 0.062467 0.435500 0.008296
v 0.058517 0.420000 0.009580
v 0.062467 0.404500 0.008296
v 0.073259 0.393153 0.004790
v 0.088000 0.389000 0.000000
v 0.073259 0.446847 -0.004790
v 0.062467 0.435500 -0.008296
v 0.058517 0.420000 -0.009580
v 0.062467 0.404500 -0.008296
v 0.073259 0.393153 -0.004790
v 0.078889 0.446847 -0.012540
v 0.072220 0.435500 -0.021720
v 0.069779 0.420000 -0.025080
v 0.072220 0.404500 -0.021720
v 0.078889 0.393153 -0.012540
v 0.088000 0.446847 -0.015500
v 0.088000 0.435500 -0.026847
v 0.088000 0.420000 -0.031000
v 0.088000 0.404500 -0.026847
v 0.088000 0.393153 -0.015500
v 0.088000 0.420000 -0.028000
v 0.120000 0.200000 -0.028000
v 0.071713 0.417631 -0.022652
v 0.103713 0.197631 -0.022652
v 0.061648 0.416167 -0.008652
v 0.093648 0.196167 -0.008652
v 0.061648 0.416167 0.008652
v 0.093648 0.196167 0.008652
v 0.071713 0.417631 0.022652
v 0.103713 0.197631 0.022652
v 0.088000 0.420000 0.028000
v 0.120000 0.200000 0.028000
v 0.104287 0.422369 0.022652
v 0.136287 0.202369 0.022652
v 0.114352 0.423833 0.008652
v 0.146352 0.203833 0.008652
v 0.114352 0.423833 -0.008652
v 0.146352 0.203833 -0.008652
v 0.104287 0.422369 -0.022652
v 0.136287 0.202369 -0.022652
v 0.096229 0.444249 -0.011326
v 0.102253 0.434000 -0.019618
v 0.104458 0.420000 -0.022652
v 0.102253 0.406000 -0.019618
v 0.096229 0.395751 -0.011326
v 0.101315 0.444249 -0.004326
v 0.111062 0.434000 -0.007493
v 0.114630 0.420000 -0.008652
v 0.111062 0.406000 -0.007493
v 0.101315 0.395751 -0.004326
v 0.101315 0.444249 0.004326
v 0.111062 0.434000 0.007493
v 0.114630 0.420000 0.008652
v 0.111062 0.406000 0.007493
v 0.101315 0.395751 0.004326
v 0.096229 0.444249 0.011326
v 0.102253 0.434000 0.019618
v 0.104458 0.420000 0.022652
v 0.102253 0.406000 0.019618
v 0.096229 0.395751 0.011326
v 0.088000 0.444249 0.014000
v 0.088000 0.434000 0.024249
v 0.088000 0.420000 0.028000
v 0.088000 0.406000 0.024249
v 0.088000 0.395751 0.014000
v 0.079771 0.444249 0.011326
v 0.073747 0.434000 0.019618
v 0.071542 0.420000 0.022652
v 0.073747 0.406000 0.019618
v 0.079771 0.395751 0.011326
v 0.088000 0.448000 0.000000
v 0.074685 0.444249 0.004326
v 0.064938 0.434000 0.007493
v 0.061370 0.420000 0.008652
v 0.064938 0.406000 0.007493
v 0.074685 0.395751 0.004326
v 0.088000 0.392000 0.000000
v 0.074685 0.444249 -0.004326
v 0.064938 0.434000 -0.007493
v 0.061370 0.420000 -0.008652
v 0.064938 0.406000 -0.007493
v 0.074685 0.395751 -0.004326
v 0.079771 0.444249 -0.011326
v 0.073747 0.434000 -0.019618
v 0.071542 0.420000 -0.022652
v 0.073747 0.406000 -0.019618
v 0.079771 0.395751 -0.011326
v 0.088000 0.444249 -0.014000
v 0.088000 0.434000 -0.024249
v 0.088000 0.420000 -0.028000
v 0.088000 0.406000 -0.024249
v 0.088000 0.395751 -0.014000
v 0.128229 0.224249 -0.011326
v 0.134253 0.214000 -0.019618
v 0.136458 0.200000 -0.022652
v 0.134253 0.186000 -0.019618
v 0.128229 0.175751 -0.011326
v 0.133315 0.224249 -0.004326
v 0.143062 0.214000 -0.007493
v 0.146630 0.200000 -0.008652
v 0.143062 0.186000 -0.007493
v 0.133315 0.175751 -0.004326
v 0.133315 0.224249 0.004326
v 0.143062 0.214000 0.007493
v 0.146630 0.200000 0.008652
v 0.143062 0.186000 0.007493
v 0.133315 0.175751 0.004326
v 0.128229 0.224249 0.011326
v 0.134253 0.214000 0.019618
v 0.136458 0.200000 0.022652
v 0.134253 0.186000 0.019618
v 0.128229 0.175751 0.011326
v 0.120000 0.224249 0.014000
v 0.120000 0.214000 0.024249
v 0.120000 0.200000 0.028000
v 0.120000 0.186000 0.024249
v 0.120000 0.175751 0.014000
v 0.111771 0.224249 0.011326
v 0.105747 0.214000 0.019618
v 0.103542 0.200000 0.022652
v 0.105747 0.186000 0.019618
v 0.111771 0.175751 0.011326
v 0.120000 0.228000 0.000000
v 0.106685 0.224249 0.004326
v 0.096938 0.214000 0.007493
v 0.093370 0.200000 0.008652
v 0.096938 0.186000 0.007493
v 0.106685 0.175751 0.004326
v 0.120000 0.172000 0.000000
v 0.106685 0.224249 -0.004326
v 0.096938 0.214000 -0.007493
v 0.093370 0.200000 -0.008652
v 0.096938 0.186000 -0.007493
v 0.106685 0.175751 -0.004326
v 0.111771 0.224249 -0.011326
v 0.105747 0.214000 -0.019618
v 0.103542 0.200000 -0.022652
v 0.105747 0.186000 -0.019618
v 0.111771 0.175751 -0.011326
v 0.120000 0.224249 -0.014000
v 0.120000 0.214000 -0.024249
v 0.120000 0.200000 -0.028000
v 0.120000 0.186000 -0.024249
v 0.120000 0.175751 -0.014000
v 0.120000 0.000000 0.136000
v 0.149357 0.000000 0.130910
v 0.175840 0.000000 0.116138
v 0.196857 0.000000 0.093130
v 0.210350 0.000000 0.064138
v 0.215000 0.000000 0.032000
v 0.210350 0.000000 -0.000138
v 0.196857 0.000000 -0.029130
v 0.175840 0.000000 -0.052138
v 0.149357 0.000000 -0.066910
v 0.120000 0.000000 -0.072000
v 0.090643 0.000000 -0.066910
v 0.064160 0.000000 -0.052138
v 0.043143 0.000000 -0.029130
v 0.029650 0.000000 -0.000138
v 0.025000 0.000000 0.032000
v 0.029650 0.000000 0.064138
v 0.043143 0.000000 0.093130
v 0.064160 0.000000 0.116138
v 0.090643 0.000000 0.130910
v 0.120000 0.020000 0.156000
v 0.153374 0.020000 0.149931
v 0.183481 0.020000 0.132318
v 0.207374 0.020000 0.104885
v 0.222714 0.020000 0.070318
v 0.228000 0.020000 0.032000
v 0.222714 0.020000 -0.006318
v 0.207374 0.020000 -0.040885
v 0.183481 0.020000 -0.068318
v 0.153374 0.020000 -0.085931
v 0.120000 0.020000 -0.092000
v 0.086626 0.020000 -0.085931
v 0.056519 0.020000 -0.068318
v 0.032626 0.020000 -0.040885
v 0.017286 0.020000 -0.006318
v 0.012000 0.020000 0.032000
v 0.017286 0.020000 0.070318
v 0.032626 0.020000 0.104885
v 0.056519 0.020000 0.132318
v 0.086626 0.020000 0.149931
v 0.120000 0.055000 0.156000
v 0.154610 0.055000 0.149735
v 0.185832 0.055000 0.131554
v 0.210610 0.055000 0.103237
v 0.226518 0.055000 0.067554
v 0.232000 0.055000 0.028000
v 0.226518 0.055000 -0.011554
v 0.210610 0.055000 -0.047237
v 0.185832 0.055000 -0.075554
v 0.154610 0.055000 -0.093735
v 0.120000 0.055000 -0.100000
v 0.085390 0.055000 -0.093735
v 0.054168 0.055000 -0.075554
v 0.029390 0.055000 -0.047237
v 0.013482 0.055000 -0.011554
v 0.008000 0.055000 0.028000
v 0.013482 0.055000 0.067554
v 0.029390 0.055000 0.103237
v 0.054168 0.055000 0.131554
v 0.085390 0.055000 0.149735
v 0.120000 0.090000 0.118000
v 0.150284 0.090000 0.112910
v 0.177603 0.090000 0.098138
v 0.199284 0.090000 0.075130
v 0.213204 0.090000 0.046138
v 0.218000 0.090000 0.014000
v 0.213204 0.090000 -0.018138
v 0.199284 0.090000 -0.047130
v 0.177603 0.090000 -0.070138
v 0.150284 0.090000 -0.084910
v 0.120000 0.090000 -0.090000
v 0.089716 0.090000 -0.084910
v 0.062397 0.090000 -0.070138
v 0.040716 0.090000 -0.047130
v 0.026796 0.090000 -0.018138
v 0.022000 0.090000 0.014000
v 0.026796 0.090000 0.046138
v 0.040716 0.090000 0.075130
v 0.062397 0.090000 0.098138
v 0.089716 0.090000 0.112910
v 0.120000 0.128000 0.075000
v 0.142249 0.128000 0.071329
v 0.162321 0.128000 0.060676
v 0.178249 0.128000 0.044084
v 0.188476 0.128000 0.023176
v 0.192000 0.128000 0.000000
v 0.188476 0.128000 -0.023176
v 0.178249 0.128000 -0.044084
v 0.162321 0.128000 -0.060676
v 0.142249 0.128000 -0.071329
v 0.120000 0.128000 -0.075000
v 0.097751 0.128000 -0.071329
v 0.077679 0.128000 -0.060676
v 0.061751 0.128000 -0.044084
v 0.051524 0.128000 -0.023176
v 0.048000 0.128000 -0.000000
v 0.051524 0.128000 0.023176
v 0.061751 0.128000 0.044084
v 0.077679 0.128000 0.060676
v 0.097751 0.128000 0.071329
v 0.120000 0.156000 0.061000
v 0.140704 0.156000 0.057721
v 0.159382 0.156000 0.048204
v 0.174204 0.156000 0.033382
v 0.183721 0.156000 0.014704
v 0.187000 0.156000 -0.006000
v 0.183721 0.156000 -0.026704
v 0.174204 0.156000 -0.045382
v 0.159382 0.156000 -0.060204
v 0.140704 0.156000 -0.069721
v 0.120000 0.156000 -0.073000
v 0.099296 0.156000 -0.069721
v 0.080618 0.156000 -0.060204
v 0.065796 0.156000 -0.045382
v 0.056279 0.156000 -0.026704
v 0.053000 0.156000 -0.006000
v 0.056279 0.156000 0.014704
v 0.065796 0.156000 0.033382
v 0.080618 0.156000 0.048204
v 0.099296 0.156000 0.057721
v 0.120000 0.160000 0.078000
v 0.145957 0.160000 0.073889
v 0.169374 0.160000 0.061957
v 0.187957 0.160000 0.043374
v 0.199889 0.160000 0.019957
v 0.204000 0.160000 -0.006000
v 0.199889 0.160000 -0.031957
v 0.187957 0.160000 -0.055374
v 0.169374 0.160000 -0.073957
v 0.145957 0.160000 -0.085889
v 0.120000 0.160000 -0.090000
v 0.094043 0.160000 -0.085889
v 0.070626 0.160000 -0.073957
v 0.052043 0.160000 -0.055374
v 0.040111 0.160000 -0.031957
v 0.036000 0.160000 -0.006000
v 0.040111 0.160000 0.019957
v 0.052043 0.160000 0.043374
v 0.070626 0.160000 0.061957
v 0.094043 0.160000 0.073889
v 0.120000 0.216000 0.075000
v 0.145030 0.216000 0.071036
v 0.167611 0.216000 0.059530
v 0.185530 0.216000 0.041611
v 0.197036 0.216000 0.019030
v 0.201000 0.216000 -0.006000
v 0.197036 0.216000 -0.031030
v 0.185530 0.216000 -0.053611
v 0.167611 0.216000 -0.071530
v 0.145030 0.216000 -0.083036
v 0.120000 0.216000 -0.087000
v 0.094970 0.216000 -0.083036
v 0.072389 0.216000 -0.071530
v 0.054470 0.216000 -0.053611
v 0.042964 0.216000 -0.031030
v 0.039000 0.216000 -0.006000
v 0.042964 0.216000 0.019030
v 0.054470 0.216000 0.041611
v 0.072389 0.216000 0.059530
v 0.094970 0.216000 0.071036
v 0.120000 0.000000 0.032000
v 0.120000 0.216000 -0.006000
vn -0.0000 -0.9766 0.2150
vn 0.0569 -0.9768 0.2063
vn 0.1091 -0.9115 0.3965
vn -0.0000 -0.9109 0.4126
vn 0.1093 -0.9774 0.1810
vn 0.2103 -0.9132 0.3492
vn 0.1529 -0.9781 0.1410
vn 0.2957 -0.9153 0.2734
vn 0.1842 -0.9788 0.0895
vn 0.3579 -0.9173 0.1744
vn 0.2005 -0.9792 0.0307
vn 0.3908 -0.9185 0.0600
vn 0.2005 -0.9792 -0.0307
vn 0.3908 -0.9185 -0.0600
vn 0.1842 -0.9788 -0.0895
vn 0.3579 -0.9173 -0.1744
vn 0.1529 -0.9781 -0.1410
vn 0.2957 -0.9153 -0.2734
vn 0.1093 -0.9774 -0.1810
vn 0.2103 -0.9132 -0.3492
vn 0.0569 -0.9768 -0.2063
vn 0.1091 -0.9115 -0.3965
vn -0.0000 -0.9766 -0.2150
vn -0.0000 -0.9109 -0.4126
vn -0.0569 -0.9768 -0.2063
vn -0.1091 -0.9115 -0.3965
vn -0.1093 -0.9774 -0.1810
vn -0.2103 -0.9132 -0.3492
vn -0.1529 -0.9781 -0.1410
vn -0.2957 -0.9153 -0.2734
vn -0.1842 -0.9788 -0.0895
vn -0.3579 -0.9173 -0.1744
vn -0.2005 -0.9792 -0.0307
vn -0.3908 -0.9185 -0.0600
vn -0.2005 -0.9792 0.0307
vn -0.3908 -0.9185 0.0600
vn -0.1842 -0.9788 0.0895
vn -0.3579 -0.9173 0.1744
vn -0.1529 -0.9781 0.1410
vn -0.2957 -0.9153 0.2734
vn -0.1093 -0.9774 0.1810
vn -0.2103 -0.9132 0.3492
vn -0.0569 -0.9768 0.2063
vn -0.1091 -0.9115 0.3965
vn 0.1839 -0.7233 0.6656
vn -0.0000 -0.7218 0.6921
vn 0.3552 -0.7272 0.5873
vn 0.5008 -0.7325 0.4611
vn 0.6076 -0.7375 0.2949
vn 0.6644 -0.7405 0.1015
vn 0.6644 -0.7405 -0.1015
vn 0.6076 -0.7375 -0.2949
vn 0.5008 -0.7325 -0.4611
vn 0.3552 -0.7272 -0.5873
vn 0.1839 -0.7233 -0.6656
vn -0.0000 -0.7218 -0.6921
vn -0.1839 -0.7233 -0.6656
vn -0.3552 -0.7272 -0.5873
vn -0.5008 -0.7325 -0.4611
vn -0.6076 -0.7375 -0.2949
vn -0.6644 -0.7405 -0.1015
vn -0.6644 -0.7405 0.1015
vn -0.6076 -0.7375 0.2949
vn -0.5008 -0.7325 0.4611
vn -0.3552 -0.7272 0.5873
vn -0.1839 -0.7233 0.6656
vn 0.2291 -0.5116 0.8281
vn -0.0000 -0.5099 0.8602
vn 0.4437 -0.5161 0.7326
vn 0.6278 -0.5222 0.5772
vn 0.7643 -0.5279 0.3703
vn 0.8374 -0.5314 0.1278
vn 0.8374 -0.5314 -0.1278
vn 0.7643 -0.5279 -0.3703
vn 0.6278 -0.5222 -0.5772
vn 0.4437 -0.5161 -0.7326
vn 0.2291 -0.5116 -0.8281
vn -0.0000 -0.5099 -0.8602
vn -0.2291 -0.5116 -0.8281
vn -0.4437 -0.5161 -0.7326
vn -0.6278 -0.5222 -0.5772
vn -0.7643 -0.5279 -0.3703
vn -0.8374 -0.5314 -0.1278
vn -0.8374 -0.5314 0.1278
vn -0.7643 -0.5279 0.3703
vn -0.6278 -0.5222 0.5772
vn -0.4437 -0.5161 0.7326
vn -0.2291 -0.5116 0.8281
vn 0.2539 -0.3076 0.9170
vn -0.0000 -0.3064 0.9519
vn 0.4926 -0.3110 0.8128
vn 0.6987 -0.3156 0.6420
vn 0.8527 -0.3200 0.4129
vn 0.9357 -0.3227 0.1426
vn 0.9357 -0.3227 -0.1426
vn 0.8527 -0.3200 -0.4129
vn 0.6987 -0.3156 -0.6420
vn 0.4926 -0.3110 -0.8128
vn 0.2539 -0.3076 -0.9170
vn -0.0000 -0.3064 -0.9519
vn -0.2539 -0.3076 -0.9170
vn -0.4926 -0.3110 -0.8128
vn -0.6987 -0.3156 -0.6420
vn -0.8527 -0.3200 -0.4129
vn -0.9357 -0.3227 -0.1426
vn -0.9357 -0.3227 0.1426
vn -0.8527 -0.3200 0.4129
vn -0.6987 -0.3156 0.6420
vn -0.4926 -0.3110 0.8128
vn -0.2539 -0.3076 0.9170
vn 0.2650 -0.1186 0.9569
vn -0.0000 -0.1180 0.9930
vn 0.5146 -0.1200 0.8490
vn 0.7309 -0.1220 0.6714
vn 0.8932 -0.1238 0.4324
vn 0.9808 -0.1250 0.1495
vn 0.9808 -0.1250 -0.1495
vn 0.8932 -0.1238 -0.4324
vn 0.7309 -0.1220 -0.6714
vn 0.5146 -0.1200 -0.8490
vn 0.2650 -0.1186 -0.9569
vn -0.0000 -0.1180 -0.9930
vn -0.2650 -0.1186 -0.9569
vn -0.5146 -0.1200 -0.8490
vn -0.7309 -0.1220 -0.6714
vn -0.8932 -0.1238 -0.4324
vn -0.9808 -0.1250 -0.1495
vn -0.9808 -0.1250 0.1495
vn -0.8932 -0.1238 0.4324
vn -0.7309 -0.1220 0.6714
vn -0.5146 -0.1200 0.8490
vn -0.2650 -0.1186 0.9569
vn 0.2665 0.0532 0.9624
vn -0.0000 0.0529 0.9986
vn 0.5176 0.0538 0.8539
vn 0.7353 0.0547 0.6755
vn 0.8987 0.0556 0.4351
vn 0.9870 0.0561 0.1504
vn 0.9870 0.0561 -0.1504
vn 0.8987 0.0556 -0.4351
vn 0.7353 0.0547 -0.6755
vn 0.5176 0.0538 -0.8539
vn 0.2665 0.0532 -0.9624
vn -0.0000 0.0529 -0.9986
vn -0.2665 0.0532 -0.9624
vn -0.5176 0.0538 -0.8539
vn -0.7353 0.0547 -0.6755
vn -0.8987 0.0556 -0.4351
vn -0.9870 0.0561 -0.1504
vn -0.9870 0.0561 0.1504
vn -0.8987 0.0556 0.4351
vn -0.7353 0.0547 0.6755
vn -0.5176 0.0538 0.8539
vn -0.2665 0.0532 0.9624
vn 0.2574 0.2646 0.9294
vn -0.0000 0.2635 0.9647
vn 0.4995 0.2675 0.8240
vn 0.7089 0.2714 0.6510
vn 0.8654 0.2752 0.4188
vn 0.9498 0.2775 0.1447
vn 0.9498 0.2775 -0.1447
vn 0.8654 0.2752 -0.4188
vn 0.7089 0.2714 -0.6510
vn 0.4995 0.2675 -0.8240
vn 0.2574 0.2646 -0.9294
vn -0.0000 0.2635 -0.9647
vn -0.2574 0.2646 -0.9294
vn -0.4995 0.2675 -0.8240
vn -0.7089 0.2714 -0.6510
vn -0.8654 0.2752 -0.4188
vn -0.9498 0.2775 -0.1447
vn -0.9498 0.2775 0.1447
vn -0.8654 0.2752 0.4188
vn -0.7089 0.2714 0.6510
vn -0.4995 0.2675 0.8240
vn -0.2574 0.2646 0.9294
vn 0.2307 0.5018 0.8336
vn -0.0000 0.5002 0.8659
vn 0.4467 0.5063 0.7376
vn 0.6322 0.5124 0.5812
vn 0.7697 0.5181 0.3730
vn 0.8435 0.5216 0.1287
vn 0.8435 0.5216 -0.1287
vn 0.7697 0.5181 -0.3730
vn 0.6322 0.5124 -0.5812
vn 0.4467 0.5063 -0.7376
vn 0.2307 0.5018 -0.8336
vn -0.0000 0.5002 -0.8659
vn -0.2307 0.5018 -0.8336
vn -0.4467 0.5063 -0.7376
vn -0.6322 0.5124 -0.5812
vn -0.7697 0.5181 -0.3730
vn -0.8435 0.5216 -0.1287
vn -0.8435 0.5216 0.1287
vn -0.7697 0.5181 0.3730
vn -0.6322 0.5124 0.5812
vn -0.4467 0.5063 0.7376
vn -0.2307 0.5018 0.8336
vn 0.1746 0.7548 0.6323
vn -0.0000 0.7536 0.6574
vn 0.3372 0.7583 0.5579
vn 0.4755 0.7629 0.4381
vn 0.5769 0.7672 0.2801
vn 0.6309 0.7699 0.0965
vn 0.6309 0.7699 -0.0965
vn 0.5769 0.7672 -0.2801
vn 0.4755 0.7629 -0.4381
vn 0.3372 0.7583 -0.5579
vn 0.1746 0.7548 -0.6323
vn -0.0000 0.7536 -0.6574
vn -0.1746 0.7548 -0.6323
vn -0.3372 0.7583 -0.5579
vn -0.4755 0.7629 -0.4381
vn -0.5769 0.7672 -0.2801
vn -0.6309 0.7699 -0.0965
vn -0.6309 0.7699 0.0965
vn -0.5769 0.7672 0.2801
vn -0.4755 0.7629 0.4381
vn -0.3372 0.7583 0.5579
vn -0.1746 0.7548 0.6323
vn 0.0858 0.9461 0.3123
vn -0.0000 0.9457 0.3250
vn 0.1654 0.9471 0.2749
vn 0.2324 0.9485 0.2151
vn 0.2811 0.9498 0.1371
vn 0.3068 0.9506 0.0471
vn 0.3068 0.9506 -0.0471
vn 0.2811 0.9498 -0.1371
vn 0.2324 0.9485 -0.2151
vn 0.1654 0.9471 -0.2749
vn 0.0858 0.9461 -0.3123
vn -0.0000 0.9457 -0.3250
vn -0.0858 0.9461 -0.3123
vn -0.1654 0.9471 -0.2749
vn -0.2324 0.9485 -0.2151
vn -0.2811 0.9498 -0.1371
vn -0.3068 0.9506 -0.0471
vn -0.3068 0.9506 0.0471
vn -0.2811 0.9498 0.1371
vn -0.2324 0.9485 0.2151
vn -0.1654 0.9471 0.2749
vn -0.0858 0.9461 0.3123
vn 0.0384 0.9895 0.1393
vn -0.0000 0.9894 0.1452
vn 0.0738 0.9898 0.1222
vn 0.1032 0.9901 0.0951
vn 0.1243 0.9904 0.0604
vn 0.1352 0.9906 0.0207
vn 0.1352 0.9906 -0.0207
vn 0.1243 0.9904 -0.0604
vn 0.1032 0.9901 -0.0951
vn 0.0738 0.9898 -0.1222
vn 0.0384 0.9895 -0.1393
vn -0.0000 0.9894 -0.1452
vn -0.0384 0.9895 -0.1393
vn -0.0738 0.9898 -0.1222
vn -0.1032 0.9901 -0.0951
vn -0.1243 0.9904 -0.0604
vn -0.1352 0.9906 -0.0207
vn -0.1352 0.9906 0.0207
vn -0.1243 0.9904 0.0604
vn -0.1032 0.9901 0.0951
vn -0.0738 0.9898 0.1222
vn -0.0384 0.9895 0.1393
vn -0.0000 -0.6437 -0.7653
vn -0.0000 0.6437 -0.7653
vn 0.4498 0.6437 -0.6191
vn 0.4498 -0.6437 -0.6191
vn 0.7278 0.6437 -0.2365
vn 0.7278 -0.6437 -0.2365
vn 0.7278 0.6437 0.2365
vn 0.7278 -0.6437 0.2365
vn 0.4498 0.6437 0.6191
vn 0.4498 -0.6437 0.6191
vn -0.0000 0.6437 0.7653
vn -0.0000 -0.6437 0.7653
vn -0.4498 0.6437 0.6191
vn -0.4498 -0.6437 0.6191
vn -0.7278 0.6437 0.2365
vn -0.7278 -0.6437 0.2365
vn -0.7278 0.6437 -0.2365
vn -0.7278 -0.6437 -0.2365
vn -0.4498 0.6437 -0.6191
vn -0.4498 -0.6437 -0.6191
vn 0.1131 -0.9928 0.0387
vn -0.0221 -0.2974 -0.9545
vn 0.6361 0.1012 -0.7650
vn 0.7712 -0.5943 0.2282
vn 0.5906 0.7463 -0.3071
vn 0.7257 0.0508 0.6861
vn -0.1131 0.9928 -0.0387
vn 0.0221 0.2974 0.9545
vn -0.7712 0.5943 -0.2282
vn -0.6361 -0.1012 0.7650
vn -0.7257 -0.0508 -0.6861
vn -0.5906 -0.7463 0.3071
vn -0.0000 -0.6503 -0.7597
vn -0.0000 -0.0000 -1.0000
vn 0.8660 -0.0000 -0.5000
vn 0.6579 -0.6503 -0.3798
vn -0.0000 0.6503 -0.7597
vn -0.0000 1.0000 -0.0000
vn 0.6579 0.6503 -0.3798
vn -0.0000 -1.0000 -0.0000
vn 0.6579 0.6503 0.3798
vn 0.6579 -0.6503 0.3798
vn 0.8660 -0.0000 0.5000
vn -0.0000 -0.0000 1.0000
vn -0.0000 -0.6503 0.7597
vn -0.0000 0.6503 0.7597
vn -0.8660 -0.0000 0.5000
vn -0.6579 -0.6503 0.3798
vn -0.6579 0.6503 0.3798
vn -0.8660 -0.0000 -0.5000
vn -0.6579 -0.6503 -0.3798
vn -0.6579 0.6503 -0.3798
vn -0.0064 -0.9970 -0.0769
vn 0.0017 -0.1807 -0.9835
vn 0.6891 0.1092 -0.7164
vn 0.6810 -0.7072 0.1902
vn 0.6915 0.6980 -0.1862
vn 0.6833 -0.1183 0.7205
vn 0.0064 0.9970 0.0769
vn -0.0017 0.1807 0.9835
vn -0.6810 0.7072 -0.1902
vn -0.6891 -0.1092 0.7164
vn -0.6833 0.1183 -0.7205
vn -0.6915 -0.6980 0.1862
vn -0.1410 -0.9776 0.1560
vn 0.0178 -0.4098 -0.9120
vn 0.7269 -0.1522 -0.6697
vn 0.5681 -0.7201 0.3984
vn 0.7885 0.5415 -0.2917
vn 0.6297 -0.0264 0.7764
vn 0.1410 0.9776 -0.1560
vn -0.0178 0.4098 0.9120
vn -0.5681 0.7201 -0.3984
vn -0.7269 0.1522 0.6697
vn -0.6297 0.0264 -0.7764
vn -0.7885 -0.5415 0.2917
vn -0.0000 0.1681 -0.9858
vn 0.3205 0.1859 -0.9288
vn 0.3264 -0.0000 -0.9452
vn -0.0000 0.3851 -0.9229
vn -0.0000 0.7212 -0.6928
vn 0.2061 0.7471 -0.6320
vn 0.2946 0.4189 -0.8589
vn -0.0000 -0.7212 -0.6928
vn -0.0000 -0.3851 -0.9229
vn 0.2946 -0.4189 -0.8589
vn 0.2061 -0.7471 -0.6320
vn -0.0000 -0.1681 -0.9858
vn 0.3205 -0.1859 -0.9288
vn 0.6239 -0.5099 -0.5922
vn 0.4129 -0.8067 -0.4227
vn 0.7343 -0.0000 -0.6788
vn 0.7112 -0.2402 -0.6607
vn 0.6239 0.5099 -0.5922
vn 0.7112 0.2402 -0.6607
vn 0.4129 0.8067 -0.4227
vn 0.5351 0.8448 -0.0000
vn 0.5351 -0.8448 -0.0000
vn 0.9600 -0.2799 -0.0000
vn 0.8217 -0.5700 -0.0000
vn 0.9600 0.2799 -0.0000
vn 1.0000 -0.0000 -0.0000
vn 0.8217 0.5700 -0.0000
vn 0.7112 -0.2402 0.6607
vn 0.6239 -0.5099 0.5922
vn 0.7112 0.2402 0.6607
vn 0.7343 -0.0000 0.6788
vn 0.4129 0.8067 0.4227
vn 0.6239 0.5099 0.5922
vn 0.4129 -0.8067 0.4227
vn 0.2946 -0.4189 0.8589
vn 0.2061 -0.7471 0.6320
vn 0.3264 -0.0000 0.9452
vn 0.3205 -0.1859 0.9288
vn 0.2946 0.4189 0.8589
vn 0.3205 0.1859 0.9288
vn 0.2061 0.7471 0.6320
vn -0.0000 -0.1681 0.9858
vn -0.0000 0.3851 0.9229
vn -0.0000 0.1681 0.9858
vn -0.0000 0.7212 0.6928
vn -0.0000 -0.7212 0.6928
vn -0.0000 -0.3851 0.9229
vn -0.2061 -0.7471 0.6320
vn -0.3205 -0.1859 0.9288
vn -0.2946 -0.4189 0.8589
vn -0.3205 0.1859 0.9288
vn -0.3264 -0.0000 0.9452
vn -0.2061 0.7471 0.6320
vn -0.2946 0.4189 0.8589
vn -0.7112 0.2402 0.6607
vn -0.7343 -0.0000 0.6788
vn -0.4129 0.8067 0.4227
vn -0.6239 0.5099 0.5922
vn -0.6239 -0.5099 0.5922
vn -0.4129 -0.8067 0.4227
vn -0.7112 -0.2402 0.6607
vn -0.8217 -0.5700 -0.0000
vn -0.5351 -0.8448 -0.0000
vn -1.0000 -0.0000 -0.0000
vn -0.9600 -0.2799 -0.0000
vn -0.8217 0.5700 -0.0000
vn -0.9600 0.2799 -0.0000
vn -0.5351 0.8448 -0.0000
vn -0.6239 0.5099 -0.5922
vn -0.7112 0.2402 -0.6607
vn -0.4129 0.8067 -0.4227
vn -0.4129 -0.8067 -0.4227
vn -0.7112 -0.2402 -0.6607
vn -0.6239 -0.5099 -0.5922
vn -0.7343 -0.0000 -0.6788
vn -0.2061 -0.7471 -0.6320
vn -0.3205 -0.1859 -0.9288
vn -0.2946 -0.4189 -0.8589
vn -0.3205 0.1859 -0.9288
vn -0.3264 -0.0000 -0.9452
vn -0.2061 0.7471 -0.6320
vn -0.2947 0.4189 -0.8589
vn -0.0000 -0.6662 0.7457
vn 0.2249 -0.6651 0.7121
vn 0.3008 0.0046 0.9537
vn -0.0000 0.0046 1.0000
vn 0.4413 -0.6621 0.6057
vn 0.5883 0.0048 0.8086
vn 0.6272 -0.6580 0.4167
vn 0.8326 0.0051 0.5539
vn 0.7407 -0.6549 0.1501
vn 0.9800 0.0053 0.1990
vn 0.7407 -0.6549 -0.1501
vn 0.9800 0.0053 -0.1990
vn 0.6272 -0.6580 -0.4167
vn 0.8326 0.0051 -0.5539
vn 0.4413 -0.6621 -0.6057
vn 0.5883 0.0048 -0.8086
vn 0.2249 -0.6651 -0.7121
vn 0.3008 0.0046 -0.9537
vn -0.0000 -0.6662 -0.7457
vn -0.0000 0.0046 -1.0000
vn -0.2249 -0.6651 -0.7121
vn -0.3008 0.0046 -0.9537
vn -0.4413 -0.6621 -0.6057
vn -0.5883 0.0048 -0.8086
vn -0.6272 -0.6580 -0.4167
vn -0.8326 0.0051 -0.5539
vn -0.7407 -0.6549 -0.1501
vn -0.9800 0.0053 -0.1990
vn -0.7407 -0.6549 0.1501
vn -0.9800 0.0053 0.1990
vn -0.6272 -0.6580 0.4167
vn -0.8326 0.0051 0.5539
vn -0.4413 -0.6621 0.6057
vn -0.5883 0.0048 0.8086
vn -0.2249 -0.6651 0.7121
vn -0.3008 0.0046 0.9537
vn 0.3012 0.0332 0.9530
vn -0.0000 0.0327 0.9995
vn 0.5888 0.0346 0.8075
vn 0.8326 0.0364 0.5526
vn 0.9794 0.0377 0.1984
vn 0.9794 0.0377 -0.1984
vn 0.8326 0.0364 -0.5526
vn 0.5888 0.0346 -0.8075
vn 0.3012 0.0332 -0.9530
vn -0.0000 0.0327 -0.9995
vn -0.3012 0.0332 -0.9530
vn -0.5888 0.0346 -0.8075
vn -0.8326 0.0364 -0.5526
vn -0.9794 0.0377 -0.1984
vn -0.9794 0.0377 0.1984
vn -0.8326 0.0364 0.5526
vn -0.5888 0.0346 0.8075
vn -0.3012 0.0332 0.9530
vn 0.2855 0.3310 0.8994
vn -0.0000 0.3272 0.9449
vn 0.5555 0.3409 0.7585
vn 0.7806 0.3529 0.5159
vn 0.9141 0.3612 0.1844
vn 0.9141 0.3612 -0.1844
vn 0.7806 0.3529 -0.5159
vn 0.5555 0.3409 -0.7585
vn 0.2855 0.3310 -0.8994
vn -0.0000 0.3272 -0.9449
vn -0.2855 0.3310 -0.8994
vn -0.5555 0.3409 -0.7585
vn -0.7806 0.3529 -0.5159
vn -0.9141 0.3612 -0.1844
vn -0.9141 0.3612 0.1844
vn -0.7806 0.3529 0.5159
vn -0.5555 0.3409 0.7585
vn -0.2855 0.3310 0.8994
vn 0.1467 0.8679 0.4745
vn -0.0000 0.8667 0.4989
vn 0.2848 0.8714 0.3995
vn 0.3993 0.8757 0.2714
vn 0.4672 0.8788 0.0969
vn 0.4672 0.8788 -0.0969
vn 0.3993 0.8757 -0.2714
vn 0.2848 0.8714 -0.3995
vn 0.1467 0.8679 -0.4745
vn -0.0000 0.8667 -0.4989
vn -0.1467 0.8679 -0.4745
vn -0.2848 0.8714 -0.3995
vn -0.3993 0.8757 -0.2714
vn -0.4672 0.8788 -0.0969
vn -0.4672 0.8788 0.0969
vn -0.3993 0.8757 0.2714
vn -0.2848 0.8714 0.3995
vn -0.1467 0.8679 0.4745
vn -0.0000 -0.7103 0.7039
vn 0.1768 -0.7101 0.6816
vn 0.2513 -0.0308 0.9674
vn -0.0000 -0.0304 0.9995
vn 0.3480 -0.7095 0.6128
vn 0.4942 -0.0316 0.8688
vn 0.5039 -0.7086 0.4940
vn 0.7144 -0.0328 0.6990
vn 0.6278 -0.7076 0.3242
vn 0.8884 -0.0340 0.4579
vn 0.6981 -0.7070 0.1135
vn 0.9865 -0.0347 0.1601
vn 0.6981 -0.7070 -0.1135
vn 0.9865 -0.0348 -0.1600
vn 0.6278 -0.7076 -0.3242
vn 0.8884 -0.0340 -0.4578
vn 0.5039 -0.7086 -0.4940
vn 0.7145 -0.0329 -0.6989
vn 0.3480 -0.7095 -0.6128
vn 0.4943 -0.0318 -0.8687
vn 0.1768 -0.7101 -0.6816
vn 0.2514 -0.0310 -0.9674
vn -0.0000 -0.7103 -0.7039
vn -0.0000 -0.0307 -0.9995
vn -0.1768 -0.7101 -0.6816
vn -0.2514 -0.0310 -0.9674
vn -0.3480 -0.7095 -0.6128
vn -0.4943 -0.0318 -0.8687
vn -0.5039 -0.7086 -0.4940
vn -0.7145 -0.0329 -0.6989
vn -0.6278 -0.7076 -0.3242
vn -0.8884 -0.0340 -0.4578
vn -0.6981 -0.7070 -0.1135
vn -0.9865 -0.0348 -0.1600
vn -0.6981 -0.7070 0.1135
vn -0.9865 -0.0347 0.1601
vn -0.6278 -0.7076 0.3242
vn -0.8884 -0.0340 0.4579
vn -0.5039 -0.7086 0.4940
vn -0.7144 -0.0328 0.6990
vn -0.3480 -0.7095 0.6128
vn -0.4942 -0.0316 0.8688
vn -0.1768 -0.7101 0.6816
vn -0.2513 -0.0308 0.9674
vn 0.2316 0.1297 0.9641
vn -0.0000 0.1582 0.9874
vn 0.4746 0.0771 0.8768
vn 0.7037 0.0400 0.7094
vn 0.8839 0.0223 0.4671
vn 0.9860 0.0146 0.1658
vn 0.9874 0.0115 -0.1580
vn 0.8891 0.0104 -0.4577
vn 0.7150 0.0099 -0.6991
vn 0.4947 0.0096 -0.8690
vn 0.2516 0.0093 -0.9678
vn -0.0000 0.0092 -1.0000
vn -0.2516 0.0093 -0.9678
vn -0.4947 0.0096 -0.8690
vn -0.7150 0.0099 -0.6991
vn -0.8891 0.0104 -0.4577
vn -0.9874 0.0115 -0.1580
vn -0.9860 0.0146 0.1658
vn -0.8839 0.0223 0.4671
vn -0.7037 0.0400 0.7094
vn -0.4746 0.0771 0.8768
vn -0.2316 0.1297 0.9641
vn -0.0143 0.8110 0.5849
vn -0.0000 0.8960 0.4441
vn 0.2051 0.5773 0.7904
vn 0.5177 0.3720 0.7705
vn 0.7870 0.2400 0.5684
vn 0.9519 0.1859 0.2437
vn 0.9780 0.1575 -0.1364
vn 0.8801 0.1447 -0.4522
vn 0.7084 0.1402 -0.6917
vn 0.4906 0.1357 -0.8607
vn 0.2497 0.1325 -0.9592
vn -0.0000 0.1313 -0.9913
vn -0.2497 0.1325 -0.9592
vn -0.4906 0.1357 -0.8607
vn -0.7084 0.1402 -0.6917
vn -0.8801 0.1447 -0.4522
vn -0.9780 0.1575 -0.1364
vn -0.9519 0.1859 0.2437
vn -0.7870 0.2400 0.5684
vn -0.5177 0.3720 0.7705
vn -0.2051 0.5773 0.7904
vn 0.0143 0.8110 0.5849
vn -0.2054 0.4175 -0.8852
vn -0.0000 0.1917 -0.9815
vn -0.4902 0.8163 -0.3055
vn -0.2942 0.8422 0.4519
vn 0.1041 0.7228 0.6832
vn 0.4012 0.7855 0.4711
vn 0.5152 0.8558 0.0468
vn 0.4917 0.8320 -0.2571
vn 0.3969 0.8294 -0.3931
vn 0.2755 0.8270 -0.4901
vn 0.1405 0.8252 -0.5470
vn -0.0000 0.8246 -0.5657
vn -0.1405 0.8252 -0.5470
vn -0.2755 0.8270 -0.4901
vn -0.3969 0.8294 -0.3931
vn -0.4917 0.8320 -0.2571
vn -0.5152 0.8558 0.0468
vn -0.4012 0.7855 0.4711
vn -0.1041 0.7228 0.6832
vn 0.2942 0.8422 0.4519
vn 0.4902 0.8163 -0.3055
vn 0.2054 0.4175 -0.8852
vn -0.0000 -0.7047 -0.7095
vn -0.0000 0.0307 -0.9995
vn -0.2512 0.0310 -0.9674
vn -0.1782 -0.7049 -0.6865
vn -0.4940 0.0318 -0.8689
vn -0.3500 -0.7057 -0.6160
vn -0.7141 0.0329 -0.6993
vn -0.5052 -0.7069 -0.4950
vn -0.8882 0.0341 -0.4582
vn -0.6273 -0.7083 -0.3238
vn -0.9865 0.0348 -0.1602
vn -0.6959 -0.7092 -0.1130
vn -0.9865 0.0348 0.1602
vn -0.6959 -0.7092 0.1130
vn -0.8882 0.0341 0.4582
vn -0.6273 -0.7083 0.3238
vn -0.7141 0.0329 0.6993
vn -0.5052 -0.7069 0.4950
vn -0.4940 0.0318 0.8689
vn -0.3500 -0.7057 0.6160
vn -0.2512 0.0310 0.9674
vn -0.1782 -0.7049 0.6865
vn -0.0000 0.0307 0.9995
vn -0.0000 -0.7047 0.7095
vn 0.2512 0.0310 0.9674
vn 0.1782 -0.7049 0.6865
vn 0.4940 0.0318 0.8689
vn 0.3500 -0.7057 0.6160
vn 0.7141 0.0329 0.6993
vn 0.5052 -0.7069 0.4950
vn 0.8882 0.0341 0.4582
vn 0.6273 -0.7083 0.3238
vn 0.9865 0.0348 0.1602
vn 0.6959 -0.7092 0.1130
vn 0.9865 0.0348 -0.1602
vn 0.6959 -0.7092 -0.1130
vn 0.8882 0.0341 -0.4582
vn 0.6273 -0.7083 -0.3238
vn 0.7141 0.0329 -0.6993
vn 0.5052 -0.7069 -0.4950
vn 0.4940 0.0318 -0.8689
vn 0.3500 -0.7057 -0.6160
vn 0.2512 0.0310 -0.9674
vn 0.1782 -0.7049 -0.6865
vn -0.0000 -0.0701 -0.9975
vn -0.2471 -0.0606 -0.9671
vn -0.4887 -0.0421 -0.8714
vn -0.7100 -0.0271 -0.7037
vn -0.8861 -0.0177 -0.4631
vn -0.9865 -0.0125 -0.1634
vn -0.9872 -0.0103 0.1594
vn -0.8887 -0.0097 0.4583
vn -0.7146 -0.0094 0.6995
vn -0.4943 -0.0091 0.8692
vn -0.2514 -0.0089 0.9678
vn -0.0000 -0.0088 1.0000
vn 0.2514 -0.0089 0.9678
vn 0.4943 -0.0091 0.8692
vn 0.7146 -0.0094 0.6995
vn 0.8887 -0.0097 0.4583
vn 0.9872 -0.0103 0.1594
vn 0.9865 -0.0125 -0.1634
vn 0.8861 -0.0177 -0.4631
vn 0.7100 -0.0271 -0.7037
vn 0.4887 -0.0421 -0.8714
vn 0.2471 -0.0606 -0.9671
vn -0.0000 -0.9014 -0.4330
vn 0.0263 -0.8163 -0.5770
vn -0.2097 -0.5826 -0.7853
vn -0.5132 -0.3765 -0.7713
vn -0.7842 -0.2396 -0.5723
vn -0.9509 -0.1857 -0.2475
vn -0.9779 -0.1582 0.1366
vn -0.8797 -0.1448 0.4530
vn -0.7081 -0.1403 0.6921
vn -0.4903 -0.1358 0.8609
vn -0.2495 -0.1326 0.9592
vn -0.0000 -0.1314 0.9913
vn 0.2495 -0.1326 0.9592
vn 0.4903 -0.1358 0.8609
vn 0.7081 -0.1403 0.6921
vn 0.8797 -0.1448 0.4530
vn 0.9779 -0.1582 0.1366
vn 0.9509 -0.1857 -0.2475
vn 0.7842 -0.2396 -0.5723
vn 0.5132 -0.3765 -0.7713
vn 0.2097 -0.5826 -0.7853
vn -0.0262 -0.8163 -0.5770
vn -0.0000 -0.9947 -0.1025
vn 0.1947 -0.9307 -0.3098
vn -0.0691 -0.6143 -0.7861
vn -0.6981 -0.0704 -0.7125
vn -0.9611 0.2017 -0.1886
vn -0.8817 0.4204 0.2139
vn -0.7854 0.5622 0.2589
vn -0.7492 0.5384 0.3857
vn -0.5993 0.5440 0.5872
vn -0.4129 0.5488 0.7269
vn -0.2094 0.5522 0.8070
vn -0.0000 0.5534 0.8329
vn 0.2094 0.5522 0.8070
vn 0.4129 0.5488 0.7269
vn 0.5993 0.5440 0.5872
vn 0.7492 0.5384 0.3857
vn 0.7854 0.5622 0.2589
vn 0.8817 0.4204 0.2139
vn 0.9611 0.2017 -0.1886
vn 0.6981 -0.0704 -0.7125
vn 0.0691 -0.6143 -0.7861
vn -0.1947 -0.9307 -0.3098
vn -0.1331 -0.7010 0.7007
vn 0.4224 -0.8365 0.3491
vn 0.6876 -0.4538 0.5668
vn -0.1474 -0.2857 0.9469
vn 0.4949 -0.8385 0.2279
vn 0.8053 -0.4637 0.3695
vn 0.5360 -0.8398 0.0859
vn 0.8717 -0.4698 0.1391
vn 0.5389 -0.8399 -0.0645
vn 0.8763 -0.4702 -0.1046
vn 0.5030 -0.8388 -0.2086
vn 0.8182 -0.4648 -0.3382
vn 0.4342 -0.8367 -0.3338
vn 0.7067 -0.4554 -0.5415
vn 0.3417 -0.8343 -0.4326
vn 0.5563 -0.4447 -0.7020
vn 0.2344 -0.8322 -0.5025
vn 0.3816 -0.4352 -0.8155
vn 0.1190 -0.8307 -0.5438
vn 0.1936 -0.4289 -0.8824
vn -0.0000 -0.8302 -0.5574
vn -0.0000 -0.4266 -0.9044
vn -0.1190 -0.8307 -0.5438
vn -0.1936 -0.4289 -0.8824
vn -0.2344 -0.8322 -0.5025
vn -0.3816 -0.4352 -0.8155
vn -0.3417 -0.8343 -0.4326
vn -0.5563 -0.4447 -0.7020
vn -0.4342 -0.8367 -0.3338
vn -0.7067 -0.4554 -0.5415
vn -0.5030 -0.8388 -0.2086
vn -0.8182 -0.4648 -0.3382
vn -0.5389 -0.8399 -0.0645
vn -0.8763 -0.4702 -0.1046
vn -0.5360 -0.8398 0.0859
vn -0.8717 -0.4698 0.1391
vn -0.4949 -0.8385 0.2279
vn -0.8053 -0.4637 0.3695
vn -0.4224 -0.8365 0.3491
vn -0.6876 -0.4538 0.5668
vn 0.1331 -0.7010 0.7007
vn 0.1474 -0.2857 0.9469
vn 0.7707 0.1051 0.6285
vn 0.1397 0.0978 0.9853
vn 0.9068 0.0924 0.4113
vn 0.9842 0.0848 0.1553
vn 0.9896 0.0842 -0.1167
vn 0.9219 0.0910 -0.3767
vn 0.7929 0.1031 -0.6006
vn 0.6211 0.1173 -0.7749
vn 0.4241 0.1302 -0.8962
vn 0.2145 0.1390 -0.9668
vn -0.0000 0.1421 -0.9899
vn -0.2145 0.1390 -0.9668
vn -0.4241 0.1302 -0.8962
vn -0.6211 0.1173 -0.7749
vn -0.7929 0.1031 -0.6006
vn -0.9219 0.0910 -0.3767
vn -0.9896 0.0842 -0.1167
vn -0.9842 0.0848 0.1553
vn -0.9068 0.0924 0.4113
vn -0.7707 0.1051 0.6285
vn -0.1397 0.0978 0.9853
vn -0.9024 -0.4149 -0.1161
vn -0.9440 0.3284 -0.0320
vn -0.6874 0.4526 -0.5680
vn -0.6530 -0.5314 -0.5396
vn -0.8059 0.4623 -0.3698
vn -0.7725 -0.5268 -0.3545
vn -0.8724 0.4685 -0.1392
vn -0.8411 -0.5240 -0.1342
vn -0.8770 0.4689 0.1047
vn -0.8458 -0.5238 0.1010
vn -0.8189 0.4635 0.3385
vn -0.7858 -0.5263 0.3249
vn -0.7073 0.4540 0.5419
vn -0.6728 -0.5305 0.5156
vn -0.5568 0.4433 0.7025
vn -0.5246 -0.5354 0.6619
vn -0.3819 0.4338 0.8161
vn -0.3568 -0.5397 0.7625
vn -0.1938 0.4275 0.8830
vn -0.1800 -0.5425 0.8205
vn -0.0000 0.4252 0.9051
vn -0.0000 -0.5435 0.8394
vn 0.1938 0.4275 0.8830
vn 0.1800 -0.5425 0.8205
vn 0.3819 0.4338 0.8161
vn 0.3568 -0.5397 0.7625
vn 0.5568 0.4433 0.7025
vn 0.5246 -0.5354 0.6619
vn 0.7073 0.4540 0.5419
vn 0.6728 -0.5305 0.5156
vn 0.8189 0.4635 0.3385
vn 0.7858 -0.5263 0.3249
vn 0.8770 0.4689 0.1047
vn 0.8458 -0.5238 0.1010
vn 0.8724 0.4685 -0.1392
vn 0.8411 -0.5240 -0.1342
vn 0.8059 0.4623 -0.3698
vn 0.7725 -0.5268 -0.3545
vn 0.6874 0.4526 -0.5680
vn 0.6530 -0.5314 -0.5396
vn 0.9440 0.3284 -0.0320
vn 0.9024 -0.4149 -0.1161
vn -0.4893 0.8104 0.3223
vn -0.0472 0.9982 -0.0359
vn -0.0401 0.9991 -0.0163
vn -0.0329 0.9994 -0.0045
vn -0.0323 0.9995 0.0033
vn -0.0389 0.9991 0.0141
vn -0.0467 0.9984 0.0326
vn -0.0485 0.9972 0.0571
vn -0.0404 0.9959 0.0815
vn -0.0229 0.9948 0.0992
vn -0.0000 0.9944 0.1056
vn 0.0229 0.9948 0.0992
vn 0.0404 0.9959 0.0815
vn 0.0485 0.9972 0.0571
vn 0.0467 0.9984 0.0326
vn 0.0389 0.9991 0.0141
vn 0.0323 0.9995 0.0033
vn 0.0329 0.9994 -0.0045
vn 0.0401 0.9991 -0.0163
vn 0.0472 0.9982 -0.0359
vn 0.4893 0.8104 0.3223
vn -0.0000 -0.7616 -0.6480
vn -0.0000 -0.4281 -0.9037
vn 0.1729 -0.4513 -0.8755
vn 0.1156 -0.7776 -0.6181
vn -0.0000 -0.1902 -0.9817
vn 0.1950 -0.0000 -0.9808
vn 0.1909 -0.2030 -0.9604
vn -0.0000 0.1902 -0.9817
vn -0.0000 0.4281 -0.9037
vn 0.1729 0.4513 -0.8755
vn 0.1909 0.2030 -0.9604
vn -0.0000 0.7616 -0.6480
vn 0.1156 0.7776 -0.6181
vn 0.3689 0.5214 -0.7695
vn 0.4251 0.2459 -0.8711
vn 0.2337 0.8202 -0.5222
vn 0.2337 -0.8202 -0.5222
vn 0.4251 -0.2459 -0.8711
vn 0.3689 -0.5214 -0.7695
vn 0.4398 -0.0000 -0.8981
vn 0.3544 -0.8750 -0.3298
vn 0.7341 -0.3206 -0.5986
vn 0.5949 -0.6245 -0.5060
vn 0.7341 0.3206 -0.5986
vn 0.7789 -0.0000 -0.6271
vn 0.3544 0.8750 -0.3298
vn 0.5949 0.6245 -0.5060
vn 0.4245 0.9054 -0.0000
vn 0.7306 0.6828 -0.0000
vn 0.7306 -0.6828 -0.0000
vn 0.4245 -0.9054 -0.0000
vn 0.9306 -0.3661 -0.0000
vn 0.9306 0.3661 -0.0000
vn 0.5949 -0.6245 0.5060
vn 0.3544 -0.8750 0.3298
vn 0.7789 -0.0000 0.6271
vn 0.7341 -0.3206 0.5986
vn 0.5949 0.6245 0.5060
vn 0.7341 0.3206 0.5986
vn 0.3544 0.8750 0.3298
vn 0.2337 0.8202 0.5222
vn 0.2337 -0.8202 0.5222
vn 0.4251 -0.2459 0.8711
vn 0.3689 -0.5214 0.7695
vn 0.4251 0.2459 0.8711
vn 0.4398 -0.0000 0.8981
vn 0.3689 0.5214 0.7695
vn 0.1909 -0.2030 0.9604
vn 0.1729 -0.4513 0.8755
vn 0.1909 0.2030 0.9604
vn 0.1950 -0.0000 0.9808
vn 0.1156 0.7776 0.6181
vn 0.1729 0.4513 0.8755
vn 0.1156 -0.7776 0.6181
vn -0.0000 -0.4281 0.9037
vn -0.0000 -0.7616 0.6480
vn -0.0000 -0.1902 0.9817
vn -0.0000 0.4281 0.9037
vn -0.0000 0.1902 0.9817
vn -0.0000 0.7616 0.6480
vn -0.1950 -0.0000 0.9808
vn -0.1909 -0.2030 0.9604
vn -0.1729 0.4513 0.8755
vn -0.1909 0.2030 0.9604
vn -0.1156 0.7776 0.6181
vn -0.1156 -0.7776 0.6181
vn -0.1729 -0.4513 0.8755
vn -0.2337 -0.8202 0.5222
vn -0.4251 -0.2459 0.8711
vn -0.3689 -0.5214 0.7695
vn -0.4251 0.2459 0.8711
vn -0.4398 -0.0000 0.8981
vn -0.2337 0.8202 0.5222
vn -0.3689 0.5214 0.7695
vn -0.7341 0.3206 0.5986
vn -0.7789 -0.0000 0.6271
vn -0.3544 0.8750 0.3298
vn -0.5949 0.6245 0.5060
vn -0.5949 -0.6245 0.5060
vn -0.3544 -0.8750 0.3298
vn -0.7341 -0.3206 0.5986
vn -0.7306 -0.6828 -0.0000
vn -0.4245 -0.9054 -0.0000
vn -0.9306 -0.3661 -0.0000
vn -0.7306 0.6828 -0.0000
vn -0.9306 0.3661 -0.0000
vn -0.4245 0.9054 -0.0000
vn -0.5949 0.6245 -0.5060
vn -0.7341 0.3206 -0.5986
vn -0.3544 0.8750 -0.3298
vn -0.3544 -0.8750 -0.3298
vn -0.7341 -0.3206 -0.5986
vn -0.5949 -0.6245 -0.5060
vn -0.7789 -0.0000 -0.6271
vn -0.2337 -0.8202 -0.5222
vn -0.4251 -0.2459 -0.8711
vn -0.3689 -0.5214 -0.7695
vn -0.4251 0.2459 -0.8711
vn -0.4398 -0.0000 -0.8981
vn -0.2337 0.8202 -0.5222
vn -0.3689 0.5214 -0.7695
vn -0.1156 0.7776 -0.6181
vn -0.1729 0.4513 -0.8755
vn -0.1729 -0.4513 -0.8755
vn -0.1156 -0.7776 -0.6181
vn -0.1950 -0.0000 -0.9808
vn -0.1909 -0.2030 -0.9604
vn -0.1909 0.2030 -0.9604
vn -0.0000 -0.7014 -0.7128
vn 0.3295 -0.7562 -0.5654
vn -0.0000 -0.3095 -0.9509
vn 0.5585 -0.0000 -0.8295
vn 0.5079 -0.3795 -0.7733
vn -0.0000 0.3095 -0.9509
vn -0.0000 0.7014 -0.7128
vn 0.3295 0.7562 -0.5654
vn 0.5079 0.3796 -0.7733
vn 0.8875 -0.4608 -0.0000
vn 0.5705 -0.8213 -0.0000
vn 0.8875 0.4608 -0.0000
vn 0.5705 0.8213 -0.0000
vn 0.5079 -0.3796 0.7733
vn 0.3295 -0.7562 0.5654
vn 0.5079 0.3796 0.7733
vn 0.5585 -0.0000 0.8295
vn 0.3295 0.7562 0.5654
vn -0.0000 -0.3095 0.9509
vn -0.0000 -0.7014 0.7128
vn -0.0000 0.3095 0.9509
vn -0.0000 0.7014 0.7128
vn -0.5079 -0.3795 0.7733
vn -0.3295 -0.7562 0.5654
vn -0.5079 0.3796 0.7733
vn -0.5585 -0.0000 0.8295
vn -0.3295 0.7562 0.5654
vn -0.8875 0.4608 -0.0000
vn -0.5705 0.8213 -0.0000
vn -0.5705 -0.8213 -0.0000
vn -0.8875 -0.4608 -0.0000
vn -0.3295 0.7562 -0.5654
vn -0.3295 -0.7562 -0.5654
vn -0.5585 -0.0000 -0.8295
vn -0.5079 -0.3796 -0.7733
vn -0.5079 0.3796 -0.7733
vn 0.5079 -0.3796 -0.7733
vn 0.5079 0.3795 -0.7733
vn 0.5704 -0.8213 -0.0000
vn 0.3295 0.7562 0.5653
vn 0.5079 0.3795 0.7733
vn -0.5079 -0.3796 0.7733
vn -0.5079 0.3795 0.7733
vn -0.5704 -0.8213 -0.0000
vn -0.5079 0.3795 -0.7733
vn 0.3295 -0.7562 -0.5653
vn -0.3295 -0.7562 0.5653
vn -0.0000 -0.6773 0.7357
vn 0.2036 -0.6767 0.7076
vn 0.2036 0.6767 0.7076
vn -0.0000 0.6773 0.7357
vn 0.3993 -0.6749 0.6205
vn 0.3993 0.6749 0.6205
vn 0.5724 -0.6725 0.4692
vn 0.5724 0.6725 0.4692
vn 0.6968 -0.6703 0.2553
vn 0.6968 0.6703 0.2553
vn 0.7429 -0.6694 -0.0000
vn 0.7429 0.6694 -0.0000
vn 0.6968 -0.6703 -0.2553
vn 0.6968 0.6703 -0.2553
vn 0.5724 -0.6725 -0.4692
vn 0.5724 0.6725 -0.4692
vn 0.3993 -0.6749 -0.6205
vn 0.3993 0.6749 -0.6205
vn 0.2036 -0.6767 -0.7076
vn 0.2036 0.6767 -0.7076
vn -0.0000 -0.6773 -0.7357
vn -0.0000 0.6773 -0.7357
vn -0.2036 -0.6767 -0.7076
vn -0.2036 0.6767 -0.7076
vn -0.3993 -0.6749 -0.6205
vn -0.3993 0.6749 -0.6205
vn -0.5724 -0.6725 -0.4692
vn -0.5724 0.6725 -0.4692
vn -0.6968 -0.6703 -0.2553
vn -0.6968 0.6703 -0.2553
vn -0.7429 -0.6694 -0.0000
vn -0.7429 0.6694 -0.0000
vn -0.6968 -0.6703 0.2553
vn -0.6968 0.6703 0.2553
vn -0.5724 -0.6725 0.4692
vn -0.5724 0.6725 0.4692
vn -0.3993 -0.6749 0.6205
vn -0.3993 0.6749 0.6205
vn -0.2036 -0.6767 0.7076
vn -0.2036 0.6767 0.7076
vn -0.0000 -0.7395 -0.6731
vn -0.0000 0.7395 -0.6731
vn -0.1857 0.7403 -0.6462
vn -0.1857 -0.7403 -0.6462
vn -0.3623 0.7423 -0.5636
vn -0.3623 -0.7423 -0.5636
vn -0.5153 0.7453 -0.4230
vn -0.5153 -0.7453 -0.4230
vn -0.6230 0.7481 -0.2286
vn -0.6230 -0.7481 -0.2286
vn -0.6623 0.7493 -0.0000
vn -0.6623 -0.7493 -0.0000
vn -0.6230 0.7481 0.2286
vn -0.6230 -0.7481 0.2286
vn -0.5153 0.7453 0.4230
vn -0.5153 -0.7453 0.4230
vn -0.3623 0.7423 0.5636
vn -0.3623 -0.7423 0.5636
vn -0.1857 0.7403 0.6462
vn -0.1857 -0.7403 0.6462
vn -0.0000 0.7395 0.6731
vn -0.0000 -0.7395 0.6731
vn 0.1857 0.7403 0.6462
vn 0.1857 -0.7403 0.6462
vn 0.3623 0.7423 0.5636
vn 0.3623 -0.7423 0.5636
vn 0.5153 0.7453 0.4230
vn 0.5153 -0.7453 0.4230
vn 0.6230 0.7481 0.2286
vn 0.6230 -0.7481 0.2286
vn 0.6623 0.7493 -0.0000
vn 0.6623 -0.7493 -0.0000
vn 0.6230 0.7481 -0.2286
vn 0.6230 -0.7481 -0.2286
vn 0.5153 0.7453 -0.4230
vn 0.5153 -0.7453 -0.4230
vn 0.3623 0.7423 -0.5636
vn 0.3623 -0.7423 -0.5636
vn 0.1857 0.7403 -0.6462
vn 0.1857 -0.7403 -0.6462
vn -0.5774 -0.5774 0.5774
vn -0.5774 0.5774 0.5774
vn -0.5774 0.5774 -0.5774
vn -0.5774 -0.5774 -0.5774
vn 0.5774 0.5774 -0.5774
vn 0.5774 -0.5774 -0.5774
vn 0.5774 0.5774 0.5774
vn 0.5774 -0.5774 0.5774
vn -0.0000 -0.6845 0.7290
vn 0.2057 -0.6841 0.6998
vn 0.2821 0.0195 0.9592
vn -0.0000 0.0193 0.9998
vn 0.4013 -0.6828 0.6105
vn 0.5495 0.0200 0.8352
vn 0.5710 -0.6810 0.4584
vn 0.7800 0.0206 0.6255
vn 0.6906 -0.6795 0.2478
vn 0.9411 0.0212 0.3374
vn 0.7343 -0.6788 -0.0000
vn 0.9998 0.0214 -0.0000
vn 0.6906 -0.6795 -0.2478
vn 0.9411 0.0212 -0.3374
vn 0.5710 -0.6810 -0.4584
vn 0.7800 0.0206 -0.6255
vn 0.4013 -0.6828 -0.6105
vn 0.5495 0.0200 -0.8352
vn 0.2057 -0.6841 -0.6998
vn 0.2821 0.0195 -0.9592
vn -0.0000 -0.6845 -0.7290
vn -0.0000 0.0193 -0.9998
vn -0.2057 -0.6841 -0.6998
vn -0.2821 0.0195 -0.9592
vn -0.4013 -0.6828 -0.6105
vn -0.5495 0.0200 -0.8352
vn -0.5710 -0.6810 -0.4584
vn -0.7800 0.0206 -0.6255
vn -0.6906 -0.6795 -0.2478
vn -0.9411 0.0212 -0.3374
vn -0.7343 -0.6788 -0.0000
vn -0.9998 0.0214 -0.0000
vn -0.6906 -0.6795 0.2478
vn -0.9411 0.0212 0.3374
vn -0.5710 -0.6810 0.4584
vn -0.7800 0.0206 0.6255
vn -0.4013 -0.6828 0.6105
vn -0.5495 0.0200 0.8352
vn -0.2057 -0.6841 0.6998
vn -0.2821 0.0195 0.9592
vn 0.1981 0.7109 0.6748
vn -0.0000 0.7111 0.7031
vn 0.3864 0.7102 0.5885
vn 0.5495 0.7093 0.4415
vn 0.6642 0.7084 0.2386
vn 0.7061 0.7081 -0.0000
vn 0.6642 0.7084 -0.2386
vn 0.5495 0.7093 -0.4415
vn 0.3864 0.7102 -0.5885
vn 0.1981 0.7109 -0.6748
vn -0.0000 0.7111 -0.7031
vn -0.1981 0.7109 -0.6748
vn -0.3864 0.7102 -0.5885
vn -0.5495 0.7093 -0.4415
vn -0.6642 0.7084 -0.2386
vn -0.7061 0.7081 -0.0000
vn -0.6642 0.7084 0.2386
vn -0.5495 0.7093 0.4415
vn -0.3864 0.7102 0.5885
vn -0.1981 0.7109 0.6748
vn -0.0000 -0.7323 -0.6810
vn -0.0000 -0.0193 -0.9998
vn -0.2819 -0.0195 -0.9593
vn -0.1917 -0.7329 -0.6528
vn -0.5491 -0.0200 -0.8355
vn -0.3725 -0.7344 -0.5673
vn -0.7795 -0.0206 -0.6260
vn -0.5271 -0.7366 -0.4237
vn -0.9410 -0.0212 -0.3379
vn -0.6344 -0.7387 -0.2280
vn -0.9998 -0.0214 -0.0000
vn -0.6732 -0.7395 -0.0000
vn -0.9410 -0.0212 0.3379
vn -0.6344 -0.7387 0.2280
vn -0.7795 -0.0206 0.6260
vn -0.5271 -0.7366 0.4237
vn -0.5491 -0.0200 0.8355
vn -0.3725 -0.7344 0.5673
vn -0.2819 -0.0195 0.9593
vn -0.1917 -0.7329 0.6528
vn -0.0000 -0.0193 0.9998
vn -0.0000 -0.7323 0.6810
vn 0.2819 -0.0195 0.9593
vn 0.1917 -0.7329 0.6528
vn 0.5491 -0.0200 0.8355
vn 0.3725 -0.7344 0.5673
vn 0.7795 -0.0206 0.6260
vn 0.5271 -0.7366 0.4237
vn 0.9410 -0.0212 0.3379
vn 0.6344 -0.7387 0.2280
vn 0.9998 -0.0214 -0.0000
vn 0.6732 -0.7395 -0.0000
vn 0.9410 -0.0212 -0.3379
vn 0.6344 -0.7387 -0.2280
vn 0.7795 -0.0206 -0.6260
vn 0.5271 -0.7366 -0.4237
vn 0.5491 -0.0200 -0.8355
vn 0.3725 -0.7344 -0.5673
vn 0.2819 -0.0195 -0.9593
vn 0.1917 -0.7329 -0.6528
vn -0.0000 0.7041 -0.7101
vn -0.1999 0.7044 -0.6811
vn -0.3890 0.7052 -0.5927
vn -0.5515 0.7065 -0.4435
vn -0.6648 0.7077 -0.2391
vn -0.7060 0.7082 -0.0000
vn -0.6648 0.7077 0.2391
vn -0.5515 0.7065 0.4435
vn -0.3890 0.7052 0.5927
vn -0.1999 0.7044 0.6811
vn -0.0000 0.7041 0.7101
vn 0.1999 0.7044 0.6811
vn 0.3890 0.7052 0.5927
vn 0.5515 0.7065 0.4435
vn 0.6648 0.7077 0.2391
vn 0.7060 0.7082 -0.0000
vn 0.6648 0.7077 -0.2391
vn 0.5515 0.7065 -0.4435
vn 0.3890 0.7052 -0.5927
vn 0.1999 0.7044 -0.6811
vn -0.0000 -0.6873 0.7264
vn 0.3632 -0.6873 0.6290
vn 0.3931 0.6179 0.6810
vn -0.0000 0.6179 0.7863
vn 0.6290 -0.6873 0.3632
vn 0.6809 0.6179 0.3931
vn 0.7264 -0.6873 -0.0000
vn 0.7863 0.6179 -0.0000
vn 0.6290 -0.6873 -0.3632
vn 0.6809 0.6179 -0.3931
vn 0.3632 -0.6873 -0.6290
vn 0.3931 0.6179 -0.6810
vn -0.0000 -0.6873 -0.7264
vn -0.0000 0.6179 -0.7863
vn -0.3632 -0.6873 -0.6290
vn -0.3931 0.6179 -0.6810
vn -0.6290 -0.6873 -0.3632
vn -0.6809 0.6179 -0.3931
vn -0.7264 -0.6873 -0.0000
vn -0.7863 0.6179 -0.0000
vn -0.6290 -0.6873 0.3632
vn -0.6809 0.6179 0.3931
vn -0.3632 -0.6873 0.6290
vn -0.3931 0.6179 0.6810
vn -0.0000 -0.7346 -0.6785
vn -0.0000 0.8035 -0.5954
vn -0.2977 0.8035 -0.5156
vn -0.3392 -0.7346 -0.5876
vn -0.5156 0.8035 -0.2977
vn -0.5876 -0.7346 -0.3392
vn -0.5954 0.8035 -0.0000
vn -0.6785 -0.7346 -0.0000
vn -0.5156 0.8035 0.2977
vn -0.5876 -0.7346 0.3392
vn -0.2977 0.8035 0.5156
vn -0.3392 -0.7346 0.5876
vn -0.0000 0.8035 0.5954
vn -0.0000 -0.7346 0.6785
vn 0.2977 0.8035 0.5156
vn 0.3392 -0.7346 0.5876
vn 0.5156 0.8035 0.2977
vn 0.5876 -0.7346 0.3392
vn 0.5954 0.8035 -0.0000
vn 0.6785 -0.7346 -0.0000
vn 0.5156 0.8035 -0.2977
vn 0.5876 -0.7346 -0.3392
vn 0.2977 0.8035 -0.5156
vn 0.3392 -0.7346 -0.5876
vn -0.0000 -0.6532 0.7572
vn 0.3786 -0.6532 0.6557
vn 0.3786 0.6532 0.6557
vn -0.0000 0.6532 0.7572
vn 0.6557 -0.6532 0.3786
vn 0.6557 0.6532 0.3786
vn 0.7572 -0.6532 -0.0000
vn 0.7572 0.6532 -0.0000
vn 0.6557 -0.6532 -0.3786
vn 0.6557 0.6532 -0.3786
vn 0.3786 -0.6532 -0.6557
vn 0.3786 0.6532 -0.6557
vn -0.0000 -0.6532 -0.7572
vn -0.0000 0.6532 -0.7572
vn -0.3786 -0.6532 -0.6557
vn -0.3786 0.6532 -0.6557
vn -0.6557 -0.6532 -0.3786
vn -0.6557 0.6532 -0.3786
vn -0.7572 -0.6532 -0.0000
vn -0.7572 0.6532 -0.0000
vn -0.6557 -0.6532 0.3786
vn -0.6557 0.6532 0.3786
vn -0.3786 -0.6532 0.6557
vn -0.3786 0.6532 0.6557
vn -0.0000 -0.7703 -0.6377
vn -0.0000 0.7703 -0.6377
vn -0.3189 0.7703 -0.5523
vn -0.3189 -0.7703 -0.5523
vn -0.5523 0.7703 -0.3189
vn -0.5523 -0.7703 -0.3189
vn -0.6377 0.7703 -0.0000
vn -0.6377 -0.7703 -0.0000
vn -0.5523 0.7703 0.3189
vn -0.5523 -0.7703 0.3189
vn -0.3189 0.7703 0.5523
vn -0.3189 -0.7703 0.5523
vn -0.0000 0.7703 0.6377
vn -0.0000 -0.7703 0.6377
vn 0.3189 0.7703 0.5523
vn 0.3189 -0.7703 0.5523
vn 0.5523 0.7703 0.3189
vn 0.5523 -0.7703 0.3189
vn 0.6377 0.7703 -0.0000
vn 0.6377 -0.7703 -0.0000
vn 0.5523 0.7703 -0.3189
vn 0.5523 -0.7703 -0.3189
vn 0.3189 0.7703 -0.5523
vn 0.3189 -0.7703 -0.5523
vn -0.0000 0.5221 -0.8529
vn -0.0000 0.8252 -0.5648
vn 0.1913 0.8400 -0.5078
vn 0.3083 0.5502 -0.7760
vn -0.0000 -0.8252 -0.5648
vn -0.0000 -0.5221 -0.8529
vn 0.3083 -0.5502 -0.7760
vn 0.1913 -0.8400 -0.5078
vn -0.0000 -0.2455 -0.9694
vn 0.3751 -0.0000 -0.9270
vn 0.3607 -0.2643 -0.8944
vn -0.0000 0.2455 -0.9694
vn 0.3607 0.2643 -0.8944
vn 0.7791 -0.0000 -0.6269
vn 0.7378 -0.3126 -0.5982
vn 0.6051 0.6163 -0.5040
vn 0.7378 0.3126 -0.5982
vn 0.3646 0.8733 -0.3231
vn 0.3646 -0.8733 -0.3231
vn 0.6051 -0.6163 -0.5040
vn 0.4497 -0.8932 -0.0000
vn 0.9393 -0.3430 -0.0000
vn 0.7552 -0.6555 -0.0000
vn 0.9393 0.3430 -0.0000
vn 0.4497 0.8932 -0.0000
vn 0.7552 0.6555 -0.0000
vn 0.7378 0.3126 0.5982
vn 0.7791 -0.0000 0.6269
vn 0.3646 0.8733 0.3231
vn 0.6051 0.6163 0.5040
vn 0.6051 -0.6163 0.5040
vn 0.3646 -0.8733 0.3231
vn 0.7378 -0.3126 0.5982
vn 0.3083 -0.5502 0.7760
vn 0.1913 -0.8400 0.5078
vn 0.3751 -0.0000 0.9270
vn 0.3607 -0.2643 0.8944
vn 0.3083 0.5502 0.7760
vn 0.3607 0.2643 0.8944
vn 0.1913 0.8400 0.5078
vn -0.0000 0.5221 0.8529
vn -0.0000 0.2455 0.9694
vn -0.0000 0.8252 0.5648
vn -0.0000 -0.8252 0.5648
vn -0.0000 -0.2455 0.9694
vn -0.0000 -0.5221 0.8529
vn -0.1913 -0.8400 0.5078
vn -0.3607 -0.2643 0.8944
vn -0.3083 -0.5502 0.7760
vn -0.3607 0.2643 0.8944
vn -0.3751 -0.0000 0.9270
vn -0.1913 0.8400 0.5078
vn -0.3083 0.5502 0.7760
vn -0.3646 0.8733 0.3231
vn -0.6051 0.6163 0.5040
vn -0.6051 -0.6163 0.5040
vn -0.3646 -0.8733 0.3231
vn -0.7791 -0.0000 0.6269
vn -0.7378 -0.3126 0.5982
vn -0.7378 0.3126 0.5982
vn -0.7552 -0.6555 -0.0000
vn -0.4497 -0.8932 -0.0000
vn -0.9393 -0.3430 -0.0000
vn -0.7552 0.6555 -0.0000
vn -0.9393 0.3430 -0.0000
vn -0.4497 0.8932 -0.0000
vn -0.3646 0.8733 -0.3231
vn -0.3646 -0.8733 -0.3231
vn -0.7378 -0.3126 -0.5982
vn -0.6051 -0.6163 -0.5040
vn -0.7378 0.3126 -0.5982
vn -0.7791 -0.0000 -0.6269
vn -0.6051 0.6163 -0.5040
vn -0.3607 -0.2643 -0.8944
vn -0.3083 -0.5502 -0.7760
vn -0.3607 0.2643 -0.8944
vn -0.3751 -0.0000 -0.9270
vn -0.1913 0.8400 -0.5078
vn -0.3083 0.5502 -0.7760
vn -0.1913 -0.8400 -0.5078
vn -0.0000 -0.8438 -0.5367
vn 0.3155 -0.8438 -0.4342
vn -0.0000 -0.4791 -0.8778
vn 0.5878 -0.0000 -0.8090
vn 0.5159 -0.4791 -0.7101
vn -0.0000 0.4791 -0.8778
vn -0.0000 0.8438 -0.5367
vn 0.3155 0.8438 -0.4342
vn 0.5159 0.4791 -0.7101
vn 0.9511 -0.0000 -0.3090
vn 0.8348 -0.4791 -0.2712
vn 0.5104 0.8438 -0.1659
vn 0.8348 0.4791 -0.2712
vn 0.5104 -0.8438 -0.1659
vn 0.5104 0.8438 0.1659
vn 0.8348 0.4791 0.2712
vn 0.8348 -0.4791 0.2712
vn 0.5104 -0.8438 0.1659
vn 0.9511 -0.0000 0.3090
vn 0.5159 -0.4791 0.7101
vn 0.3155 -0.8438 0.4342
vn 0.5159 0.4791 0.7101
vn 0.5878 -0.0000 0.8090
vn 0.3155 0.8438 0.4342
vn -0.0000 -0.4791 0.8778
vn -0.0000 -0.8438 0.5367
vn -0.0000 0.4791 0.8778
vn -0.0000 0.8438 0.5367
vn -0.5159 -0.4791 0.7101
vn -0.3155 -0.8438 0.4342
vn -0.5159 0.4791 0.7101
vn -0.5878 -0.0000 0.8090
vn -0.3155 0.8438 0.4342
vn -0.8348 -0.4791 0.2712
vn -0.5104 -0.8438 0.1659
vn -0.8348 0.4791 0.2712
vn -0.9511 -0.0000 0.3090
vn -0.5104 0.8438 0.1659
vn -0.8348 0.4791 -0.2712
vn -0.9511 -0.0000 -0.3090
vn -0.5104 0.8438 -0.1659
vn -0.5104 -0.8438 -0.1659
vn -0.8348 -0.4791 -0.2712
vn -0.3155 0.8438 -0.4342
vn -0.3155 -0.8438 -0.4342
vn -0.5878 -0.0000 -0.8090
vn -0.5159 -0.4791 -0.7101
vn -0.5159 0.4791 -0.7101
vn 0.4138 0.4931 -0.7653
vn -0.4138 -0.4931 -0.7653
vn -0.7583 -0.2040 -0.6191
vn 0.0692 0.7822 -0.6191
vn -0.9713 -0.0253 -0.2365
vn -0.1438 0.9609 -0.2365
vn -0.9713 -0.0253 0.2365
vn -0.1438 0.9609 0.2365
vn -0.7583 -0.2040 0.6191
vn 0.0692 0.7822 0.6191
vn -0.4138 -0.4931 0.7653
vn 0.4138 0.4931 0.7653
vn -0.0692 -0.7822 0.6191
vn 0.7583 0.2040 0.6191
vn 0.1438 -0.9609 0.2365
vn 0.9713 0.0253 0.2365
vn 0.1438 -0.9609 -0.2365
vn 0.9713 0.0253 -0.2365
vn -0.0692 -0.7822 -0.6191
vn 0.7583 0.2040 -0.6191
vn 0.4199 0.5004 -0.7572
vn -0.4199 -0.5004 -0.7572
vn -0.7099 -0.2571 -0.6557
vn 0.1299 0.7437 -0.6557
vn -0.9222 -0.0789 -0.3786
vn -0.0824 0.9219 -0.3786
vn -0.9999 -0.0137 -0.0000
vn -0.1601 0.9871 -0.0000
vn -0.9222 -0.0789 0.3786
vn -0.0824 0.9219 0.3786
vn -0.7099 -0.2571 0.6557
vn 0.1299 0.7437 0.6557
vn -0.4199 -0.5004 0.7572
vn 0.4199 0.5004 0.7572
vn -0.1299 -0.7437 0.6557
vn 0.7099 0.2571 0.6557
vn 0.0824 -0.9219 0.3786
vn 0.9222 0.0789 0.3786
vn 0.1601 -0.9871 -0.0000
vn 0.9999 0.0137 -0.0000
vn 0.0824 -0.9219 -0.3786
vn 0.9222 0.0789 -0.3786
vn -0.1299 -0.7437 -0.6557
vn 0.7099 0.2571 -0.6557
vn -0.0000 0.8248 -0.5654
vn 0.1743 0.8417 -0.5109
vn -0.0000 -0.8248 -0.5654
vn 0.1743 -0.8417 -0.5109
vn -0.0000 -0.5204 -0.8539
vn -0.0000 -0.2443 -0.9697
vn 0.3353 -0.2663 -0.9037
vn 0.2851 -0.5533 -0.7827
vn -0.0000 0.2443 -0.9697
vn 0.3353 0.2663 -0.9037
vn 0.3492 -0.0000 -0.9371
vn -0.0000 0.5204 -0.8539
vn 0.2851 0.5533 -0.7827
vn 0.7118 0.3265 -0.6219
vn 0.7566 -0.0000 -0.6539
vn 0.3384 0.8808 -0.3313
vn 0.5735 0.6332 -0.5198
vn 0.5735 -0.6332 -0.5198
vn 0.3384 -0.8808 -0.3313
vn 0.7118 -0.3265 -0.6219
vn 0.7310 -0.6823 -0.0000
vn 0.4252 -0.9051 -0.0000
vn 0.9307 -0.3658 -0.0000
vn 0.7310 0.6823 -0.0000
vn 0.9307 0.3658 -0.0000
vn 0.4252 0.9051 -0.0000
vn 0.5735 0.6332 0.5198
vn 0.7118 0.3265 0.6219
vn 0.3384 0.8808 0.3313
vn 0.3384 -0.8808 0.3313
vn 0.7118 -0.3265 0.6219
vn 0.5735 -0.6332 0.5198
vn 0.7566 -0.0000 0.6539
vn 0.1743 -0.8417 0.5109
vn 0.3353 -0.2663 0.9037
vn 0.2851 -0.5533 0.7827
vn 0.3353 0.2663 0.9037
vn 0.3492 -0.0000 0.9371
vn 0.1743 0.8417 0.5109
vn 0.2851 0.5533 0.7827
vn -0.0000 0.8248 0.5654
vn -0.0000 0.5204 0.8539
vn -0.0000 -0.5204 0.8539
vn -0.0000 -0.8248 0.5654
vn -0.0000 -0.2443 0.9697
vn -0.0000 0.2443 0.9697
vn -0.2851 -0.5533 0.7827
vn -0.1743 -0.8417 0.5109
vn -0.3492 -0.0000 0.9371
vn -0.3353 -0.2663 0.9037
vn -0.2851 0.5533 0.7827
vn -0.3353 0.2663 0.9037
vn -0.1743 0.8417 0.5109
vn -0.3384 0.8808 0.3313
vn -0.3384 -0.8808 0.3313
vn -0.7118 -0.3265 0.6219
vn -0.5735 -0.6332 0.5198
vn -0.7118 0.3265 0.6219
vn -0.7566 -0.0000 0.6539
vn -0.5735 0.6332 0.5198
vn -0.9307 -0.3658 -0.0000
vn -0.7310 -0.6823 -0.0000
vn -0.9307 0.3658 -0.0000
vn -0.4252 0.9051 -0.0000
vn -0.7310 0.6823 -0.0000
vn -0.4252 -0.9051 -0.0000
vn -0.5735 -0.6332 -0.5198
vn -0.3384 -0.8808 -0.3313
vn -0.7566 -0.0000 -0.6539
vn -0.7118 -0.3265 -0.6219
vn -0.5735 0.6332 -0.5198
vn -0.7118 0.3265 -0.6219
vn -0.3384 0.8808 -0.3313
vn -0.3492 -0.0000 -0.9371
vn -0.3353 -0.2663 -0.9037
vn -0.2851 0.5533 -0.7827
vn -0.3353 0.2663 -0.9037
vn -0.1743 0.8417 -0.5109
vn -0.1743 -0.8417 -0.5109
vn -0.2851 -0.5533 -0.7827
vn 0.3921 0.4673 -0.7924
vn -0.3921 -0.4673 -0.7924
vn -0.9178 -0.0262 -0.3962
vn -0.1336 0.9084 -0.3962
vn -0.9178 -0.0262 0.3962
vn -0.1336 0.9084 0.3962
vn -0.3921 -0.4673 0.7924
vn 0.3921 0.4673 0.7924
vn 0.1336 -0.9084 0.3962
vn 0.9178 0.0262 0.3962
vn 0.1336 -0.9084 -0.3962
vn 0.9178 0.0262 -0.3962
vn -0.0000 0.8295 -0.5585
vn 0.4837 0.8295 -0.2793
vn -0.0000 -0.8295 -0.5585
vn 0.4837 -0.8295 -0.2793
vn -0.0000 -0.4671 -0.8842
vn 0.7657 -0.4671 -0.4421
vn -0.0000 0.4671 -0.8842
vn 0.7657 0.4671 -0.4421
vn 0.4837 -0.8295 0.2793
vn 0.7657 -0.4671 0.4421
vn 0.4837 0.8295 0.2793
vn 0.7657 0.4671 0.4421
vn -0.0000 -0.4671 0.8842
vn -0.0000 0.8295 0.5585
vn -0.0000 0.4671 0.8842
vn -0.0000 -0.8295 0.5585
vn -0.4837 0.8295 0.2793
vn -0.7657 0.4671 0.4421
vn -0.7657 -0.4671 0.4421
vn -0.4837 -0.8295 0.2793
vn -0.7657 -0.4671 -0.4421
vn -0.4837 -0.8295 -0.2793
vn -0.7657 0.4671 -0.4421
vn -0.4837 0.8295 -0.2793
vn 0.8231 -0.1485 -0.5481
vn -0.3375 -0.2990 -0.8926
vn -0.4811 0.4657 -0.7427
vn 0.6795 0.6162 -0.3982
vn -0.7239 0.6895 -0.0224
vn 0.4367 0.8400 0.3221
vn -0.8231 0.1485 0.5481
vn 0.3375 0.2990 0.8926
vn -0.6795 -0.6162 0.3982
vn 0.4811 -0.4657 0.7427
vn -0.4367 -0.8400 -0.3221
vn 0.7239 -0.6895 0.0224
vn -0.4138 0.4931 -0.7653
vn 0.4138 -0.4931 -0.7653
vn 0.0692 -0.7822 -0.6191
vn -0.7583 0.2040 -0.6191
vn -0.1438 -0.9609 -0.2365
vn -0.9713 0.0253 -0.2365
vn -0.1438 -0.9609 0.2365
vn -0.9713 0.0253 0.2365
vn 0.0692 -0.7822 0.6191
vn -0.7583 0.2040 0.6191
vn 0.4138 -0.4931 0.7653
vn -0.4138 0.4931 0.7653
vn 0.7583 -0.2040 0.6191
vn -0.0692 0.7822 0.6191
vn 0.9713 -0.0253 0.2365
vn 0.1438 0.9609 0.2365
vn 0.9713 -0.0253 -0.2365
vn 0.1438 0.9609 -0.2365
vn 0.7583 -0.2040 -0.6191
vn -0.0692 0.7822 -0.6191
vn -0.4199 0.5004 -0.7572
vn 0.4199 -0.5004 -0.7572
vn 0.1299 -0.7437 -0.6557
vn -0.7099 0.2571 -0.6557
vn -0.0824 -0.9219 -0.3786
vn -0.9222 0.0789 -0.3786
vn -0.1601 -0.9871 -0.0000
vn -0.9999 0.0137 -0.0000
vn -0.0824 -0.9219 0.3786
vn -0.9222 0.0789 0.3786
vn 0.1299 -0.7437 0.6557
vn -0.7099 0.2571 0.6557
vn 0.4199 -0.5004 0.7572
vn -0.4199 0.5004 0.7572
vn 0.7099 -0.2571 0.6557
vn -0.1299 0.7437 0.6557
vn 0.9222 -0.0789 0.3786
vn 0.0824 0.9219 0.3786
vn 0.9999 -0.0137 -0.0000
vn 0.1601 0.9871 -0.0000
vn 0.9222 -0.0789 -0.3786
vn 0.0824 0.9219 -0.3786
vn 0.7099 -0.2571 -0.6557
vn -0.1299 0.7437 -0.6557
vn -0.3921 0.4673 -0.7924
vn 0.3921 -0.4673 -0.7924
vn -0.1336 -0.9084 -0.3962
vn -0.9178 0.0262 -0.3962
vn -0.1336 -0.9084 0.3962
vn -0.9178 0.0262 0.3962
vn 0.3921 -0.4673 0.7924
vn -0.3921 0.4673 0.7924
vn 0.9178 -0.0262 0.3962
vn 0.1336 0.9084 0.3962
vn 0.9178 -0.0262 -0.3962
vn 0.1336 0.9084 -0.3962
vn -0.8231 -0.1485 -0.5481
vn 0.3375 -0.2990 -0.8926
vn 0.4367 -0.8400 -0.3221
vn -0.7239 -0.6895 0.0224
vn 0.6795 -0.6162 0.3982
vn -0.4811 -0.4657 0.7427
vn 0.8231 0.1485 0.5481
vn -0.3375 0.2990 0.8926
vn 0.7239 0.6895 -0.0224
vn -0.4367 0.8400 0.3221
vn 0.4811 0.4657 -0.7427
vn -0.6795 0.6162 -0.3982
vn 0.0931 0.6369 -0.7653
vn -0.0931 -0.6369 -0.7653
vn -0.5382 -0.5719 -0.6191
vn -0.3520 0.7020 -0.6191
vn -0.8133 -0.5317 -0.2365
vn -0.6271 0.7422 -0.2365
vn -0.8133 -0.5317 0.2365
vn -0.6271 0.7422 0.2365
vn -0.5382 -0.5719 0.6191
vn -0.3520 0.7020 0.6191
vn -0.0931 -0.6369 0.7653
vn 0.0931 0.6369 0.7653
vn 0.3520 -0.7020 0.6191
vn 0.5382 0.5719 0.6191
vn 0.6271 -0.7422 0.2365
vn 0.8133 0.5317 0.2365
vn 0.6271 -0.7422 -0.2365
vn 0.8133 0.5317 -0.2365
vn 0.3520 -0.7020 -0.6191
vn 0.5382 0.5719 -0.6191
vn 0.0927 0.6370 -0.7653
vn -0.0927 -0.6370 -0.7653
vn -0.5378 -0.5723 -0.6191
vn -0.3525 0.7018 -0.6191
vn -0.8129 -0.5323 -0.2365
vn -0.6276 0.7418 -0.2365
vn -0.8129 -0.5323 0.2365
vn -0.6276 0.7418 0.2365
vn -0.5378 -0.5723 0.6191
vn -0.3525 0.7018 0.6191
vn -0.0927 -0.6370 0.7653
vn 0.0927 0.6370 0.7653
vn 0.3525 -0.7018 0.6191
vn 0.5378 0.5723 0.6191
vn 0.6276 -0.7418 0.2365
vn 0.8129 0.5323 0.2365
vn 0.6276 -0.7418 -0.2365
vn 0.8129 0.5323 -0.2365
vn 0.3525 -0.7018 -0.6191
vn 0.5378 0.5723 -0.6191
vn -0.0000 -0.9081 0.4188
vn 0.1508 -0.9039 0.4003
vn 0.3156 -0.3628 0.8768
vn -0.0000 -0.3668 0.9303
vn 0.2906 -0.8926 0.3447
vn 0.5865 -0.3515 0.7297
vn 0.4055 -0.8782 0.2537
vn 0.7862 -0.3371 0.5179
vn 0.4811 -0.8663 0.1345
vn 0.9055 -0.3278 0.2693
vn 0.5074 -0.8617 -0.0000
vn 0.9428 -0.3332 0.0053
vn 0.4811 -0.8663 -0.1345
vn 0.8982 -0.3571 -0.2564
vn 0.4055 -0.8782 -0.2537
vn 0.7728 -0.3940 -0.4975
vn 0.2906 -0.8926 -0.3447
vn 0.5712 -0.4321 -0.6979
vn 0.1508 -0.9039 -0.4003
vn 0.3052 -0.4598 -0.8340
vn -0.0000 -0.9081 -0.4188
vn -0.0000 -0.4698 -0.8828
vn -0.1508 -0.9039 -0.4003
vn -0.3052 -0.4598 -0.8340
vn -0.2906 -0.8926 -0.3447
vn -0.5712 -0.4321 -0.6979
vn -0.4055 -0.8782 -0.2537
vn -0.7728 -0.3940 -0.4975
vn -0.4811 -0.8663 -0.1345
vn -0.8982 -0.3571 -0.2564
vn -0.5074 -0.8617 -0.0000
vn -0.9428 -0.3332 0.0053
vn -0.4811 -0.8663 0.1345
vn -0.9055 -0.3278 0.2693
vn -0.4055 -0.8782 0.2537
vn -0.7862 -0.3371 0.5179
vn -0.2906 -0.8926 0.3447
vn -0.5865 -0.3515 0.7297
vn -0.1508 -0.9039 0.4003
vn -0.3156 -0.3628 0.8768
vn 0.3146 0.3720 0.8733
vn -0.0000 0.3844 0.9232
vn 0.5897 0.3354 0.7346
vn 0.8010 0.2778 0.5304
vn 0.9366 0.2072 0.2825
vn 0.9905 0.1371 0.0094
vn 0.9590 0.0810 -0.2716
vn 0.8395 0.0458 -0.5415
vn 0.6306 0.0292 -0.7756
vn 0.3407 0.0241 -0.9399
vn -0.0000 0.0232 -0.9997
vn -0.3407 0.0241 -0.9399
vn -0.6306 0.0292 -0.7756
vn -0.8395 0.0458 -0.5415
vn -0.9590 0.0810 -0.2716
vn -0.9905 0.1371 0.0094
vn -0.9366 0.2072 0.2825
vn -0.8010 0.2778 0.5304
vn -0.5897 0.3354 0.7346
vn -0.3146 0.3720 0.8733
vn 0.2310 0.7272 0.6464
vn -0.0000 0.7408 0.6717
vn 0.4543 0.6868 0.5675
vn 0.6540 0.6228 0.4295
vn 0.8055 0.5446 0.2337
vn 0.8845 0.4664 -0.0062
vn 0.8762 0.4012 -0.2672
vn 0.7749 0.3557 -0.5226
vn 0.5830 0.3300 -0.7424
vn 0.3144 0.3192 -0.8940
vn -0.0000 0.3167 -0.9485
vn -0.3144 0.3192 -0.8940
vn -0.5830 0.3300 -0.7424
vn -0.7749 0.3557 -0.5226
vn -0.8762 0.4012 -0.2672
vn -0.8845 0.4664 -0.0062
vn -0.8055 0.5446 0.2337
vn -0.6540 0.6228 0.4295
vn -0.4543 0.6868 0.5675
vn -0.2310 0.7272 0.6464
vn 0.2538 0.6065 0.7534
vn -0.0000 0.6182 0.7860
vn 0.4935 0.5725 0.6548
vn 0.7004 0.5193 0.4898
vn 0.8510 0.4537 0.2645
vn 0.9227 0.3855 -0.0037
vn 0.9010 0.3247 -0.2878
vn 0.7834 0.2776 -0.5560
vn 0.5791 0.2462 -0.7772
vn 0.3080 0.2290 -0.9234
vn -0.0000 0.2235 -0.9747
vn -0.3080 0.2290 -0.9234
vn -0.5791 0.2462 -0.7772
vn -0.7834 0.2776 -0.5560
vn -0.9010 0.3247 -0.2878
vn -0.9227 0.3855 -0.0037
vn -0.8510 0.4537 0.2645
vn -0.7004 0.5193 0.4898
vn -0.4935 0.5725 0.6548
vn -0.2538 0.6065 0.7534
vn 0.2838 -0.4667 0.8377
vn -0.0000 -0.4584 0.8887
vn 0.5277 -0.4894 0.6943
vn 0.7029 -0.5211 0.4842
vn 0.7970 -0.5547 0.2389
vn 0.8118 -0.5838 -0.0135
vn 0.7551 -0.6050 -0.2526
vn 0.6352 -0.6179 -0.4634
vn 0.4604 -0.6240 -0.6314
vn 0.2424 -0.6261 -0.7411
vn -0.0000 -0.6265 -0.7794
vn -0.2424 -0.6261 -0.7411
vn -0.4604 -0.6240 -0.6314
vn -0.6352 -0.6179 -0.4634
vn -0.7551 -0.6050 -0.2526
vn -0.8118 -0.5838 -0.0135
vn -0.7970 -0.5547 0.2389
vn -0.7029 -0.5211 0.4842
vn -0.5277 -0.4894 0.6943
vn -0.2838 -0.4667 0.8377
vn 0.2537 -0.5708 0.7809
vn -0.0000 -0.5708 0.8211
vn 0.4826 -0.5708 0.6643
vn 0.6643 -0.5708 0.4826
vn 0.7809 -0.5708 0.2537
vn 0.8211 -0.5708 -0.0000
vn 0.7809 -0.5708 -0.2537
vn 0.6643 -0.5708 -0.4826
vn 0.4826 -0.5708 -0.6643
vn 0.2537 -0.5708 -0.7809
vn -0.0000 -0.5708 -0.8211
vn -0.2537 -0.5708 -0.7809
vn -0.4826 -0.5708 -0.6643
vn -0.6643 -0.5708 -0.4826
vn -0.7809 -0.5708 -0.2537
vn -0.8211 -0.5708 -0.0000
vn -0.7809 -0.5708 0.2537
vn -0.6643 -0.5708 0.4826
vn -0.4826 -0.5708 0.6643
vn -0.2537 -0.5708 0.7809
vn 0.2228 0.6930 0.6857
vn -0.0000 0.6930 0.7209
vn 0.4238 0.6930 0.5833
vn 0.5833 0.6930 0.4238
vn 0.6857 0.6930 0.2228
vn 0.7209 0.6930 -0.0000
vn 0.6857 0.6930 -0.2228
vn 0.5833 0.6930 -0.4238
vn 0.4238 0.6930 -0.5833
vn 0.2228 0.6930 -0.6857
vn -0.0000 0.6930 -0.7209
vn -0.2228 0.6930 -0.6857
vn -0.4238 0.6930 -0.5833
vn -0.5833 0.6930 -0.4238
vn -0.6857 0.6930 -0.2228
vn -0.7209 0.6930 -0.0000
vn -0.6857 0.6930 0.2228
vn -0.5833 0.6930 0.4238
vn -0.4238 0.6930 0.5833
vn -0.2228 0.6930 0.6857
vn -0.0931 0.6369 -0.7653
vn 0.0931 -0.6369 -0.7653
vn -0.3520 -0.7020 -0.6191
vn -0.5382 0.5719 -0.6191
vn -0.6271 -0.7422 -0.2365
vn -0.8133 0.5317 -0.2365
vn -0.6271 -0.7422 0.2365
vn -0.8133 0.5317 0.2365
vn -0.3520 -0.7020 0.6191
vn -0.5382 0.5719 0.6191
vn 0.0931 -0.6369 0.7653
vn -0.0931 0.6369 0.7653
vn 0.5382 -0.5719 0.6191
vn 0.3520 0.7020 0.6191
vn 0.8133 -0.5317 0.2365
vn 0.6271 0.7422 0.2365
vn 0.8133 -0.5317 -0.2365
vn 0.6271 0.7422 -0.2365
vn 0.5382 -0.5719 -0.6191
vn 0.3520 0.7020 -0.6191
vn -0.0927 0.6370 -0.7653
vn 0.0927 -0.6370 -0.7653
vn -0.3525 -0.7018 -0.6191
vn -0.5378 0.5723 -0.6191
vn -0.6276 -0.7418 -0.2365
vn -0.8129 0.5323 -0.2365
vn -0.6276 -0.7418 0.2365
vn -0.8129 0.5323 0.2365
vn -0.3525 -0.7018 0.6191
vn -0.5378 0.5723 0.6191
vn 0.0927 -0.6370 0.7653
vn -0.0927 0.6370 0.7653
vn 0.5378 -0.5723 0.6191
vn 0.3525 0.7018 0.6191
vn 0.8129 -0.5323 0.2365
vn 0.6276 0.7418 0.2365
vn 0.8129 -0.5323 -0.2365
vn 0.6276 0.7418 -0.2365
vn 0.5378 -0.5723 -0.6191
vn 0.3525 0.7018 -0.6191
vt 0.000000 0.000000
vt 1.000000 0.500000
vt 1.000000 1.000000
vt 0.900000 1.000000
vt 0.900000 0.500000
vt 0.800000 1.000000
vt 0.800000 0.500000
vt 0.700000 1.000000
vt 0.700000 0.500000
vt 0.600000 1.000000
vt 0.600000 0.500000
vt 0.500000 1.000000
vt 0.500000 0.500000
vt 0.400000 1.000000
vt 0.400000 0.500000
vt 0.300000 1.000000
vt 0.300000 0.500000
vt 0.200000 1.000000
vt 0.200000 0.500000
vt 0.391068 0.444164
vt 0.250000 0.490000
vt 0.108932 0.444164
vt 0.021746 0.324164
vt 0.021746 0.175836
vt 0.108932 0.055836
vt 0.250000 0.010000
vt 0.391068 0.055836
vt 0.478254 0.175836
vt 0.478254 0.324164
vt 0.100000 1.000000
vt 0.100000 0.500000
vt -0.000000 1.000000
vt -0.000000 0.500000
vt 0.750000 0.490000
vt 0.891068 0.444164
vt 0.978254 0.324164
vt 0.978254 0.175836
vt 0.891068 0.055836
vt 0.750000 0.010000
vt 0.608932 0.055836
vt 0.521746 0.175836
vt 0.521746 0.324164
vt 0.608932 0.444164
vt 0.833333 1.000000
vt 0.833333 0.500000
vt 0.666667 1.000000
vt 0.666667 0.500000
vt 0.500000 1.000000
vt 0.500000 0.500000
vt 0.333333 1.000000
vt 0.333333 0.500000
vt 0.457846 0.370000
vt 0.042154 0.370000
vt 0.042154 0.130000
vt 0.250000 0.010000
vt 0.457846 0.130000
vt 0.166667 1.000000
vt 0.166667 0.500000
vt -0.000000 1.000000
vt -0.000000 0.500000
vt 0.957846 0.370000
vt 0.957846 0.130000
vt 0.750000 0.010000
vt 0.542154 0.130000
vt 0.542154 0.370000
vt 0.666667 0.250000
vt 0.666667 0.500000
vt 0.500000 0.500000
vt 0.500000 0.250000
vt 0.666667 0.750000
vt 0.583333 1.000000
vt 0.500000 0.750000
vt 0.583333 0.000000
vt 0.416667 1.000000
vt 0.333333 0.750000
vt 0.416667 0.000000
vt 0.333333 0.250000
vt 0.333333 0.500000
vt 0.166667 0.500000
vt 0.166667 0.250000
vt 0.250000 1.000000
vt 0.166667 0.750000
vt 0.250000 0.000000
vt 0.000000 0.500000
vt 0.000000 0.250000
vt 0.083333 1.000000
vt 0.000000 0.750000
vt 0.083333 0.000000
vt 1.000000 0.250000
vt 1.000000 0.500000
vt 0.833333 0.250000
vt 1.000000 0.750000
vt 0.916667 1.000000
vt 0.833333 0.750000
vt 0.916667 0.000000
vt 0.750000 1.000000
vt 0.750000 0.000000
vt 0.666667 0.250000
vt 0.666667 0.500000
vt 0.666667 0.750000
vt 0.333333 0.500000
vt 0.166667 0.500000
vt 0.166667 0.250000
vt 0.250000 1.000000
vt 0.166667 0.750000
vt 0.250000 0.000000
vt 0.000000 0.500000
vt 0.083333 1.000000
vt 0.083333 0.000000
vt 1.000000 0.750000
vt 0.833333 0.750000
vt 0.833333 0.500000
vt 1.000000 0.250000
vt 0.833333 0.250000
vt 0.916667 1.000000
vt 0.916667 0.000000
vt 0.750000 0.000000
vt 0.750000 1.000000
vt 0.583333 0.000000
vt 0.583333 1.000000
vt 0.416667 0.000000
vt 0.416667 1.000000
vt 0.750000 0.500000
vt 0.750000 0.625000
vt 0.666667 0.625000
vt 0.750000 0.750000
vt 0.750000 0.875000
vt 0.666667 0.875000
vt 0.750000 0.125000
vt 0.750000 0.250000
vt 0.666667 0.125000
vt 0.750000 0.375000
vt 0.666667 0.375000
vt 0.708333 1.000000
vt 0.708333 0.000000
vt 0.583333 0.250000
vt 0.583333 0.125000
vt 0.583333 0.500000
vt 0.583333 0.375000
vt 0.583333 0.750000
vt 0.583333 0.625000
vt 0.625000 1.000000
vt 0.583333 0.875000
vt 0.625000 0.000000
vt 0.541667 1.000000
vt 0.500000 0.875000
vt 0.541667 0.000000
vt 0.500000 0.125000
vt 0.500000 0.375000
vt 0.500000 0.625000
vt 0.416667 0.375000
vt 0.416667 0.250000
vt 0.416667 0.625000
vt 0.416667 0.500000
vt 0.416667 0.875000
vt 0.416667 0.750000
vt 0.416667 0.125000
vt 0.458333 1.000000
vt 0.458333 0.000000
vt 0.333333 0.250000
vt 0.333333 0.125000
vt 0.333333 0.500000
vt 0.333333 0.375000
vt 0.333333 0.750000
vt 0.333333 0.625000
vt 0.375000 1.000000
vt 0.333333 0.875000
vt 0.375000 0.000000
vt 0.250000 0.500000
vt 0.250000 0.375000
vt 0.250000 0.750000
vt 0.250000 0.625000
vt 0.291667 1.000000
vt 0.250000 0.875000
vt 0.291667 0.000000
vt 0.250000 0.125000
vt 0.250000 0.250000
vt 0.208333 0.000000
vt 0.166667 0.125000
vt 0.166667 0.375000
vt 0.166667 0.625000
vt 0.166667 0.875000
vt 0.208333 1.000000
vt 0.083333 0.625000
vt 0.083333 0.500000
vt 0.083333 0.875000
vt 0.083333 0.750000
vt 0.083333 0.250000
vt 0.083333 0.125000
vt 0.083333 0.375000
vt 0.125000 1.000000
vt 0.125000 0.000000
vt 0.000000 0.125000
vt 0.000000 0.375000
vt 0.000000 0.625000
vt 0.041667 1.000000
vt 0.000000 0.875000
vt 0.041667 0.000000
vt 1.000000 0.625000
vt 0.916667 0.750000
vt 0.916667 0.625000
vt 1.000000 0.875000
vt 0.958333 1.000000
vt 0.916667 0.875000
vt 0.958333 0.000000
vt 1.000000 0.125000
vt 0.916667 0.125000
vt 1.000000 0.375000
vt 0.916667 0.375000
vt 0.916667 0.250000
vt 0.916667 0.500000
vt 0.875000 0.000000
vt 0.833333 0.125000
vt 0.833333 0.375000
vt 0.833333 0.250000
vt 0.833333 0.625000
vt 0.833333 0.500000
vt 0.833333 0.875000
vt 0.833333 0.750000
vt 0.875000 1.000000
vt 0.791667 1.000000
vt 0.791667 0.000000
vt 0.750000 0.125000
vt 0.750000 0.250000
vt 0.687500 0.250000
vt 0.687500 0.125000
vt 0.750000 0.500000
vt 0.687500 0.500000
vt 0.687500 0.375000
vt 0.750000 0.625000
vt 0.750000 0.750000
vt 0.687500 0.750000
vt 0.687500 0.625000
vt 0.750000 0.875000
vt 0.718750 1.000000
vt 0.687500 0.875000
vt 0.718750 0.000000
vt 0.625000 0.750000
vt 0.625000 0.625000
vt 0.656250 1.000000
vt 0.625000 0.875000
vt 0.656250 0.000000
vt 0.625000 0.125000
vt 0.625000 0.375000
vt 0.625000 0.250000
vt 0.625000 0.500000
vt 0.593750 0.000000
vt 0.562500 0.125000
vt 0.562500 0.375000
vt 0.562500 0.250000
vt 0.562500 0.625000
vt 0.562500 0.500000
vt 0.562500 0.875000
vt 0.562500 0.750000
vt 0.593750 1.000000
vt 0.500000 0.875000
vt 0.500000 0.750000
vt 0.500000 0.250000
vt 0.500000 0.125000
vt 0.500000 0.500000
vt 0.500000 0.375000
vt 0.500000 0.625000
vt 0.531250 1.000000
vt 0.531250 0.000000
vt 0.437500 0.250000
vt 0.437500 0.125000
vt 0.437500 0.500000
vt 0.437500 0.375000
vt 0.437500 0.750000
vt 0.437500 0.625000
vt 0.468750 1.000000
vt 0.437500 0.875000
vt 0.468750 0.000000
vt 0.406250 1.000000
vt 0.375000 0.875000
vt 0.406250 0.000000
vt 0.375000 0.125000
vt 0.375000 0.375000
vt 0.375000 0.250000
vt 0.375000 0.625000
vt 0.375000 0.500000
vt 0.375000 0.750000
vt 0.312500 0.375000
vt 0.312500 0.250000
vt 0.312500 0.625000
vt 0.312500 0.500000
vt 0.312500 0.875000
vt 0.312500 0.750000
vt 0.312500 0.125000
vt 0.343750 1.000000
vt 0.343750 0.000000
vt 0.250000 0.250000
vt 0.250000 0.125000
vt 0.250000 0.500000
vt 0.250000 0.375000
vt 0.250000 0.750000
vt 0.250000 0.625000
vt 0.281250 1.000000
vt 0.250000 0.875000
vt 0.281250 0.000000
vt 0.187500 0.500000
vt 0.187500 0.375000
vt 0.187500 0.750000
vt 0.187500 0.625000
vt 0.218750 1.000000
vt 0.187500 0.875000
vt 0.218750 0.000000
vt 0.187500 0.125000
vt 0.187500 0.250000
vt 0.156250 0.000000
vt 0.125000 0.125000
vt 0.125000 0.375000
vt 0.125000 0.250000
vt 0.125000 0.625000
vt 0.125000 0.500000
vt 0.125000 0.875000
vt 0.125000 0.750000
vt 0.156250 1.000000
vt 0.062500 0.625000
vt 0.062500 0.500000
vt 0.062500 0.875000
vt 0.062500 0.750000
vt 0.062500 0.250000
vt 0.062500 0.125000
vt 0.062500 0.375000
vt 0.093750 1.000000
vt 0.093750 0.000000
vt 0.000000 0.125000
vt 0.000000 0.750000
vt 0.031250 1.000000
vt 0.031250 0.000000
vt 1.000000 0.750000
vt 0.937500 0.750000
vt 0.937500 0.625000
vt 0.968750 1.000000
vt 0.937500 0.875000
vt 0.968750 0.000000
vt 1.000000 0.125000
vt 0.937500 0.125000
vt 0.937500 0.375000
vt 0.937500 0.250000
vt 0.937500 0.500000
vt 0.906250 0.000000
vt 0.875000 0.125000
vt 0.875000 0.375000
vt 0.875000 0.250000
vt 0.875000 0.625000
vt 0.875000 0.500000
vt 0.875000 0.875000
vt 0.875000 0.750000
vt 0.906250 1.000000
vt 0.812500 0.875000
vt 0.812500 0.750000
vt 0.812500 0.250000
vt 0.812500 0.125000
vt 0.812500 0.500000
vt 0.812500 0.375000
vt 0.812500 0.625000
vt 0.843750 1.000000
vt 0.843750 0.000000
vt 0.781250 1.000000
vt 0.781250 0.000000
vt 0.687500 0.000000
vt 0.750000 0.166667
vt 0.625000 0.166667
vt 0.750000 0.333333
vt 0.750000 0.500000
vt 0.625000 0.333333
vt 0.750000 0.666667
vt 0.750000 0.833333
vt 0.625000 0.833333
vt 0.625000 0.666667
vt 0.687500 1.000000
vt 0.500000 0.333333
vt 0.500000 0.166667
vt 0.500000 0.666667
vt 0.562500 1.000000
vt 0.500000 0.833333
vt 0.562500 0.000000
vt 0.375000 0.333333
vt 0.375000 0.166667
vt 0.375000 0.666667
vt 0.375000 0.500000
vt 0.437500 1.000000
vt 0.375000 0.833333
vt 0.437500 0.000000
vt 0.250000 0.333333
vt 0.250000 0.166667
vt 0.250000 0.666667
vt 0.312500 1.000000
vt 0.250000 0.833333
vt 0.312500 0.000000
vt 0.125000 0.333333
vt 0.125000 0.166667
vt 0.125000 0.666667
vt 0.125000 0.500000
vt 0.187500 1.000000
vt 0.125000 0.833333
vt 0.187500 0.000000
vt 0.000000 0.666667
vt 0.062500 1.000000
vt 0.000000 0.833333
vt 0.062500 0.000000
vt 0.000000 0.166667
vt 0.000000 0.333333
vt 1.000000 0.833333
vt 0.937500 1.000000
vt 0.875000 0.833333
vt 0.937500 0.000000
vt 1.000000 0.166667
vt 0.875000 0.166667
vt 1.000000 0.333333
vt 0.875000 0.500000
vt 0.875000 0.333333
vt 1.000000 0.666667
vt 0.875000 0.666667
vt 0.812500 0.000000
vt 0.812500 1.000000
vt 0.375000 0.250000
vt 0.375000 0.750000
vt 0.125000 0.750000
vt 0.875000 0.750000
vt 0.750000 0.750000
vt 0.750000 0.250000
vt 0.458333 1.000000
vt 0.458333 0.000000
vt 0.083333 0.750000
vt 0.083333 0.250000
vt 0.083333 0.375000
vt 0.083333 0.625000
vt 0.916667 0.750000
vt 0.833333 0.375000
vt 0.833333 0.625000
vt 0.650000 0.000000
vt 0.700000 0.166667
vt 0.600000 0.166667
vt 0.700000 0.333333
vt 0.700000 0.500000
vt 0.600000 0.500000
vt 0.600000 0.333333
vt 0.700000 0.666667
vt 0.700000 0.833333
vt 0.600000 0.833333
vt 0.600000 0.666667
vt 0.650000 1.000000
vt 0.500000 0.666667
vt 0.550000 1.000000
vt 0.550000 0.000000
vt 0.400000 0.833333
vt 0.400000 0.666667
vt 0.400000 0.333333
vt 0.400000 0.166667
vt 0.400000 0.500000
vt 0.450000 1.000000
vt 0.450000 0.000000
vt 0.300000 0.333333
vt 0.300000 0.166667
vt 0.300000 0.666667
vt 0.300000 0.500000
vt 0.350000 1.000000
vt 0.300000 0.833333
vt 0.350000 0.000000
vt 0.200000 0.333333
vt 0.200000 0.166667
vt 0.200000 0.666667
vt 0.200000 0.500000
vt 0.200000 0.833333
vt 0.100000 0.333333
vt 0.100000 0.166667
vt 0.100000 0.666667
vt 0.100000 0.500000
vt 0.150000 1.000000
vt 0.100000 0.833333
vt 0.150000 0.000000
vt 0.000000 0.666667
vt 0.050000 1.000000
vt 0.050000 0.000000
vt 1.000000 0.666667
vt 0.900000 0.666667
vt 1.000000 0.833333
vt 0.950000 1.000000
vt 0.900000 0.833333
vt 0.950000 0.000000
vt 1.000000 0.166667
vt 0.900000 0.166667
vt 1.000000 0.333333
vt 0.900000 0.333333
vt 0.850000 1.000000
vt 0.800000 0.833333
vt 0.850000 0.000000
vt 0.800000 0.166667
vt 0.800000 0.500000
vt 0.800000 0.333333
vt 0.800000 0.666667
vt 0.391068 0.444164
vt 0.108932 0.444164
vt 0.021746 0.324164
vt 0.021746 0.175836
vt 0.108932 0.055836
vt 0.391068 0.055836
vt 0.478254 0.175836
vt 0.478254 0.324164
vt 0.891068 0.444164
vt 0.978254 0.324164
vt 0.978254 0.175836
vt 0.891068 0.055836
vt 0.608932 0.055836
vt 0.521746 0.175836
vt 0.521746 0.324164
vt 0.608932 0.444164
vt 0.700000 0.666667
vt 0.600000 0.666667
vt 0.400000 0.666667
vt 0.300000 0.333333
vt 0.300000 0.666667
vt 0.200000 0.666667
vt 0.100000 0.666667
vt 1.000000 0.666667
vt 0.900000 0.666667
vt 0.800000 0.666667
vt 0.700000 0.833333
vt 0.600000 0.833333
vt 0.500000 0.833333
vt 0.400000 0.333333
vt 0.400000 0.666667
vt 0.400000 0.833333
vt 0.300000 0.666667
vt 0.350000 1.000000
vt 0.300000 0.833333
vt 0.350000 0.000000
vt 0.200000 0.833333
vt 0.100000 0.833333
vt 0.050000 1.000000
vt 0.000000 0.833333
vt 0.050000 0.000000
vt 1.000000 0.833333
vt 0.900000 0.833333
vt 0.900000 0.166667
vt 0.900000 0.500000
vt 0.900000 0.333333
vt 0.900000 0.666667
vt 0.800000 0.833333
vt 0.916667 0.500000
vt 0.833333 1.000000
vt 0.750000 1.000000
vt 0.750000 0.500000
vt 0.666667 1.000000
vt 0.583333 1.000000
vt 0.583333 0.500000
vt 0.500000 1.000000
vt 0.500000 0.500000
vt 0.416667 1.000000
vt 0.416667 0.500000
vt 0.333333 1.000000
vt 0.333333 0.500000
vt 0.250000 1.000000
vt 0.250000 0.500000
vt 0.166667 1.000000
vt 0.166667 0.500000
vt 0.370000 0.457846
vt 0.130000 0.457846
vt 0.042154 0.370000
vt 0.010000 0.250000
vt 0.042154 0.130000
vt 0.130000 0.042154
vt 0.370000 0.042154
vt 0.490000 0.250000
vt 0.083333 1.000000
vt 0.083333 0.500000
vt 0.000000 1.000000
vt 0.000000 0.500000
vt 0.870000 0.457846
vt 0.990000 0.250000
vt 0.870000 0.042154
vt 0.630000 0.042154
vt 0.510000 0.250000
vt 0.630000 0.457846
vt 0.666667 0.125000
vt 0.750000 0.375000
vt 0.583333 0.125000
vt 0.500000 0.125000
vt 0.416667 0.125000
vt 0.333333 0.125000
vt 0.333333 0.625000
vt 0.250000 0.125000
vt 0.250000 0.625000
vt 0.166667 0.125000
vt 0.166667 0.625000
vt 0.083333 0.125000
vt 0.083333 0.625000
vt 0.083333 0.500000
vt 0.000000 0.625000
vt 0.916667 0.125000
vt 1.000000 0.625000
vt 0.916667 0.625000
vt 0.833333 0.625000
vt 0.833333 0.125000
vt 0.666667 0.833333
vt 0.666667 0.166667
vt 0.666667 0.333333
vt 0.666667 0.666667
vt 0.416667 0.000000
vt 0.333333 0.166667
vt 0.333333 0.333333
vt 0.333333 0.833333
vt 0.333333 0.666667
vt 0.416667 1.000000
vt 0.166667 0.333333
vt 0.166667 0.833333
vt 0.166667 0.666667
vt 0.166667 0.166667
vt 0.000000 0.833333
vt 0.000000 0.166667
vt 0.833333 0.333333
vt 0.833333 0.166667
vt 1.000000 0.666667
vt 0.833333 0.666667
vt 0.833333 0.833333
vt 0.666667 0.833333
vt 0.333333 0.833333
vt 0.166667 0.833333
vt 0.166667 0.166667
vt 0.166667 0.500000
vt 0.000000 0.833333
vt 0.833333 0.333333
vt 1.000000 0.833333
vt 0.750000 0.000000
vt 0.750000 1.000000
vt 0.400000 0.666667
vt 0.150000 0.000000
vt 0.150000 1.000000
vt 0.900000 0.833333
vt 0.900000 0.666667
vt 0.021746 0.175836
vt 0.478254 0.175836
vt 0.978254 0.175836
vt 0.521746 0.175836
vt 0.400000 0.166667
vt 0.400000 0.500000
vt 0.400000 0.833333
s 1
usemtl Body
f 1/1/1 2/1/2 24/1/3 23/1/4
f 2/1/2 3/1/5 25/1/6 24/1/3
f 3/1/5 4/1/7 26/1/8 25/1/6
f 4/1/7 5/1/9 27/1/10 26/1/8
f 5/1/9 6/1/11 28/1/12 27/1/10
f 6/1/11 7/1/13 29/1/14 28/1/12
f 7/1/13 8/1/15 30/1/16 29/1/14
f 8/1/15 9/1/17 31/1/18 30/1/16
f 9/1/17 10/1/19 32/1/20 31/1/18
f 10/1/19 11/1/21 33/1/22 32/1/20
f 11/1/21 12/1/23 34/1/24 33/1/22
f 12/1/23 13/1/25 35/1/26 34/1/24
f 13/1/25 14/1/27 36/1/28 35/1/26
f 14/1/27 15/1/29 37/1/30 36/1/28
f 15/1/29 16/1/31 38/1/32 37/1/30
f 16/1/31 17/1/33 39/1/34 38/1/32
f 17/1/33 18/1/35 40/1/36 39/1/34
f 18/1/35 19/1/37 41/1/38 40/1/36
f 19/1/37 20/1/39 42/1/40 41/1/38
f 20/1/39 21/1/41 43/1/42 42/1/40
f 21/1/41 22/1/43 44/1/44 43/1/42
f 22/1/43 1/1/1 23/1/4 44/1/44
f 23/1/4 24/1/3 46/1/45 45/1/46
f 24/1/3 25/1/6 47/1/47 46/1/45
f 25/1/6 26/1/8 48/1/48 47/1/47
f 26/1/8 27/1/10 49/1/49 48/1/48
f 27/1/10 28/1/12 50/1/50 49/1/49
f 28/1/12 29/1/14 51/1/51 50/1/50
f 29/1/14 30/1/16 52/1/52 51/1/51
f 30/1/16 31/1/18 53/1/53 52/1/52
f 31/1/18 32/1/20 54/1/54 53/1/53
f 32/1/20 33/1/22 55/1/55 54/1/54
f 33/1/22 34/1/24 56/1/56 55/1/55
f 34/1/24 35/1/26 57/1/57 56/1/56
f 35/1/26 36/1/28 58/1/58 57/1/57
f 36/1/28 37/1/30 59/1/59 58/1/58
f 37/1/30 38/1/32 60/1/60 59/1/59
f 38/1/32 39/1/34 61/1/61 60/1/60
f 39/1/34 40/1/36 62/1/62 61/1/61
f 40/1/36 41/1/38 63/1/63 62/1/62
f 41/1/38 42/1/40 64/1/64 63/1/63
f 42/1/40 43/1/42 65/1/65 64/1/64
f 43/1/42 44/1/44 66/1/66 65/1/65
f 44/1/44 23/1/4 45/1/46 66/1/66
f 45/1/46 46/1/45 68/1/67 67/1/68
f 46/1/45 47/1/47 69/1/69 68/1/67
f 47/1/47 48/1/48 70/1/70 69/1/69
f 48/1/48 49/1/49 71/1/71 70/1/70
f 49/1/49 50/1/50 72/1/72 71/1/71
f 50/1/50 51/1/51 73/1/73 72/1/72
f 51/1/51 52/1/52 74/1/74 73/1/73
f 52/1/52 53/1/53 75/1/75 74/1/74
f 53/1/53 54/1/54 76/1/76 75/1/75
f 54/1/54 55/1/55 77/1/77 76/1/76
f 55/1/55 56/1/56 78/1/78 77/1/77
f 56/1/56 57/1/57 79/1/79 78/1/78
f 57/1/57 58/1/58 80/1/80 79/1/79
f 58/1/58 59/1/59 81/1/81 80/1/80
f 59/1/59 60/1/60 82/1/82 81/1/81
f 60/1/60 61/1/61 83/1/83 82/1/82
f 61/1/61 62/1/62 84/1/84 83/1/83
f 62/1/62 63/1/63 85/1/85 84/1/84
f 63/1/63 64/1/64 86/1/86 85/1/85
f 64/1/64 65/1/65 87/1/87 86/1/86
f 65/1/65 66/1/66 88/1/88 87/1/87
f 66/1/66 45/1/46 67/1/68 88/1/88
f 67/1/68 68/1/67 90/1/89 89/1/90
f 68/1/67 69/1/69 91/1/91 90/1/89
f 69/1/69 70/1/70 92/1/92 91/1/91
f 70/1/70 71/1/71 93/1/93 92/1/92
f 71/1/71 72/1/72 94/1/94 93/1/93
f 72/1/72 73/1/73 95/1/95 94/1/94
f 73/1/73 74/1/74 96/1/96 95/1/95
f 74/1/74 75/1/75 97/1/97 96/1/96
f 75/1/75 76/1/76 98/1/98 97/1/97
f 76/1/76 77/1/77 99/1/99 98/1/98
f 77/1/77 78/1/78 100/1/100 99/1/99
f 78/1/78 79/1/79 101/1/101 100/1/100
f 79/1/79 80/1/80 102/1/102 101/1/101
f 80/1/80 81/1/81 103/1/103 102/1/102
f 81/1/81 82/1/82 104/1/104 103/1/103
f 82/1/82 83/1/83 105/1/105 104/1/104
f 83/1/83 84/1/84 106/1/106 105/1/105
f 84/1/84 85/1/85 107/1/107 106/1/106
f 85/1/85 86/1/86 108/1/108 107/1/107
f 86/1/86 87/1/87 109/1/109 108/1/108
f 87/1/87 88/1/88 110/1/110 109/1/109
f 88/1/88 67/1/68 89/1/90 110/1/110
f 89/1/90 90/1/89 112/1/111 111/1/112
f 90/1/89 91/1/91 113/1/113 112/1/111
f 91/1/91 92/1/92 114/1/114 113/1/113
f 92/1/92 93/1/93 115/1/115 114/1/114
f 93/1/93 94/1/94 116/1/116 115/1/115
f 94/1/94 95/1/95 117/1/117 116/1/116
f 95/1/95 96/1/96 118/1/118 117/1/117
f 96/1/96 97/1/97 119/1/119 118/1/118
f 97/1/97 98/1/98 120/1/120 119/1/119
f 98/1/98 99/1/99 121/1/121 120/1/120
f 99/1/99 100/1/100 122/1/122 121/1/121
f 100/1/100 101/1/101 123/1/123 122/1/122
f 101/1/101 102/1/102 124/1/124 123/1/123
f 102/1/102 103/1/103 125/1/125 124/1/124
f 103/1/103 104/1/104 126/1/126 125/1/125
f 104/1/104 105/1/105 127/1/127 126/1/126
f 105/1/105 106/1/106 128/1/128 127/1/127
f 106/1/106 107/1/107 129/1/129 128/1/128
f 107/1/107 108/1/108 130/1/130 129/1/129
f 108/1/108 109/1/109 131/1/131 130/1/130
f 109/1/109 110/1/110 132/1/132 131/1/131
f 110/1/110 89/1/90 111/1/112 132/1/132
f 111/1/112 112/1/111 134/1/133 133/1/134
f 112/1/111 113/1/113 135/1/135 134/1/133
f 113/1/113 114/1/114 136/1/136 135/1/135
f 114/1/114 115/1/115 137/1/137 136/1/136
f 115/1/115 116/1/116 138/1/138 137/1/137
f 116/1/116 117/1/117 139/1/139 138/1/138
f 117/1/117 118/1/118 140/1/140 139/1/139
f 118/1/118 119/1/119 141/1/141 140/1/140
f 119/1/119 120/1/120 142/1/142 141/1/141
f 120/1/120 121/1/121 143/1/143 142/1/142
f 121/1/121 122/1/122 144/1/144 143/1/143
f 122/1/122 123/1/123 145/1/145 144/1/144
f 123/1/123 124/1/124 146/1/146 145/1/145
f 124/1/124 125/1/125 147/1/147 146/1/146
f 125/1/125 126/1/126 148/1/148 147/1/147
f 126/1/126 127/1/127 149/1/149 148/1/148
f 127/1/127 128/1/128 150/1/150 149/1/149
f 128/1/128 129/1/129 151/1/151 150/1/150
f 129/1/129 130/1/130 152/1/152 151/1/151
f 130/1/130 131/1/131 153/1/153 152/1/152
f 131/1/131 132/1/132 154/1/154 153/1/153
f 132/1/132 111/1/112 133/1/134 154/1/154
f 133/1/134 134/1/133 156/1/155 155/1/156
f 134/1/133 135/1/135 157/1/157 156/1/155
f 135/1/135 136/1/136 158/1/158 157/1/157
f 136/1/136 137/1/137 159/1/159 158/1/158
f 137/1/137 138/1/138 160/1/160 159/1/159
f 138/1/138 139/1/139 161/1/161 160/1/160
f 139/1/139 140/1/140 162/1/162 161/1/161
f 140/1/140 141/1/141 163/1/163 162/1/162
f 141/1/141 142/1/142 164/1/164 163/1/163
f 142/1/142 143/1/143 165/1/165 164/1/164
f 143/1/143 144/1/144 166/1/166 165/1/165
f 144/1/144 145/1/145 167/1/167 166/1/166
f 145/1/145 146/1/146 168/1/168 167/1/167
f 146/1/146 147/1/147 169/1/169 168/1/168
f 147/1/147 148/1/148 170/1/170 169/1/169
f 148/1/148 149/1/149 171/1/171 170/1/170
f 149/1/149 150/1/150 172/1/172 171/1/171
f 150/1/150 151/1/151 173/1/173 172/1/172
f 151/1/151 152/1/152 174/1/174 173/1/173
f 152/1/152 153/1/153 175/1/175 174/1/174
f 153/1/153 154/1/154 176/1/176 175/1/175
f 154/1/154 133/1/134 155/1/156 176/1/176
f 155/1/156 156/1/155 178/1/177 177/1/178
f 156/1/155 157/1/157 179/1/179 178/1/177
f 157/1/157 158/1/158 180/1/180 179/1/179
f 158/1/158 159/1/159 181/1/181 180/1/180
f 159/1/159 160/1/160 182/1/182 181/1/181
f 160/1/160 161/1/161 183/1/183 182/1/182
f 161/1/161 162/1/162 184/1/184 183/1/183
f 162/1/162 163/1/163 185/1/185 184/1/184
f 163/1/163 164/1/164 186/1/186 185/1/185
f 164/1/164 165/1/165 187/1/187 186/1/186
f 165/1/165 166/1/166 188/1/188 187/1/187
f 166/1/166 167/1/167 189/1/189 188/1/188
f 167/1/167 168/1/168 190/1/190 189/1/189
f 168/1/168 169/1/169 191/1/191 190/1/190
f 169/1/169 170/1/170 192/1/192 191/1/191
f 170/1/170 171/1/171 193/1/193 192/1/192
f 171/1/171 172/1/172 194/1/194 193/1/193
f 172/1/172 173/1/173 195/1/195 194/1/194
f 173/1/173 174/1/174 196/1/196 195/1/195
f 174/1/174 175/1/175 197/1/197 196/1/196
f 175/1/175 176/1/176 198/1/198 197/1/197
f 176/1/176 155/1/156 177/1/178 198/1/198
f 177/1/178 178/1/177 200/1/199 199/1/200
f 178/1/177 179/1/179 201/1/201 200/1/199
f 179/1/179 180/1/180 202/1/202 201/1/201
f 180/1/180 181/1/181 203/1/203 202/1/202
f 181/1/181 182/1/182 204/1/204 203/1/203
f 182/1/182 183/1/183 205/1/205 204/1/204
f 183/1/183 184/1/184 206/1/206 205/1/205
f 184/1/184 185/1/185 207/1/207 206/1/206
f 185/1/185 186/1/186 208/1/208 207/1/207
f 186/1/186 187/1/187 209/1/209 208/1/208
f 187/1/187 188/1/188 210/1/210 209/1/209
f 188/1/188 189/1/189 211/1/211 210/1/210
f 189/1/189 190/1/190 212/1/212 211/1/211
f 190/1/190 191/1/191 213/1/213 212/1/212
f 191/1/191 192/1/192 214/1/214 213/1/213
f 192/1/192 193/1/193 215/1/215 214/1/214
f 193/1/193 194/1/194 216/1/216 215/1/215
f 194/1/194 195/1/195 217/1/217 216/1/216
f 195/1/195 196/1/196 218/1/218 217/1/217
f 196/1/196 197/1/197 219/1/219 218/1/218
f 197/1/197 198/1/198 220/1/220 219/1/219
f 198/1/198 177/1/178 199/1/200 220/1/220
f 199/1/200 200/1/199 222/1/221 221/1/222
f 200/1/199 201/1/201 223/1/223 222/1/221
f 201/1/201 202/1/202 224/1/224 223/1/223
f 202/1/202 203/1/203 225/1/225 224/1/224
f 203/1/203 204/1/204 226/1/226 225/1/225
f 204/1/204 205/1/205 227/1/227 226/1/226
f 205/1/205 206/1/206 228/1/228 227/1/227
f 206/1/206 207/1/207 229/1/229 228/1/228
f 207/1/207 208/1/208 230/1/230 229/1/229
f 208/1/208 209/1/209 231/1/231 230/1/230
f 209/1/209 210/1/210 232/1/232 231/1/231
f 210/1/210 211/1/211 233/1/233 232/1/232
f 211/1/211 212/1/212 234/1/234 233/1/233
f 212/1/212 213/1/213 235/1/235 234/1/234
f 213/1/213 214/1/214 236/1/236 235/1/235
f 214/1/214 215/1/215 237/1/237 236/1/236
f 215/1/215 216/1/216 238/1/238 237/1/237
f 216/1/216 217/1/217 239/1/239 238/1/238
f 217/1/217 218/1/218 240/1/240 239/1/239
f 218/1/218 219/1/219 241/1/241 240/1/240
f 219/1/219 220/1/220 242/1/242 241/1/241
f 220/1/220 199/1/200 221/1/222 242/1/242
f 221/1/222 222/1/221 244/1/243 243/1/244
f 222/1/221 223/1/223 245/1/245 244/1/243
f 223/1/223 224/1/224 246/1/246 245/1/245
f 224/1/224 225/1/225 247/1/247 246/1/246
f 225/1/225 226/1/226 248/1/248 247/1/247
f 226/1/226 227/1/227 249/1/249 248/1/248
f 227/1/227 228/1/228 250/1/250 249/1/249
f 228/1/228 229/1/229 251/1/251 250/1/250
f 229/1/229 230/1/230 252/1/252 251/1/251
f 230/1/230 231/1/231 253/1/253 252/1/252
f 231/1/231 232/1/232 254/1/254 253/1/253
f 232/1/232 233/1/233 255/1/255 254/1/254
f 233/1/233 234/1/234 256/1/256 255/1/255
f 234/1/234 235/1/235 257/1/257 256/1/256
f 235/1/235 236/1/236 258/1/258 257/1/257
f 236/1/236 237/1/237 259/1/259 258/1/258
f 237/1/237 238/1/238 260/1/260 259/1/259
f 238/1/238 239/1/239 261/1/261 260/1/260
f 239/1/239 240/1/240 262/1/262 261/1/261
f 240/1/240 241/1/241 263/1/263 262/1/262
f 241/1/241 242/1/242 264/1/264 263/1/263
f 242/1/242 221/1/222 243/1/244 264/1/264
f 265/2/265 266/3/266 268/4/267 267/5/268
f 267/5/268 268/4/267 270/6/269 269/7/270
f 269/7/270 270/6/269 272/8/271 271/9/272
f 271/9/272 272/8/271 274/10/273 273/11/274
f 273/11/274 274/10/273 276/12/275 275/13/276
f 275/13/276 276/12/275 278/14/277 277/15/278
f 277/15/278 278/14/277 280/16/279 279/17/280
f 279/17/280 280/16/279 282/18/281 281/19/282
f 268/20/267 266/21/266 284/22/283 282/23/281 280/24/279 278/25/277 276/26/275 274/27/273 272/28/271 270/29/269
f 281/19/282 282/18/281 284/30/283 283/31/284
f 283/31/284 284/30/283 266/32/266 265/33/265
f 265/34/265 267/35/268 269/36/270 271/37/272 273/38/274 275/39/276 277/40/278 279/41/280 281/42/282 283/43/284
f 285/2/285 286/3/286 288/44/287 287/45/288
f 287/45/288 288/44/287 290/46/289 289/47/290
f 289/47/290 290/46/289 292/48/291 291/49/292
f 291/49/292 292/48/291 294/50/293 293/51/294
f 288/52/287 286/21/286 296/53/295 294/54/293 292/55/291 290/56/289
f 293/51/294 294/50/293 296/57/295 295/58/296
f 295/58/296 296/57/295 286/59/286 285/60/285
f 285/34/285 287/61/288 289/62/290 291/63/292 293/64/294 295/65/296
f 299/66/297 298/67/298 301/68/299 302/69/300
f 297/70/301 310/71/302 300/72/303
f 309/73/304 299/66/297 302/69/300
f 298/67/298 297/70/301 300/72/303 301/68/299
f 300/72/303 310/74/302 303/75/305
f 309/76/304 302/69/300 305/77/306
f 301/68/299 300/72/303 303/75/305 304/78/307
f 302/69/300 301/68/299 304/78/307 305/77/306
f 305/77/306 304/78/307 307/79/308 308/80/309
f 303/75/305 310/81/302 306/82/310
f 309/83/304 305/77/306 308/80/309
f 304/78/307 303/75/305 306/82/310 307/79/308
f 308/80/309 307/79/308 312/84/311 313/85/312
f 306/82/310 310/86/302 311/87/313
f 309/88/304 308/80/309 313/85/312
f 307/79/308 306/82/310 311/87/313 312/84/311
f 313/89/312 312/90/311 315/45/314 316/91/315
f 311/92/313 310/93/302 314/94/316
f 309/95/304 313/89/312 316/91/315
f 312/90/311 311/92/313 314/94/316 315/45/314
f 316/91/315 315/45/314 298/67/298 299/66/297
f 314/94/316 310/96/302 297/70/301
f 309/97/304 316/91/315 299/66/297
f 315/45/314 314/94/316 297/70/301 298/67/298
f 317/2/317 318/3/318 320/44/319 319/45/320
f 319/45/320 320/44/319 322/46/321 321/47/322
f 321/47/322 322/46/321 324/48/323 323/49/324
f 323/49/324 324/48/323 326/50/325 325/51/326
f 320/52/319 318/21/318 328/53/327 326/54/325 324/26/323 322/56/321
f 325/51/326 326/50/325 328/57/327 327/58/328
f 327/58/328 328/57/327 318/59/318 317/60/317
f 317/34/317 319/61/320 321/62/322 323/39/324 325/64/326 327/65/328
f 331/98/297 330/99/298 333/68/299 334/69/300
f 329/100/301 342/71/302 332/72/303
f 341/73/304 331/98/297 334/69/300
f 330/99/298 329/100/301 332/72/303 333/68/299
f 334/69/300 333/68/299 336/101/307 337/77/306
f 332/72/303 342/74/302 335/75/305
f 341/76/304 334/69/300 337/77/306
f 333/68/299 332/72/303 335/75/305 336/101/307
f 337/77/306 336/101/307 339/102/308 340/103/309
f 335/75/305 342/104/302 338/105/310
f 341/106/304 337/77/306 340/103/309
f 336/101/307 335/75/305 338/105/310 339/102/308
f 340/103/309 339/102/308 344/107/311 345/85/312
f 338/105/310 342/108/302 343/87/313
f 341/109/304 340/103/309 345/85/312
f 339/102/308 338/105/310 343/87/313 344/107/311
f 344/2/311 343/110/313 346/111/316 347/112/314
f 345/113/312 344/2/311 347/112/314 348/114/315
f 343/110/313 342/115/302 346/111/316
f 341/116/304 345/113/312 348/114/315
f 341/117/304 348/114/315 331/98/297
f 347/112/314 346/111/316 329/100/301 330/99/298
f 348/114/315 347/112/314 330/99/298 331/98/297
f 346/111/316 342/118/302 329/100/301
f 349/2/329 350/3/330 352/44/331 351/45/332
f 351/45/332 352/44/331 354/46/333 353/47/334
f 353/47/334 354/46/333 356/48/335 355/49/336
f 355/49/336 356/48/335 358/50/337 357/51/338
f 352/52/331 350/21/330 360/53/339 358/54/337 356/26/335 354/56/333
f 357/51/338 358/50/337 360/57/339 359/58/340
f 359/58/340 360/57/339 350/59/330 349/60/329
f 349/34/329 351/61/332 353/62/334 355/39/336 357/64/338 359/65/340
f 373/119/304 363/66/297 366/69/300
f 362/67/298 361/70/301 364/72/303 365/68/299
f 363/66/297 362/67/298 365/68/299 366/69/300
f 361/70/301 374/120/302 364/72/303
f 373/121/304 366/69/300 369/77/306
f 365/68/299 364/72/303 367/75/305 368/78/307
f 366/69/300 365/68/299 368/78/307 369/77/306
f 364/72/303 374/122/302 367/75/305
f 373/83/304 369/77/306 372/80/309
f 368/78/307 367/75/305 370/82/310 371/79/308
f 369/77/306 368/78/307 371/79/308 372/80/309
f 367/75/305 374/81/302 370/82/310
f 373/88/304 372/80/309 377/85/312
f 371/79/308 370/82/310 375/87/313 376/84/311
f 372/80/309 371/79/308 376/84/311 377/85/312
f 370/82/310 374/86/302 375/87/313
f 373/95/304 377/89/312 380/91/315
f 376/90/311 375/92/313 378/94/316 379/45/314
f 377/89/312 376/90/311 379/45/314 380/91/315
f 375/92/313 374/93/302 378/94/316
f 378/94/316 374/96/302 361/70/301
f 373/97/304 380/91/315 363/66/297
f 379/45/314 378/94/316 361/70/301 362/67/298
f 380/91/315 379/45/314 362/67/298 363/66/297
f 553/1/423 554/1/424 572/1/425 571/1/426
f 554/1/424 555/1/427 573/1/428 572/1/425
f 555/1/427 556/1/429 574/1/430 573/1/428
f 556/1/429 557/1/431 575/1/432 574/1/430
f 557/1/431 558/1/433 576/1/434 575/1/432
f 558/1/433 559/1/435 577/1/436 576/1/434
f 559/1/435 560/1/437 578/1/438 577/1/436
f 560/1/437 561/1/439 579/1/440 578/1/438
f 561/1/439 562/1/441 580/1/442 579/1/440
f 562/1/441 563/1/443 581/1/444 580/1/442
f 563/1/443 564/1/445 582/1/446 581/1/444
f 564/1/445 565/1/447 583/1/448 582/1/446
f 565/1/447 566/1/449 584/1/450 583/1/448
f 566/1/449 567/1/451 585/1/452 584/1/450
f 567/1/451 568/1/453 586/1/454 585/1/452
f 568/1/453 569/1/455 587/1/456 586/1/454
f 569/1/455 570/1/457 588/1/458 587/1/456
f 570/1/457 553/1/423 571/1/426 588/1/458
f 571/1/426 572/1/425 590/1/459 589/1/460
f 572/1/425 573/1/428 591/1/461 590/1/459
f 573/1/428 574/1/430 592/1/462 591/1/461
f 574/1/430 575/1/432 593/1/463 592/1/462
f 575/1/432 576/1/434 594/1/464 593/1/463
f 576/1/434 577/1/436 595/1/465 594/1/464
f 577/1/436 578/1/438 596/1/466 595/1/465
f 578/1/438 579/1/440 597/1/467 596/1/466
f 579/1/440 580/1/442 598/1/468 597/1/467
f 580/1/442 581/1/444 599/1/469 598/1/468
f 581/1/444 582/1/446 600/1/470 599/1/469
f 582/1/446 583/1/448 601/1/471 600/1/470
f 583/1/448 584/1/450 602/1/472 601/1/471
f 584/1/450 585/1/452 603/1/473 602/1/472
f 585/1/452 586/1/454 604/1/474 603/1/473
f 586/1/454 587/1/456 605/1/475 604/1/474
f 587/1/456 588/1/458 606/1/476 605/1/475
f 588/1/458 571/1/426 589/1/460 606/1/476
f 589/1/460 590/1/459 608/1/477 607/1/478
f 590/1/459 591/1/461 609/1/479 608/1/477
f 591/1/461 592/1/462 610/1/480 609/1/479
f 592/1/462 593/1/463 611/1/481 610/1/480
f 593/1/463 594/1/464 612/1/482 611/1/481
f 594/1/464 595/1/465 613/1/483 612/1/482
f 595/1/465 596/1/466 614/1/484 613/1/483
f 596/1/466 597/1/467 615/1/485 614/1/484
f 597/1/467 598/1/468 616/1/486 615/1/485
f 598/1/468 599/1/469 617/1/487 616/1/486
f 599/1/469 600/1/470 618/1/488 617/1/487
f 600/1/470 601/1/471 619/1/489 618/1/488
f 601/1/471 602/1/472 620/1/490 619/1/489
f 602/1/472 603/1/473 621/1/491 620/1/490
f 603/1/473 604/1/474 622/1/492 621/1/491
f 604/1/474 605/1/475 623/1/493 622/1/492
f 605/1/475 606/1/476 624/1/494 623/1/493
f 606/1/476 589/1/460 607/1/478 624/1/494
f 607/1/478 608/1/477 626/1/495 625/1/496
f 608/1/477 609/1/479 627/1/497 626/1/495
f 609/1/479 610/1/480 628/1/498 627/1/497
f 610/1/480 611/1/481 629/1/499 628/1/498
f 611/1/481 612/1/482 630/1/500 629/1/499
f 612/1/482 613/1/483 631/1/501 630/1/500
f 613/1/483 614/1/484 632/1/502 631/1/501
f 614/1/484 615/1/485 633/1/503 632/1/502
f 615/1/485 616/1/486 634/1/504 633/1/503
f 616/1/486 617/1/487 635/1/505 634/1/504
f 617/1/487 618/1/488 636/1/506 635/1/505
f 618/1/488 619/1/489 637/1/507 636/1/506
f 619/1/489 620/1/490 638/1/508 637/1/507
f 620/1/490 621/1/491 639/1/509 638/1/508
f 621/1/491 622/1/492 640/1/510 639/1/509
f 622/1/492 623/1/493 641/1/511 640/1/510
f 623/1/493 624/1/494 642/1/512 641/1/511
f 624/1/494 607/1/478 625/1/496 642/1/512
f 643/1/304 554/1/424 553/1/423
f 643/1/304 555/1/427 554/1/424
f 643/1/304 556/1/429 555/1/427
f 643/1/304 557/1/431 556/1/429
f 643/1/304 558/1/433 557/1/431
f 643/1/304 559/1/435 558/1/433
f 643/1/304 560/1/437 559/1/435
f 643/1/304 561/1/439 560/1/437
f 643/1/304 562/1/441 561/1/439
f 643/1/304 563/1/443 562/1/441
f 643/1/304 564/1/445 563/1/443
f 643/1/304 565/1/447 564/1/445
f 643/1/304 566/1/449 565/1/447
f 643/1/304 567/1/451 566/1/449
f 643/1/304 568/1/453 567/1/451
f 643/1/304 569/1/455 568/1/453
f 643/1/304 570/1/457 569/1/455
f 643/1/304 553/1/423 570/1/457
f 644/1/302 625/1/496 626/1/495
f 644/1/302 626/1/495 627/1/497
f 644/1/302 627/1/497 628/1/498
f 644/1/302 628/1/498 629/1/499
f 644/1/302 629/1/499 630/1/500
f 644/1/302 630/1/500 631/1/501
f 644/1/302 631/1/501 632/1/502
f 644/1/302 632/1/502 633/1/503
f 644/1/302 633/1/503 634/1/504
f 644/1/302 634/1/504 635/1/505
f 644/1/302 635/1/505 636/1/506
f 644/1/302 636/1/506 637/1/507
f 644/1/302 637/1/507 638/1/508
f 644/1/302 638/1/508 639/1/509
f 644/1/302 639/1/509 640/1/510
f 644/1/302 640/1/510 641/1/511
f 644/1/302 641/1/511 642/1/512
f 644/1/302 642/1/512 625/1/496
f 1131/363/304 1146/364/967 1109/365/968
f 1145/366/969 1144/367/298 1107/246/970 1108/368/971
f 1143/369/972 1142/370/973 1105/371/974 1106/372/975
f 1146/364/967 1145/366/969 1108/368/971 1109/365/968
f 1144/367/298 1143/369/972 1106/372/975 1107/246/970
f 1142/370/973 1125/373/302 1105/371/974
f 1109/365/968 1108/368/971 1113/374/976 1114/375/977
f 1107/246/970 1106/372/975 1111/376/978 1112/68/366
f 1105/371/974 1125/377/302 1110/378/979
f 1131/379/304 1109/365/968 1114/375/977
f 1108/368/971 1107/246/970 1112/68/366 1113/374/976
f 1106/372/975 1105/371/974 1110/378/979 1111/376/978
f 1114/375/977 1113/374/976 1118/380/980 1119/381/981
f 1112/68/366 1111/376/978 1116/382/982 1117/383/983
f 1110/378/979 1125/384/302 1115/385/984
f 1131/386/304 1114/375/977 1119/381/981
f 1113/374/976 1112/68/366 1117/383/983 1118/380/980
f 1111/376/978 1110/378/979 1115/385/984 1116/382/982
f 1119/381/981 1118/380/980 1123/387/985 1124/388/986
f 1117/383/983 1116/382/982 1121/389/987 1122/169/308
f 1115/385/984 1125/390/302 1120/391/988
f 1131/392/304 1119/381/981 1124/388/986
f 1118/380/980 1117/383/983 1122/169/308 1123/387/985
f 1116/382/982 1115/385/984 1120/391/988 1121/389/987
f 1124/388/986 1123/387/985 1129/393/989 1130/394/990
f 1122/169/308 1121/389/987 1127/395/991 1128/396/992
f 1120/391/988 1125/397/302 1126/398/993
f 1131/399/304 1124/388/986 1130/394/990
f 1123/387/985 1122/169/308 1128/396/992 1129/393/989
f 1121/389/987 1120/391/988 1126/398/993 1127/395/991
f 1128/396/992 1127/395/991 1133/400/994 1134/84/404
f 1126/398/993 1125/401/302 1132/402/995
f 1131/403/304 1130/394/990 1136/404/996
f 1129/393/989 1128/396/992 1134/84/404 1135/405/997
f 1127/395/991 1126/398/993 1132/402/995 1133/400/994
f 1130/394/990 1129/393/989 1135/405/997 1136/404/996
f 1132/406/995 1125/407/302 1137/408/998
f 1131/409/304 1136/410/996 1141/411/999
f 1135/412/997 1134/2/404 1139/413/1000 1140/414/1001
f 1133/415/994 1132/406/995 1137/408/998 1138/416/1002
f 1136/410/996 1135/412/997 1140/414/1001 1141/411/999
f 1134/2/404 1133/415/994 1138/416/1002 1139/413/1000
f 1131/417/304 1141/411/999 1146/364/967
f 1140/414/1001 1139/413/1000 1144/367/298 1145/366/969
f 1138/416/1002 1137/408/998 1142/370/973 1143/369/972
f 1141/411/999 1140/414/1001 1145/366/969 1146/364/967
f 1139/413/1000 1138/416/1002 1143/369/972 1144/367/298
f 1137/408/998 1125/418/302 1142/370/973
f 1173/363/304 1188/364/967 1151/365/968
f 1187/366/969 1186/367/298 1149/246/970 1150/368/971
f 1185/369/972 1184/370/973 1147/371/974 1148/372/975
f 1188/364/967 1187/366/969 1150/368/971 1151/365/968
f 1186/367/298 1185/369/972 1148/372/975 1149/246/970
f 1184/370/973 1167/373/302 1147/371/974
f 1148/372/975 1147/371/974 1152/378/979 1153/376/978
f 1151/365/968 1150/368/971 1155/374/976 1156/375/977
f 1149/246/970 1148/372/975 1153/376/978 1154/68/366
f 1147/371/974 1167/377/302 1152/378/979
f 1173/379/304 1151/365/968 1156/375/977
f 1150/368/971 1149/246/970 1154/68/366 1155/374/976
f 1156/375/977 1155/374/976 1160/380/980 1161/381/981
f 1154/68/366 1153/376/978 1158/382/982 1159/383/983
f 1152/378/979 1167/384/302 1157/385/984
f 1173/386/304 1156/375/977 1161/381/981
f 1155/374/976 1154/68/366 1159/383/983 1160/380/980
f 1153/376/978 1152/378/979 1157/385/984 1158/382/982
f 1161/381/981 1160/380/980 1165/387/985 1166/388/986
f 1159/383/983 1158/382/982 1163/389/987 1164/169/308
f 1157/385/984 1167/390/302 1162/391/988
f 1173/392/304 1161/381/981 1166/388/986
f 1160/380/980 1159/383/983 1164/169/308 1165/387/985
f 1158/382/982 1157/385/984 1162/391/988 1163/389/987
f 1166/388/986 1165/387/985 1171/393/989 1172/394/990
f 1164/169/308 1163/389/987 1169/395/991 1170/396/992
f 1162/391/988 1167/397/302 1168/398/993
f 1173/399/304 1166/388/986 1172/394/990
f 1165/387/985 1164/169/308 1170/396/992 1171/393/989
f 1163/389/987 1162/391/988 1168/398/993 1169/395/991
f 1172/394/990 1171/393/989 1177/405/997 1178/404/996
f 1170/396/992 1169/395/991 1175/400/994 1176/84/404
f 1168/398/993 1167/401/302 1174/402/995
f 1173/403/304 1172/394/990 1178/404/996
f 1171/393/989 1170/396/992 1176/84/404 1177/405/997
f 1169/395/991 1168/398/993 1174/402/995 1175/400/994
f 1176/2/404 1175/415/994 1180/416/1002 1181/413/1000
f 1174/406/995 1167/407/302 1179/408/998
f 1173/409/304 1178/410/996 1183/411/999
f 1177/412/997 1176/2/404 1181/413/1000 1182/414/1001
f 1175/415/994 1174/406/995 1179/408/998 1180/416/1002
f 1178/410/996 1177/412/997 1182/414/1001 1183/411/999
f 1179/408/998 1167/418/302 1184/370/973
f 1173/417/304 1183/411/999 1188/364/967
f 1182/414/1001 1181/413/1000 1186/367/298 1187/366/969
f 1180/416/1002 1179/408/998 1184/370/973 1185/369/972
f 1183/411/999 1182/414/1001 1187/366/969 1188/364/967
f 1181/413/1000 1180/416/1002 1185/369/972 1186/367/298
f 1340/370/973 1323/373/302 1303/371/974
f 1329/363/304 1344/364/967 1307/365/968
f 1343/366/969 1342/367/298 1305/246/970 1306/368/1003
f 1341/369/972 1340/370/973 1303/371/974 1304/372/1004
f 1344/364/967 1343/366/969 1306/368/1003 1307/365/968
f 1342/367/298 1341/369/972 1304/372/1004 1305/246/970
f 1329/379/304 1307/365/968 1312/375/1005
f 1306/368/1003 1305/246/970 1310/68/366 1311/374/976
f 1304/372/1004 1303/371/974 1308/378/979 1309/376/978
f 1307/365/968 1306/368/1003 1311/374/976 1312/375/1005
f 1305/246/970 1304/372/1004 1309/376/978 1310/68/366
f 1303/371/974 1323/377/302 1308/378/979
f 1311/374/976 1310/68/366 1315/383/983 1316/380/980
f 1309/376/978 1308/378/979 1313/385/1006 1314/382/1007
f 1312/375/1005 1311/374/976 1316/380/980 1317/381/981
f 1310/68/366 1309/376/978 1314/382/1007 1315/383/983
f 1308/378/979 1323/384/302 1313/385/1006
f 1329/386/304 1312/375/1005 1317/381/981
f 1314/382/1007 1313/385/1006 1318/391/988 1319/389/987
f 1317/381/981 1316/380/980 1321/387/985 1322/388/986
f 1315/383/983 1314/382/1007 1319/389/987 1320/169/308
f 1313/385/1006 1323/390/302 1318/391/988
f 1329/392/304 1317/381/981 1322/388/986
f 1316/380/980 1315/383/983 1320/169/308 1321/387/985
f 1322/388/986 1321/387/985 1327/393/1008 1328/394/990
f 1320/169/308 1319/389/987 1325/395/1009 1326/396/992
f 1318/391/988 1323/397/302 1324/398/993
f 1329/399/304 1322/388/986 1328/394/990
f 1321/387/985 1320/169/308 1326/396/992 1327/393/1008
f 1319/389/987 1318/391/988 1324/398/993 1325/395/1009
f 1328/394/990 1327/393/1008 1333/405/997 1334/404/1010
f 1326/396/992 1325/395/1009 1331/400/994 1332/84/404
f 1324/398/993 1323/401/302 1330/402/995
f 1329/403/304 1328/394/990 1334/404/1010
f 1327/393/1008 1326/396/992 1332/84/404 1333/405/997
f 1325/395/1009 1324/398/993 1330/402/995 1331/400/994
f 1334/410/1010 1333/412/997 1338/414/1001 1339/411/999
f 1332/2/404 1331/415/994 1336/416/1011 1337/413/1000
f 1330/406/995 1323/407/302 1335/408/998
f 1329/409/304 1334/410/1010 1339/411/999
f 1333/412/997 1332/2/404 1337/413/1000 1338/414/1001
f 1331/415/994 1330/406/995 1335/408/998 1336/416/1011
f 1339/411/999 1338/414/1001 1343/366/969 1344/364/967
f 1337/413/1000 1336/416/1011 1341/369/972 1342/367/298
f 1335/408/998 1323/418/302 1340/370/973
f 1329/417/304 1339/411/999 1344/364/967
f 1338/414/1001 1337/413/1000 1342/367/298 1343/366/969
f 1336/416/1011 1335/408/998 1340/370/973 1341/369/972
f 1386/364/967 1385/366/969 1348/368/1003 1349/365/968
f 1384/367/298 1383/369/972 1346/372/1004 1347/246/970
f 1382/370/973 1365/373/302 1345/371/974
f 1371/363/304 1386/364/967 1349/365/968
f 1385/366/969 1384/367/298 1347/246/970 1348/368/1003
f 1383/369/972 1382/370/973 1345/371/974 1346/372/1004
f 1347/246/970 1346/372/1004 1351/376/978 1352/68/366
f 1345/371/974 1365/377/302 1350/378/979
f 1371/379/304 1349/365/968 1354/375/1005
f 1348/368/1003 1347/246/970 1352/68/366 1353/374/976
f 1346/372/1004 1345/371/974 1350/378/979 1351/376/978
f 1349/365/968 1348/368/1003 1353/374/976 1354/375/1005
f 1350/378/979 1365/384/302 1355/385/1006
f 1371/386/304 1354/375/1005 1359/381/981
f 1353/374/976 1352/68/366 1357/383/983 1358/380/980
f 1351/376/978 1350/378/979 1355/385/1006 1356/382/1007
f 1354/375/1005 1353/374/976 1358/380/980 1359/381/981
f 1352/68/366 1351/376/978 1356/382/1007 1357/383/983
f 1371/392/304 1359/381/981 1364/388/986
f 1358/380/980 1357/383/983 1362/169/308 1363/387/985
f 1356/382/1007 1355/385/1006 1360/391/988 1361/389/987
f 1359/381/981 1358/380/980 1363/387/985 1364/388/986
f 1357/383/983 1356/382/1007 1361/389/987 1362/169/308
f 1355/385/1006 1365/390/302 1360/391/988
f 1371/399/304 1364/388/986 1370/394/990
f 1363/387/985 1362/169/308 1368/396/992 1369/393/1008
f 1361/389/987 1360/391/988 1366/398/993 1367/395/1009
f 1364/388/986 1363/387/985 1369/393/1008 1370/394/990
f 1362/169/308 1361/389/987 1367/395/1009 1368/396/992
f 1360/391/988 1365/397/302 1366/398/993
f 1371/403/304 1370/394/990 1376/404/1010
f 1369/393/1008 1368/396/992 1374/84/404 1375/405/997
f 1367/395/1009 1366/398/993 1372/402/995 1373/400/994
f 1370/394/990 1369/393/1008 1375/405/997 1376/404/1010
f 1368/396/992 1367/395/1009 1373/400/994 1374/84/404
f 1366/398/993 1365/401/302 1372/402/995
f 1375/412/997 1374/2/404 1379/413/1000 1380/414/1001
f 1373/415/994 1372/406/995 1377/408/998 1378/416/1011
f 1376/410/1010 1375/412/997 1380/414/1001 1381/411/999
f 1374/2/404 1373/415/994 1378/416/1011 1379/413/1000
f 1372/406/995 1365/407/302 1377/408/998
f 1371/409/304 1376/410/1010 1381/411/999
f 1378/416/1011 1377/408/998 1382/370/973 1383/369/972
f 1381/411/999 1380/414/1001 1385/366/969 1386/364/967
f 1379/413/1000 1378/416/1011 1383/369/972 1384/367/298
f 1377/408/998 1365/418/302 1382/370/973
f 1371/417/304 1381/411/999 1386/364/967
f 1380/414/1001 1379/413/1000 1384/367/298 1385/366/969
f 1542/364/967 1541/366/969 1504/368/971 1505/365/1012
f 1540/367/298 1539/369/972 1502/372/1004 1503/246/970
f 1538/370/973 1521/373/302 1501/371/974
f 1527/363/304 1542/364/967 1505/365/1012
f 1541/366/969 1540/367/298 1503/246/970 1504/368/971
f 1539/369/972 1538/370/973 1501/371/974 1502/372/1004
f 1501/371/974 1521/377/302 1506/378/979
f 1527/379/304 1505/365/1012 1510/375/977
f 1504/368/971 1503/246/970 1508/68/366 1509/374/976
f 1502/372/1004 1501/371/974 1506/378/979 1507/376/978
f 1505/365/1012 1504/368/971 1509/374/976 1510/375/977
f 1503/246/970 1502/372/1004 1507/376/978 1508/68/366
f 1527/386/304 1510/375/977 1515/381/981
f 1509/374/976 1508/68/366 1513/383/983 1514/380/980
f 1507/376/978 1506/378/979 1511/385/1006 1512/382/1007
f 1510/375/977 1509/374/976 1514/380/980 1515/381/981
f 1508/68/366 1507/376/978 1512/382/1007 1513/383/983
f 1506/378/979 1521/384/302 1511/385/1006
f 1527/392/304 1515/381/981 1520/388/986
f 1514/380/980 1513/383/983 1518/169/308 1519/387/985
f 1512/382/1007 1511/385/1006 1516/391/988 1517/389/987
f 1515/381/981 1514/380/980 1519/387/985 1520/388/986
f 1513/383/983 1512/382/1007 1517/389/987 1518/169/308
f 1511/385/1006 1521/390/302 1516/391/988
f 1527/399/304 1520/388/986 1526/394/1013
f 1519/387/985 1518/169/308 1524/396/992 1525/393/989
f 1517/389/987 1516/391/988 1522/398/993 1523/395/1009
f 1520/388/986 1519/387/985 1525/393/989 1526/394/1013
f 1518/169/308 1517/389/987 1523/395/1009 1524/396/992
f 1516/391/988 1521/397/302 1522/398/993
f 1525/393/989 1524/396/992 1530/84/404 1531/405/997
f 1523/395/1009 1522/398/993 1528/402/995 1529/400/994
f 1526/394/1013 1525/393/989 1531/405/997 1532/404/996
f 1524/396/992 1523/395/1009 1529/400/994 1530/84/404
f 1522/398/993 1521/401/302 1528/402/995
f 1527/403/304 1526/394/1013 1532/404/996
f 1529/415/994 1528/406/995 1533/408/998 1534/416/1011
f 1532/410/996 1531/412/997 1536/414/1001 1537/411/999
f 1530/2/404 1529/415/994 1534/416/1011 1535/413/1000
f 1528/406/995 1521/407/302 1533/408/998
f 1527/409/304 1532/410/996 1537/411/999
f 1531/412/997 1530/2/404 1535/413/1000 1536/414/1001
f 1537/411/999 1536/414/1001 1541/366/969 1542/364/967
f 1535/413/1000 1534/416/1011 1539/369/972 1540/367/298
f 1533/408/998 1521/418/302 1538/370/973
f 1527/417/304 1537/411/999 1542/364/967
f 1536/414/1001 1535/413/1000 1540/367/298 1541/366/969
f 1534/416/1011 1533/408/998 1538/370/973 1539/369/972
f 1584/364/967 1583/366/969 1546/368/971 1547/365/1012
f 1582/367/298 1581/369/972 1544/372/1004 1545/246/970
f 1580/370/973 1563/373/302 1543/371/974
f 1569/363/304 1584/364/967 1547/365/1012
f 1583/366/969 1582/367/298 1545/246/970 1546/368/971
f 1581/369/972 1580/370/973 1543/371/974 1544/372/1004
f 1569/379/304 1547/365/1012 1552/375/977
f 1546/368/971 1545/246/970 1550/68/366 1551/374/976
f 1544/372/1004 1543/371/974 1548/378/979 1549/376/978
f 1547/365/1012 1546/368/971 1551/374/976 1552/375/977
f 1545/246/970 1544/372/1004 1549/376/978 1550/68/366
f 1543/371/974 1563/377/302 1548/378/979
f 1569/386/304 1552/375/977 1557/381/981
f 1551/374/976 1550/68/366 1555/383/983 1556/380/980
f 1549/376/978 1548/378/979 1553/385/1006 1554/382/1007
f 1552/375/977 1551/374/976 1556/380/980 1557/381/981
f 1550/68/366 1549/376/978 1554/382/1007 1555/383/983
f 1548/378/979 1563/384/302 1553/385/1006
f 1569/392/304 1557/381/981 1562/388/986
f 1556/380/980 1555/383/983 1560/169/308 1561/387/985
f 1554/382/1007 1553/385/1006 1558/391/988 1559/389/987
f 1557/381/981 1556/380/980 1561/387/985 1562/388/986
f 1555/383/983 1554/382/1007 1559/389/987 1560/169/308
f 1553/385/1006 1563/390/302 1558/391/988
f 1561/387/985 1560/169/308 1566/396/992 1567/393/989
f 1559/389/987 1558/391/988 1564/398/993 1565/395/1009
f 1562/388/986 1561/387/985 1567/393/989 1568/394/1013
f 1560/169/308 1559/389/987 1565/395/1009 1566/396/992
f 1558/391/988 1563/397/302 1564/398/993
f 1569/399/304 1562/388/986 1568/394/1013
f 1565/395/1009 1564/398/993 1570/402/995 1571/400/994
f 1568/394/1013 1567/393/989 1573/405/997 1574/404/996
f 1566/396/992 1565/395/1009 1571/400/994 1572/84/404
f 1564/398/993 1563/401/302 1570/402/995
f 1569/403/304 1568/394/1013 1574/404/996
f 1567/393/989 1566/396/992 1572/84/404 1573/405/997
f 1574/410/996 1573/412/997 1578/414/1001 1579/411/999
f 1572/2/404 1571/415/994 1576/416/1011 1577/413/1000
f 1570/406/995 1563/407/302 1575/408/998
f 1569/409/304 1574/410/996 1579/411/999
f 1573/412/997 1572/2/404 1577/413/1000 1578/414/1001
f 1571/415/994 1570/406/995 1575/408/998 1576/416/1011
f 1579/411/999 1578/414/1001 1583/366/969 1584/364/967
f 1577/413/1000 1576/416/1011 1581/369/972 1582/367/298
f 1575/408/998 1563/418/302 1580/370/973
f 1569/417/304 1579/411/999 1584/364/967
f 1578/414/1001 1577/413/1000 1582/367/298 1583/366/969
f 1576/416/1011 1575/408/998 1580/370/973 1581/369/972
f 2123/434/304 2138/435/1398 2091/436/1399
f 2137/437/1400 2136/438/298 2089/439/1401 2090/440/1402
f 2135/441/1403 2134/442/1404 2087/443/1405 2088/444/1406
f 2138/435/1398 2137/437/1400 2090/440/1402 2091/436/1399
f 2136/438/298 2135/441/1403 2088/444/1406 2089/439/1401
f 2134/442/1404 2112/445/302 2087/443/1405
f 2090/440/1402 2089/439/1401 2094/68/1407 2095/374/1408
f 2088/444/1406 2087/443/1405 2092/378/1409 2093/446/1410
f 2091/436/1399 2090/440/1402 2095/374/1408 2096/375/1411
f 2089/439/1401 2088/444/1406 2093/446/1410 2094/68/1407
f 2087/443/1405 2112/447/302 2092/378/1409
f 2123/448/304 2091/436/1399 2096/375/1411
f 2093/446/1410 2092/378/1409 2097/449/1412 2098/450/1413
f 2096/375/1411 2095/374/1408 2100/451/1414 2101/452/1415
f 2094/68/1407 2093/446/1410 2098/450/1413 2099/453/1416
f 2092/378/1409 2112/454/302 2097/449/1412
f 2123/455/304 2096/375/1411 2101/452/1415
f 2095/374/1408 2094/68/1407 2099/453/1416 2100/451/1414
f 2101/452/1415 2100/451/1414 2105/456/1417 2106/457/1418
f 2099/453/1416 2098/450/1413 2103/458/1419 2104/459/1420
f 2097/449/1412 2112/460/302 2102/461/1421
f 2123/462/304 2101/452/1415 2106/457/1418
f 2100/451/1414 2099/453/1416 2104/459/1420 2105/456/1417
f 2098/450/1413 2097/449/1412 2102/461/1421 2103/458/1419
f 2106/457/1418 2105/456/1417 2110/463/1422 2111/464/1423
f 2104/459/1420 2103/458/1419 2108/465/1424 2109/466/308
f 2102/461/1421 2112/81/302 2107/467/1425
f 2123/83/304 2106/457/1418 2111/464/1423
f 2105/456/1417 2104/459/1420 2109/466/308 2110/463/1422
f 2103/458/1419 2102/461/1421 2107/467/1425 2108/465/1424
f 2111/464/1423 2110/463/1422 2116/468/1426 2117/469/1427
f 2109/466/308 2108/465/1424 2114/470/1428 2115/471/1429
f 2107/467/1425 2112/472/302 2113/473/1430
f 2123/474/304 2111/464/1423 2117/469/1427
f 2110/463/1422 2109/466/308 2115/471/1429 2116/468/1426
f 2108/465/1424 2107/467/1425 2113/473/1430 2114/470/1428
f 2117/469/1427 2116/468/1426 2121/405/1431 2122/404/1432
f 2115/471/1429 2114/470/1428 2119/475/1433 2120/84/1434
f 2113/473/1430 2112/476/302 2118/402/1435
f 2123/477/304 2117/469/1427 2122/404/1432
f 2116/468/1426 2115/471/1429 2120/84/1434 2121/405/1431
f 2114/470/1428 2113/473/1430 2118/402/1435 2119/475/1433
f 2120/90/1434 2119/478/1433 2125/479/1436 2126/5/1437
f 2118/480/1435 2112/481/302 2124/482/1438
f 2123/483/304 2122/484/1432 2128/485/1439
f 2121/486/1431 2120/90/1434 2126/5/1437 2127/487/1440
f 2119/478/1433 2118/480/1435 2124/482/1438 2125/479/1436
f 2122/484/1432 2121/486/1431 2127/487/1440 2128/485/1439
f 2124/482/1438 2112/488/302 2129/489/1441
f 2123/490/304 2128/485/1439 2133/491/1442
f 2127/487/1440 2126/5/1437 2131/492/1443 2132/493/1444
f 2125/479/1436 2124/482/1438 2129/489/1441 2130/494/1445
f 2128/485/1439 2127/487/1440 2132/493/1444 2133/491/1442
f 2126/5/1437 2125/479/1436 2130/494/1445 2131/492/1443
f 2123/97/304 2133/491/1442 2138/435/1398
f 2132/493/1444 2131/492/1443 2136/438/298 2137/437/1400
f 2130/494/1445 2129/489/1441 2134/442/1404 2135/441/1403
f 2133/491/1442 2132/493/1444 2137/437/1400 2138/435/1398
f 2131/492/1443 2130/494/1445 2135/441/1403 2136/438/298
f 2129/489/1441 2112/96/302 2134/442/1404
f 2139/2/1446 2140/3/1447 2142/4/1448 2141/5/1449
f 2141/5/1449 2142/4/1448 2144/6/1450 2143/7/1451
f 2143/7/1451 2144/6/1450 2146/8/1452 2145/9/1453
f 2145/9/1453 2146/8/1452 2148/10/1454 2147/11/1455
f 2147/11/1455 2148/10/1454 2150/12/1456 2149/13/1457
f 2149/13/1457 2150/12/1456 2152/14/1458 2151/15/1459
f 2151/15/1459 2152/14/1458 2154/16/1460 2153/17/1461
f 2153/17/1461 2154/16/1460 2156/18/1462 2155/19/1463
f 2142/495/1448 2140/21/1447 2158/496/1464 2156/497/1462 2154/498/1460 2152/499/1458 2150/26/1456 2148/500/1454 2146/501/1452 2144/502/1450
f 2155/19/1463 2156/18/1462 2158/30/1464 2157/31/1465
f 2157/31/1465 2158/30/1464 2140/32/1447 2139/33/1446
f 2139/34/1446 2141/503/1449 2143/504/1451 2145/505/1453 2147/506/1455 2149/39/1457 2151/507/1459 2153/508/1461 2155/509/1463 2157/510/1465
f 2210/435/1398 2209/437/1400 2162/440/1402 2163/436/1399
f 2208/438/298 2207/511/1403 2160/512/1406 2161/439/1401
f 2206/442/1404 2184/445/302 2159/443/1405
f 2195/434/304 2210/435/1398 2163/436/1399
f 2209/437/1400 2208/438/298 2161/439/1401 2162/440/1402
f 2207/511/1403 2206/442/1404 2159/443/1405 2160/512/1406
f 2159/443/1405 2184/447/302 2164/378/1409
f 2195/448/304 2163/436/1399 2168/375/1411
f 2162/440/1402 2161/439/1401 2166/68/1407 2167/374/1408
f 2160/512/1406 2159/443/1405 2164/378/1409 2165/376/1410
f 2163/436/1399 2162/440/1402 2167/374/1408 2168/375/1411
f 2161/439/1401 2160/512/1406 2165/376/1410 2166/68/1407
f 2195/455/304 2168/375/1411 2173/452/1415
f 2167/374/1408 2166/68/1407 2171/453/1416 2172/451/1414
f 2165/376/1410 2164/378/1409 2169/449/1412 2170/513/1413
f 2168/375/1411 2167/374/1408 2172/451/1414 2173/452/1415
f 2166/68/1407 2165/376/1410 2170/513/1413 2171/453/1416
f 2164/378/1409 2184/454/302 2169/449/1412
f 2195/462/304 2173/452/1415 2178/457/1418
f 2172/451/1414 2171/453/1416 2176/459/1420 2177/514/1417
f 2170/513/1413 2169/449/1412 2174/461/1421 2175/515/1419
f 2173/452/1415 2172/451/1414 2177/514/1417 2178/457/1418
f 2171/453/1416 2170/513/1413 2175/515/1419 2176/459/1420
f 2169/449/1412 2184/460/302 2174/461/1421
f 2195/83/304 2178/457/1418 2183/464/1423
f 2177/514/1417 2176/459/1420 2181/466/308 2182/463/1422
f 2175/515/1419 2174/461/1421 2179/467/1425 2180/516/1424
f 2178/457/1418 2177/514/1417 2182/463/1422 2183/464/1423
f 2176/459/1420 2175/515/1419 2180/516/1424 2181/466/308
f 2174/461/1421 2184/81/302 2179/467/1425
f 2182/463/1422 2181/466/308 2187/471/1429 2188/468/1426
f 2180/516/1424 2179/467/1425 2185/473/1430 2186/517/1428
f 2183/464/1423 2182/463/1422 2188/468/1426 2189/469/1427
f 2181/466/308 2180/516/1424 2186/517/1428 2187/471/1429
f 2179/467/1425 2184/472/302 2185/473/1430
f 2195/474/304 2183/464/1423 2189/469/1427
f 2186/517/1428 2185/473/1430 2190/402/1435 2191/400/1433
f 2189/469/1427 2188/468/1426 2193/405/1431 2194/404/1432
f 2187/471/1429 2186/517/1428 2191/400/1433 2192/84/1434
f 2185/473/1430 2184/476/302 2190/402/1435
f 2195/477/304 2189/469/1427 2194/404/1432
f 2188/468/1426 2187/471/1429 2192/84/1434 2193/405/1431
f 2194/484/1432 2193/486/1431 2199/487/1440 2200/485/1439
f 2192/90/1434 2191/518/1433 2197/519/1436 2198/5/1437
f 2190/480/1435 2184/481/302 2196/482/1438
f 2195/483/304 2194/484/1432 2200/485/1439
f 2193/486/1431 2192/90/1434 2198/5/1437 2199/487/1440
f 2191/518/1433 2190/480/1435 2196/482/1438 2197/519/1436
f 2200/485/1439 2199/487/1440 2204/493/1444 2205/491/1442
f 2198/5/1437 2197/519/1436 2202/520/1445 2203/492/1443
f 2196/482/1438 2184/488/302 2201/489/1441
f 2195/490/304 2200/485/1439 2205/491/1442
f 2199/487/1440 2198/5/1437 2203/492/1443 2204/493/1444
f 2197/519/1436 2196/482/1438 2201/489/1441 2202/520/1445
f 2205/491/1442 2204/493/1444 2209/437/1400 2210/435/1398
f 2203/492/1443 2202/520/1445 2207/511/1403 2208/438/298
f 2201/489/1441 2184/96/302 2206/442/1404
f 2195/97/304 2205/491/1442 2210/435/1398
f 2204/493/1444 2203/492/1443 2208/438/298 2209/437/1400
f 2202/520/1445 2201/489/1441 2206/442/1404 2207/511/1403
f 2262/435/1398 2261/437/1400 2214/440/1402 2215/436/1399
f 2260/438/298 2259/511/1403 2212/512/1406 2213/439/1401
f 2258/442/1404 2236/445/302 2211/443/1405
f 2247/434/304 2262/435/1398 2215/436/1399
f 2261/437/1400 2260/438/298 2213/439/1401 2214/440/1402
f 2259/511/1403 2258/442/1404 2211/443/1405 2212/512/1406
f 2215/436/1399 2214/440/1402 2219/374/1408 2220/375/1411
f 2213/439/1401 2212/512/1406 2217/376/1410 2218/68/1407
f 2211/443/1405 2236/447/302 2216/378/1409
f 2247/448/304 2215/436/1399 2220/375/1411
f 2214/440/1402 2213/439/1401 2218/68/1407 2219/374/1408
f 2212/512/1406 2211/443/1405 2216/378/1409 2217/376/1410
f 2218/68/1407 2217/376/1410 2222/513/1413 2223/453/1416
f 2216/378/1409 2236/454/302 2221/449/1412
f 2247/455/304 2220/375/1411 2225/452/1415
f 2219/374/1408 2218/68/1407 2223/453/1416 2224/451/1414
f 2217/376/1410 2216/378/1409 2221/449/1412 2222/513/1413
f 2220/375/1411 2219/374/1408 2224/451/1414 2225/452/1415
f 2221/449/1412 2236/460/302 2226/461/1421
f 2247/462/304 2225/452/1415 2230/457/1418
f 2224/451/1414 2223/453/1416 2228/459/1420 2229/514/1417
f 2222/513/1413 2221/449/1412 2226/461/1421 2227/515/1419
f 2225/452/1415 2224/451/1414 2229/514/1417 2230/457/1418
f 2223/453/1416 2222/513/1413 2227/515/1419 2228/459/1420
f 2247/83/304 2230/457/1418 2235/464/1423
f 2229/514/1417 2228/459/1420 2233/466/308 2234/463/1422
f 2227/515/1419 2226/461/1421 2231/467/1425 2232/516/1424
f 2230/457/1418 2229/514/1417 2234/463/1422 2235/464/1423
f 2228/459/1420 2227/515/1419 2232/516/1424 2233/466/308
f 2226/461/1421 2236/81/302 2231/467/1425
f 2247/474/304 2235/464/1423 2241/469/1427
f 2234/463/1422 2233/466/308 2239/471/1429 2240/468/1426
f 2232/516/1424 2231/467/1425 2237/473/1430 2238/517/1428
f 2235/464/1423 2234/463/1422 2240/468/1426 2241/469/1427
f 2233/466/308 2232/516/1424 2238/517/1428 2239/471/1429
f 2231/467/1425 2236/472/302 2237/473/1430
f 2247/477/304 2241/469/1427 2246/404/1432
f 2240/468/1426 2239/471/1429 2244/84/1434 2245/405/1431
f 2238/517/1428 2237/473/1430 2242/402/1435 2243/400/1433
f 2241/469/1427 2240/468/1426 2245/405/1431 2246/404/1432
f 2239/471/1429 2238/517/1428 2243/400/1433 2244/84/1434
f 2237/473/1430 2236/476/302 2242/402/1435
f 2245/486/1431 2244/90/1434 2250/5/1437 2251/487/1440
f 2243/518/1433 2242/480/1435 2248/482/1438 2249/519/1436
f 2246/484/1432 2245/486/1431 2251/487/1440 2252/485/1439
f 2244/90/1434 2243/518/1433 2249/519/1436 2250/5/1437
f 2242/480/1435 2236/481/302 2248/482/1438
f 2247/483/304 2246/484/1432 2252/485/1439
f 2249/519/1436 2248/482/1438 2253/489/1441 2254/520/1445
f 2252/485/1439 2251/487/1440 2256/493/1444 2257/491/1442
f 2250/5/1437 2249/519/1436 2254/520/1445 2255/492/1443
f 2248/482/1438 2236/488/302 2253/489/1441
f 2247/490/304 2252/485/1439 2257/491/1442
f 2251/487/1440 2250/5/1437 2255/492/1443 2256/493/1444
f 2257/491/1442 2256/493/1444 2261/437/1400 2262/435/1398
f 2255/492/1443 2254/520/1445 2259/511/1403 2260/438/298
f 2253/489/1441 2236/96/302 2258/442/1404
f 2247/97/304 2257/491/1442 2262/435/1398
f 2256/493/1444 2255/492/1443 2260/438/298 2261/437/1400
f 2254/520/1445 2253/489/1441 2258/442/1404 2259/511/1403
f 2263/2/1446 2264/3/1447 2266/4/1448 2265/5/1449
f 2265/5/1449 2266/4/1448 2268/6/1450 2267/7/1451
f 2267/7/1451 2268/6/1450 2270/8/1452 2269/9/1453
f 2269/9/1453 2270/8/1452 2272/10/1454 2271/11/1455
f 2271/11/1455 2272/10/1454 2274/12/1456 2273/13/1457
f 2273/13/1457 2274/12/1456 2276/14/1458 2275/15/1459
f 2275/15/1459 2276/14/1458 2278/16/1460 2277/17/1461
f 2277/17/1461 2278/16/1460 2280/18/1462 2279/19/1463
f 2266/20/1448 2264/21/1447 2282/22/1464 2280/23/1462 2278/24/1460 2276/25/1458 2274/55/1456 2272/27/1454 2270/28/1452 2268/29/1450
f 2279/19/1463 2280/18/1462 2282/30/1464 2281/31/1465
f 2281/31/1465 2282/30/1464 2264/32/1447 2263/33/1446
f 2263/34/1446 2265/35/1449 2267/36/1451 2269/37/1453 2271/38/1455 2273/63/1457 2275/40/1459 2277/41/1461 2279/42/1463 2281/43/1465
f 2319/434/304 2334/435/1398 2287/436/1399
f 2333/437/1400 2332/438/298 2285/439/1401 2286/440/1402
f 2331/511/1403 2330/521/1404 2283/522/1405 2284/512/1406
f 2334/435/1398 2333/437/1400 2286/440/1402 2287/436/1399
f 2332/438/298 2331/511/1403 2284/512/1406 2285/439/1401
f 2330/521/1404 2313/445/302 2283/522/1405
f 2284/512/1406 2283/522/1405 2288/523/1409 2289/376/1410
f 2287/436/1399 2286/440/1402 2291/374/1408 2292/375/1411
f 2285/439/1401 2284/512/1406 2289/376/1410 2290/68/1407
f 2283/522/1405 2313/447/302 2288/523/1409
f 2319/448/304 2287/436/1399 2292/375/1411
f 2286/440/1402 2285/439/1401 2290/68/1407 2291/374/1408
f 2292/375/1411 2291/374/1408 2296/524/1414 2297/452/1415
f 2290/68/1407 2289/376/1410 2294/525/1413 2295/453/1416
f 2288/523/1409 2313/454/302 2293/526/1412
f 2319/455/304 2292/375/1411 2297/452/1415
f 2291/374/1408 2290/68/1407 2295/453/1416 2296/524/1414
f 2289/376/1410 2288/523/1409 2293/526/1412 2294/525/1413
f 2297/452/1415 2296/524/1414 2301/456/1417 2302/457/1418
f 2295/453/1416 2294/525/1413 2299/527/1419 2300/459/1420
f 2293/526/1412 2313/528/302 2298/529/1421
f 2319/530/304 2297/452/1415 2302/457/1418
f 2296/524/1414 2295/453/1416 2300/459/1420 2301/456/1417
f 2294/525/1413 2293/526/1412 2298/529/1421 2299/527/1419
f 2302/457/1418 2301/456/1417 2306/463/1422 2307/464/1423
f 2300/459/1420 2299/527/1419 2304/516/1424 2305/466/308
f 2298/529/1421 2313/81/302 2303/531/1425
f 2319/83/304 2302/457/1418 2307/464/1423
f 2301/456/1417 2300/459/1420 2305/466/308 2306/463/1422
f 2299/527/1419 2298/529/1421 2303/531/1425 2304/516/1424
f 2307/464/1423 2306/463/1422 2311/468/1426 2312/469/1427
f 2305/466/308 2304/516/1424 2309/517/1428 2310/471/1429
f 2303/531/1425 2313/472/302 2308/532/1430
f 2319/474/304 2307/464/1423 2312/469/1427
f 2306/463/1422 2305/466/308 2310/471/1429 2311/468/1426
f 2304/516/1424 2303/531/1425 2308/532/1430 2309/517/1428
f 2310/471/1429 2309/517/1428 2315/400/1433 2316/84/1434
f 2308/532/1430 2313/533/302 2314/534/1435
f 2319/535/304 2312/469/1427 2318/404/1432
f 2311/468/1426 2310/471/1429 2316/84/1434 2317/405/1431
f 2309/517/1428 2308/532/1430 2314/534/1435 2315/400/1433
f 2312/469/1427 2311/468/1426 2317/405/1431 2318/404/1432
f 2314/536/1435 2313/481/302 2320/537/1438
f 2319/483/304 2318/484/1432 2324/538/1439
f 2317/486/1431 2316/90/1434 2322/539/1437 2323/540/1440
f 2315/518/1433 2314/536/1435 2320/537/1438 2321/541/1436
f 2318/484/1432 2317/486/1431 2323/540/1440 2324/538/1439
f 2316/90/1434 2315/518/1433 2321/541/1436 2322/539/1437
f 2319/490/304 2324/538/1439 2329/491/1442
f 2323/540/1440 2322/539/1437 2327/492/1443 2328/493/1444
f 2321/541/1436 2320/537/1438 2325/542/1441 2326/520/1445
f 2324/538/1439 2323/540/1440 2328/493/1444 2329/491/1442
f 2322/539/1437 2321/541/1436 2326/520/1445 2327/492/1443
f 2320/537/1438 2313/488/302 2325/542/1441
f 2319/117/304 2329/491/1442 2334/435/1398
f 2328/493/1444 2327/492/1443 2332/438/298 2333/437/1400
f 2326/520/1445 2325/542/1441 2330/521/1404 2331/511/1403
f 2329/491/1442 2328/493/1444 2333/437/1400 2334/435/1398
f 2327/492/1443 2326/520/1445 2331/511/1403 2332/438/298
f 2325/542/1441 2313/118/302 2330/521/1404
f 2386/435/1398 2385/437/1400 2338/440/1402 2339/436/1399
f 2384/438/298 2383/511/1403 2336/512/1406 2337/439/1401
f 2382/521/1404 2365/445/302 2335/522/1405
f 2371/434/304 2386/435/1398 2339/436/1399
f 2385/437/1400 2384/438/298 2337/439/1401 2338/440/1402
f 2383/511/1403 2382/521/1404 2335/522/1405 2336/512/1406
f 2339/436/1399 2338/440/1402 2343/374/1408 2344/375/1411
f 2337/439/1401 2336/512/1406 2341/376/1410 2342/68/1407
f 2335/522/1405 2365/447/302 2340/523/1409
f 2371/448/304 2339/436/1399 2344/375/1411
f 2338/440/1402 2337/439/1401 2342/68/1407 2343/374/1408
f 2336/512/1406 2335/522/1405 2340/523/1409 2341/376/1410
f 2342/68/1407 2341/376/1410 2346/525/1413 2347/453/1416
f 2340/523/1409 2365/454/302 2345/526/1412
f 2371/455/304 2344/375/1411 2349/452/1415
f 2343/374/1408 2342/68/1407 2347/453/1416 2348/524/1414
f 2341/376/1410 2340/523/1409 2345/526/1412 2346/525/1413
f 2344/375/1411 2343/374/1408 2348/524/1414 2349/452/1415
f 2345/526/1412 2365/528/302 2350/529/1421
f 2371/530/304 2349/452/1415 2354/457/1418
f 2348/524/1414 2347/453/1416 2352/459/1420 2353/456/1417
f 2346/525/1413 2345/526/1412 2350/529/1421 2351/527/1419
f 2349/452/1415 2348/524/1414 2353/456/1417 2354/457/1418
f 2347/453/1416 2346/525/1413 2351/527/1419 2352/459/1420
f 2371/83/304 2354/457/1418 2359/464/1423
f 2353/456/1417 2352/459/1420 2357/466/308 2358/463/1422
f 2351/527/1419 2350/529/1421 2355/531/1425 2356/516/1424
f 2354/457/1418 2353/456/1417 2358/463/1422 2359/464/1423
f 2352/459/1420 2351/527/1419 2356/516/1424 2357/466/308
f 2350/529/1421 2365/81/302 2355/531/1425
f 2371/474/304 2359/464/1423 2364/469/1427
f 2358/463/1422 2357/466/308 2362/471/1429 2363/468/1426
f 2356/516/1424 2355/531/1425 2360/532/1430 2361/517/1428
f 2359/464/1423 2358/463/1422 2363/468/1426 2364/469/1427
f 2357/466/308 2356/516/1424 2361/517/1428 2362/471/1429
f 2355/531/1425 2365/472/302 2360/532/1430
f 2371/535/304 2364/469/1427 2370/404/1432
f 2363/468/1426 2362/471/1429 2368/84/1434 2369/405/1431
f 2361/517/1428 2360/532/1430 2366/534/1435 2367/400/1433
f 2364/469/1427 2363/468/1426 2369/405/1431 2370/404/1432
f 2362/471/1429 2361/517/1428 2367/400/1433 2368/84/1434
f 2360/532/1430 2365/533/302 2366/534/1435
f 2369/486/1431 2368/90/1434 2374/539/1437 2375/540/1440
f 2367/518/1433 2366/536/1435 2372/537/1438 2373/541/1436
f 2370/484/1432 2369/486/1431 2375/540/1440 2376/538/1439
f 2368/90/1434 2367/518/1433 2373/541/1436 2374/539/1437
f 2366/536/1435 2365/481/302 2372/537/1438
f 2371/483/304 2370/484/1432 2376/538/1439
f 2373/541/1436 2372/537/1438 2377/542/1441 2378/520/1445
f 2376/538/1439 2375/540/1440 2380/493/1444 2381/491/1442
f 2374/539/1437 2373/541/1436 2378/520/1445 2379/492/1443
f 2372/537/1438 2365/488/302 2377/542/1441
f 2371/490/304 2376/538/1439 2381/491/1442
f 2375/540/1440 2374/539/1437 2379/492/1443 2380/493/1444
f 2381/491/1442 2380/493/1444 2385/437/1400 2386/435/1398
f 2379/492/1443 2378/520/1445 2383/511/1403 2384/438/298
f 2377/542/1441 2365/118/302 2382/521/1404
f 2371/117/304 2381/491/1442 2386/435/1398
f 2380/493/1444 2379/492/1443 2384/438/298 2385/437/1400
f 2378/520/1445 2377/542/1441 2382/521/1404 2383/511/1403
f 2913/434/304 2928/435/1398 2881/436/1399
f 2927/437/1400 2926/438/298 2879/439/1401 2880/440/1402
f 2925/441/1403 2924/442/1404 2877/443/1405 2878/444/1406
f 2928/435/1398 2927/437/1400 2880/440/1402 2881/436/1399
f 2926/438/298 2925/441/1403 2878/444/1406 2879/439/1401
f 2924/442/1404 2902/445/302 2877/443/1405
f 2878/444/1406 2877/443/1405 2882/378/1409 2883/446/1410
f 2881/436/1399 2880/440/1402 2885/374/1408 2886/375/1411
f 2879/439/1401 2878/444/1406 2883/446/1410 2884/68/1407
f 2877/443/1405 2902/447/302 2882/378/1409
f 2913/448/304 2881/436/1399 2886/375/1411
f 2880/440/1402 2879/439/1401 2884/68/1407 2885/374/1408
f 2886/375/1411 2885/374/1408 2890/451/1414 2891/452/1415
f 2884/68/1407 2883/446/1410 2888/450/1413 2889/453/1416
f 2882/378/1409 2902/454/302 2887/449/1412
f 2913/455/304 2886/375/1411 2891/452/1415
f 2885/374/1408 2884/68/1407 2889/453/1416 2890/451/1414
f 2883/446/1410 2882/378/1409 2887/449/1412 2888/450/1413
f 2891/452/1415 2890/451/1414 2895/456/1417 2896/457/1418
f 2889/453/1416 2888/450/1413 2893/458/1419 2894/459/1420
f 2887/449/1412 2902/460/302 2892/461/1421
f 2913/462/304 2891/452/1415 2896/457/1418
f 2890/451/1414 2889/453/1416 2894/459/1420 2895/456/1417
f 2888/450/1413 2887/449/1412 2892/461/1421 2893/458/1419
f 2896/457/1418 2895/456/1417 2900/463/1422 2901/464/1423
f 2894/459/1420 2893/458/1419 2898/465/1424 2899/466/308
f 2892/461/1421 2902/81/302 2897/467/1425
f 2913/83/304 2896/457/1418 2901/464/1423
f 2895/456/1417 2894/459/1420 2899/466/308 2900/463/1422
f 2893/458/1419 2892/461/1421 2897/467/1425 2898/465/1424
f 2901/464/1423 2900/463/1422 2906/468/1426 2907/469/1427
f 2899/466/308 2898/465/1424 2904/470/1428 2905/471/1429
f 2897/467/1425 2902/472/302 2903/473/1430
f 2913/474/304 2901/464/1423 2907/469/1427
f 2900/463/1422 2899/466/308 2905/471/1429 2906/468/1426
f 2898/465/1424 2897/467/1425 2903/473/1430 2904/470/1428
f 2905/471/1429 2904/470/1428 2909/475/1433 2910/84/1434
f 2903/473/1430 2902/476/302 2908/402/1435
f 2913/477/304 2907/469/1427 2912/404/1432
f 2906/468/1426 2905/471/1429 2910/84/1434 2911/405/1431
f 2904/470/1428 2903/473/1430 2908/402/1435 2909/475/1433
f 2907/469/1427 2906/468/1426 2911/405/1431 2912/404/1432
f 2908/480/1435 2902/481/302 2914/482/1438
f 2913/483/304 2912/484/1432 2918/485/1439
f 2911/486/1431 2910/90/1434 2916/5/1437 2917/487/1440
f 2909/478/1433 2908/480/1435 2914/482/1438 2915/479/1436
f 2912/484/1432 2911/486/1431 2917/487/1440 2918/485/1439
f 2910/90/1434 2909/478/1433 2915/479/1436 2916/5/1437
f 2913/490/304 2918/485/1439 2923/491/1442
f 2917/487/1440 2916/5/1437 2921/492/1443 2922/493/1444
f 2915/479/1436 2914/482/1438 2919/489/1441 2920/494/1445
f 2918/485/1439 2917/487/1440 2922/493/1444 2923/491/1442
f 2916/5/1437 2915/479/1436 2920/494/1445 2921/492/1443
f 2914/482/1438 2902/488/302 2919/489/1441
f 2913/97/304 2923/491/1442 2928/435/1398
f 2922/493/1444 2921/492/1443 2926/438/298 2927/437/1400
f 2920/494/1445 2919/489/1441 2924/442/1404 2925/441/1403
f 2923/491/1442 2922/493/1444 2927/437/1400 2928/435/1398
f 2921/492/1443 2920/494/1445 2925/441/1403 2926/438/298
f 2919/489/1441 2902/96/302 2924/442/1404
f 2929/2/1618 2930/3/1619 2932/4/1620 2931/5/1621
f 2931/5/1621 2932/4/1620 2934/6/1622 2933/7/1623
f 2933/7/1623 2934/6/1622 2936/8/1624 2935/9/1625
f 2935/9/1625 2936/8/1624 2938/10/1626 2937/11/1627
f 2937/11/1627 2938/10/1626 2940/12/1628 2939/13/1629
f 2939/13/1629 2940/12/1628 2942/14/1630 2941/15/1631
f 2941/15/1631 2942/14/1630 2944/16/1632 2943/17/1633
f 2943/17/1633 2944/16/1632 2946/18/1634 2945/19/1635
f 2932/495/1620 2930/21/1619 2948/496/1636 2946/497/1634 2944/498/1632 2942/499/1630 2940/26/1628 2938/500/1626 2936/501/1624 2934/502/1622
f 2945/19/1635 2946/18/1634 2948/30/1636 2947/31/1637
f 2947/31/1637 2948/30/1636 2930/32/1619 2929/33/1618
f 2929/34/1618 2931/503/1621 2933/504/1623 2935/505/1625 2937/506/1627 2939/39/1629 2941/507/1631 2943/508/1633 2945/509/1635 2947/510/1637
f 3000/435/1398 2999/437/1400 2952/440/1402 2953/436/1399
f 2998/438/298 2997/511/1403 2950/512/1406 2951/439/1401
f 2996/442/1404 2974/445/302 2949/443/1405
f 2985/434/304 3000/435/1398 2953/436/1399
f 2999/437/1400 2998/438/298 2951/439/1401 2952/440/1402
f 2997/511/1403 2996/442/1404 2949/443/1405 2950/512/1406
f 2949/443/1405 2974/447/302 2954/378/1409
f 2985/448/304 2953/436/1399 2958/375/1411
f 2952/440/1402 2951/439/1401 2956/68/1407 2957/374/1408
f 2950/512/1406 2949/443/1405 2954/378/1409 2955/376/1410
f 2953/436/1399 2952/440/1402 2957/374/1408 2958/375/1411
f 2951/439/1401 2950/512/1406 2955/376/1410 2956/68/1407
f 2985/455/304 2958/375/1411 2963/452/1415
f 2957/374/1408 2956/68/1407 2961/453/1416 2962/451/1414
f 2955/376/1410 2954/378/1409 2959/449/1412 2960/513/1413
f 2958/375/1411 2957/374/1408 2962/451/1414 2963/452/1415
f 2956/68/1407 2955/376/1410 2960/513/1413 2961/453/1416
f 2954/378/1409 2974/454/302 2959/449/1412
f 2985/462/304 2963/452/1415 2968/457/1418
f 2962/451/1414 2961/453/1416 2966/459/1420 2967/514/1417
f 2960/513/1413 2959/449/1412 2964/461/1421 2965/515/1419
f 2963/452/1415 2962/451/1414 2967/514/1417 2968/457/1418
f 2961/453/1416 2960/513/1413 2965/515/1419 2966/459/1420
f 2959/449/1412 2974/460/302 2964/461/1421
f 2985/83/304 2968/457/1418 2973/464/1423
f 2967/514/1417 2966/459/1420 2971/466/308 2972/463/1422
f 2965/515/1419 2964/461/1421 2969/467/1425 2970/516/1424
f 2968/457/1418 2967/514/1417 2972/463/1422 2973/464/1423
f 2966/459/1420 2965/515/1419 2970/516/1424 2971/466/308
f 2964/461/1421 2974/81/302 2969/467/1425
f 2972/463/1422 2971/466/308 2977/471/1429 2978/468/1426
f 2970/516/1424 2969/467/1425 2975/473/1430 2976/517/1428
f 2973/464/1423 2972/463/1422 2978/468/1426 2979/469/1427
f 2971/466/308 2970/516/1424 2976/517/1428 2977/471/1429
f 2969/467/1425 2974/472/302 2975/473/1430
f 2985/474/304 2973/464/1423 2979/469/1427
f 2976/517/1428 2975/473/1430 2980/402/1435 2981/400/1433
f 2979/469/1427 2978/468/1426 2983/405/1431 2984/404/1432
f 2977/471/1429 2976/517/1428 2981/400/1433 2982/84/1434
f 2975/473/1430 2974/476/302 2980/402/1435
f 2985/477/304 2979/469/1427 2984/404/1432
f 2978/468/1426 2977/471/1429 2982/84/1434 2983/405/1431
f 2984/484/1432 2983/486/1431 2989/487/1440 2990/485/1439
f 2982/90/1434 2981/518/1433 2987/519/1436 2988/5/1437
f 2980/480/1435 2974/481/302 2986/482/1438
f 2985/483/304 2984/484/1432 2990/485/1439
f 2983/486/1431 2982/90/1434 2988/5/1437 2989/487/1440
f 2981/518/1433 2980/480/1435 2986/482/1438 2987/519/1436
f 2990/485/1439 2989/487/1440 2994/493/1444 2995/491/1442
f 2988/5/1437 2987/519/1436 2992/520/1445 2993/492/1443
f 2986/482/1438 2974/488/302 2991/489/1441
f 2985/490/304 2990/485/1439 2995/491/1442
f 2989/487/1440 2988/5/1437 2993/492/1443 2994/493/1444
f 2987/519/1436 2986/482/1438 2991/489/1441 2992/520/1445
f 2995/491/1442 2994/493/1444 2999/437/1400 3000/435/1398
f 2993/492/1443 2992/520/1445 2997/511/1403 2998/438/298
f 2991/489/1441 2974/96/302 2996/442/1404
f 2985/97/304 2995/491/1442 3000/435/1398
f 2994/493/1444 2993/492/1443 2998/438/298 2999/437/1400
f 2992/520/1445 2991/489/1441 2996/442/1404 2997/511/1403
f 3051/437/1400 3050/438/298 3003/439/1401 3004/440/1402
f 3049/511/1403 3048/442/1404 3001/443/1405 3002/512/1406
f 3052/435/1398 3051/437/1400 3004/440/1402 3005/436/1399
f 3050/438/298 3049/511/1403 3002/512/1406 3003/439/1401
f 3048/442/1404 3026/445/302 3001/443/1405
f 3037/434/304 3052/435/1398 3005/436/1399
f 3005/436/1399 3004/440/1402 3009/374/1408 3010/375/1411
f 3003/439/1401 3002/512/1406 3007/376/1410 3008/68/1407
f 3001/443/1405 3026/447/302 3006/378/1409
f 3037/448/304 3005/436/1399 3010/375/1411
f 3004/440/1402 3003/439/1401 3008/68/1407 3009/374/1408
f 3002/512/1406 3001/443/1405 3006/378/1409 3007/376/1410
f 3010/375/1411 3009/374/1408 3014/451/1414 3015/452/1415
f 3008/68/1407 3007/376/1410 3012/513/1413 3013/453/1416
f 3006/378/1409 3026/454/302 3011/449/1412
f 3037/455/304 3010/375/1411 3015/452/1415
f 3009/374/1408 3008/68/1407 3013/453/1416 3014/451/1414
f 3007/376/1410 3006/378/1409 3011/449/1412 3012/513/1413
f 3015/452/1415 3014/451/1414 3019/514/1417 3020/457/1418
f 3013/453/1416 3012/513/1413 3017/515/1419 3018/459/1420
f 3011/449/1412 3026/460/302 3016/461/1421
f 3037/462/304 3015/452/1415 3020/457/1418
f 3014/451/1414 3013/453/1416 3018/459/1420 3019/514/1417
f 3012/513/1413 3011/449/1412 3016/461/1421 3017/515/1419
f 3018/459/1420 3017/515/1419 3022/516/1424 3023/466/308
f 3016/461/1421 3026/81/302 3021/467/1425
f 3037/83/304 3020/457/1418 3025/464/1423
f 3019/514/1417 3018/459/1420 3023/466/308 3024/463/1422
f 3017/515/1419 3016/461/1421 3021/467/1425 3022/516/1424
f 3020/457/1418 3019/514/1417 3024/463/1422 3025/464/1423
f 3021/467/1425 3026/472/302 3027/473/1430
f 3037/474/304 3025/464/1423 3031/469/1427
f 3024/463/1422 3023/466/308 3029/471/1429 3030/468/1426
f 3022/516/1424 3021/467/1425 3027/473/1430 3028/517/1428
f 3025/464/1423 3024/463/1422 3030/468/1426 3031/469/1427
f 3023/466/308 3022/516/1424 3028/517/1428 3029/471/1429
f 3037/477/304 3031/469/1427 3036/404/1432
f 3030/468/1426 3029/471/1429 3034/84/1434 3035/405/1431
f 3028/517/1428 3027/473/1430 3032/402/1435 3033/400/1433
f 3031/469/1427 3030/468/1426 3035/405/1431 3036/404/1432
f 3029/471/1429 3028/517/1428 3033/400/1433 3034/84/1434
f 3027/473/1430 3026/476/302 3032/402/1435
f 3037/483/304 3036/484/1432 3042/485/1439
f 3035/486/1431 3034/90/1434 3040/5/1437 3041/487/1440
f 3033/518/1433 3032/480/1435 3038/482/1438 3039/519/1436
f 3036/484/1432 3035/486/1431 3041/487/1440 3042/485/1439
f 3034/90/1434 3033/518/1433 3039/519/1436 3040/5/1437
f 3032/480/1435 3026/481/302 3038/482/1438
f 3037/490/304 3042/485/1439 3047/491/1442
f 3041/487/1440 3040/5/1437 3045/492/1443 3046/493/1444
f 3039/519/1436 3038/482/1438 3043/489/1441 3044/520/1445
f 3042/485/1439 3041/487/1440 3046/493/1444 3047/491/1442
f 3040/5/1437 3039/519/1436 3044/520/1445 3045/492/1443
f 3038/482/1438 3026/488/302 3043/489/1441
f 3046/493/1444 3045/492/1443 3050/438/298 3051/437/1400
f 3044/520/1445 3043/489/1441 3048/442/1404 3049/511/1403
f 3047/491/1442 3046/493/1444 3051/437/1400 3052/435/1398
f 3045/492/1443 3044/520/1445 3049/511/1403 3050/438/298
f 3043/489/1441 3026/96/302 3048/442/1404
f 3037/97/304 3047/491/1442 3052/435/1398
f 3053/2/1618 3054/3/1619 3056/4/1620 3055/5/1621
f 3055/5/1621 3056/4/1620 3058/6/1622 3057/7/1623
f 3057/7/1623 3058/6/1622 3060/8/1624 3059/9/1625
f 3059/9/1625 3060/8/1624 3062/10/1626 3061/11/1627
f 3061/11/1627 3062/10/1626 3064/12/1628 3063/13/1629
f 3063/13/1629 3064/12/1628 3066/14/1630 3065/15/1631
f 3065/15/1631 3066/14/1630 3068/16/1632 3067/17/1633
f 3067/17/1633 3068/16/1632 3070/18/1634 3069/19/1635
f 3056/20/1620 3054/21/1619 3072/22/1636 3070/23/1634 3068/24/1632 3066/25/1630 3064/55/1628 3062/27/1626 3060/28/1624 3058/29/1622
f 3069/19/1635 3070/18/1634 3072/30/1636 3071/31/1637
f 3071/31/1637 3072/30/1636 3054/32/1619 3053/33/1618
f 3053/34/1618 3055/35/1621 3057/36/1623 3059/37/1625 3061/38/1627 3063/63/1629 3065/40/1631 3067/41/1633 3069/42/1635 3071/43/1637
f 3120/521/1404 3103/445/302 3073/522/1405
f 3109/434/304 3124/435/1398 3077/436/1399
f 3123/437/1400 3122/438/298 3075/439/1401 3076/440/1402
f 3121/511/1403 3120/521/1404 3073/522/1405 3074/512/1406
f 3124/435/1398 3123/437/1400 3076/440/1402 3077/436/1399
f 3122/438/298 3121/511/1403 3074/512/1406 3075/439/1401
f 3109/448/304 3077/436/1399 3082/375/1411
f 3076/440/1402 3075/439/1401 3080/68/1407 3081/374/1408
f 3074/512/1406 3073/522/1405 3078/523/1409 3079/376/1410
f 3077/436/1399 3076/440/1402 3081/374/1408 3082/375/1411
f 3075/439/1401 3074/512/1406 3079/376/1410 3080/68/1407
f 3073/522/1405 3103/447/302 3078/523/1409
f 3081/374/1408 3080/68/1407 3085/453/1416 3086/524/1414
f 3079/376/1410 3078/523/1409 3083/526/1412 3084/525/1413
f 3082/375/1411 3081/374/1408 3086/524/1414 3087/452/1415
f 3080/68/1407 3079/376/1410 3084/525/1413 3085/453/1416
f 3078/523/1409 3103/454/302 3083/526/1412
f 3109/455/304 3082/375/1411 3087/452/1415
f 3084/525/1413 3083/526/1412 3088/529/1421 3089/527/1419
f 3087/452/1415 3086/524/1414 3091/456/1417 3092/457/1418
f 3085/453/1416 3084/525/1413 3089/527/1419 3090/459/1420
f 3083/526/1412 3103/528/302 3088/529/1421
f 3109/530/304 3087/452/1415 3092/457/1418
f 3086/524/1414 3085/453/1416 3090/459/1420 3091/456/1417
f 3092/457/1418 3091/456/1417 3096/463/1422 3097/464/1423
f 3090/459/1420 3089/527/1419 3094/516/1424 3095/466/308
f 3088/529/1421 3103/81/302 3093/531/1425
f 3109/83/304 3092/457/1418 3097/464/1423
f 3091/456/1417 3090/459/1420 3095/466/308 3096/463/1422
f 3089/527/1419 3088/529/1421 3093/531/1425 3094/516/1424
f 3097/464/1423 3096/463/1422 3101/468/1426 3102/469/1427
f 3095/466/308 3094/516/1424 3099/517/1428 3100/471/1429
f 3093/531/1425 3103/472/302 3098/532/1430
f 3109/474/304 3097/464/1423 3102/469/1427
f 3096/463/1422 3095/466/308 3100/471/1429 3101/468/1426
f 3094/516/1424 3093/531/1425 3098/532/1430 3099/517/1428
f 3102/469/1427 3101/468/1426 3107/405/1431 3108/404/1432
f 3100/471/1429 3099/517/1428 3105/400/1433 3106/84/1434
f 3098/532/1430 3103/533/302 3104/534/1435
f 3109/535/304 3102/469/1427 3108/404/1432
f 3101/468/1426 3100/471/1429 3106/84/1434 3107/405/1431
f 3099/517/1428 3098/532/1430 3104/534/1435 3105/400/1433
f 3108/484/1432 3107/486/1431 3113/540/1440 3114/538/1439
f 3106/90/1434 3105/518/1433 3111/541/1436 3112/539/1437
f 3104/536/1435 3103/481/302 3110/537/1438
f 3109/483/304 3108/484/1432 3114/538/1439
f 3107/486/1431 3106/90/1434 3112/539/1437 3113/540/1440
f 3105/518/1433 3104/536/1435 3110/537/1438 3111/541/1436
f 3112/539/1437 3111/541/1436 3116/520/1445 3117/492/1443
f 3110/537/1438 3103/488/302 3115/542/1441
f 3109/490/304 3114/538/1439 3119/491/1442
f 3113/540/1440 3112/539/1437 3117/492/1443 3118/493/1444
f 3111/541/1436 3110/537/1438 3115/542/1441 3116/520/1445
f 3114/538/1439 3113/540/1440 3118/493/1444 3119/491/1442
f 3115/542/1441 3103/118/302 3120/521/1404
f 3109/117/304 3119/491/1442 3124/435/1398
f 3118/493/1444 3117/492/1443 3122/438/298 3123/437/1400
f 3116/520/1445 3115/542/1441 3120/521/1404 3121/511/1403
f 3119/491/1442 3118/493/1444 3123/437/1400 3124/435/1398
f 3117/492/1443 3116/520/1445 3121/511/1403 3122/438/298
f 3176/435/1398 3175/437/1400 3128/440/1402 3129/436/1399
f 3174/438/298 3173/511/1403 3126/512/1406 3127/439/1401
f 3172/521/1404 3155/445/302 3125/522/1405
f 3161/434/304 3176/435/1398 3129/436/1399
f 3175/437/1400 3174/438/298 3127/439/1401 3128/440/1402
f 3173/511/1403 3172/521/1404 3125/522/1405 3126/512/1406
f 3161/448/304 3129/436/1399 3134/375/1411
f 3128/440/1402 3127/439/1401 3132/68/1407 3133/374/1408
f 3126/512/1406 3125/522/1405 3130/523/1409 3131/376/1410
f 3129/436/1399 3128/440/1402 3133/374/1408 3134/375/1411
f 3127/439/1401 3126/512/1406 3131/376/1410 3132/68/1407
f 3125/522/1405 3155/447/302 3130/523/1409
f 3161/455/304 3134/375/1411 3139/452/1415
f 3133/374/1408 3132/68/1407 3137/453/1416 3138/524/1414
f 3131/376/1410 3130/523/1409 3135/526/1412 3136/525/1413
f 3134/375/1411 3133/374/1408 3138/524/1414 3139/452/1415
f 3132/68/1407 3131/376/1410 3136/525/1413 3137/453/1416
f 3130/523/1409 3155/454/302 3135/526/1412
f 3161/530/304 3139/452/1415 3144/457/1418
f 3138/524/1414 3137/453/1416 3142/459/1420 3143/456/1417
f 3136/525/1413 3135/526/1412 3140/529/1421 3141/527/1419
f 3139/452/1415 3138/524/1414 3143/456/1417 3144/457/1418
f 3137/453/1416 3136/525/1413 3141/527/1419 3142/459/1420
f 3135/526/1412 3155/528/302 3140/529/1421
f 3143/456/1417 3142/459/1420 3147/466/308 3148/463/1422
f 3141/527/1419 3140/529/1421 3145/531/1425 3146/516/1424
f 3144/457/1418 3143/456/1417 3148/463/1422 3149/464/1423
f 3142/459/1420 3141/527/1419 3146/516/1424 3147/466/308
f 3140/529/1421 3155/81/302 3145/531/1425
f 3161/83/304 3144/457/1418 3149/464/1423
f 3146/516/1424 3145/531/1425 3150/532/1430 3151/517/1428
f 3149/464/1423 3148/463/1422 3153/468/1426 3154/469/1427
f 3147/466/308 3146/516/1424 3151/517/1428 3152/471/1429
f 3145/531/1425 3155/472/302 3150/532/1430
f 3161/474/304 3149/464/1423 3154/469/1427
f 3148/463/1422 3147/466/308 3152/471/1429 3153/468/1426
f 3154/469/1427 3153/468/1426 3159/405/1431 3160/404/1432
f 3152/471/1429 3151/517/1428 3157/400/1433 3158/84/1434
f 3150/532/1430 3155/533/302 3156/534/1435
f 3161/535/304 3154/469/1427 3160/404/1432
f 3153/468/1426 3152/471/1429 3158/84/1434 3159/405/1431
f 3151/517/1428 3150/532/1430 3156/534/1435 3157/400/1433
f 3160/484/1432 3159/486/1431 3165/540/1440 3166/538/1439
f 3158/90/1434 3157/518/1433 3163/541/1436 3164/539/1437
f 3156/536/1435 3155/481/302 3162/537/1438
f 3161/483/304 3160/484/1432 3166/538/1439
f 3159/486/1431 3158/90/1434 3164/539/1437 3165/540/1440
f 3157/518/1433 3156/536/1435 3162/537/1438 3163/541/1436
f 3166/538/1439 3165/540/1440 3170/493/1444 3171/491/1442
f 3164/539/1437 3163/541/1436 3168/520/1445 3169/492/1443
f 3162/537/1438 3155/488/302 3167/542/1441
f 3161/490/304 3166/538/1439 3171/491/1442
f 3165/540/1440 3164/539/1437 3169/492/1443 3170/493/1444
f 3163/541/1436 3162/537/1438 3167/542/1441 3168/520/1445
f 3171/491/1442 3170/493/1444 3175/437/1400 3176/435/1398
f 3169/492/1443 3168/520/1445 3173/511/1403 3174/438/298
f 3167/542/1441 3155/118/302 3172/521/1404
f 3161/117/304 3171/491/1442 3176/435/1398
f 3170/493/1444 3169/492/1443 3174/438/298 3175/437/1400
f 3168/520/1445 3167/542/1441 3172/521/1404 3173/511/1403
f 3667/2/1686 3668/3/1687 3670/4/1688 3669/5/1689
f 3669/5/1689 3670/4/1688 3672/6/1690 3671/7/1691
f 3671/7/1691 3672/6/1690 3674/8/1692 3673/9/1693
f 3673/9/1693 3674/8/1692 3676/10/1694 3675/11/1695
f 3675/11/1695 3676/10/1694 3678/12/1696 3677/13/1697
f 3677/13/1697 3678/12/1696 3680/14/1698 3679/15/1699
f 3679/15/1699 3680/14/1698 3682/16/1700 3681/17/1701
f 3681/17/1701 3682/16/1700 3684/18/1702 3683/19/1703
f 3670/495/1688 3668/21/1687 3686/496/1704 3684/497/1702 3682/498/1700 3680/499/1698 3678/26/1696 3676/500/1694 3674/501/1692 3672/502/1690
f 3683/19/1703 3684/18/1702 3686/30/1704 3685/31/1705
f 3685/31/1705 3686/30/1704 3668/32/1687 3667/33/1686
f 3667/34/1686 3669/503/1689 3671/504/1691 3673/505/1693 3675/506/1695 3677/39/1697 3679/507/1699 3681/508/1701 3683/509/1703 3685/510/1705
f 3738/435/1398 3737/437/1400 3690/440/1402 3691/436/1399
f 3736/438/298 3735/441/1403 3688/444/1406 3689/439/1401
f 3734/442/1404 3717/445/302 3687/443/1405
f 3723/434/304 3738/435/1398 3691/436/1399
f 3737/437/1400 3736/438/298 3689/439/1401 3690/440/1402
f 3735/441/1403 3734/442/1404 3687/443/1405 3688/444/1406
f 3691/436/1399 3690/440/1402 3695/374/1408 3696/375/1411
f 3689/439/1401 3688/444/1406 3693/446/1410 3694/68/1407
f 3687/443/1405 3717/447/302 3692/378/1409
f 3723/448/304 3691/436/1399 3696/375/1411
f 3690/440/1402 3689/439/1401 3694/68/1407 3695/374/1408
f 3688/444/1406 3687/443/1405 3692/378/1409 3693/446/1410
f 3694/68/1407 3693/446/1410 3698/629/1413 3699/453/1416
f 3692/378/1409 3717/454/302 3697/449/1412
f 3723/455/304 3696/375/1411 3701/452/1415
f 3695/374/1408 3694/68/1407 3699/453/1416 3700/524/1414
f 3693/446/1410 3692/378/1409 3697/449/1412 3698/629/1413
f 3696/375/1411 3695/374/1408 3700/524/1414 3701/452/1415
f 3697/449/1412 3717/528/302 3702/461/1421
f 3723/530/304 3701/452/1415 3706/457/1418
f 3700/524/1414 3699/453/1416 3704/459/1420 3705/456/1417
f 3698/629/1413 3697/449/1412 3702/461/1421 3703/458/1419
f 3701/452/1415 3700/524/1414 3705/456/1417 3706/457/1418
f 3699/453/1416 3698/629/1413 3703/458/1419 3704/459/1420
f 3723/83/304 3706/457/1418 3711/464/1423
f 3705/456/1417 3704/459/1420 3709/466/308 3710/463/1422
f 3703/458/1419 3702/461/1421 3707/467/1425 3708/465/1424
f 3706/457/1418 3705/456/1417 3710/463/1422 3711/464/1423
f 3704/459/1420 3703/458/1419 3708/465/1424 3709/466/308
f 3702/461/1421 3717/81/302 3707/467/1425
f 3723/630/304 3711/464/1423 3716/469/1427
f 3710/463/1422 3709/466/308 3714/471/1429 3715/468/1426
f 3708/465/1424 3707/467/1425 3712/473/1430 3713/470/1428
f 3711/464/1423 3710/463/1422 3715/468/1426 3716/469/1427
f 3709/466/308 3708/465/1424 3713/470/1428 3714/471/1429
f 3707/467/1425 3717/631/302 3712/473/1430
f 3723/477/304 3716/469/1427 3722/404/1432
f 3715/468/1426 3714/471/1429 3720/84/1434 3721/405/1431
f 3713/470/1428 3712/473/1430 3718/402/1435 3719/475/1433
f 3716/469/1427 3715/468/1426 3721/405/1431 3722/404/1432
f 3714/471/1429 3713/470/1428 3719/475/1433 3720/84/1434
f 3712/473/1430 3717/476/302 3718/402/1435
f 3721/486/1431 3720/90/1434 3726/539/1437 3727/540/1440
f 3719/478/1433 3718/480/1435 3724/632/1438 3725/633/1436
f 3722/484/1432 3721/486/1431 3727/540/1440 3728/538/1439
f 3720/90/1434 3719/478/1433 3725/633/1436 3726/539/1437
f 3718/480/1435 3717/481/302 3724/632/1438
f 3723/483/304 3722/484/1432 3728/538/1439
f 3725/633/1436 3724/632/1438 3729/489/1441 3730/494/1445
f 3728/538/1439 3727/540/1440 3732/493/1444 3733/491/1442
f 3726/539/1437 3725/633/1436 3730/494/1445 3731/492/1443
f 3724/632/1438 3717/488/302 3729/489/1441
f 3723/490/304 3728/538/1439 3733/491/1442
f 3727/540/1440 3726/539/1437 3731/492/1443 3732/493/1444
f 3733/491/1442 3732/493/1444 3737/437/1400 3738/435/1398
f 3731/492/1443 3730/494/1445 3735/441/1403 3736/438/298
f 3729/489/1441 3717/118/302 3734/442/1404
f 3723/117/304 3733/491/1442 3738/435/1398
f 3732/493/1444 3731/492/1443 3736/438/298 3737/437/1400
f 3730/494/1445 3729/489/1441 3734/442/1404 3735/441/1403
f 3786/442/1404 3769/445/302 3739/443/1405
f 3775/434/304 3790/435/1398 3743/436/1399
f 3789/437/1400 3788/438/298 3741/439/1401 3742/440/1402
f 3787/441/1403 3786/442/1404 3739/443/1405 3740/444/1406
f 3790/435/1398 3789/437/1400 3742/440/1402 3743/436/1399
f 3788/438/298 3787/441/1403 3740/444/1406 3741/439/1401
f 3775/448/304 3743/436/1399 3748/375/1411
f 3742/440/1402 3741/439/1401 3746/68/1407 3747/374/1408
f 3740/444/1406 3739/443/1405 3744/378/1409 3745/446/1410
f 3743/436/1399 3742/440/1402 3747/374/1408 3748/375/1411
f 3741/439/1401 3740/444/1406 3745/446/1410 3746/68/1407
f 3739/443/1405 3769/447/302 3744/378/1409
f 3747/374/1408 3746/68/1407 3751/453/1416 3752/524/1414
f 3745/446/1410 3744/378/1409 3749/449/1412 3750/629/1413
f 3748/375/1411 3747/374/1408 3752/524/1414 3753/452/1415
f 3746/68/1407 3745/446/1410 3750/629/1413 3751/453/1416
f 3744/378/1409 3769/454/302 3749/449/1412
f 3775/455/304 3748/375/1411 3753/452/1415
f 3750/629/1413 3749/449/1412 3754/461/1421 3755/458/1419
f 3753/452/1415 3752/524/1414 3757/456/1417 3758/457/1418
f 3751/453/1416 3750/629/1413 3755/458/1419 3756/459/1420
f 3749/449/1412 3769/528/302 3754/461/1421
f 3775/530/304 3753/452/1415 3758/457/1418
f 3752/524/1414 3751/453/1416 3756/459/1420 3757/456/1417
f 3758/457/1418 3757/456/1417 3762/463/1422 3763/464/1423
f 3756/459/1420 3755/458/1419 3760/465/1424 3761/466/308
f 3754/461/1421 3769/81/302 3759/467/1425
f 3775/83/304 3758/457/1418 3763/464/1423
f 3757/456/1417 3756/459/1420 3761/466/308 3762/463/1422
f 3755/458/1419 3754/461/1421 3759/467/1425 3760/465/1424
f 3763/464/1423 3762/463/1422 3767/468/1426 3768/469/1427
f 3761/466/308 3760/465/1424 3765/470/1428 3766/471/1429
f 3759/467/1425 3769/631/302 3764/473/1430
f 3775/630/304 3763/464/1423 3768/469/1427
f 3762/463/1422 3761/466/308 3766/471/1429 3767/468/1426
f 3760/465/1424 3759/467/1425 3764/473/1430 3765/470/1428
f 3768/469/1427 3767/468/1426 3773/405/1431 3774/404/1432
f 3766/471/1429 3765/470/1428 3771/475/1433 3772/84/1434
f 3764/473/1430 3769/476/302 3770/402/1435
f 3775/477/304 3768/469/1427 3774/404/1432
f 3767/468/1426 3766/471/1429 3772/84/1434 3773/405/1431
f 3765/470/1428 3764/473/1430 3770/402/1435 3771/475/1433
f 3774/484/1432 3773/486/1431 3779/540/1440 3780/538/1439
f 3772/90/1434 3771/478/1433 3777/633/1436 3778/539/1437
f 3770/480/1435 3769/481/302 3776/632/1438
f 3775/483/304 3774/484/1432 3780/538/1439
f 3773/486/1431 3772/90/1434 3778/539/1437 3779/540/1440
f 3771/478/1433 3770/480/1435 3776/632/1438 3777/633/1436
f 3778/539/1437 3777/633/1436 3782/494/1445 3783/492/1443
f 3776/632/1438 3769/488/302 3781/489/1441
f 3775/490/304 3780/538/1439 3785/491/1442
f 3779/540/1440 3778/539/1437 3783/492/1443 3784/493/1444
f 3777/633/1436 3776/632/1438 3781/489/1441 3782/494/1445
f 3780/538/1439 3779/540/1440 3784/493/1444 3785/491/1442
f 3781/489/1441 3769/118/302 3786/442/1404
f 3775/117/304 3785/491/1442 3790/435/1398
f 3784/493/1444 3783/492/1443 3788/438/298 3789/437/1400
f 3782/494/1445 3781/489/1441 3786/442/1404 3787/441/1403
f 3785/491/1442 3784/493/1444 3789/437/1400 3790/435/1398
f 3783/492/1443 3782/494/1445 3787/441/1403 3788/438/298
f 3791/2/1706 3792/3/1707 3794/4/1708 3793/5/1709
f 3793/5/1709 3794/4/1708 3796/6/1710 3795/7/1711
f 3795/7/1711 3796/6/1710 3798/8/1712 3797/9/1713
f 3797/9/1713 3798/8/1712 3800/10/1714 3799/11/1715
f 3799/11/1715 3800/10/1714 3802/12/1716 3801/13/1717
f 3801/13/1717 3802/12/1716 3804/14/1718 3803/15/1719
f 3803/15/1719 3804/14/1718 3806/16/1720 3805/17/1721
f 3805/17/1721 3806/16/1720 3808/18/1722 3807/19/1723
f 3794/20/1708 3792/21/1707 3810/22/1724 3808/23/1722 3806/634/1720 3804/25/1718 3802/26/1716 3800/27/1714 3798/635/1712 3796/29/1710
f 3807/19/1723 3808/18/1722 3810/30/1724 3809/31/1725
f 3809/31/1725 3810/30/1724 3792/32/1707 3791/33/1706
f 3791/34/1706 3793/35/1709 3795/36/1711 3797/636/1713 3799/38/1715 3801/39/1717 3803/40/1719 3805/637/1721 3807/42/1723 3809/43/1725
f 3847/434/304 3862/435/1398 3815/436/1399
f 3861/437/1400 3860/438/298 3813/439/1401 3814/440/1402
f 3859/441/1403 3858/442/1404 3811/443/1405 3812/444/1406
f 3862/435/1398 3861/437/1400 3814/440/1402 3815/436/1399
f 3860/438/298 3859/441/1403 3812/444/1406 3813/439/1401
f 3858/442/1404 3841/445/302 3811/443/1405
f 3815/436/1399 3814/440/1402 3819/374/1408 3820/375/1411
f 3813/439/1401 3812/444/1406 3817/446/1410 3818/68/1407
f 3811/443/1405 3841/447/302 3816/378/1409
f 3847/448/304 3815/436/1399 3820/375/1411
f 3814/440/1402 3813/439/1401 3818/68/1407 3819/374/1408
f 3812/444/1406 3811/443/1405 3816/378/1409 3817/446/1410
f 3820/375/1411 3819/374/1408 3824/524/1414 3825/638/1415
f 3818/68/1407 3817/446/1410 3822/629/1413 3823/639/1416
f 3816/378/1409 3841/454/302 3821/640/1412
f 3847/455/304 3820/375/1411 3825/638/1415
f 3819/374/1408 3818/68/1407 3823/639/1416 3824/524/1414
f 3817/446/1410 3816/378/1409 3821/640/1412 3822/629/1413
f 3825/638/1415 3824/524/1414 3829/456/1417 3830/457/1418
f 3823/639/1416 3822/629/1413 3827/458/1419 3828/459/1420
f 3821/640/1412 3841/528/302 3826/461/1421
f 3847/530/304 3825/638/1415 3830/457/1418
f 3824/524/1414 3823/639/1416 3828/459/1420 3829/456/1417
f 3822/629/1413 3821/640/1412 3826/461/1421 3827/458/1419
f 3830/457/1418 3829/456/1417 3834/463/1422 3835/464/1423
f 3828/459/1420 3827/458/1419 3832/465/1424 3833/466/308
f 3826/461/1421 3841/104/302 3831/467/1425
f 3847/106/304 3830/457/1418 3835/464/1423
f 3829/456/1417 3828/459/1420 3833/466/308 3834/463/1422
f 3827/458/1419 3826/461/1421 3831/467/1425 3832/465/1424
f 3833/466/308 3832/465/1424 3837/470/1428 3838/471/1429
f 3831/467/1425 3841/631/302 3836/473/1430
f 3847/630/304 3835/464/1423 3840/469/1427
f 3834/463/1422 3833/466/308 3838/471/1429 3839/468/1426
f 3832/465/1424 3831/467/1425 3836/473/1430 3837/470/1428
f 3835/464/1423 3834/463/1422 3839/468/1426 3840/469/1427
f 3836/473/1430 3841/476/302 3842/402/1435
f 3847/477/304 3840/469/1427 3846/404/1432
f 3839/468/1426 3838/471/1429 3844/84/1434 3845/405/1431
f 3837/470/1428 3836/473/1430 3842/402/1435 3843/475/1433
f 3840/469/1427 3839/468/1426 3845/405/1431 3846/404/1432
f 3838/471/1429 3837/470/1428 3843/475/1433 3844/84/1434
f 3847/483/304 3846/484/1432 3852/538/1439
f 3845/486/1431 3844/90/1434 3850/539/1437 3851/540/1440
f 3843/478/1433 3842/480/1435 3848/632/1438 3849/633/1436
f 3846/484/1432 3845/486/1431 3851/540/1440 3852/538/1439
f 3844/90/1434 3843/478/1433 3849/633/1436 3850/539/1437
f 3842/480/1435 3841/481/302 3848/632/1438
f 3847/490/304 3852/538/1439 3857/491/1442
f 3851/540/1440 3850/539/1437 3855/492/1443 3856/493/1444
f 3849/633/1436 3848/632/1438 3853/489/1441 3854/494/1445
f 3852/538/1439 3851/540/1440 3856/493/1444 3857/491/1442
f 3850/539/1437 3849/633/1436 3854/494/1445 3855/492/1443
f 3848/632/1438 3841/488/302 3853/489/1441
f 3847/117/304 3857/491/1442 3862/435/1398
f 3856/493/1444 3855/492/1443 3860/438/298 3861/437/1400
f 3854/494/1445 3853/489/1441 3858/442/1404 3859/441/1403
f 3857/491/1442 3856/493/1444 3861/437/1400 3862/435/1398
f 3855/492/1443 3854/494/1445 3859/441/1403 3860/438/298
f 3853/489/1441 3841/118/302 3858/442/1404
f 3914/435/1398 3913/437/1400 3866/440/1402 3867/436/1399
f 3912/438/298 3911/441/1403 3864/444/1406 3865/439/1401
f 3910/442/1404 3893/445/302 3863/443/1405
f 3899/434/304 3914/435/1398 3867/436/1399
f 3913/437/1400 3912/438/298 3865/439/1401 3866/440/1402
f 3911/441/1403 3910/442/1404 3863/443/1405 3864/444/1406
f 3863/443/1405 3893/447/302 3868/378/1409
f 3899/448/304 3867/436/1399 3872/375/1411
f 3866/440/1402 3865/439/1401 3870/68/1407 3871/374/1408
f 3864/444/1406 3863/443/1405 3868/378/1409 3869/446/1410
f 3867/436/1399 3866/440/1402 3871/374/1408 3872/375/1411
f 3865/439/1401 3864/444/1406 3869/446/1410 3870/68/1407
f 3899/455/304 3872/375/1411 3877/638/1415
f 3871/374/1408 3870/68/1407 3875/639/1416 3876/524/1414
f 3869/446/1410 3868/378/1409 3873/640/1412 3874/629/1413
f 3872/375/1411 3871/374/1408 3876/524/1414 3877/638/1415
f 3870/68/1407 3869/446/1410 3874/629/1413 3875/639/1416
f 3868/378/1409 3893/454/302 3873/640/1412
f 3899/530/304 3877/638/1415 3882/457/1418
f 3876/524/1414 3875/639/1416 3880/459/1420 3881/456/1417
f 3874/629/1413 3873/640/1412 3878/461/1421 3879/458/1419
f 3877/638/1415 3876/524/1414 3881/456/1417 3882/457/1418
f 3875/639/1416 3874/629/1413 3879/458/1419 3880/459/1420
f 3873/640/1412 3893/528/302 3878/461/1421
f 3899/106/304 3882/457/1418 3887/464/1423
f 3881/456/1417 3880/459/1420 3885/466/308 3886/463/1422
f 3879/458/1419 3878/461/1421 3883/467/1425 3884/465/1424
f 3882/457/1418 3881/456/1417 3886/463/1422 3887/464/1423
f 3880/459/1420 3879/458/1419 3884/465/1424 3885/466/308
f 3878/461/1421 3893/104/302 3883/467/1425
f 3886/463/1422 3885/466/308 3890/471/1429 3891/468/1426
f 3884/465/1424 3883/467/1425 3888/473/1430 3889/470/1428
f 3887/464/1423 3886/463/1422 3891/468/1426 3892/469/1427
f 3885/466/308 3884/465/1424 3889/470/1428 3890/471/1429
f 3883/467/1425 3893/631/302 3888/473/1430
f 3899/630/304 3887/464/1423 3892/469/1427
f 3889/470/1428 3888/473/1430 3894/402/1435 3895/475/1433
f 3892/469/1427 3891/468/1426 3897/405/1431 3898/404/1432
f 3890/471/1429 3889/470/1428 3895/475/1433 3896/84/1434
f 3888/473/1430 3893/476/302 3894/402/1435
f 3899/477/304 3892/469/1427 3898/404/1432
f 3891/468/1426 3890/471/1429 3896/84/1434 3897/405/1431
f 3898/484/1432 3897/486/1431 3903/540/1440 3904/538/1439
f 3896/90/1434 3895/478/1433 3901/633/1436 3902/539/1437
f 3894/480/1435 3893/481/302 3900/632/1438
f 3899/483/304 3898/484/1432 3904/538/1439
f 3897/486/1431 3896/90/1434 3902/539/1437 3903/540/1440
f 3895/478/1433 3894/480/1435 3900/632/1438 3901/633/1436
f 3904/538/1439 3903/540/1440 3908/493/1444 3909/491/1442
f 3902/539/1437 3901/633/1436 3906/494/1445 3907/492/1443
f 3900/632/1438 3893/488/302 3905/489/1441
f 3899/490/304 3904/538/1439 3909/491/1442
f 3903/540/1440 3902/539/1437 3907/492/1443 3908/493/1444
f 3901/633/1436 3900/632/1438 3905/489/1441 3906/494/1445
f 3909/491/1442 3908/493/1444 3913/437/1400 3914/435/1398
f 3907/492/1443 3906/494/1445 3911/441/1403 3912/438/298
f 3905/489/1441 3893/118/302 3910/442/1404
f 3899/117/304 3909/491/1442 3914/435/1398
f 3908/493/1444 3907/492/1443 3912/438/298 3913/437/1400
f 3906/494/1445 3905/489/1441 3910/442/1404 3911/441/1403
f 4077/2/1886 4078/3/1887 4080/4/1888 4079/5/1889
f 4079/5/1889 4080/4/1888 4082/6/1890 4081/7/1891
f 4081/7/1891 4082/6/1890 4084/8/1892 4083/9/1893
f 4083/9/1893 4084/8/1892 4086/10/1894 4085/11/1895
f 4085/11/1895 4086/10/1894 4088/12/1896 4087/13/1897
f 4087/13/1897 4088/12/1896 4090/14/1898 4089/15/1899
f 4089/15/1899 4090/14/1898 4092/16/1900 4091/17/1901
f 4091/17/1901 4092/16/1900 4094/18/1902 4093/19/1903
f 4080/495/1888 4078/21/1887 4096/496/1904 4094/497/1902 4092/498/1900 4090/499/1898 4088/26/1896 4086/500/1894 4084/501/1892 4082/502/1890
f 4093/19/1903 4094/18/1902 4096/30/1904 4095/31/1905
f 4095/31/1905 4096/30/1904 4078/32/1887 4077/33/1886
f 4077/34/1886 4079/503/1889 4081/504/1891 4083/505/1893 4085/506/1895 4087/39/1897 4089/507/1899 4091/508/1901 4093/509/1903 4095/510/1905
f 4133/434/304 4148/435/1398 4101/436/1399
f 4147/437/1400 4146/438/298 4099/439/1401 4100/440/1402
f 4145/441/1403 4144/442/1404 4097/443/1405 4098/444/1406
f 4148/435/1398 4147/437/1400 4100/440/1402 4101/436/1399
f 4146/438/298 4145/441/1403 4098/444/1406 4099/439/1401
f 4144/442/1404 4127/445/302 4097/443/1405
f 4100/440/1402 4099/439/1401 4104/68/1407 4105/374/1408
f 4098/444/1406 4097/443/1405 4102/378/1409 4103/446/1410
f 4101/436/1399 4100/440/1402 4105/374/1408 4106/375/1411
f 4099/439/1401 4098/444/1406 4103/446/1410 4104/68/1407
f 4097/443/1405 4127/447/302 4102/378/1409
f 4133/448/304 4101/436/1399 4106/375/1411
f 4103/446/1410 4102/378/1409 4107/449/1412 4108/629/1413
f 4106/375/1411 4105/374/1408 4110/524/1414 4111/452/1415
f 4104/68/1407 4103/446/1410 4108/629/1413 4109/453/1416
f 4102/378/1409 4127/454/302 4107/449/1412
f 4133/455/304 4106/375/1411 4111/452/1415
f 4105/374/1408 4104/68/1407 4109/453/1416 4110/524/1414
f 4111/452/1415 4110/524/1414 4115/456/1417 4116/457/1418
f 4109/453/1416 4108/629/1413 4113/458/1419 4114/459/1420
f 4107/449/1412 4127/528/302 4112/461/1421
f 4133/530/304 4111/452/1415 4116/457/1418
f 4110/524/1414 4109/453/1416 4114/459/1420 4115/456/1417
f 4108/629/1413 4107/449/1412 4112/461/1421 4113/458/1419
f 4116/457/1418 4115/456/1417 4120/463/1422 4121/464/1423
f 4114/459/1420 4113/458/1419 4118/465/1424 4119/466/308
f 4112/461/1421 4127/81/302 4117/467/1425
f 4133/83/304 4116/457/1418 4121/464/1423
f 4115/456/1417 4114/459/1420 4119/466/308 4120/463/1422
f 4113/458/1419 4112/461/1421 4117/467/1425 4118/465/1424
f 4121/464/1423 4120/463/1422 4125/468/1426 4126/469/1427
f 4119/466/308 4118/465/1424 4123/470/1428 4124/471/1429
f 4117/467/1425 4127/631/302 4122/473/1430
f 4133/630/304 4121/464/1423 4126/469/1427
f 4120/463/1422 4119/466/308 4124/471/1429 4125/468/1426
f 4118/465/1424 4117/467/1425 4122/473/1430 4123/470/1428
f 4126/469/1427 4125/468/1426 4131/405/1431 4132/404/1432
f 4124/471/1429 4123/470/1428 4129/475/1433 4130/84/1434
f 4122/473/1430 4127/476/302 4128/402/1435
f 4133/477/304 4126/469/1427 4132/404/1432
f 4125/468/1426 4124/471/1429 4130/84/1434 4131/405/1431
f 4123/470/1428 4122/473/1430 4128/402/1435 4129/475/1433
f 4130/90/1434 4129/478/1433 4135/633/1436 4136/539/1437
f 4128/480/1435 4127/481/302 4134/632/1438
f 4133/483/304 4132/484/1432 4138/538/1439
f 4131/486/1431 4130/90/1434 4136/539/1437 4137/540/1440
f 4129/478/1433 4128/480/1435 4134/632/1438 4135/633/1436
f 4132/484/1432 4131/486/1431 4137/540/1440 4138/538/1439
f 4134/632/1438 4127/488/302 4139/489/1441
f 4133/490/304 4138/538/1439 4143/491/1442
f 4137/540/1440 4136/539/1437 4141/492/1443 4142/493/1444
f 4135/633/1436 4134/632/1438 4139/489/1441 4140/494/1445
f 4138/538/1439 4137/540/1440 4142/493/1444 4143/491/1442
f 4136/539/1437 4135/633/1436 4140/494/1445 4141/492/1443
f 4133/117/304 4143/491/1442 4148/435/1398
f 4142/493/1444 4141/492/1443 4146/438/298 4147/437/1400
f 4140/494/1445 4139/489/1441 4144/442/1404 4145/441/1403
f 4143/491/1442 4142/493/1444 4147/437/1400 4148/435/1398
f 4141/492/1443 4140/494/1445 4145/441/1403 4146/438/298
f 4139/489/1441 4127/118/302 4144/442/1404
f 4185/434/304 4200/435/1398 4153/436/1399
f 4199/437/1400 4198/438/298 4151/439/1401 4152/440/1402
f 4197/441/1403 4196/442/1404 4149/443/1405 4150/444/1406
f 4200/435/1398 4199/437/1400 4152/440/1402 4153/436/1399
f 4198/438/298 4197/441/1403 4150/444/1406 4151/439/1401
f 4196/442/1404 4179/445/302 4149/443/1405
f 4150/444/1406 4149/443/1405 4154/378/1409 4155/446/1410
f 4153/436/1399 4152/440/1402 4157/374/1408 4158/375/1411
f 4151/439/1401 4150/444/1406 4155/446/1410 4156/68/1407
f 4149/443/1405 4179/447/302 4154/378/1409
f 4185/448/304 4153/436/1399 4158/375/1411
f 4152/440/1402 4151/439/1401 4156/68/1407 4157/374/1408
f 4158/375/1411 4157/374/1408 4162/524/1414 4163/452/1415
f 4156/68/1407 4155/446/1410 4160/629/1413 4161/453/1416
f 4154/378/1409 4179/454/302 4159/449/1412
f 4185/455/304 4158/375/1411 4163/452/1415
f 4157/374/1408 4156/68/1407 4161/453/1416 4162/524/1414
f 4155/446/1410 4154/378/1409 4159/449/1412 4160/629/1413
f 4163/452/1415 4162/524/1414 4167/456/1417 4168/457/1418
f 4161/453/1416 4160/629/1413 4165/458/1419 4166/459/1420
f 4159/449/1412 4179/528/302 4164/461/1421
f 4185/530/304 4163/452/1415 4168/457/1418
f 4162/524/1414 4161/453/1416 4166/459/1420 4167/456/1417
f 4160/629/1413 4159/449/1412 4164/461/1421 4165/458/1419
f 4168/457/1418 4167/456/1417 4172/463/1422 4173/464/1423
f 4166/459/1420 4165/458/1419 4170/465/1424 4171/466/308
f 4164/461/1421 4179/81/302 4169/467/1425
f 4185/83/304 4168/457/1418 4173/464/1423
f 4167/456/1417 4166/459/1420 4171/466/308 4172/463/1422
f 4165/458/1419 4164/461/1421 4169/467/1425 4170/465/1424
f 4173/464/1423 4172/463/1422 4177/468/1426 4178/469/1427
f 4171/466/308 4170/465/1424 4175/470/1428 4176/471/1429
f 4169/467/1425 4179/631/302 4174/473/1430
f 4185/630/304 4173/464/1423 4178/469/1427
f 4172/463/1422 4171/466/308 4176/471/1429 4177/468/1426
f 4170/465/1424 4169/467/1425 4174/473/1430 4175/470/1428
f 4176/471/1429 4175/470/1428 4181/475/1433 4182/84/1434
f 4174/473/1430 4179/476/302 4180/402/1435
f 4185/477/304 4178/469/1427 4184/404/1432
f 4177/468/1426 4176/471/1429 4182/84/1434 4183/405/1431
f 4175/470/1428 4174/473/1430 4180/402/1435 4181/475/1433
f 4178/469/1427 4177/468/1426 4183/405/1431 4184/404/1432
f 4180/480/1435 4179/481/302 4186/632/1438
f 4185/483/304 4184/484/1432 4190/538/1439
f 4183/486/1431 4182/90/1434 4188/539/1437 4189/540/1440
f 4181/478/1433 4180/480/1435 4186/632/1438 4187/633/1436
f 4184/484/1432 4183/486/1431 4189/540/1440 4190/538/1439
f 4182/90/1434 4181/478/1433 4187/633/1436 4188/539/1437
f 4185/490/304 4190/538/1439 4195/491/1442
f 4189/540/1440 4188/539/1437 4193/492/1443 4194/493/1444
f 4187/633/1436 4186/632/1438 4191/489/1441 4192/494/1445
f 4190/538/1439 4189/540/1440 4194/493/1444 4195/491/1442
f 4188/539/1437 4187/633/1436 4192/494/1445 4193/492/1443
f 4186/632/1438 4179/488/302 4191/489/1441
f 4185/117/304 4195/491/1442 4200/435/1398
f 4194/493/1444 4193/492/1443 4198/438/298 4199/437/1400
f 4192/494/1445 4191/489/1441 4196/442/1404 4197/441/1403
f 4195/491/1442 4194/493/1444 4199/437/1400 4200/435/1398
f 4193/492/1443 4192/494/1445 4197/441/1403 4198/438/298
f 4191/489/1441 4179/118/302 4196/442/1404
f 4201/2/1906 4202/3/1907 4204/4/1908 4203/5/1909
f 4203/5/1909 4204/4/1908 4206/6/1910 4205/7/1911
f 4205/7/1911 4206/6/1910 4208/8/1912 4207/9/1913
f 4207/9/1913 4208/8/1912 4210/10/1914 4209/11/1915
f 4209/11/1915 4210/10/1914 4212/12/1916 4211/13/1917
f 4211/13/1917 4212/12/1916 4214/14/1918 4213/15/1919
f 4213/15/1919 4214/14/1918 4216/16/1920 4215/17/1921
f 4215/17/1921 4216/16/1920 4218/18/1922 4217/19/1923
f 4204/20/1908 4202/21/1907 4220/22/1924 4218/23/1922 4216/634/1920 4214/25/1918 4212/26/1916 4210/27/1914 4208/635/1912 4206/29/1910
f 4217/19/1923 4218/18/1922 4220/30/1924 4219/31/1925
f 4219/31/1925 4220/30/1924 4202/32/1907 4201/33/1906
f 4201/34/1906 4203/35/1909 4205/36/1911 4207/636/1913 4209/38/1915 4211/39/1917 4213/40/1919 4215/637/1921 4217/42/1923 4219/43/1925
f 4272/435/1398 4271/437/1400 4224/440/1402 4225/436/1399
f 4270/438/298 4269/441/1403 4222/444/1406 4223/439/1401
f 4268/442/1404 4251/445/302 4221/443/1405
f 4257/434/304 4272/435/1398 4225/436/1399
f 4271/437/1400 4270/438/298 4223/439/1401 4224/440/1402
f 4269/441/1403 4268/442/1404 4221/443/1405 4222/444/1406
f 4257/448/304 4225/436/1399 4230/375/1411
f 4224/440/1402 4223/439/1401 4228/68/1407 4229/374/1408
f 4222/444/1406 4221/443/1405 4226/378/1409 4227/446/1410
f 4225/436/1399 4224/440/1402 4229/374/1408 4230/375/1411
f 4223/439/1401 4222/444/1406 4227/446/1410 4228/68/1407
f 4221/443/1405 4251/447/302 4226/378/1409
f 4257/455/304 4230/375/1411 4235/638/1415
f 4229/374/1408 4228/68/1407 4233/639/1416 4234/524/1414
f 4227/446/1410 4226/378/1409 4231/640/1412 4232/629/1413
f 4230/375/1411 4229/374/1408 4234/524/1414 4235/638/1415
f 4228/68/1407 4227/446/1410 4232/629/1413 4233/639/1416
f 4226/378/1409 4251/454/302 4231/640/1412
f 4257/530/304 4235/638/1415 4240/457/1418
f 4234/524/1414 4233/639/1416 4238/459/1420 4239/456/1417
f 4232/629/1413 4231/640/1412 4236/461/1421 4237/458/1419
f 4235/638/1415 4234/524/1414 4239/456/1417 4240/457/1418
f 4233/639/1416 4232/629/1413 4237/458/1419 4238/459/1420
f 4231/640/1412 4251/528/302 4236/461/1421
f 4239/456/1417 4238/459/1420 4243/466/308 4244/463/1422
f 4237/458/1419 4236/461/1421 4241/467/1425 4242/465/1424
f 4240/457/1418 4239/456/1417 4244/463/1422 4245/464/1423
f 4238/459/1420 4237/458/1419 4242/465/1424 4243/466/308
f 4236/461/1421 4251/104/302 4241/467/1425
f 4257/106/304 4240/457/1418 4245/464/1423
f 4242/465/1424 4241/467/1425 4246/473/1430 4247/470/1428
f 4245/464/1423 4244/463/1422 4249/468/1426 4250/469/1427
f 4243/466/308 4242/465/1424 4247/470/1428 4248/471/1429
f 4241/467/1425 4251/631/302 4246/473/1430
f 4257/630/304 4245/464/1423 4250/469/1427
f 4244/463/1422 4243/466/308 4248/471/1429 4249/468/1426
f 4250/469/1427 4249/468/1426 4255/405/1431 4256/404/1432
f 4248/471/1429 4247/470/1428 4253/475/1433 4254/84/1434
f 4246/473/1430 4251/476/302 4252/402/1435
f 4257/477/304 4250/469/1427 4256/404/1432
f 4249/468/1426 4248/471/1429 4254/84/1434 4255/405/1431
f 4247/470/1428 4246/473/1430 4252/402/1435 4253/475/1433
f 4256/484/1432 4255/486/1431 4261/540/1440 4262/538/1439
f 4254/90/1434 4253/478/1433 4259/633/1436 4260/539/1437
f 4252/480/1435 4251/481/302 4258/632/1438
f 4257/483/304 4256/484/1432 4262/538/1439
f 4255/486/1431 4254/90/1434 4260/539/1437 4261/540/1440
f 4253/478/1433 4252/480/1435 4258/632/1438 4259/633/1436
f 4262/538/1439 4261/540/1440 4266/493/1444 4267/491/1442
f 4260/539/1437 4259/633/1436 4264/494/1445 4265/492/1443
f 4258/632/1438 4251/488/302 4263/489/1441
f 4257/490/304 4262/538/1439 4267/491/1442
f 4261/540/1440 4260/539/1437 4265/492/1443 4266/493/1444
f 4259/633/1436 4258/632/1438 4263/489/1441 4264/494/1445
f 4267/491/1442 4266/493/1444 4271/437/1400 4272/435/1398
f 4265/492/1443 4264/494/1445 4269/441/1403 4270/438/298
f 4263/489/1441 4251/118/302 4268/442/1404
f 4257/117/304 4267/491/1442 4272/435/1398
f 4266/493/1444 4265/492/1443 4270/438/298 4271/437/1400
f 4264/494/1445 4263/489/1441 4268/442/1404 4269/441/1403
f 4324/435/1398 4323/437/1400 4276/440/1402 4277/436/1399
f 4322/438/298 4321/441/1403 4274/444/1406 4275/439/1401
f 4320/442/1404 4303/445/302 4273/443/1405
f 4309/434/304 4324/435/1398 4277/436/1399
f 4323/437/1400 4322/438/298 4275/439/1401 4276/440/1402
f 4321/441/1403 4320/442/1404 4273/443/1405 4274/444/1406
f 4275/439/1401 4274/444/1406 4279/446/1410 4280/68/1407
f 4273/443/1405 4303/447/302 4278/378/1409
f 4309/448/304 4277/436/1399 4282/375/1411
f 4276/440/1402 4275/439/1401 4280/68/1407 4281/374/1408
f 4274/444/1406 4273/443/1405 4278/378/1409 4279/446/1410
f 4277/436/1399 4276/440/1402 4281/374/1408 4282/375/1411
f 4278/378/1409 4303/454/302 4283/640/1412
f 4309/455/304 4282/375/1411 4287/638/1415
f 4281/374/1408 4280/68/1407 4285/639/1416 4286/524/1414
f 4279/446/1410 4278/378/1409 4283/640/1412 4284/629/1413
f 4282/375/1411 4281/374/1408 4286/524/1414 4287/638/1415
f 4280/68/1407 4279/446/1410 4284/629/1413 4285/639/1416
f 4309/530/304 4287/638/1415 4292/457/1418
f 4286/524/1414 4285/639/1416 4290/459/1420 4291/456/1417
f 4284/629/1413 4283/640/1412 4288/461/1421 4289/458/1419
f 4287/638/1415 4286/524/1414 4291/456/1417 4292/457/1418
f 4285/639/1416 4284/629/1413 4289/458/1419 4290/459/1420
f 4283/640/1412 4303/528/302 4288/461/1421
f 4309/106/304 4292/457/1418 4297/464/1423
f 4291/456/1417 4290/459/1420 4295/466/308 4296/463/1422
f 4289/458/1419 4288/461/1421 4293/467/1425 4294/465/1424
f 4292/457/1418 4291/456/1417 4296/463/1422 4297/464/1423
f 4290/459/1420 4289/458/1419 4294/465/1424 4295/466/308
f 4288/461/1421 4303/104/302 4293/467/1425
f 4309/630/304 4297/464/1423 4302/469/1427
f 4296/463/1422 4295/466/308 4300/471/1429 4301/468/1426
f 4294/465/1424 4293/467/1425 4298/473/1430 4299/470/1428
f 4297/464/1423 4296/463/1422 4301/468/1426 4302/469/1427
f 4295/466/308 4294/465/1424 4299/470/1428 4300/471/1429
f 4293/467/1425 4303/631/302 4298/473/1430
f 4301/468/1426 4300/471/1429 4306/84/1434 4307/405/1431
f 4299/470/1428 4298/473/1430 4304/402/1435 4305/475/1433
f 4302/469/1427 4301/468/1426 4307/405/1431 4308/404/1432
f 4300/471/1429 4299/470/1428 4305/475/1433 4306/84/1434
f 4298/473/1430 4303/476/302 4304/402/1435
f 4309/477/304 4302/469/1427 4308/404/1432
f 4305/478/1433 4304/480/1435 4310/632/1438 4311/633/1436
f 4308/484/1432 4307/486/1431 4313/540/1440 4314/538/1439
f 4306/90/1434 4305/478/1433 4311/633/1436 4312/539/1437
f 4304/480/1435 4303/481/302 4310/632/1438
f 4309/483/304 4308/484/1432 4314/538/1439
f 4307/486/1431 4306/90/1434 4312/539/1437 4313/540/1440
f 4314/538/1439 4313/540/1440 4318/493/1444 4319/491/1442
f 4312/539/1437 4311/633/1436 4316/494/1445 4317/492/1443
f 4310/632/1438 4303/488/302 4315/489/1441
f 4309/490/304 4314/538/1439 4319/491/1442
f 4313/540/1440 4312/539/1437 4317/492/1443 4318/493/1444
f 4311/633/1436 4310/632/1438 4315/489/1441 4316/494/1445
f 4319/491/1442 4318/493/1444 4323/437/1400 4324/435/1398
f 4317/492/1443 4316/494/1445 4321/441/1403 4322/438/298
f 4315/489/1441 4303/118/302 4320/442/1404
f 4309/117/304 4319/491/1442 4324/435/1398
f 4318/493/1444 4317/492/1443 4322/438/298 4323/437/1400
f 4316/494/1445 4315/489/1441 4320/442/1404 4321/441/1403
usemtl Eye
f 463/123/298 462/124/341 384/125/342 385/67/343
f 461/126/344 460/127/345 382/128/346 383/70/347
f 465/129/348 464/130/349 387/66/350 388/131/351
f 381/132/352 463/123/298 385/67/343 386/133/353
f 462/124/341 461/126/344 383/70/347 384/125/342
f 460/127/345 438/134/302 382/128/346
f 466/135/304 465/129/348 388/131/351
f 464/130/349 381/132/352 386/133/353 387/66/350
f 388/131/351 387/66/350 394/136/354 395/137/355
f 386/133/353 385/67/343 392/138/356 393/139/357
f 384/125/342 383/70/347 390/140/358 391/141/359
f 382/128/346 438/142/302 389/143/360
f 466/144/304 388/131/351 395/137/355
f 387/66/350 386/133/353 393/139/357 394/136/354
f 385/67/343 384/125/342 391/141/359 392/138/356
f 383/70/347 382/128/346 389/143/360 390/140/358
f 389/143/360 438/145/302 396/146/361
f 466/147/304 395/137/355 402/148/362
f 394/136/354 393/139/357 400/149/363 401/69/364
f 392/138/356 391/141/359 398/150/365 399/68/366
f 390/140/358 389/143/360 396/146/361 397/72/367
f 395/137/355 394/136/354 401/69/364 402/148/362
f 393/139/357 392/138/356 399/68/366 400/149/363
f 391/141/359 390/140/358 397/72/367 398/150/365
f 401/69/364 400/149/363 407/151/368 408/152/369
f 399/68/366 398/150/365 405/153/370 406/154/371
f 397/72/367 396/146/361 403/155/372 404/156/373
f 402/148/362 401/69/364 408/152/369 409/157/374
f 400/149/363 399/68/366 406/154/371 407/151/368
f 398/150/365 397/72/367 404/156/373 405/153/370
f 396/146/361 438/158/302 403/155/372
f 466/159/304 402/148/362 409/157/374
f 409/157/374 408/152/369 415/160/375 416/161/376
f 407/151/368 406/154/371 413/162/377 414/163/378
f 405/153/370 404/156/373 411/164/379 412/165/380
f 403/155/372 438/166/302 410/167/381
f 466/168/304 409/157/374 416/161/376
f 408/152/369 407/151/368 414/163/378 415/160/375
f 406/154/371 405/153/370 412/165/380 413/162/377
f 404/156/373 403/155/372 410/167/381 411/164/379
f 414/163/378 413/162/377 420/169/308 421/170/382
f 412/165/380 411/164/379 418/171/383 419/172/384
f 410/167/381 438/173/302 417/174/385
f 466/175/304 416/161/376 423/176/386
f 415/160/375 414/163/378 421/170/382 422/177/387
f 413/162/377 412/165/380 419/172/384 420/169/308
f 411/164/379 410/167/381 417/174/385 418/171/383
f 416/161/376 415/160/375 422/177/387 423/176/386
f 466/178/304 423/176/386 430/179/388
f 422/177/387 421/170/382 428/180/389 429/80/390
f 420/169/308 419/172/384 426/181/391 427/79/392
f 418/171/383 417/174/385 424/182/393 425/82/394
f 423/176/386 422/177/387 429/80/390 430/179/388
f 421/170/382 420/169/308 427/79/392 428/180/389
f 419/172/384 418/171/383 425/82/394 426/181/391
f 417/174/385 438/183/302 424/182/393
f 427/79/392 426/181/391 433/184/395 434/185/396
f 425/82/394 424/182/393 431/186/397 432/187/398
f 430/179/388 429/80/390 436/188/399 437/189/400
f 428/180/389 427/79/392 434/185/396 435/190/401
f 426/181/391 425/82/394 432/187/398 433/184/395
f 424/182/393 438/191/302 431/186/397
f 466/192/304 430/179/388 437/189/400
f 429/80/390 428/180/389 435/190/401 436/188/399
f 437/189/400 436/188/399 444/85/402 445/193/403
f 435/190/401 434/185/396 442/84/404 443/194/405
f 433/184/395 432/187/398 440/87/406 441/195/407
f 431/186/397 438/196/302 439/197/408
f 466/198/304 437/189/400 445/193/403
f 436/188/399 435/190/401 443/194/405 444/85/402
f 434/185/396 433/184/395 441/195/407 442/84/404
f 432/187/398 431/186/397 439/197/408 440/87/406
f 441/199/407 440/110/406 447/200/409 448/201/410
f 439/202/408 438/203/302 446/204/411
f 466/205/304 445/206/403 452/207/412
f 444/113/402 443/208/405 450/209/413 451/210/414
f 442/2/404 441/199/407 448/201/410 449/211/415
f 440/110/406 439/202/408 446/204/411 447/200/409
f 445/206/403 444/113/402 451/210/414 452/207/412
f 443/208/405 442/2/404 449/211/415 450/209/413
f 466/212/304 452/207/412 459/213/416
f 451/210/414 450/209/413 457/214/417 458/215/418
f 449/211/415 448/201/410 455/216/419 456/217/420
f 447/200/409 446/204/411 453/218/421 454/219/422
f 452/207/412 451/210/414 458/215/418 459/213/416
f 450/209/413 449/211/415 456/217/420 457/214/417
f 448/201/410 447/200/409 454/219/422 455/216/419
f 446/204/411 438/220/302 453/218/421
f 454/219/422 453/218/421 460/127/345 461/126/344
f 459/213/416 458/215/418 464/130/349 465/129/348
f 457/214/417 456/217/420 463/123/298 381/132/352
f 455/216/419 454/219/422 461/126/344 462/124/341
f 453/218/421 438/221/302 460/127/345
f 466/222/304 459/213/416 465/129/348
f 458/215/418 457/214/417 381/132/352 464/130/349
f 456/217/420 455/216/419 462/124/341 463/123/298
f 551/129/348 550/130/349 473/66/350 474/131/351
f 467/132/352 549/123/298 471/67/343 472/133/353
f 548/124/341 547/126/344 469/70/347 470/125/342
f 546/127/345 524/134/302 468/128/346
f 552/135/304 551/129/348 474/131/351
f 550/130/349 467/132/352 472/133/353 473/66/350
f 549/123/298 548/124/341 470/125/342 471/67/343
f 547/126/344 546/127/345 468/128/346 469/70/347
f 470/125/342 469/70/347 476/140/358 477/141/359
f 468/128/346 524/142/302 475/143/360
f 552/144/304 474/131/351 481/137/355
f 473/66/350 472/133/353 479/139/357 480/136/354
f 471/67/343 470/125/342 477/141/359 478/138/356
f 469/70/347 468/128/346 475/143/360 476/140/358
f 474/131/351 473/66/350 480/136/354 481/137/355
f 472/133/353 471/67/343 478/138/356 479/139/357
f 552/147/304 481/137/355 488/148/362
f 480/136/354 479/139/357 486/149/363 487/69/364
f 478/138/356 477/141/359 484/150/365 485/68/366
f 476/140/358 475/143/360 482/146/361 483/72/367
f 481/137/355 480/136/354 487/69/364 488/148/362
f 479/139/357 478/138/356 485/68/366 486/149/363
f 477/141/359 476/140/358 483/72/367 484/150/365
f 475/143/360 524/145/302 482/146/361
f 483/72/367 482/146/361 489/155/372 490/156/373
f 488/148/362 487/69/364 494/152/369 495/157/374
f 486/149/363 485/68/366 492/154/371 493/151/368
f 484/150/365 483/72/367 490/156/373 491/153/370
f 482/146/361 524/158/302 489/155/372
f 552/159/304 488/148/362 495/157/374
f 487/69/364 486/149/363 493/151/368 494/152/369
f 485/68/366 484/150/365 491/153/370 492/154/371
f 495/157/374 494/152/369 501/160/375 502/161/376
f 493/151/368 492/154/371 499/162/377 500/163/378
f 491/153/370 490/156/373 497/164/379 498/165/380
f 489/155/372 524/166/302 496/167/381
f 552/168/304 495/157/374 502/161/376
f 494/152/369 493/151/368 500/163/378 501/160/375
f 492/154/371 491/153/370 498/165/380 499/162/377
f 490/156/373 489/155/372 496/167/381 497/164/379
f 496/167/381 524/173/302 503/174/385
f 552/175/304 502/161/376 509/176/386
f 501/160/375 500/163/378 507/170/382 508/177/387
f 499/162/377 498/165/380 505/172/384 506/169/308
f 497/164/379 496/167/381 503/174/385 504/171/383
f 502/161/376 501/160/375 508/177/387 509/176/386
f 500/163/378 499/162/377 506/169/308 507/170/382
f 498/165/380 497/164/379 504/171/383 505/172/384
f 508/177/387 507/170/382 514/180/389 515/80/390
f 506/169/308 505/172/384 512/181/391 513/79/392
f 504/171/383 503/174/385 510/182/393 511/82/394
f 509/176/386 508/177/387 515/80/390 516/179/388
f 507/170/382 506/169/308 513/79/392 514/180/389
f 505/172/384 504/171/383 511/82/394 512/181/391
f 503/174/385 524/183/302 510/182/393
f 552/178/304 509/176/386 516/179/388
f 516/179/388 515/80/390 522/188/399 523/189/400
f 514/180/389 513/79/392 520/185/396 521/190/401
f 512/181/391 511/82/394 518/187/398 519/184/395
f 510/182/393 524/191/302 517/186/397
f 552/192/304 516/179/388 523/189/400
f 515/80/390 514/180/389 521/190/401 522/188/399
f 513/79/392 512/181/391 519/184/395 520/185/396
f 511/82/394 510/182/393 517/186/397 518/187/398
f 521/190/401 520/185/396 528/84/404 529/194/405
f 519/184/395 518/187/398 526/87/406 527/195/407
f 517/186/397 524/196/302 525/197/408
f 552/198/304 523/189/400 531/193/403
f 522/188/399 521/190/401 529/194/405 530/85/402
f 520/185/396 519/184/395 527/195/407 528/84/404
f 518/187/398 517/186/397 525/197/408 526/87/406
f 523/189/400 522/188/399 530/85/402 531/193/403
f 552/205/304 531/206/403 538/207/412
f 530/113/402 529/208/405 536/209/413 537/210/414
f 528/2/404 527/199/407 534/201/410 535/211/415
f 526/110/406 525/202/408 532/204/411 533/200/409
f 531/206/403 530/113/402 537/210/414 538/207/412
f 529/208/405 528/2/404 535/211/415 536/209/413
f 527/199/407 526/110/406 533/200/409 534/201/410
f 525/202/408 524/203/302 532/204/411
f 535/211/415 534/201/410 541/216/419 542/217/420
f 533/200/409 532/204/411 539/218/421 540/219/422
f 538/207/412 537/210/414 544/215/418 545/213/416
f 536/209/413 535/211/415 542/217/420 543/214/417
f 534/201/410 533/200/409 540/219/422 541/216/419
f 532/204/411 524/220/302 539/218/421
f 552/212/304 538/207/412 545/213/416
f 537/210/414 536/209/413 543/214/417 544/215/418
f 545/213/416 544/215/418 550/130/349 551/129/348
f 543/214/417 542/217/420 549/123/298 467/132/352
f 541/216/419 540/219/422 547/126/344 548/124/341
f 539/218/421 524/221/302 546/127/345
f 552/222/304 545/213/416 551/129/348
f 544/215/418 543/214/417 467/132/352 550/130/349
f 542/217/420 541/216/419 548/124/341 549/123/298
f 540/219/422 539/218/421 546/127/345 547/126/344
usemtl Vest
f 645/1/513 646/1/514 668/1/515 667/1/516
f 646/1/514 647/1/517 669/1/518 668/1/515
f 647/1/517 648/1/519 670/1/520 669/1/518
f 648/1/519 649/1/521 671/1/522 670/1/520
f 649/1/521 650/1/523 672/1/524 671/1/522
f 650/1/523 651/1/525 673/1/526 672/1/524
f 651/1/525 652/1/527 674/1/528 673/1/526
f 652/1/527 653/1/529 675/1/530 674/1/528
f 653/1/529 654/1/531 676/1/532 675/1/530
f 654/1/531 655/1/533 677/1/534 676/1/532
f 655/1/533 656/1/535 678/1/536 677/1/534
f 656/1/535 657/1/537 679/1/538 678/1/536
f 657/1/537 658/1/539 680/1/540 679/1/538
f 658/1/539 659/1/541 681/1/542 680/1/540
f 659/1/541 660/1/543 682/1/544 681/1/542
f 660/1/543 661/1/545 683/1/546 682/1/544
f 661/1/545 662/1/547 684/1/548 683/1/546
f 662/1/547 663/1/549 685/1/550 684/1/548
f 663/1/549 664/1/551 686/1/552 685/1/550
f 664/1/551 665/1/553 687/1/554 686/1/552
f 665/1/553 666/1/555 688/1/556 687/1/554
f 666/1/555 645/1/513 667/1/516 688/1/556
f 667/1/516 668/1/515 690/1/557 689/1/558
f 668/1/515 669/1/518 691/1/559 690/1/557
f 669/1/518 670/1/520 692/1/560 691/1/559
f 670/1/520 671/1/522 693/1/561 692/1/560
f 671/1/522 672/1/524 694/1/562 693/1/561
f 672/1/524 673/1/526 695/1/563 694/1/562
f 673/1/526 674/1/528 696/1/564 695/1/563
f 674/1/528 675/1/530 697/1/565 696/1/564
f 675/1/530 676/1/532 698/1/566 697/1/565
f 676/1/532 677/1/534 699/1/567 698/1/566
f 677/1/534 678/1/536 700/1/568 699/1/567
f 678/1/536 679/1/538 701/1/569 700/1/568
f 679/1/538 680/1/540 702/1/570 701/1/569
f 680/1/540 681/1/542 703/1/571 702/1/570
f 681/1/542 682/1/544 704/1/572 703/1/571
f 682/1/544 683/1/546 705/1/573 704/1/572
f 683/1/546 684/1/548 706/1/574 705/1/573
f 684/1/548 685/1/550 707/1/575 706/1/574
f 685/1/550 686/1/552 708/1/576 707/1/575
f 686/1/552 687/1/554 709/1/577 708/1/576
f 687/1/554 688/1/556 710/1/578 709/1/577
f 688/1/556 667/1/516 689/1/558 710/1/578
f 689/1/558 690/1/557 712/1/579 711/1/580
f 690/1/557 691/1/559 713/1/581 712/1/579
f 691/1/559 692/1/560 714/1/582 713/1/581
f 692/1/560 693/1/561 715/1/583 714/1/582
f 693/1/561 694/1/562 716/1/584 715/1/583
f 694/1/562 695/1/563 717/1/585 716/1/584
f 695/1/563 696/1/564 718/1/586 717/1/585
f 696/1/564 697/1/565 719/1/587 718/1/586
f 697/1/565 698/1/566 720/1/588 719/1/587
f 698/1/566 699/1/567 721/1/589 720/1/588
f 699/1/567 700/1/568 722/1/590 721/1/589
f 700/1/568 701/1/569 723/1/591 722/1/590
f 701/1/569 702/1/570 724/1/592 723/1/591
f 702/1/570 703/1/571 725/1/593 724/1/592
f 703/1/571 704/1/572 726/1/594 725/1/593
f 704/1/572 705/1/573 727/1/595 726/1/594
f 705/1/573 706/1/574 728/1/596 727/1/595
f 706/1/574 707/1/575 729/1/597 728/1/596
f 707/1/575 708/1/576 730/1/598 729/1/597
f 708/1/576 709/1/577 731/1/599 730/1/598
f 709/1/577 710/1/578 732/1/600 731/1/599
f 710/1/578 689/1/558 711/1/580 732/1/600
f 711/1/580 712/1/579 734/1/601 733/1/602
f 712/1/579 713/1/581 735/1/603 734/1/601
f 713/1/581 714/1/582 736/1/604 735/1/603
f 714/1/582 715/1/583 737/1/605 736/1/604
f 715/1/583 716/1/584 738/1/606 737/1/605
f 716/1/584 717/1/585 739/1/607 738/1/606
f 717/1/585 718/1/586 740/1/608 739/1/607
f 718/1/586 719/1/587 741/1/609 740/1/608
f 719/1/587 720/1/588 742/1/610 741/1/609
f 720/1/588 721/1/589 743/1/611 742/1/610
f 721/1/589 722/1/590 744/1/612 743/1/611
f 722/1/590 723/1/591 745/1/613 744/1/612
f 723/1/591 724/1/592 746/1/614 745/1/613
f 724/1/592 725/1/593 747/1/615 746/1/614
f 725/1/593 726/1/594 748/1/616 747/1/615
f 726/1/594 727/1/595 749/1/617 748/1/616
f 727/1/595 728/1/596 750/1/618 749/1/617
f 728/1/596 729/1/597 751/1/619 750/1/618
f 729/1/597 730/1/598 752/1/620 751/1/619
f 730/1/598 731/1/599 753/1/621 752/1/620
f 731/1/599 732/1/600 754/1/622 753/1/621
f 732/1/600 711/1/580 733/1/602 754/1/622
f 755/1/623 777/1/624 778/1/625 756/1/626
f 756/1/626 778/1/625 779/1/627 757/1/628
f 757/1/628 779/1/627 780/1/629 758/1/630
f 758/1/630 780/1/629 781/1/631 759/1/632
f 759/1/632 781/1/631 782/1/633 760/1/634
f 760/1/634 782/1/633 783/1/635 761/1/636
f 761/1/636 783/1/635 784/1/637 762/1/638
f 762/1/638 784/1/637 785/1/639 763/1/640
f 763/1/640 785/1/639 786/1/641 764/1/642
f 764/1/642 786/1/641 787/1/643 765/1/644
f 765/1/644 787/1/643 788/1/645 766/1/646
f 766/1/646 788/1/645 789/1/647 767/1/648
f 767/1/648 789/1/647 790/1/649 768/1/650
f 768/1/650 790/1/649 791/1/651 769/1/652
f 769/1/652 791/1/651 792/1/653 770/1/654
f 770/1/654 792/1/653 793/1/655 771/1/656
f 771/1/656 793/1/655 794/1/657 772/1/658
f 772/1/658 794/1/657 795/1/659 773/1/660
f 773/1/660 795/1/659 796/1/661 774/1/662
f 774/1/662 796/1/661 797/1/663 775/1/664
f 775/1/664 797/1/663 798/1/665 776/1/666
f 776/1/666 798/1/665 777/1/624 755/1/623
f 777/1/624 799/1/667 800/1/668 778/1/625
f 778/1/625 800/1/668 801/1/669 779/1/627
f 779/1/627 801/1/669 802/1/670 780/1/629
f 780/1/629 802/1/670 803/1/671 781/1/631
f 781/1/631 803/1/671 804/1/672 782/1/633
f 782/1/633 804/1/672 805/1/673 783/1/635
f 783/1/635 805/1/673 806/1/674 784/1/637
f 784/1/637 806/1/674 807/1/675 785/1/639
f 785/1/639 807/1/675 808/1/676 786/1/641
f 786/1/641 808/1/676 809/1/677 787/1/643
f 787/1/643 809/1/677 810/1/678 788/1/645
f 788/1/645 810/1/678 811/1/679 789/1/647
f 789/1/647 811/1/679 812/1/680 790/1/649
f 790/1/649 812/1/680 813/1/681 791/1/651
f 791/1/651 813/1/681 814/1/682 792/1/653
f 792/1/653 814/1/682 815/1/683 793/1/655
f 793/1/655 815/1/683 816/1/684 794/1/657
f 794/1/657 816/1/684 817/1/685 795/1/659
f 795/1/659 817/1/685 818/1/686 796/1/661
f 796/1/661 818/1/686 819/1/687 797/1/663
f 797/1/663 819/1/687 820/1/688 798/1/665
f 798/1/665 820/1/688 799/1/667 777/1/624
f 799/1/667 821/1/689 822/1/690 800/1/668
f 800/1/668 822/1/690 823/1/691 801/1/669
f 801/1/669 823/1/691 824/1/692 802/1/670
f 802/1/670 824/1/692 825/1/693 803/1/671
f 803/1/671 825/1/693 826/1/694 804/1/672
f 804/1/672 826/1/694 827/1/695 805/1/673
f 805/1/673 827/1/695 828/1/696 806/1/674
f 806/1/674 828/1/696 829/1/697 807/1/675
f 807/1/675 829/1/697 830/1/698 808/1/676
f 808/1/676 830/1/698 831/1/699 809/1/677
f 809/1/677 831/1/699 832/1/700 810/1/678
f 810/1/678 832/1/700 833/1/701 811/1/679
f 811/1/679 833/1/701 834/1/702 812/1/680
f 812/1/680 834/1/702 835/1/703 813/1/681
f 813/1/681 835/1/703 836/1/704 814/1/682
f 814/1/682 836/1/704 837/1/705 815/1/683
f 815/1/683 837/1/705 838/1/706 816/1/684
f 816/1/684 838/1/706 839/1/707 817/1/685
f 817/1/685 839/1/707 840/1/708 818/1/686
f 818/1/686 840/1/708 841/1/709 819/1/687
f 819/1/687 841/1/709 842/1/710 820/1/688
f 820/1/688 842/1/710 821/1/689 799/1/667
f 821/1/689 843/1/711 844/1/712 822/1/690
f 822/1/690 844/1/712 845/1/713 823/1/691
f 823/1/691 845/1/713 846/1/714 824/1/692
f 824/1/692 846/1/714 847/1/715 825/1/693
f 825/1/693 847/1/715 848/1/716 826/1/694
f 826/1/694 848/1/716 849/1/717 827/1/695
f 827/1/695 849/1/717 850/1/718 828/1/696
f 828/1/696 850/1/718 851/1/719 829/1/697
f 829/1/697 851/1/719 852/1/720 830/1/698
f 830/1/698 852/1/720 853/1/721 831/1/699
f 831/1/699 853/1/721 854/1/722 832/1/700
f 832/1/700 854/1/722 855/1/723 833/1/701
f 833/1/701 855/1/723 856/1/724 834/1/702
f 834/1/702 856/1/724 857/1/725 835/1/703
f 835/1/703 857/1/725 858/1/726 836/1/704
f 836/1/704 858/1/726 859/1/727 837/1/705
f 837/1/705 859/1/727 860/1/728 838/1/706
f 838/1/706 860/1/728 861/1/729 839/1/707
f 839/1/707 861/1/729 862/1/730 840/1/708
f 840/1/708 862/1/730 863/1/731 841/1/709
f 841/1/709 863/1/731 864/1/732 842/1/710
f 842/1/710 864/1/732 843/1/711 821/1/689
f 646/1/514 645/1/513 755/1/623 756/1/626
f 648/1/519 647/1/517 757/1/628 758/1/630
f 650/1/523 649/1/521 759/1/632 760/1/634
f 652/1/527 651/1/525 761/1/636 762/1/638
f 654/1/531 653/1/529 763/1/640 764/1/642
f 656/1/535 655/1/533 765/1/644 766/1/646
f 658/1/539 657/1/537 767/1/648 768/1/650
f 660/1/543 659/1/541 769/1/652 770/1/654
f 662/1/547 661/1/545 771/1/656 772/1/658
f 664/1/551 663/1/549 773/1/660 774/1/662
f 666/1/555 665/1/553 775/1/664 776/1/666
f 733/1/602 734/1/601 844/1/712 843/1/711
f 735/1/603 736/1/604 846/1/714 845/1/713
f 737/1/605 738/1/606 848/1/716 847/1/715
f 739/1/607 740/1/608 850/1/718 849/1/717
f 741/1/609 742/1/610 852/1/720 851/1/719
f 743/1/611 744/1/612 854/1/722 853/1/721
f 745/1/613 746/1/614 856/1/724 855/1/723
f 747/1/615 748/1/616 858/1/726 857/1/725
f 749/1/617 750/1/618 860/1/728 859/1/727
f 645/1/513 666/1/555 776/1/666 755/1/623
f 751/1/619 752/1/620 862/1/730 861/1/729
f 753/1/621 754/1/622 864/1/732 863/1/731
f 754/1/622 733/1/602 843/1/711 864/1/732
f 647/1/517 646/1/514 756/1/626 757/1/628
f 649/1/521 648/1/519 758/1/630 759/1/632
f 651/1/525 650/1/523 760/1/634 761/1/636
f 653/1/529 652/1/527 762/1/638 763/1/640
f 655/1/533 654/1/531 764/1/642 765/1/644
f 657/1/537 656/1/535 766/1/646 767/1/648
f 659/1/541 658/1/539 768/1/650 769/1/652
f 661/1/545 660/1/543 770/1/654 771/1/656
f 663/1/549 662/1/547 772/1/658 773/1/660
f 665/1/553 664/1/551 774/1/662 775/1/664
f 734/1/601 735/1/603 845/1/713 844/1/712
f 736/1/604 737/1/605 847/1/715 846/1/714
f 738/1/606 739/1/607 849/1/717 848/1/716
f 740/1/608 741/1/609 851/1/719 850/1/718
f 742/1/610 743/1/611 853/1/721 852/1/720
f 744/1/612 745/1/613 855/1/723 854/1/722
f 746/1/614 747/1/615 857/1/725 856/1/724
f 748/1/616 749/1/617 859/1/727 858/1/726
f 750/1/618 751/1/619 861/1/729 860/1/728
f 752/1/620 753/1/621 863/1/731 862/1/730
f 865/1/733 866/1/734 887/1/735 886/1/736
f 866/1/734 867/1/737 888/1/738 887/1/735
f 867/1/737 868/1/739 889/1/740 888/1/738
f 868/1/739 869/1/741 890/1/742 889/1/740
f 869/1/741 870/1/743 891/1/744 890/1/742
f 870/1/743 871/1/745 892/1/746 891/1/744
f 871/1/745 872/1/747 893/1/748 892/1/746
f 872/1/747 873/1/749 894/1/750 893/1/748
f 873/1/749 874/1/751 895/1/752 894/1/750
f 874/1/751 875/1/753 896/1/754 895/1/752
f 875/1/753 876/1/755 897/1/756 896/1/754
f 876/1/755 877/1/757 898/1/758 897/1/756
f 877/1/757 878/1/759 899/1/760 898/1/758
f 878/1/759 879/1/761 900/1/762 899/1/760
f 879/1/761 880/1/763 901/1/764 900/1/762
f 880/1/763 881/1/765 902/1/766 901/1/764
f 881/1/765 882/1/767 903/1/768 902/1/766
f 882/1/767 883/1/769 904/1/770 903/1/768
f 883/1/769 884/1/771 905/1/772 904/1/770
f 884/1/771 885/1/773 906/1/774 905/1/772
f 886/1/736 887/1/735 908/1/775 907/1/776
f 887/1/735 888/1/738 909/1/777 908/1/775
f 888/1/738 889/1/740 910/1/778 909/1/777
f 889/1/740 890/1/742 911/1/779 910/1/778
f 890/1/742 891/1/744 912/1/780 911/1/779
f 891/1/744 892/1/746 913/1/781 912/1/780
f 892/1/746 893/1/748 914/1/782 913/1/781
f 893/1/748 894/1/750 915/1/783 914/1/782
f 894/1/750 895/1/752 916/1/784 915/1/783
f 895/1/752 896/1/754 917/1/785 916/1/784
f 896/1/754 897/1/756 918/1/786 917/1/785
f 897/1/756 898/1/758 919/1/787 918/1/786
f 898/1/758 899/1/760 920/1/788 919/1/787
f 899/1/760 900/1/762 921/1/789 920/1/788
f 900/1/762 901/1/764 922/1/790 921/1/789
f 901/1/764 902/1/766 923/1/791 922/1/790
f 902/1/766 903/1/768 924/1/792 923/1/791
f 903/1/768 904/1/770 925/1/793 924/1/792
f 904/1/770 905/1/772 926/1/794 925/1/793
f 905/1/772 906/1/774 927/1/795 926/1/794
f 928/1/796 949/1/797 950/1/798 929/1/799
f 929/1/799 950/1/798 951/1/800 930/1/801
f 930/1/801 951/1/800 952/1/802 931/1/803
f 931/1/803 952/1/802 953/1/804 932/1/805
f 932/1/805 953/1/804 954/1/806 933/1/807
f 933/1/807 954/1/806 955/1/808 934/1/809
f 934/1/809 955/1/808 956/1/810 935/1/811
f 935/1/811 956/1/810 957/1/812 936/1/813
f 936/1/813 957/1/812 958/1/814 937/1/815
f 937/1/815 958/1/814 959/1/816 938/1/817
f 938/1/817 959/1/816 960/1/818 939/1/819
f 939/1/819 960/1/818 961/1/820 940/1/821
f 940/1/821 961/1/820 962/1/822 941/1/823
f 941/1/823 962/1/822 963/1/824 942/1/825
f 942/1/825 963/1/824 964/1/826 943/1/827
f 943/1/827 964/1/826 965/1/828 944/1/829
f 944/1/829 965/1/828 966/1/830 945/1/831
f 945/1/831 966/1/830 967/1/832 946/1/833
f 946/1/833 967/1/832 968/1/834 947/1/835
f 947/1/835 968/1/834 969/1/836 948/1/837
f 949/1/797 970/1/838 971/1/839 950/1/798
f 950/1/798 971/1/839 972/1/840 951/1/800
f 951/1/800 972/1/840 973/1/841 952/1/802
f 952/1/802 973/1/841 974/1/842 953/1/804
f 953/1/804 974/1/842 975/1/843 954/1/806
f 954/1/806 975/1/843 976/1/844 955/1/808
f 955/1/808 976/1/844 977/1/845 956/1/810
f 956/1/810 977/1/845 978/1/846 957/1/812
f 957/1/812 978/1/846 979/1/847 958/1/814
f 958/1/814 979/1/847 980/1/848 959/1/816
f 959/1/816 980/1/848 981/1/849 960/1/818
f 960/1/818 981/1/849 982/1/850 961/1/820
f 961/1/820 982/1/850 983/1/851 962/1/822
f 962/1/822 983/1/851 984/1/852 963/1/824
f 963/1/824 984/1/852 985/1/853 964/1/826
f 964/1/826 985/1/853 986/1/854 965/1/828
f 965/1/828 986/1/854 987/1/855 966/1/830
f 966/1/830 987/1/855 988/1/856 967/1/832
f 967/1/832 988/1/856 989/1/857 968/1/834
f 968/1/834 989/1/857 990/1/858 969/1/836
f 866/1/734 865/1/733 928/1/796 929/1/799
f 867/1/737 866/1/734 929/1/799 930/1/801
f 868/1/739 867/1/737 930/1/801 931/1/803
f 869/1/741 868/1/739 931/1/803 932/1/805
f 870/1/743 869/1/741 932/1/805 933/1/807
f 871/1/745 870/1/743 933/1/807 934/1/809
f 872/1/747 871/1/745 934/1/809 935/1/811
f 873/1/749 872/1/747 935/1/811 936/1/813
f 874/1/751 873/1/749 936/1/813 937/1/815
f 875/1/753 874/1/751 937/1/815 938/1/817
f 876/1/755 875/1/753 938/1/817 939/1/819
f 877/1/757 876/1/755 939/1/819 940/1/821
f 878/1/759 877/1/757 940/1/821 941/1/823
f 879/1/761 878/1/759 941/1/823 942/1/825
f 880/1/763 879/1/761 942/1/825 943/1/827
f 881/1/765 880/1/763 943/1/827 944/1/829
f 882/1/767 881/1/765 944/1/829 945/1/831
f 883/1/769 882/1/767 945/1/831 946/1/833
f 884/1/771 883/1/769 946/1/833 947/1/835
f 865/1/733 886/1/736 949/1/797 928/1/796
f 906/1/774 885/1/773 948/1/837 969/1/836
f 886/1/736 907/1/776 970/1/838 949/1/797
f 908/1/775 909/1/777 972/1/840 971/1/839
f 909/1/777 910/1/778 973/1/841 972/1/840
f 910/1/778 911/1/779 974/1/842 973/1/841
f 911/1/779 912/1/780 975/1/843 974/1/842
f 912/1/780 913/1/781 976/1/844 975/1/843
f 925/1/793 926/1/794 989/1/857 988/1/856
f 926/1/794 927/1/795 990/1/858 989/1/857
f 913/1/781 914/1/782 977/1/845 976/1/844
f 927/1/795 906/1/774 969/1/836 990/1/858
f 915/1/783 916/1/784 979/1/847 978/1/846
f 916/1/784 917/1/785 980/1/848 979/1/847
f 914/1/782 915/1/783 978/1/846 977/1/845
f 917/1/785 918/1/786 981/1/849 980/1/848
f 918/1/786 919/1/787 982/1/850 981/1/849
f 919/1/787 920/1/788 983/1/851 982/1/850
f 920/1/788 921/1/789 984/1/852 983/1/851
f 907/1/776 908/1/775 971/1/839 970/1/838
f 921/1/789 922/1/790 985/1/853 984/1/852
f 924/1/792 925/1/793 988/1/856 987/1/855
f 922/1/790 923/1/791 986/1/854 985/1/853
f 923/1/791 924/1/792 987/1/855 986/1/854
f 885/1/773 884/1/771 947/1/835 948/1/837
usemtl Button
f 993/223/859 1104/224/860 999/225/861 1000/226/862
f 992/132/863 1103/227/298 997/228/864 998/229/865
f 991/230/866 1102/231/867 995/232/868 996/233/869
f 1101/234/870 1051/235/302 994/236/871
f 1050/237/304 993/223/859 1000/226/862
f 1104/224/860 992/132/863 998/229/865 999/225/861
f 1103/227/298 991/230/866 996/233/869 997/228/864
f 1102/231/867 1101/234/870 994/236/871 995/232/868
f 996/233/869 995/232/868 1002/238/872 1003/239/873
f 994/236/871 1051/240/302 1001/241/874
f 1050/242/304 1000/226/862 1007/243/875
f 999/225/861 998/229/865 1005/244/876 1006/245/877
f 997/228/864 996/233/869 1003/239/873 1004/246/878
f 995/232/868 994/236/871 1001/241/874 1002/238/872
f 1000/226/862 999/225/861 1006/245/877 1007/243/875
f 998/229/865 997/228/864 1004/246/878 1005/244/876
f 1050/247/304 1007/243/875 1014/248/879
f 1006/245/877 1005/244/876 1012/249/880 1013/250/881
f 1004/246/878 1003/239/873 1010/251/882 1011/252/883
f 1002/238/872 1001/241/874 1008/253/884 1009/254/885
f 1007/243/875 1006/245/877 1013/250/881 1014/248/879
f 1005/244/876 1004/246/878 1011/252/883 1012/249/880
f 1003/239/873 1002/238/872 1009/254/885 1010/251/882
f 1001/241/874 1051/255/302 1008/253/884
f 1009/254/885 1008/253/884 1015/256/886 1016/257/887
f 1014/248/879 1013/250/881 1020/258/888 1021/259/889
f 1012/249/880 1011/252/883 1018/260/366 1019/261/890
f 1010/251/882 1009/254/885 1016/257/887 1017/262/891
f 1008/253/884 1051/263/302 1015/256/886
f 1050/264/304 1014/248/879 1021/259/889
f 1013/250/881 1012/249/880 1019/261/890 1020/258/888
f 1011/252/883 1010/251/882 1017/262/891 1018/260/366
f 1021/259/889 1020/258/888 1027/265/892 1028/266/893
f 1019/261/890 1018/260/366 1025/267/894 1026/268/895
f 1017/262/891 1016/257/887 1023/269/896 1024/270/897
f 1015/256/886 1051/271/302 1022/272/898
f 1050/273/304 1021/259/889 1028/266/893
f 1020/258/888 1019/261/890 1026/268/895 1027/265/892
f 1018/260/366 1017/262/891 1024/270/897 1025/267/894
f 1016/257/887 1015/256/886 1022/272/898 1023/269/896
f 1022/272/898 1051/274/302 1029/275/899
f 1050/276/304 1028/266/893 1035/277/900
f 1027/265/892 1026/268/895 1033/278/901 1034/279/902
f 1025/267/894 1024/270/897 1031/280/903 1032/281/904
f 1023/269/896 1022/272/898 1029/275/899 1030/282/905
f 1028/266/893 1027/265/892 1034/279/902 1035/277/900
f 1026/268/895 1025/267/894 1032/281/904 1033/278/901
f 1024/270/897 1023/269/896 1030/282/905 1031/280/903
f 1034/279/902 1033/278/901 1040/283/906 1041/284/907
f 1032/281/904 1031/280/903 1038/285/908 1039/286/909
f 1030/282/905 1029/275/899 1036/287/910 1037/288/911
f 1035/277/900 1034/279/902 1041/284/907 1042/289/912
f 1033/278/901 1032/281/904 1039/286/909 1040/283/906
f 1031/280/903 1030/282/905 1037/288/911 1038/285/908
f 1029/275/899 1051/290/302 1036/287/910
f 1050/291/304 1035/277/900 1042/289/912
f 1042/289/912 1041/284/907 1048/292/913 1049/293/914
f 1040/283/906 1039/286/909 1046/294/308 1047/295/915
f 1038/285/908 1037/288/911 1044/296/916 1045/297/917
f 1036/287/910 1051/298/302 1043/299/918
f 1050/300/304 1042/289/912 1049/293/914
f 1041/284/907 1040/283/906 1047/295/915 1048/292/913
f 1039/286/909 1038/285/908 1045/297/917 1046/294/308
f 1037/288/911 1036/287/910 1043/299/918 1044/296/916
f 1047/295/915 1046/294/308 1055/301/919 1056/302/920
f 1045/297/917 1044/296/916 1053/303/921 1054/304/922
f 1043/299/918 1051/305/302 1052/306/923
f 1050/307/304 1049/293/914 1058/308/924
f 1048/292/913 1047/295/915 1056/302/920 1057/309/925
f 1046/294/308 1045/297/917 1054/304/922 1055/301/919
f 1044/296/916 1043/299/918 1052/306/923 1053/303/921
f 1049/293/914 1048/292/913 1057/309/925 1058/308/924
f 1050/310/304 1058/308/924 1065/311/926
f 1057/309/925 1056/302/920 1063/312/927 1064/313/928
f 1055/301/919 1054/304/922 1061/314/929 1062/315/930
f 1053/303/921 1052/306/923 1059/316/931 1060/317/932
f 1058/308/924 1057/309/925 1064/313/928 1065/311/926
f 1056/302/920 1055/301/919 1062/315/930 1063/312/927
f 1054/304/922 1053/303/921 1060/317/932 1061/314/929
f 1052/306/923 1051/318/302 1059/316/931
f 1062/315/930 1061/314/929 1068/319/933 1069/320/934
f 1060/317/932 1059/316/931 1066/321/935 1067/322/936
f 1065/311/926 1064/313/928 1071/323/937 1072/324/938
f 1063/312/927 1062/315/930 1069/320/934 1070/325/939
f 1061/314/929 1060/317/932 1067/322/936 1068/319/933
f 1059/316/931 1051/326/302 1066/321/935
f 1050/327/304 1065/311/926 1072/324/938
f 1064/313/928 1063/312/927 1070/325/939 1071/323/937
f 1072/324/938 1071/323/937 1078/85/940 1079/328/941
f 1070/325/939 1069/320/934 1076/84/404 1077/194/942
f 1068/319/933 1067/322/936 1074/329/943 1075/195/944
f 1066/321/935 1051/330/302 1073/197/945
f 1050/331/304 1072/324/938 1079/328/941
f 1071/323/937 1070/325/939 1077/194/942 1078/85/940
f 1069/320/934 1068/319/933 1075/195/944 1076/84/404
f 1067/322/936 1066/321/935 1073/197/945 1074/329/943
f 1075/199/944 1074/332/943 1081/333/946 1082/334/947
f 1073/202/945 1051/335/302 1080/336/948
f 1050/337/304 1079/338/941 1086/339/949
f 1078/113/940 1077/208/942 1084/340/950 1085/341/951
f 1076/2/404 1075/199/944 1082/334/947 1083/342/952
f 1074/332/943 1073/202/945 1080/336/948 1081/333/946
f 1079/338/941 1078/113/940 1085/341/951 1086/339/949
f 1077/208/942 1076/2/404 1083/342/952 1084/340/950
f 1050/343/304 1086/339/949 1093/344/953
f 1085/341/951 1084/340/950 1091/345/954 1092/346/955
f 1083/342/952 1082/334/947 1089/347/956 1090/348/957
f 1081/333/946 1080/336/948 1087/349/958 1088/350/959
f 1086/339/949 1085/341/951 1092/346/955 1093/344/953
f 1084/340/950 1083/342/952 1090/348/957 1091/345/954
f 1082/334/947 1081/333/946 1088/350/959 1089/347/956
f 1080/336/948 1051/351/302 1087/349/958
f 1088/350/959 1087/349/958 1094/352/960 1095/353/961
f 1093/344/953 1092/346/955 1099/354/962 1100/355/963
f 1091/345/954 1090/348/957 1097/356/964 1098/357/965
f 1089/347/956 1088/350/959 1095/353/961 1096/358/966
f 1087/349/958 1051/359/302 1094/352/960
f 1050/360/304 1093/344/953 1100/355/963
f 1092/346/955 1091/345/954 1098/357/965 1099/354/962
f 1090/348/957 1089/347/956 1096/358/966 1097/356/964
f 1100/355/963 1099/354/962 1104/224/860 993/223/859
f 1098/357/965 1097/356/964 1103/227/298 992/132/863
f 1096/358/966 1095/353/961 1102/231/867 991/230/866
f 1094/352/960 1051/361/302 1101/234/870
f 1050/362/304 1100/355/963 993/223/859
f 1099/354/962 1098/357/965 992/132/863 1104/224/860
f 1097/356/964 1096/358/966 991/230/866 1103/227/298
f 1095/353/961 1094/352/960 1101/234/870 1102/231/867
f 1302/224/860 1190/132/863 1196/229/865 1197/225/861
f 1301/227/298 1189/230/866 1194/233/869 1195/228/864
f 1300/231/867 1299/234/870 1192/236/871 1193/232/868
f 1191/223/859 1302/224/860 1197/225/861 1198/226/862
f 1190/132/863 1301/227/298 1195/228/864 1196/229/865
f 1189/230/866 1300/231/867 1193/232/868 1194/233/869
f 1299/234/870 1249/235/302 1192/236/871
f 1248/237/304 1191/223/859 1198/226/862
f 1198/226/862 1197/225/861 1204/245/877 1205/243/875
f 1196/229/865 1195/228/864 1202/246/878 1203/244/876
f 1194/233/869 1193/232/868 1200/238/872 1201/239/873
f 1192/236/871 1249/240/302 1199/241/874
f 1248/242/304 1198/226/862 1205/243/875
f 1197/225/861 1196/229/865 1203/244/876 1204/245/877
f 1195/228/864 1194/233/869 1201/239/873 1202/246/878
f 1193/232/868 1192/236/871 1199/241/874 1200/238/872
f 1201/239/873 1200/238/872 1207/254/885 1208/251/882
f 1199/241/874 1249/255/302 1206/253/884
f 1248/247/304 1205/243/875 1212/248/879
f 1204/245/877 1203/244/876 1210/249/880 1211/250/881
f 1202/246/878 1201/239/873 1208/251/882 1209/252/883
f 1200/238/872 1199/241/874 1206/253/884 1207/254/885
f 1205/243/875 1204/245/877 1211/250/881 1212/248/879
f 1203/244/876 1202/246/878 1209/252/883 1210/249/880
f 1248/264/304 1212/248/879 1219/259/889
f 1211/250/881 1210/249/880 1217/261/890 1218/258/888
f 1209/252/883 1208/251/882 1215/262/891 1216/260/366
f 1207/254/885 1206/253/884 1213/256/886 1214/257/887
f 1212/248/879 1211/250/881 1218/258/888 1219/259/889
f 1210/249/880 1209/252/883 1216/260/366 1217/261/890
f 1208/251/882 1207/254/885 1214/257/887 1215/262/891
f 1206/253/884 1249/263/302 1213/256/886
f 1214/257/887 1213/256/886 1220/272/898 1221/269/896
f 1219/259/889 1218/258/888 1225/265/892 1226/266/893
f 1217/261/890 1216/260/366 1223/267/894 1224/268/895
f 1215/262/891 1214/257/887 1221/269/896 1222/270/897
f 1213/256/886 1249/271/302 1220/272/898
f 1248/273/304 1219/259/889 1226/266/893
f 1218/258/888 1217/261/890 1224/268/895 1225/265/892
f 1216/260/366 1215/262/891 1222/270/897 1223/267/894
f 1226/266/893 1225/265/892 1232/279/902 1233/277/900
f 1224/268/895 1223/267/894 1230/281/904 1231/278/901
f 1222/270/897 1221/269/896 1228/282/905 1229/280/903
f 1220/272/898 1249/274/302 1227/275/899
f 1248/276/304 1226/266/893 1233/277/900
f 1225/265/892 1224/268/895 1231/278/901 1232/279/902
f 1223/267/894 1222/270/897 1229/280/903 1230/281/904
f 1221/269/896 1220/272/898 1227/275/899 1228/282/905
f 1227/275/899 1249/290/302 1234/287/910
f 1248/291/304 1233/277/900 1240/289/912
f 1232/279/902 1231/278/901 1238/283/906 1239/284/907
f 1230/281/904 1229/280/903 1236/285/908 1237/286/909
f 1228/282/905 1227/275/899 1234/287/910 1235/288/911
f 1233/277/900 1232/279/902 1239/284/907 1240/289/912
f 1231/278/901 1230/281/904 1237/286/909 1238/283/906
f 1229/280/903 1228/282/905 1235/288/911 1236/285/908
f 1239/284/907 1238/283/906 1245/295/915 1246/292/913
f 1237/286/909 1236/285/908 1243/297/917 1244/294/308
f 1235/288/911 1234/287/910 1241/299/918 1242/296/916
f 1240/289/912 1239/284/907 1246/292/913 1247/293/914
f 1238/283/906 1237/286/909 1244/294/308 1245/295/915
f 1236/285/908 1235/288/911 1242/296/916 1243/297/917
f 1234/287/910 1249/298/302 1241/299/918
f 1248/300/304 1240/289/912 1247/293/914
f 1247/293/914 1246/292/913 1255/309/925 1256/308/924
f 1245/295/915 1244/294/308 1253/301/919 1254/302/920
f 1243/297/917 1242/296/916 1251/303/921 1252/304/922
f 1241/299/918 1249/305/302 1250/306/923
f 1248/307/304 1247/293/914 1256/308/924
f 1246/292/913 1245/295/915 1254/302/920 1255/309/925
f 1244/294/308 1243/297/917 1252/304/922 1253/301/919
f 1242/296/916 1241/299/918 1250/306/923 1251/303/921
f 1254/302/920 1253/301/919 1260/315/930 1261/312/927
f 1252/304/922 1251/303/921 1258/317/932 1259/314/929
f 1250/306/923 1249/318/302 1257/316/931
f 1248/310/304 1256/308/924 1263/311/926
f 1255/309/925 1254/302/920 1261/312/927 1262/313/928
f 1253/301/919 1252/304/922 1259/314/929 1260/315/930
f 1251/303/921 1250/306/923 1257/316/931 1258/317/932
f 1256/308/924 1255/309/925 1262/313/928 1263/311/926
f 1248/327/304 1263/311/926 1270/324/938
f 1262/313/928 1261/312/927 1268/325/939 1269/323/937
f 1260/315/930 1259/314/929 1266/319/933 1267/320/934
f 1258/317/932 1257/316/931 1264/321/935 1265/322/936
f 1263/311/926 1262/313/928 1269/323/937 1270/324/938
f 1261/312/927 1260/315/930 1267/320/934 1268/325/939
f 1259/314/929 1258/317/932 1265/322/936 1266/319/933
f 1257/316/931 1249/326/302 1264/321/935
f 1267/320/934 1266/319/933 1273/195/944 1274/84/404
f 1265/322/936 1264/321/935 1271/197/945 1272/329/943
f 1270/324/938 1269/323/937 1276/85/940 1277/328/941
f 1268/325/939 1267/320/934 1274/84/404 1275/194/942
f 1266/319/933 1265/322/936 1272/329/943 1273/195/944
f 1264/321/935 1249/330/302 1271/197/945
f 1248/331/304 1270/324/938 1277/328/941
f 1269/323/937 1268/325/939 1275/194/942 1276/85/940
f 1277/338/941 1276/113/940 1283/341/951 1284/339/949
f 1275/208/942 1274/2/404 1281/342/952 1282/340/950
f 1273/199/944 1272/332/943 1279/333/946 1280/334/947
f 1271/202/945 1249/335/302 1278/336/948
f 1248/337/304 1277/338/941 1284/339/949
f 1276/113/940 1275/208/942 1282/340/950 1283/341/951
f 1274/2/404 1273/199/944 1280/334/947 1281/342/952
f 1272/332/943 1271/202/945 1278/336/948 1279/333/946
f 1280/334/947 1279/333/946 1286/350/959 1287/347/956
f 1278/336/948 1249/351/302 1285/349/958
f 1248/343/304 1284/339/949 1291/344/953
f 1283/341/951 1282/340/950 1289/345/954 1290/346/955
f 1281/342/952 1280/334/947 1287/347/956 1288/348/957
f 1279/333/946 1278/336/948 1285/349/958 1286/350/959
f 1284/339/949 1283/341/951 1290/346/955 1291/344/953
f 1282/340/950 1281/342/952 1288/348/957 1289/345/954
f 1248/360/304 1291/344/953 1298/355/963
f 1290/346/955 1289/345/954 1296/357/965 1297/354/962
f 1288/348/957 1287/347/956 1294/358/966 1295/356/964
f 1286/350/959 1285/349/958 1292/352/960 1293/353/961
f 1291/344/953 1290/346/955 1297/354/962 1298/355/963
f 1289/345/954 1288/348/957 1295/356/964 1296/357/965
f 1287/347/956 1286/350/959 1293/353/961 1294/358/966
f 1285/349/958 1249/359/302 1292/352/960
f 1293/353/961 1292/352/960 1299/234/870 1300/231/867
f 1298/355/963 1297/354/962 1302/224/860 1191/223/859
f 1296/357/965 1295/356/964 1301/227/298 1190/132/863
f 1294/358/966 1293/353/961 1300/231/867 1189/230/866
f 1292/352/960 1249/361/302 1299/234/870
f 1248/362/304 1298/355/963 1191/223/859
f 1297/354/962 1296/357/965 1190/132/863 1302/224/860
f 1295/356/964 1294/358/966 1189/230/866 1301/227/298
f 1498/231/867 1497/234/870 1390/236/871 1391/232/868
f 1389/223/859 1500/224/860 1395/225/861 1396/226/862
f 1388/132/863 1499/227/298 1393/228/864 1394/229/865
f 1387/230/866 1498/231/867 1391/232/868 1392/233/869
f 1497/234/870 1447/235/302 1390/236/871
f 1446/237/304 1389/223/859 1396/226/862
f 1500/224/860 1388/132/863 1394/229/865 1395/225/861
f 1499/227/298 1387/230/866 1392/233/869 1393/228/864
f 1394/229/865 1393/228/864 1400/246/878 1401/244/876
f 1392/233/869 1391/232/868 1398/238/872 1399/239/873
f 1390/236/871 1447/240/302 1397/241/874
f 1446/242/304 1396/226/862 1403/243/875
f 1395/225/861 1394/229/865 1401/244/876 1402/245/877
f 1393/228/864 1392/233/869 1399/239/873 1400/246/878
f 1391/232/868 1390/236/871 1397/241/874 1398/238/872
f 1396/226/862 1395/225/861 1402/245/877 1403/243/875
f 1446/247/304 1403/243/875 1410/248/879
f 1402/245/877 1401/244/876 1408/249/880 1409/250/881
f 1400/246/878 1399/239/873 1406/251/882 1407/252/883
f 1398/238/872 1397/241/874 1404/253/884 1405/254/885
f 1403/243/875 1402/245/877 1409/250/881 1410/248/879
f 1401/244/876 1400/246/878 1407/252/883 1408/249/880
f 1399/239/873 1398/238/872 1405/254/885 1406/251/882
f 1397/241/874 1447/255/302 1404/253/884
f 1407/252/883 1406/251/882 1413/262/891 1414/260/366
f 1405/254/885 1404/253/884 1411/256/886 1412/257/887
f 1410/248/879 1409/250/881 1416/258/888 1417/259/889
f 1408/249/880 1407/252/883 1414/260/366 1415/261/890
f 1406/251/882 1405/254/885 1412/257/887 1413/262/891
f 1404/253/884 1447/263/302 1411/256/886
f 1446/264/304 1410/248/879 1417/259/889
f 1409/250/881 1408/249/880 1415/261/890 1416/258/888
f 1417/259/889 1416/258/888 1423/265/892 1424/266/893
f 1415/261/890 1414/260/366 1421/267/894 1422/268/895
f 1413/262/891 1412/257/887 1419/269/896 1420/270/897
f 1411/256/886 1447/271/302 1418/272/898
f 1446/273/304 1417/259/889 1424/266/893
f 1416/258/888 1415/261/890 1422/268/895 1423/265/892
f 1414/260/366 1413/262/891 1420/270/897 1421/267/894
f 1412/257/887 1411/256/886 1418/272/898 1419/269/896
f 1420/270/897 1419/269/896 1426/282/905 1427/280/903
f 1418/272/898 1447/274/302 1425/275/899
f 1446/276/304 1424/266/893 1431/277/900
f 1423/265/892 1422/268/895 1429/278/901 1430/279/902
f 1421/267/894 1420/270/897 1427/280/903 1428/281/904
f 1419/269/896 1418/272/898 1425/275/899 1426/282/905
f 1424/266/893 1423/265/892 1430/279/902 1431/277/900
f 1422/268/895 1421/267/894 1428/281/904 1429/278/901
f 1446/291/304 1431/277/900 1438/289/912
f 1430/279/902 1429/278/901 1436/283/906 1437/284/907
f 1428/281/904 1427/280/903 1434/285/908 1435/286/909
f 1426/282/905 1425/275/899 1432/287/910 1433/288/911
f 1431/277/900 1430/279/902 1437/284/907 1438/289/912
f 1429/278/901 1428/281/904 1435/286/909 1436/283/906
f 1427/280/903 1426/282/905 1433/288/911 1434/285/908
f 1425/275/899 1447/290/302 1432/287/910
f 1433/288/911 1432/287/910 1439/299/918 1440/296/916
f 1438/289/912 1437/284/907 1444/292/913 1445/293/914
f 1436/283/906 1435/286/909 1442/294/308 1443/295/915
f 1434/285/908 1433/288/911 1440/296/916 1441/297/917
f 1432/287/910 1447/298/302 1439/299/918
f 1446/300/304 1438/289/912 1445/293/914
f 1437/284/907 1436/283/906 1443/295/915 1444/292/913
f 1435/286/909 1434/285/908 1441/297/917 1442/294/308
f 1445/293/914 1444/292/913 1453/309/925 1454/308/924
f 1443/295/915 1442/294/308 1451/301/919 1452/302/920
f 1441/297/917 1440/296/916 1449/303/921 1450/304/922
f 1439/299/918 1447/305/302 1448/306/923
f 1446/307/304 1445/293/914 1454/308/924
f 1444/292/913 1443/295/915 1452/302/920 1453/309/925
f 1442/294/308 1441/297/917 1450/304/922 1451/301/919
f 1440/296/916 1439/299/918 1448/306/923 1449/303/921
f 1448/306/923 1447/318/302 1455/316/931
f 1446/310/304 1454/308/924 1461/311/926
f 1453/309/925 1452/302/920 1459/312/927 1460/313/928
f 1451/301/919 1450/304/922 1457/314/929 1458/315/930
f 1449/303/921 1448/306/923 1455/316/931 1456/317/932
f 1454/308/924 1453/309/925 1460/313/928 1461/311/926
f 1452/302/920 1451/301/919 1458/315/930 1459/312/927
f 1450/304/922 1449/303/921 1456/317/932 1457/314/929
f 1460/313/928 1459/312/927 1466/325/939 1467/323/937
f 1458/315/930 1457/314/929 1464/319/933 1465/320/934
f 1456/317/932 1455/316/931 1462/321/935 1463/322/936
f 1461/311/926 1460/313/928 1467/323/937 1468/324/938
f 1459/312/927 1458/315/930 1465/320/934 1466/325/939
f 1457/314/929 1456/317/932 1463/322/936 1464/319/933
f 1455/316/931 1447/326/302 1462/321/935
f 1446/327/304 1461/311/926 1468/324/938
f 1468/324/938 1467/323/937 1474/85/940 1475/328/941
f 1466/325/939 1465/320/934 1472/84/404 1473/194/942
f 1464/319/933 1463/322/936 1470/329/943 1471/195/944
f 1462/321/935 1447/330/302 1469/197/945
f 1446/331/304 1468/324/938 1475/328/941
f 1467/323/937 1466/325/939 1473/194/942 1474/85/940
f 1465/320/934 1464/319/933 1471/195/944 1472/84/404
f 1463/322/936 1462/321/935 1469/197/945 1470/329/943
f 1473/208/942 1472/2/404 1479/342/952 1480/340/950
f 1471/199/944 1470/332/943 1477/333/946 1478/334/947
f 1469/202/945 1447/335/302 1476/336/948
f 1446/337/304 1475/338/941 1482/339/949
f 1474/113/940 1473/208/942 1480/340/950 1481/341/951
f 1472/2/404 1471/199/944 1478/334/947 1479/342/952
f 1470/332/943 1469/202/945 1476/336/948 1477/333/946
f 1475/338/941 1474/113/940 1481/341/951 1482/339/949
f 1446/343/304 1482/339/949 1489/344/953
f 1481/341/951 1480/340/950 1487/345/954 1488/346/955
f 1479/342/952 1478/334/947 1485/347/956 1486/348/957
f 1477/333/946 1476/336/948 1483/349/958 1484/350/959
f 1482/339/949 1481/341/951 1488/346/955 1489/344/953
f 1480/340/950 1479/342/952 1486/348/957 1487/345/954
f 1478/334/947 1477/333/946 1484/350/959 1485/347/956
f 1476/336/948 1447/351/302 1483/349/958
f 1486/348/957 1485/347/956 1492/358/966 1493/356/964
f 1484/350/959 1483/349/958 1490/352/960 1491/353/961
f 1489/344/953 1488/346/955 1495/354/962 1496/355/963
f 1487/345/954 1486/348/957 1493/356/964 1494/357/965
f 1485/347/956 1484/350/959 1491/353/961 1492/358/966
f 1483/349/958 1447/359/302 1490/352/960
f 1446/360/304 1489/344/953 1496/355/963
f 1488/346/955 1487/345/954 1494/357/965 1495/354/962
f 1496/355/963 1495/354/962 1500/224/860 1389/223/859
f 1494/357/965 1493/356/964 1499/227/298 1388/132/863
f 1492/358/966 1491/353/961 1498/231/867 1387/230/866
f 1490/352/960 1447/361/302 1497/234/870
f 1446/362/304 1496/355/963 1389/223/859
f 1495/354/962 1494/357/965 1388/132/863 1500/224/860
f 1493/356/964 1492/358/966 1387/230/866 1499/227/298
f 1491/353/961 1490/352/960 1497/234/870 1498/231/867
f 1665/168/1094 1666/144/1095 1668/245/1096 1667/419/1097
f 1667/419/1097 1668/245/1096 1672/246/1098 1671/383/1099
f 1671/383/1099 1672/246/1098 1670/238/1100 1669/420/1101
f 1669/420/1101 1670/238/1100 1666/142/1095 1665/166/1094
f 1667/396/1097 1671/383/1099 1669/420/1101 1665/421/1094
f 1672/246/1098 1668/413/1096 1666/422/1095 1670/238/1100
usemtl Leather
f 1585/1/1014 1586/1/1015 1606/1/1016 1605/1/1017
f 1586/1/1015 1587/1/1018 1607/1/1019 1606/1/1016
f 1587/1/1018 1588/1/1020 1608/1/1021 1607/1/1019
f 1588/1/1020 1589/1/1022 1609/1/1023 1608/1/1021
f 1589/1/1022 1590/1/1024 1610/1/1025 1609/1/1023
f 1590/1/1024 1591/1/1026 1611/1/1027 1610/1/1025
f 1591/1/1026 1592/1/1028 1612/1/1029 1611/1/1027
f 1592/1/1028 1593/1/1030 1613/1/1031 1612/1/1029
f 1593/1/1030 1594/1/1032 1614/1/1033 1613/1/1031
f 1594/1/1032 1595/1/1034 1615/1/1035 1614/1/1033
f 1595/1/1034 1596/1/1036 1616/1/1037 1615/1/1035
f 1596/1/1036 1597/1/1038 1617/1/1039 1616/1/1037
f 1597/1/1038 1598/1/1040 1618/1/1041 1617/1/1039
f 1598/1/1040 1599/1/1042 1619/1/1043 1618/1/1041
f 1599/1/1042 1600/1/1044 1620/1/1045 1619/1/1043
f 1600/1/1044 1601/1/1046 1621/1/1047 1620/1/1045
f 1601/1/1046 1602/1/1048 1622/1/1049 1621/1/1047
f 1602/1/1048 1603/1/1050 1623/1/1051 1622/1/1049
f 1603/1/1050 1604/1/1052 1624/1/1053 1623/1/1051
f 1604/1/1052 1585/1/1014 1605/1/1017 1624/1/1053
f 1625/1/1054 1645/1/1055 1646/1/1056 1626/1/1057
f 1626/1/1057 1646/1/1056 1647/1/1058 1627/1/1059
f 1627/1/1059 1647/1/1058 1648/1/1060 1628/1/1061
f 1628/1/1061 1648/1/1060 1649/1/1062 1629/1/1063
f 1629/1/1063 1649/1/1062 1650/1/1064 1630/1/1065
f 1630/1/1065 1650/1/1064 1651/1/1066 1631/1/1067
f 1631/1/1067 1651/1/1066 1652/1/1068 1632/1/1069
f 1632/1/1069 1652/1/1068 1653/1/1070 1633/1/1071
f 1633/1/1071 1653/1/1070 1654/1/1072 1634/1/1073
f 1634/1/1073 1654/1/1072 1655/1/1074 1635/1/1075
f 1635/1/1075 1655/1/1074 1656/1/1076 1636/1/1077
f 1636/1/1077 1656/1/1076 1657/1/1078 1637/1/1079
f 1637/1/1079 1657/1/1078 1658/1/1080 1638/1/1081
f 1638/1/1081 1658/1/1080 1659/1/1082 1639/1/1083
f 1639/1/1083 1659/1/1082 1660/1/1084 1640/1/1085
f 1640/1/1085 1660/1/1084 1661/1/1086 1641/1/1087
f 1641/1/1087 1661/1/1086 1662/1/1088 1642/1/1089
f 1642/1/1089 1662/1/1088 1663/1/1090 1643/1/1091
f 1643/1/1091 1663/1/1090 1664/1/1092 1644/1/1093
f 1644/1/1093 1664/1/1092 1645/1/1055 1625/1/1054
f 1586/1/1015 1585/1/1014 1625/1/1054 1626/1/1057
f 1587/1/1018 1586/1/1015 1626/1/1057 1627/1/1059
f 1588/1/1020 1587/1/1018 1627/1/1059 1628/1/1061
f 1589/1/1022 1588/1/1020 1628/1/1061 1629/1/1063
f 1590/1/1024 1589/1/1022 1629/1/1063 1630/1/1065
f 1591/1/1026 1590/1/1024 1630/1/1065 1631/1/1067
f 1592/1/1028 1591/1/1026 1631/1/1067 1632/1/1069
f 1593/1/1030 1592/1/1028 1632/1/1069 1633/1/1071
f 1594/1/1032 1593/1/1030 1633/1/1071 1634/1/1073
f 1605/1/1017 1606/1/1016 1646/1/1056 1645/1/1055
f 1596/1/1036 1595/1/1034 1635/1/1075 1636/1/1077
f 1598/1/1040 1597/1/1038 1637/1/1079 1638/1/1081
f 1599/1/1042 1598/1/1040 1638/1/1081 1639/1/1083
f 1600/1/1044 1599/1/1042 1639/1/1083 1640/1/1085
f 1601/1/1046 1600/1/1044 1640/1/1085 1641/1/1087
f 1602/1/1048 1601/1/1046 1641/1/1087 1642/1/1089
f 1603/1/1050 1602/1/1048 1642/1/1089 1643/1/1091
f 1604/1/1052 1603/1/1050 1643/1/1091 1644/1/1093
f 1606/1/1016 1607/1/1019 1647/1/1058 1646/1/1056
f 1607/1/1019 1608/1/1021 1648/1/1060 1647/1/1058
f 1617/1/1039 1618/1/1041 1658/1/1080 1657/1/1078
f 1608/1/1021 1609/1/1023 1649/1/1062 1648/1/1060
f 1616/1/1037 1617/1/1039 1657/1/1078 1656/1/1076
f 1618/1/1041 1619/1/1043 1659/1/1082 1658/1/1080
f 1609/1/1023 1610/1/1025 1650/1/1064 1649/1/1062
f 1619/1/1043 1620/1/1045 1660/1/1084 1659/1/1082
f 1615/1/1035 1616/1/1037 1656/1/1076 1655/1/1074
f 1610/1/1025 1611/1/1027 1651/1/1066 1650/1/1064
f 1620/1/1045 1621/1/1047 1661/1/1086 1660/1/1084
f 1611/1/1027 1612/1/1029 1652/1/1068 1651/1/1066
f 1621/1/1047 1622/1/1049 1662/1/1088 1661/1/1086
f 1585/1/1014 1604/1/1052 1644/1/1093 1625/1/1054
f 1612/1/1029 1613/1/1031 1653/1/1070 1652/1/1068
f 1622/1/1049 1623/1/1051 1663/1/1090 1662/1/1088
f 1597/1/1038 1596/1/1036 1636/1/1077 1637/1/1079
f 1613/1/1031 1614/1/1033 1654/1/1072 1653/1/1070
f 1623/1/1051 1624/1/1053 1664/1/1092 1663/1/1090
f 1595/1/1034 1594/1/1032 1634/1/1073 1635/1/1075
f 1624/1/1053 1605/1/1017 1645/1/1055 1664/1/1092
f 1614/1/1033 1615/1/1035 1655/1/1074 1654/1/1072
f 1985/423/1318 2066/127/1319 1987/128/1320 1988/70/1321
f 2070/129/1322 2069/424/1323 1992/66/1324 1993/131/1325
f 2068/132/1326 1986/367/298 1990/67/1327 1991/133/1328
f 2067/230/1329 1985/423/1318 1988/70/1321 1989/125/1330
f 2066/127/1319 2037/134/302 1987/128/1320
f 2036/135/304 2070/129/1322 1993/131/1325
f 2069/424/1323 2068/132/1326 1991/133/1328 1992/66/1324
f 1986/367/298 2067/230/1329 1989/125/1330 1990/67/1327
f 1991/133/1328 1990/67/1327 1997/138/1331 1998/139/1332
f 1989/125/1330 1988/70/1321 1995/140/1333 1996/141/1334
f 1987/128/1320 2037/142/302 1994/143/1335
f 2036/144/304 1993/131/1325 2000/137/1336
f 1992/66/1324 1991/133/1328 1998/139/1332 1999/136/1337
f 1990/67/1327 1989/125/1330 1996/141/1334 1997/138/1331
f 1988/70/1321 1987/128/1320 1994/143/1335 1995/140/1333
f 1993/131/1325 1992/66/1324 1999/136/1337 2000/137/1336
f 2036/147/304 2000/137/1336 2007/148/1338
f 1999/136/1337 1998/139/1332 2005/149/1339 2006/69/1340
f 1997/138/1331 1996/141/1334 2003/150/1341 2004/68/366
f 1995/140/1333 1994/143/1335 2001/146/1342 2002/72/1343
f 2000/137/1336 1999/136/1337 2006/69/1340 2007/148/1338
f 1998/139/1332 1997/138/1331 2004/68/366 2005/149/1339
f 1996/141/1334 1995/140/1333 2002/72/1343 2003/150/1341
f 1994/143/1335 2037/145/302 2001/146/1342
f 2004/68/366 2003/150/1341 2010/153/1344 2011/154/1345
f 2002/72/1343 2001/146/1342 2008/155/1346 2009/156/1347
f 2007/148/1338 2006/69/1340 2013/152/1348 2014/157/1349
f 2005/149/1339 2004/68/366 2011/154/1345 2012/151/1350
f 2003/150/1341 2002/72/1343 2009/156/1347 2010/153/1344
f 2001/146/1342 2037/425/302 2008/155/1346
f 2036/426/304 2007/148/1338 2014/157/1349
f 2006/69/1340 2005/149/1339 2012/151/1350 2013/152/1348
f 2014/157/1349 2013/152/1348 2020/160/1351 2021/161/1352
f 2012/151/1350 2011/154/1345 2018/162/1353 2019/163/1354
f 2010/153/1344 2009/156/1347 2016/164/1355 2017/165/1356
f 2008/155/1346 2037/166/302 2015/167/1357
f 2036/168/304 2014/157/1349 2021/161/1352
f 2013/152/1348 2012/151/1350 2019/163/1354 2020/160/1351
f 2011/154/1345 2010/153/1344 2017/165/1356 2018/162/1353
f 2009/156/1347 2008/155/1346 2015/167/1357 2016/164/1355
f 2017/165/1356 2016/164/1355 2023/171/1358 2024/172/1359
f 2015/167/1357 2037/173/302 2022/174/1360
f 2036/175/304 2021/161/1352 2028/176/1361
f 2020/160/1351 2019/163/1354 2026/170/1362 2027/177/1363
f 2018/162/1353 2017/165/1356 2024/172/1359 2025/169/308
f 2016/164/1355 2015/167/1357 2022/174/1360 2023/171/1358
f 2021/161/1352 2020/160/1351 2027/177/1363 2028/176/1361
f 2019/163/1354 2018/162/1353 2025/169/308 2026/170/1362
f 2036/178/304 2028/176/1361 2035/179/1364
f 2027/177/1363 2026/170/1362 2033/180/1365 2034/80/1366
f 2025/169/308 2024/172/1359 2031/181/1367 2032/79/1368
f 2023/171/1358 2022/174/1360 2029/182/1369 2030/82/1370
f 2028/176/1361 2027/177/1363 2034/80/1366 2035/179/1364
f 2026/170/1362 2025/169/308 2032/79/1368 2033/180/1365
f 2024/172/1359 2023/171/1358 2030/82/1370 2031/181/1367
f 2022/174/1360 2037/183/302 2029/182/1369
f 2030/82/1370 2029/182/1369 2038/186/1371 2039/427/1372
f 2035/179/1364 2034/80/1366 2043/428/1373 2044/189/1374
f 2033/180/1365 2032/79/1368 2041/185/1375 2042/429/1376
f 2031/181/1367 2030/82/1370 2039/427/1372 2040/430/1377
f 2029/182/1369 2037/191/302 2038/186/1371
f 2036/192/304 2035/179/1364 2044/189/1374
f 2034/80/1366 2033/180/1365 2042/429/1376 2043/428/1373
f 2032/79/1368 2031/181/1367 2040/430/1377 2041/185/1375
f 2044/189/1374 2043/428/1373 2050/85/1378 2051/193/1379
f 2042/429/1376 2041/185/1375 2048/84/404 2049/194/1380
f 2040/430/1377 2039/427/1372 2046/87/1381 2047/195/1382
f 2038/186/1371 2037/196/302 2045/197/1383
f 2036/198/304 2044/189/1374 2051/193/1379
f 2043/428/1373 2042/429/1376 2049/194/1380 2050/85/1378
f 2041/185/1375 2040/430/1377 2047/195/1382 2048/84/404
f 2039/427/1372 2038/186/1371 2045/197/1383 2046/87/1381
f 2045/202/1383 2037/203/302 2052/204/1384
f 2036/205/304 2051/206/1379 2058/207/1385
f 2050/113/1378 2049/208/1380 2056/209/1386 2057/210/1387
f 2048/2/404 2047/199/1382 2054/201/1388 2055/211/1389
f 2046/110/1381 2045/202/1383 2052/204/1384 2053/431/1390
f 2051/206/1379 2050/113/1378 2057/210/1387 2058/207/1385
f 2049/208/1380 2048/2/404 2055/211/1389 2056/209/1386
f 2047/199/1382 2046/110/1381 2053/431/1390 2054/201/1388
f 2057/210/1387 2056/209/1386 2063/432/1391 2064/114/1392
f 2055/211/1389 2054/201/1388 2061/433/1393 2062/217/1394
f 2053/431/1390 2052/204/1384 2059/218/1395 2060/111/1396
f 2058/207/1385 2057/210/1387 2064/114/1392 2065/213/1397
f 2056/209/1386 2055/211/1389 2062/217/1394 2063/432/1391
f 2054/201/1388 2053/431/1390 2060/111/1396 2061/433/1393
f 2052/204/1384 2037/220/302 2059/218/1395
f 2036/212/304 2058/207/1385 2065/213/1397
f 2065/213/1397 2064/114/1392 2069/424/1323 2070/129/1322
f 2063/432/1391 2062/217/1394 1986/367/298 2068/132/1326
f 2061/433/1393 2060/111/1396 1985/423/1318 2067/230/1329
f 2059/218/1395 2037/221/302 2066/127/1319
f 2036/222/304 2065/213/1397 2070/129/1322
f 2064/114/1392 2063/432/1391 2068/132/1326 2069/424/1323
f 2062/217/1394 2061/433/1393 2067/230/1329 1986/367/298
f 2060/111/1396 2059/218/1395 2066/127/1319 1985/423/1318
f 2071/168/1094 2072/144/1095 2074/245/1096 2073/419/1097
f 2073/419/1097 2074/245/1096 2078/246/1098 2077/383/1099
f 2077/383/1099 2078/246/1098 2076/238/1100 2075/420/1101
f 2075/420/1101 2076/238/1100 2072/142/1095 2071/166/1094
f 2073/396/1097 2077/383/1099 2075/420/1101 2071/421/1094
f 2078/246/1098 2074/413/1096 2072/422/1095 2076/238/1100
f 2079/168/1094 2080/144/1095 2082/245/1096 2081/419/1097
f 2081/419/1097 2082/245/1096 2086/246/1098 2085/383/1099
f 2085/383/1099 2086/246/1098 2084/238/1100 2083/420/1101
f 2083/420/1101 2084/238/1100 2080/142/1095 2079/166/1094
f 2081/396/1097 2085/383/1099 2083/420/1101 2079/421/1094
f 2086/246/1098 2082/413/1096 2080/422/1095 2084/238/1100
usemtl Shorts
f 1673/1/1102 1674/1/1103 1694/1/1104 1693/1/1105
f 1674/1/1103 1675/1/1106 1695/1/1107 1694/1/1104
f 1675/1/1106 1676/1/1108 1696/1/1109 1695/1/1107
f 1676/1/1108 1677/1/1110 1697/1/1111 1696/1/1109
f 1677/1/1110 1678/1/1112 1698/1/1113 1697/1/1111
f 1678/1/1112 1679/1/1114 1699/1/1115 1698/1/1113
f 1679/1/1114 1680/1/1116 1700/1/1117 1699/1/1115
f 1680/1/1116 1681/1/1118 1701/1/1119 1700/1/1117
f 1681/1/1118 1682/1/1120 1702/1/1121 1701/1/1119
f 1682/1/1120 1683/1/1122 1703/1/1123 1702/1/1121
f 1683/1/1122 1684/1/1124 1704/1/1125 1703/1/1123
f 1684/1/1124 1685/1/1126 1705/1/1127 1704/1/1125
f 1685/1/1126 1686/1/1128 1706/1/1129 1705/1/1127
f 1686/1/1128 1687/1/1130 1707/1/1131 1706/1/1129
f 1687/1/1130 1688/1/1132 1708/1/1133 1707/1/1131
f 1688/1/1132 1689/1/1134 1709/1/1135 1708/1/1133
f 1689/1/1134 1690/1/1136 1710/1/1137 1709/1/1135
f 1690/1/1136 1691/1/1138 1711/1/1139 1710/1/1137
f 1691/1/1138 1692/1/1140 1712/1/1141 1711/1/1139
f 1692/1/1140 1673/1/1102 1693/1/1105 1712/1/1141
f 1693/1/1105 1694/1/1104 1714/1/1142 1713/1/1143
f 1694/1/1104 1695/1/1107 1715/1/1144 1714/1/1142
f 1695/1/1107 1696/1/1109 1716/1/1145 1715/1/1144
f 1696/1/1109 1697/1/1111 1717/1/1146 1716/1/1145
f 1697/1/1111 1698/1/1113 1718/1/1147 1717/1/1146
f 1698/1/1113 1699/1/1115 1719/1/1148 1718/1/1147
f 1699/1/1115 1700/1/1117 1720/1/1149 1719/1/1148
f 1700/1/1117 1701/1/1119 1721/1/1150 1720/1/1149
f 1701/1/1119 1702/1/1121 1722/1/1151 1721/1/1150
f 1702/1/1121 1703/1/1123 1723/1/1152 1722/1/1151
f 1703/1/1123 1704/1/1125 1724/1/1153 1723/1/1152
f 1704/1/1125 1705/1/1127 1725/1/1154 1724/1/1153
f 1705/1/1127 1706/1/1129 1726/1/1155 1725/1/1154
f 1706/1/1129 1707/1/1131 1727/1/1156 1726/1/1155
f 1707/1/1131 1708/1/1133 1728/1/1157 1727/1/1156
f 1708/1/1133 1709/1/1135 1729/1/1158 1728/1/1157
f 1709/1/1135 1710/1/1137 1730/1/1159 1729/1/1158
f 1710/1/1137 1711/1/1139 1731/1/1160 1730/1/1159
f 1711/1/1139 1712/1/1141 1732/1/1161 1731/1/1160
f 1712/1/1141 1693/1/1105 1713/1/1143 1732/1/1161
f 1733/1/1162 1753/1/1163 1754/1/1164 1734/1/1165
f 1734/1/1165 1754/1/1164 1755/1/1166 1735/1/1167
f 1735/1/1167 1755/1/1166 1756/1/1168 1736/1/1169
f 1736/1/1169 1756/1/1168 1757/1/1170 1737/1/1171
f 1737/1/1171 1757/1/1170 1758/1/1172 1738/1/1173
f 1738/1/1173 1758/1/1172 1759/1/1174 1739/1/1175
f 1739/1/1175 1759/1/1174 1760/1/1176 1740/1/1177
f 1740/1/1177 1760/1/1176 1761/1/1178 1741/1/1179
f 1741/1/1179 1761/1/1178 1762/1/1180 1742/1/1181
f 1742/1/1181 1762/1/1180 1763/1/1182 1743/1/1183
f 1743/1/1183 1763/1/1182 1764/1/1184 1744/1/1185
f 1744/1/1185 1764/1/1184 1765/1/1186 1745/1/1187
f 1745/1/1187 1765/1/1186 1766/1/1188 1746/1/1189
f 1746/1/1189 1766/1/1188 1767/1/1190 1747/1/1191
f 1747/1/1191 1767/1/1190 1768/1/1192 1748/1/1193
f 1748/1/1193 1768/1/1192 1769/1/1194 1749/1/1195
f 1749/1/1195 1769/1/1194 1770/1/1196 1750/1/1197
f 1750/1/1197 1770/1/1196 1771/1/1198 1751/1/1199
f 1751/1/1199 1771/1/1198 1772/1/1200 1752/1/1201
f 1752/1/1201 1772/1/1200 1753/1/1163 1733/1/1162
f 1753/1/1163 1773/1/1202 1774/1/1203 1754/1/1164
f 1754/1/1164 1774/1/1203 1775/1/1204 1755/1/1166
f 1755/1/1166 1775/1/1204 1776/1/1205 1756/1/1168
f 1756/1/1168 1776/1/1205 1777/1/1206 1757/1/1170
f 1757/1/1170 1777/1/1206 1778/1/1207 1758/1/1172
f 1758/1/1172 1778/1/1207 1779/1/1208 1759/1/1174
f 1759/1/1174 1779/1/1208 1780/1/1209 1760/1/1176
f 1760/1/1176 1780/1/1209 1781/1/1210 1761/1/1178
f 1761/1/1178 1781/1/1210 1782/1/1211 1762/1/1180
f 1762/1/1180 1782/1/1211 1783/1/1212 1763/1/1182
f 1763/1/1182 1783/1/1212 1784/1/1213 1764/1/1184
f 1764/1/1184 1784/1/1213 1785/1/1214 1765/1/1186
f 1765/1/1186 1785/1/1214 1786/1/1215 1766/1/1188
f 1766/1/1188 1786/1/1215 1787/1/1216 1767/1/1190
f 1767/1/1190 1787/1/1216 1788/1/1217 1768/1/1192
f 1768/1/1192 1788/1/1217 1789/1/1218 1769/1/1194
f 1769/1/1194 1789/1/1218 1790/1/1219 1770/1/1196
f 1770/1/1196 1790/1/1219 1791/1/1220 1771/1/1198
f 1771/1/1198 1791/1/1220 1792/1/1221 1772/1/1200
f 1772/1/1200 1792/1/1221 1773/1/1202 1753/1/1163
f 1674/1/1103 1673/1/1102 1733/1/1162 1734/1/1165
f 1675/1/1106 1674/1/1103 1734/1/1165 1735/1/1167
f 1676/1/1108 1675/1/1106 1735/1/1167 1736/1/1169
f 1677/1/1110 1676/1/1108 1736/1/1169 1737/1/1171
f 1678/1/1112 1677/1/1110 1737/1/1171 1738/1/1173
f 1679/1/1114 1678/1/1112 1738/1/1173 1739/1/1175
f 1680/1/1116 1679/1/1114 1739/1/1175 1740/1/1177
f 1681/1/1118 1680/1/1116 1740/1/1177 1741/1/1179
f 1682/1/1120 1681/1/1118 1741/1/1179 1742/1/1181
f 1684/1/1124 1683/1/1122 1743/1/1183 1744/1/1185
f 1685/1/1126 1684/1/1124 1744/1/1185 1745/1/1187
f 1686/1/1128 1685/1/1126 1745/1/1187 1746/1/1189
f 1687/1/1130 1686/1/1128 1746/1/1189 1747/1/1191
f 1688/1/1132 1687/1/1130 1747/1/1191 1748/1/1193
f 1689/1/1134 1688/1/1132 1748/1/1193 1749/1/1195
f 1690/1/1136 1689/1/1134 1749/1/1195 1750/1/1197
f 1691/1/1138 1690/1/1136 1750/1/1197 1751/1/1199
f 1692/1/1140 1691/1/1138 1751/1/1199 1752/1/1201
f 1717/1/1146 1718/1/1147 1778/1/1207 1777/1/1206
f 1718/1/1147 1719/1/1148 1779/1/1208 1778/1/1207
f 1713/1/1143 1714/1/1142 1774/1/1203 1773/1/1202
f 1719/1/1148 1720/1/1149 1780/1/1209 1779/1/1208
f 1673/1/1102 1692/1/1140 1752/1/1201 1733/1/1162
f 1732/1/1161 1713/1/1143 1773/1/1202 1792/1/1221
f 1720/1/1149 1721/1/1150 1781/1/1210 1780/1/1209
f 1721/1/1150 1722/1/1151 1782/1/1211 1781/1/1210
f 1683/1/1122 1682/1/1120 1742/1/1181 1743/1/1183
f 1716/1/1145 1717/1/1146 1777/1/1206 1776/1/1205
f 1722/1/1151 1723/1/1152 1783/1/1212 1782/1/1211
f 1723/1/1152 1724/1/1153 1784/1/1213 1783/1/1212
f 1714/1/1142 1715/1/1144 1775/1/1204 1774/1/1203
f 1724/1/1153 1725/1/1154 1785/1/1214 1784/1/1213
f 1725/1/1154 1726/1/1155 1786/1/1215 1785/1/1214
f 1726/1/1155 1727/1/1156 1787/1/1216 1786/1/1215
f 1727/1/1156 1728/1/1157 1788/1/1217 1787/1/1216
f 1728/1/1157 1729/1/1158 1789/1/1218 1788/1/1217
f 1715/1/1144 1716/1/1145 1776/1/1205 1775/1/1204
f 1729/1/1158 1730/1/1159 1790/1/1219 1789/1/1218
f 1730/1/1159 1731/1/1160 1791/1/1220 1790/1/1219
f 1731/1/1160 1732/1/1161 1792/1/1221 1791/1/1220
f 1793/1/1222 1794/1/1223 1806/1/1224 1805/1/1225
f 1794/1/1223 1795/1/1226 1807/1/1227 1806/1/1224
f 1795/1/1226 1796/1/1228 1808/1/1229 1807/1/1227
f 1796/1/1228 1797/1/1230 1809/1/1231 1808/1/1229
f 1797/1/1230 1798/1/1232 1810/1/1233 1809/1/1231
f 1798/1/1232 1799/1/1234 1811/1/1235 1810/1/1233
f 1799/1/1234 1800/1/1236 1812/1/1237 1811/1/1235
f 1800/1/1236 1801/1/1238 1813/1/1239 1812/1/1237
f 1801/1/1238 1802/1/1240 1814/1/1241 1813/1/1239
f 1802/1/1240 1803/1/1242 1815/1/1243 1814/1/1241
f 1803/1/1242 1804/1/1244 1816/1/1245 1815/1/1243
f 1804/1/1244 1793/1/1222 1805/1/1225 1816/1/1245
f 1817/1/1246 1829/1/1247 1830/1/1248 1818/1/1249
f 1818/1/1249 1830/1/1248 1831/1/1250 1819/1/1251
f 1819/1/1251 1831/1/1250 1832/1/1252 1820/1/1253
f 1820/1/1253 1832/1/1252 1833/1/1254 1821/1/1255
f 1821/1/1255 1833/1/1254 1834/1/1256 1822/1/1257
f 1822/1/1257 1834/1/1256 1835/1/1258 1823/1/1259
f 1823/1/1259 1835/1/1258 1836/1/1260 1824/1/1261
f 1824/1/1261 1836/1/1260 1837/1/1262 1825/1/1263
f 1825/1/1263 1837/1/1262 1838/1/1264 1826/1/1265
f 1826/1/1265 1838/1/1264 1839/1/1266 1827/1/1267
f 1827/1/1267 1839/1/1266 1840/1/1268 1828/1/1269
f 1828/1/1269 1840/1/1268 1829/1/1247 1817/1/1246
f 1794/1/1223 1793/1/1222 1817/1/1246 1818/1/1249
f 1795/1/1226 1794/1/1223 1818/1/1249 1819/1/1251
f 1796/1/1228 1795/1/1226 1819/1/1251 1820/1/1253
f 1797/1/1230 1796/1/1228 1820/1/1253 1821/1/1255
f 1798/1/1232 1797/1/1230 1821/1/1255 1822/1/1257
f 1799/1/1234 1798/1/1232 1822/1/1257 1823/1/1259
f 1800/1/1236 1799/1/1234 1823/1/1259 1824/1/1261
f 1801/1/1238 1800/1/1236 1824/1/1261 1825/1/1263
f 1802/1/1240 1801/1/1238 1825/1/1263 1826/1/1265
f 1803/1/1242 1802/1/1240 1826/1/1265 1827/1/1267
f 1804/1/1244 1803/1/1242 1827/1/1267 1828/1/1269
f 1808/1/1229 1809/1/1231 1833/1/1254 1832/1/1252
f 1813/1/1239 1814/1/1241 1838/1/1264 1837/1/1262
f 1814/1/1241 1815/1/1243 1839/1/1266 1838/1/1264
f 1805/1/1225 1806/1/1224 1830/1/1248 1829/1/1247
f 1815/1/1243 1816/1/1245 1840/1/1268 1839/1/1266
f 1806/1/1224 1807/1/1227 1831/1/1250 1830/1/1248
f 1793/1/1222 1804/1/1244 1828/1/1269 1817/1/1246
f 1807/1/1227 1808/1/1229 1832/1/1252 1831/1/1250
f 1816/1/1245 1805/1/1225 1829/1/1247 1840/1/1268
f 1809/1/1231 1810/1/1233 1834/1/1256 1833/1/1254
f 1810/1/1233 1811/1/1235 1835/1/1258 1834/1/1256
f 1811/1/1235 1812/1/1237 1836/1/1260 1835/1/1258
f 1812/1/1237 1813/1/1239 1837/1/1262 1836/1/1260
f 1841/1/1270 1842/1/1271 1854/1/1272 1853/1/1273
f 1842/1/1271 1843/1/1274 1855/1/1275 1854/1/1272
f 1843/1/1274 1844/1/1276 1856/1/1277 1855/1/1275
f 1844/1/1276 1845/1/1278 1857/1/1279 1856/1/1277
f 1845/1/1278 1846/1/1280 1858/1/1281 1857/1/1279
f 1846/1/1280 1847/1/1282 1859/1/1283 1858/1/1281
f 1847/1/1282 1848/1/1284 1860/1/1285 1859/1/1283
f 1848/1/1284 1849/1/1286 1861/1/1287 1860/1/1285
f 1849/1/1286 1850/1/1288 1862/1/1289 1861/1/1287
f 1850/1/1288 1851/1/1290 1863/1/1291 1862/1/1289
f 1851/1/1290 1852/1/1292 1864/1/1293 1863/1/1291
f 1852/1/1292 1841/1/1270 1853/1/1273 1864/1/1293
f 1865/1/1294 1877/1/1295 1878/1/1296 1866/1/1297
f 1866/1/1297 1878/1/1296 1879/1/1298 1867/1/1299
f 1867/1/1299 1879/1/1298 1880/1/1300 1868/1/1301
f 1868/1/1301 1880/1/1300 1881/1/1302 1869/1/1303
f 1869/1/1303 1881/1/1302 1882/1/1304 1870/1/1305
f 1870/1/1305 1882/1/1304 1883/1/1306 1871/1/1307
f 1871/1/1307 1883/1/1306 1884/1/1308 1872/1/1309
f 1872/1/1309 1884/1/1308 1885/1/1310 1873/1/1311
f 1873/1/1311 1885/1/1310 1886/1/1312 1874/1/1313
f 1874/1/1313 1886/1/1312 1887/1/1314 1875/1/1315
f 1875/1/1315 1887/1/1314 1888/1/1316 1876/1/1317
f 1876/1/1317 1888/1/1316 1877/1/1295 1865/1/1294
f 1842/1/1271 1841/1/1270 1865/1/1294 1866/1/1297
f 1843/1/1274 1842/1/1271 1866/1/1297 1867/1/1299
f 1844/1/1276 1843/1/1274 1867/1/1299 1868/1/1301
f 1845/1/1278 1844/1/1276 1868/1/1301 1869/1/1303
f 1846/1/1280 1845/1/1278 1869/1/1303 1870/1/1305
f 1847/1/1282 1846/1/1280 1870/1/1305 1871/1/1307
f 1848/1/1284 1847/1/1282 1871/1/1307 1872/1/1309
f 1849/1/1286 1848/1/1284 1872/1/1309 1873/1/1311
f 1850/1/1288 1849/1/1286 1873/1/1311 1874/1/1313
f 1851/1/1290 1850/1/1288 1874/1/1313 1875/1/1315
f 1852/1/1292 1851/1/1290 1875/1/1315 1876/1/1317
f 1856/1/1277 1857/1/1279 1881/1/1302 1880/1/1300
f 1861/1/1287 1862/1/1289 1886/1/1312 1885/1/1310
f 1862/1/1289 1863/1/1291 1887/1/1314 1886/1/1312
f 1853/1/1273 1854/1/1272 1878/1/1296 1877/1/1295
f 1863/1/1291 1864/1/1293 1888/1/1316 1887/1/1314
f 1854/1/1272 1855/1/1275 1879/1/1298 1878/1/1296
f 1841/1/1270 1852/1/1292 1876/1/1317 1865/1/1294
f 1855/1/1275 1856/1/1277 1880/1/1300 1879/1/1298
f 1864/1/1293 1853/1/1273 1877/1/1295 1888/1/1316
f 1857/1/1279 1858/1/1281 1882/1/1304 1881/1/1302
f 1858/1/1281 1859/1/1283 1883/1/1306 1882/1/1304
f 1859/1/1283 1860/1/1285 1884/1/1308 1883/1/1306
f 1860/1/1285 1861/1/1287 1885/1/1310 1884/1/1308
f 1889/1/1222 1890/1/1223 1902/1/1224 1901/1/1225
f 1890/1/1223 1891/1/1226 1903/1/1227 1902/1/1224
f 1891/1/1226 1892/1/1228 1904/1/1229 1903/1/1227
f 1892/1/1228 1893/1/1230 1905/1/1231 1904/1/1229
f 1893/1/1230 1894/1/1232 1906/1/1233 1905/1/1231
f 1894/1/1232 1895/1/1234 1907/1/1235 1906/1/1233
f 1895/1/1234 1896/1/1236 1908/1/1237 1907/1/1235
f 1896/1/1236 1897/1/1238 1909/1/1239 1908/1/1237
f 1897/1/1238 1898/1/1240 1910/1/1241 1909/1/1239
f 1898/1/1240 1899/1/1242 1911/1/1243 1910/1/1241
f 1899/1/1242 1900/1/1244 1912/1/1245 1911/1/1243
f 1900/1/1244 1889/1/1222 1901/1/1225 1912/1/1245
f 1913/1/1246 1925/1/1247 1926/1/1248 1914/1/1249
f 1914/1/1249 1926/1/1248 1927/1/1250 1915/1/1251
f 1915/1/1251 1927/1/1250 1928/1/1252 1916/1/1253
f 1916/1/1253 1928/1/1252 1929/1/1254 1917/1/1255
f 1917/1/1255 1929/1/1254 1930/1/1256 1918/1/1257
f 1918/1/1257 1930/1/1256 1931/1/1258 1919/1/1259
f 1919/1/1259 1931/1/1258 1932/1/1260 1920/1/1261
f 1920/1/1261 1932/1/1260 1933/1/1262 1921/1/1263
f 1921/1/1263 1933/1/1262 1934/1/1264 1922/1/1265
f 1922/1/1265 1934/1/1264 1935/1/1266 1923/1/1267
f 1923/1/1267 1935/1/1266 1936/1/1268 1924/1/1269
f 1924/1/1269 1936/1/1268 1925/1/1247 1913/1/1246
f 1890/1/1223 1889/1/1222 1913/1/1246 1914/1/1249
f 1891/1/1226 1890/1/1223 1914/1/1249 1915/1/1251
f 1892/1/1228 1891/1/1226 1915/1/1251 1916/1/1253
f 1893/1/1230 1892/1/1228 1916/1/1253 1917/1/1255
f 1894/1/1232 1893/1/1230 1917/1/1255 1918/1/1257
f 1895/1/1234 1894/1/1232 1918/1/1257 1919/1/1259
f 1896/1/1236 1895/1/1234 1919/1/1259 1920/1/1261
f 1897/1/1238 1896/1/1236 1920/1/1261 1921/1/1263
f 1898/1/1240 1897/1/1238 1921/1/1263 1922/1/1265
f 1899/1/1242 1898/1/1240 1922/1/1265 1923/1/1267
f 1900/1/1244 1899/1/1242 1923/1/1267 1924/1/1269
f 1904/1/1229 1905/1/1231 1929/1/1254 1928/1/1252
f 1909/1/1239 1910/1/1241 1934/1/1264 1933/1/1262
f 1910/1/1241 1911/1/1243 1935/1/1266 1934/1/1264
f 1901/1/1225 1902/1/1224 1926/1/1248 1925/1/1247
f 1911/1/1243 1912/1/1245 1936/1/1268 1935/1/1266
f 1902/1/1224 1903/1/1227 1927/1/1250 1926/1/1248
f 1889/1/1222 1900/1/1244 1924/1/1269 1913/1/1246
f 1903/1/1227 1904/1/1229 1928/1/1252 1927/1/1250
f 1912/1/1245 1901/1/1225 1925/1/1247 1936/1/1268
f 1905/1/1231 1906/1/1233 1930/1/1256 1929/1/1254
f 1906/1/1233 1907/1/1235 1931/1/1258 1930/1/1256
f 1907/1/1235 1908/1/1237 1932/1/1260 1931/1/1258
f 1908/1/1237 1909/1/1239 1933/1/1262 1932/1/1260
f 1937/1/1270 1938/1/1271 1950/1/1272 1949/1/1273
f 1938/1/1271 1939/1/1274 1951/1/1275 1950/1/1272
f 1939/1/1274 1940/1/1276 1952/1/1277 1951/1/1275
f 1940/1/1276 1941/1/1278 1953/1/1279 1952/1/1277
f 1941/1/1278 1942/1/1280 1954/1/1281 1953/1/1279
f 1942/1/1280 1943/1/1282 1955/1/1283 1954/1/1281
f 1943/1/1282 1944/1/1284 1956/1/1285 1955/1/1283
f 1944/1/1284 1945/1/1286 1957/1/1287 1956/1/1285
f 1945/1/1286 1946/1/1288 1958/1/1289 1957/1/1287
f 1946/1/1288 1947/1/1290 1959/1/1291 1958/1/1289
f 1947/1/1290 1948/1/1292 1960/1/1293 1959/1/1291
f 1948/1/1292 1937/1/1270 1949/1/1273 1960/1/1293
f 1961/1/1294 1973/1/1295 1974/1/1296 1962/1/1297
f 1962/1/1297 1974/1/1296 1975/1/1298 1963/1/1299
f 1963/1/1299 1975/1/1298 1976/1/1300 1964/1/1301
f 1964/1/1301 1976/1/1300 1977/1/1302 1965/1/1303
f 1965/1/1303 1977/1/1302 1978/1/1304 1966/1/1305
f 1966/1/1305 1978/1/1304 1979/1/1306 1967/1/1307
f 1967/1/1307 1979/1/1306 1980/1/1308 1968/1/1309
f 1968/1/1309 1980/1/1308 1981/1/1310 1969/1/1311
f 1969/1/1311 1981/1/1310 1982/1/1312 1970/1/1313
f 1970/1/1313 1982/1/1312 1983/1/1314 1971/1/1315
f 1971/1/1315 1983/1/1314 1984/1/1316 1972/1/1317
f 1972/1/1317 1984/1/1316 1973/1/1295 1961/1/1294
f 1938/1/1271 1937/1/1270 1961/1/1294 1962/1/1297
f 1939/1/1274 1938/1/1271 1962/1/1297 1963/1/1299
f 1940/1/1276 1939/1/1274 1963/1/1299 1964/1/1301
f 1941/1/1278 1940/1/1276 1964/1/1301 1965/1/1303
f 1942/1/1280 1941/1/1278 1965/1/1303 1966/1/1305
f 1943/1/1282 1942/1/1280 1966/1/1305 1967/1/1307
f 1944/1/1284 1943/1/1282 1967/1/1307 1968/1/1309
f 1945/1/1286 1944/1/1284 1968/1/1309 1969/1/1311
f 1946/1/1288 1945/1/1286 1969/1/1311 1970/1/1313
f 1947/1/1290 1946/1/1288 1970/1/1313 1971/1/1315
f 1948/1/1292 1947/1/1290 1971/1/1315 1972/1/1317
f 1952/1/1277 1953/1/1279 1977/1/1302 1976/1/1300
f 1957/1/1287 1958/1/1289 1982/1/1312 1981/1/1310
f 1958/1/1289 1959/1/1291 1983/1/1314 1982/1/1312
f 1949/1/1273 1950/1/1272 1974/1/1296 1973/1/1295
f 1959/1/1291 1960/1/1293 1984/1/1316 1983/1/1314
f 1950/1/1272 1951/1/1275 1975/1/1298 1974/1/1296
f 1937/1/1270 1948/1/1292 1972/1/1317 1961/1/1294
f 1951/1/1275 1952/1/1277 1976/1/1300 1975/1/1298
f 1960/1/1293 1949/1/1273 1973/1/1295 1984/1/1316
f 1953/1/1279 1954/1/1281 1978/1/1304 1977/1/1302
f 1954/1/1281 1955/1/1283 1979/1/1306 1978/1/1304
f 1955/1/1283 1956/1/1285 1980/1/1308 1979/1/1306
f 1956/1/1285 1957/1/1287 1981/1/1310 1980/1/1308
usemtl Glove
f 2387/2/1466 2388/3/1467 2390/93/1468 2389/543/1469
f 2389/543/1469 2390/93/1468 2392/544/1470 2391/112/1471
f 2391/112/1471 2392/544/1470 2394/545/1472 2393/546/1473
f 2393/546/1473 2394/545/1472 2396/547/1474 2395/99/1475
f 2395/99/1475 2396/547/1474 2398/548/1476 2397/549/1477
f 2397/549/1477 2398/548/1476 2400/550/1478 2399/551/1479
f 2399/551/1479 2400/550/1478 2402/552/1480 2401/553/1481
f 2401/553/1481 2402/552/1480 2404/554/1482 2403/555/1483
f 2403/555/1483 2404/554/1482 2406/556/1484 2405/557/1485
f 2405/557/1485 2406/556/1484 2408/558/1486 2407/559/1487
f 2390/560/1468 2388/21/1467 2410/561/1488 2408/562/1486 2406/563/1484 2404/564/1482 2402/565/1480 2400/26/1478 2398/566/1476 2396/56/1474 2394/567/1472 2392/52/1470
f 2407/559/1487 2408/558/1486 2410/568/1488 2409/569/1489
f 2409/569/1489 2410/568/1488 2388/570/1467 2387/571/1466
f 2387/34/1466 2389/572/1469 2391/61/1471 2393/573/1473 2395/62/1475 2397/574/1477 2399/39/1479 2401/575/1481 2403/64/1483 2405/576/1485 2407/65/1487 2409/577/1489
f 2492/127/1490 2463/134/302 2413/128/1491
f 2455/135/304 2412/223/1492 2419/578/1493
f 2496/424/1494 2495/579/1495 2417/133/1496 2418/66/1497
f 2494/367/298 2411/230/1498 2415/125/1499 2416/67/1500
f 2493/423/1501 2492/127/1490 2413/128/1491 2414/70/1502
f 2412/223/1492 2496/424/1494 2418/66/1497 2419/578/1493
f 2495/579/1495 2494/367/298 2416/67/1500 2417/133/1496
f 2411/230/1498 2493/423/1501 2414/70/1502 2415/125/1499
f 2416/67/1500 2415/125/1499 2422/141/1503 2423/138/1504
f 2414/70/1502 2413/128/1491 2420/143/1505 2421/140/1506
f 2419/578/1493 2418/66/1497 2425/136/1507 2426/580/1508
f 2417/133/1496 2416/67/1500 2423/138/1504 2424/139/1509
f 2415/125/1499 2414/70/1502 2421/140/1506 2422/141/1503
f 2413/128/1491 2463/142/302 2420/143/1505
f 2455/144/304 2419/578/1493 2426/580/1508
f 2418/66/1497 2417/133/1496 2424/139/1509 2425/136/1507
f 2426/580/1508 2425/136/1507 2432/69/1510 2433/581/1511
f 2424/139/1509 2423/138/1504 2430/68/366 2431/149/1512
f 2422/141/1503 2421/140/1506 2428/72/1513 2429/150/1514
f 2420/143/1505 2463/145/302 2427/146/1515
f 2455/147/304 2426/580/1508 2433/581/1511
f 2425/136/1507 2424/139/1509 2431/149/1512 2432/69/1510
f 2423/138/1504 2422/141/1503 2429/150/1514 2430/68/366
f 2421/140/1506 2420/143/1505 2427/146/1515 2428/72/1513
f 2429/150/1514 2428/72/1513 2435/156/1516 2436/153/1517
f 2427/146/1515 2463/425/302 2434/155/1518
f 2455/426/304 2433/581/1511 2440/582/1519
f 2432/69/1510 2431/149/1512 2438/151/1520 2439/152/1521
f 2430/68/366 2429/150/1514 2436/153/1517 2437/154/1522
f 2428/72/1513 2427/146/1515 2434/155/1518 2435/156/1516
f 2433/581/1511 2432/69/1510 2439/152/1521 2440/582/1519
f 2431/149/1512 2430/68/366 2437/154/1522 2438/151/1520
f 2455/168/304 2440/582/1519 2447/583/1523
f 2439/152/1521 2438/151/1520 2445/163/1524 2446/160/1525
f 2437/154/1522 2436/153/1517 2443/584/1526 2444/162/1527
f 2435/156/1516 2434/155/1518 2441/167/1528 2442/164/1529
f 2440/582/1519 2439/152/1521 2446/160/1525 2447/583/1523
f 2438/151/1520 2437/154/1522 2444/162/1527 2445/163/1524
f 2436/153/1517 2435/156/1516 2442/164/1529 2443/584/1526
f 2434/155/1518 2463/166/302 2441/167/1528
f 2442/164/1529 2441/167/1528 2448/174/1530 2449/171/1531
f 2447/583/1523 2446/160/1525 2453/177/1532 2454/585/1533
f 2445/163/1524 2444/162/1527 2451/169/308 2452/170/1534
f 2443/584/1526 2442/164/1529 2449/171/1531 2450/586/1535
f 2441/167/1528 2463/173/302 2448/174/1530
f 2455/175/304 2447/583/1523 2454/585/1533
f 2446/160/1525 2445/163/1524 2452/170/1534 2453/177/1532
f 2444/162/1527 2443/584/1526 2450/586/1535 2451/169/308
f 2454/585/1533 2453/177/1532 2461/80/1536 2462/587/1537
f 2452/170/1534 2451/169/308 2459/79/1538 2460/180/1539
f 2450/586/1535 2449/171/1531 2457/82/1540 2458/588/1541
f 2448/174/1530 2463/183/302 2456/182/1542
f 2455/178/304 2454/585/1533 2462/587/1537
f 2453/177/1532 2452/170/1534 2460/180/1539 2461/80/1536
f 2451/169/308 2450/586/1535 2458/588/1541 2459/79/1538
f 2449/171/1531 2448/174/1530 2456/182/1542 2457/82/1540
f 2456/182/1542 2463/191/302 2464/186/1543
f 2455/192/304 2462/587/1537 2470/589/1544
f 2461/80/1536 2460/180/1539 2468/190/1545 2469/428/1546
f 2459/79/1538 2458/588/1541 2466/590/1547 2467/591/1548
f 2457/82/1540 2456/182/1542 2464/186/1543 2465/427/1549
f 2462/587/1537 2461/80/1536 2469/428/1546 2470/589/1544
f 2460/180/1539 2459/79/1538 2467/591/1548 2468/190/1545
f 2458/588/1541 2457/82/1540 2465/427/1549 2466/590/1547
f 2469/428/1546 2468/190/1545 2475/194/1550 2476/85/1551
f 2467/591/1548 2466/590/1547 2473/592/1552 2474/84/404
f 2465/427/1549 2464/186/1543 2471/197/1553 2472/87/1554
f 2470/589/1544 2469/428/1546 2476/85/1551 2477/328/1555
f 2468/190/1545 2467/591/1548 2474/84/404 2475/194/1550
f 2466/590/1547 2465/427/1549 2472/87/1554 2473/592/1552
f 2464/186/1543 2463/196/302 2471/197/1553
f 2455/198/304 2470/589/1544 2477/328/1555
f 2477/338/1555 2476/113/1551 2483/210/1556 2484/593/1557
f 2475/208/1550 2474/2/404 2481/211/1558 2482/209/1559
f 2473/594/1552 2472/110/1554 2479/431/1560 2480/595/1561
f 2471/202/1553 2463/203/302 2478/204/1562
f 2455/205/304 2477/338/1555 2484/593/1557
f 2476/113/1551 2475/208/1550 2482/209/1559 2483/210/1556
f 2474/2/404 2473/594/1552 2480/595/1561 2481/211/1558
f 2472/110/1554 2471/202/1553 2478/204/1562 2479/431/1560
f 2482/209/1559 2481/211/1558 2488/112/1563 2489/214/1564
f 2480/595/1561 2479/431/1560 2486/111/1565 2487/596/1566
f 2478/204/1562 2463/220/302 2485/218/1567
f 2455/212/304 2484/593/1557 2491/597/1568
f 2483/210/1556 2482/209/1559 2489/214/1564 2490/114/1569
f 2481/211/1558 2480/595/1561 2487/596/1566 2488/112/1563
f 2479/431/1560 2478/204/1562 2485/218/1567 2486/111/1565
f 2484/593/1557 2483/210/1556 2490/114/1569 2491/597/1568
f 2455/222/304 2491/597/1568 2412/223/1492
f 2490/114/1569 2489/214/1564 2495/579/1495 2496/424/1494
f 2488/112/1563 2487/596/1566 2411/230/1498 2494/367/298
f 2486/111/1565 2485/218/1567 2492/127/1490 2493/423/1501
f 2491/597/1568 2490/114/1569 2496/424/1494 2412/223/1492
f 2489/214/1564 2488/112/1563 2494/367/298 2495/579/1495
f 2487/596/1566 2486/111/1565 2493/423/1501 2411/230/1498
f 2485/218/1567 2463/221/302 2492/127/1490
f 2497/2/1570 2498/3/1571 2500/44/1572 2499/45/1573
f 2499/45/1573 2500/44/1572 2502/46/1574 2501/47/1575
f 2501/47/1575 2502/46/1574 2504/48/1576 2503/49/1577
f 2503/49/1577 2504/48/1576 2506/50/1578 2505/51/1579
f 2500/52/1572 2498/21/1571 2508/562/1580 2506/564/1578 2504/55/1576 2502/56/1574
f 2505/51/1579 2506/50/1578 2508/57/1580 2507/58/1581
f 2507/58/1581 2508/57/1580 2498/59/1571 2497/60/1570
f 2497/34/1570 2499/61/1573 2501/62/1575 2503/63/1577 2505/64/1579 2507/65/1581
f 2509/598/1582 2529/71/302 2514/378/1583
f 2540/73/304 2513/599/1584 2518/375/1585
f 2512/600/1586 2511/99/298 2516/68/299 2517/374/1587
f 2510/601/1588 2509/598/1582 2514/378/1583 2515/446/1589
f 2513/599/1584 2512/600/1586 2517/374/1587 2518/375/1585
f 2511/99/298 2510/601/1588 2515/446/1589 2516/68/299
f 2540/602/304 2518/375/1585 2523/603/1590
f 2517/374/1587 2516/68/299 2521/101/307 2522/604/1591
f 2515/446/1589 2514/378/1583 2519/605/1592 2520/606/1593
f 2518/375/1585 2517/374/1587 2522/604/1591 2523/603/1590
f 2516/68/299 2515/446/1589 2520/606/1593 2521/101/307
f 2514/378/1583 2529/607/302 2519/605/1592
f 2522/604/1591 2521/101/307 2526/102/308 2527/608/1594
f 2520/606/1593 2519/605/1592 2524/609/1595 2525/610/1596
f 2523/603/1590 2522/604/1591 2527/608/1594 2528/611/1597
f 2521/101/307 2520/606/1593 2525/610/1596 2526/102/308
f 2519/605/1592 2529/104/302 2524/609/1595
f 2540/106/304 2523/603/1590 2528/611/1597
f 2525/610/1596 2524/609/1595 2530/612/1598 2531/475/1599
f 2528/611/1597 2527/608/1594 2533/405/1600 2534/613/1601
f 2526/102/308 2525/610/1596 2531/475/1599 2532/107/311
f 2524/609/1595 2529/108/302 2530/612/1598
f 2540/109/304 2528/611/1597 2534/613/1601
f 2527/608/1594 2526/102/308 2532/107/311 2533/405/1600
f 2534/410/1601 2533/412/1600 2538/614/1602 2539/615/1603
f 2532/2/311 2531/616/1599 2536/617/1604 2537/112/314
f 2530/406/1598 2529/115/302 2535/618/1605
f 2540/116/304 2534/410/1601 2539/615/1603
f 2533/412/1600 2532/2/311 2537/112/314 2538/614/1602
f 2531/616/1599 2530/406/1598 2535/618/1605 2536/617/1604
f 2539/615/1603 2538/614/1602 2512/600/1586 2513/599/1584
f 2537/112/314 2536/617/1604 2510/601/1588 2511/99/298
f 2535/618/1605 2529/118/302 2509/598/1582
f 2540/117/304 2539/615/1603 2513/599/1584
f 2538/614/1602 2537/112/314 2511/99/298 2512/600/1586
f 2536/617/1604 2535/618/1605 2509/598/1582 2510/601/1588
f 2543/99/298 2542/601/1588 2547/446/1589 2548/68/299
f 2541/598/1582 2561/71/302 2546/378/1583
f 2572/73/304 2545/599/1584 2550/375/1585
f 2544/600/1586 2543/99/298 2548/68/299 2549/374/1587
f 2542/601/1588 2541/598/1582 2546/378/1583 2547/446/1589
f 2545/599/1584 2544/600/1586 2549/374/1587 2550/375/1585
f 2572/602/304 2550/375/1585 2555/603/1590
f 2549/374/1587 2548/68/299 2553/101/307 2554/604/1591
f 2547/446/1589 2546/378/1583 2551/605/1592 2552/606/1593
f 2550/375/1585 2549/374/1587 2554/604/1591 2555/603/1590
f 2548/68/299 2547/446/1589 2552/606/1593 2553/101/307
f 2546/378/1583 2561/607/302 2551/605/1592
f 2572/106/304 2555/603/1590 2560/611/1597
f 2554/604/1591 2553/101/307 2558/102/308 2559/608/1594
f 2552/606/1593 2551/605/1592 2556/609/1595 2557/610/1596
f 2555/603/1590 2554/604/1591 2559/608/1594 2560/611/1597
f 2553/101/307 2552/606/1593 2557/610/1596 2558/102/308
f 2551/605/1592 2561/104/302 2556/609/1595
f 2559/608/1594 2558/102/308 2564/107/311 2565/405/1600
f 2557/610/1596 2556/609/1595 2562/612/1598 2563/475/1599
f 2560/611/1597 2559/608/1594 2565/405/1600 2566/613/1601
f 2558/102/308 2557/610/1596 2563/475/1599 2564/107/311
f 2556/609/1595 2561/108/302 2562/612/1598
f 2572/109/304 2560/611/1597 2566/613/1601
f 2563/616/1599 2562/406/1598 2567/618/1605 2568/617/1604
f 2566/410/1601 2565/412/1600 2570/614/1602 2571/615/1603
f 2564/2/311 2563/616/1599 2568/617/1604 2569/112/314
f 2562/406/1598 2561/115/302 2567/618/1605
f 2572/116/304 2566/410/1601 2571/615/1603
f 2565/412/1600 2564/2/311 2569/112/314 2570/614/1602
f 2571/615/1603 2570/614/1602 2544/600/1586 2545/599/1584
f 2569/112/314 2568/617/1604 2542/601/1588 2543/99/298
f 2567/618/1605 2561/118/302 2541/598/1582
f 2572/117/304 2571/615/1603 2545/599/1584
f 2570/614/1602 2569/112/314 2543/99/298 2544/600/1586
f 2568/617/1604 2567/618/1605 2541/598/1582 2542/601/1588
f 2573/2/1570 2574/3/1571 2576/44/1572 2575/45/1573
f 2575/45/1573 2576/44/1572 2578/46/1574 2577/47/1575
f 2577/47/1575 2578/46/1574 2580/48/1576 2579/49/1577
f 2579/49/1577 2580/48/1576 2582/50/1578 2581/51/1579
f 2576/52/1572 2574/21/1571 2584/562/1580 2582/564/1578 2580/55/1576 2578/56/1574
f 2581/51/1579 2582/50/1578 2584/57/1580 2583/58/1581
f 2583/58/1581 2584/57/1580 2574/59/1571 2573/60/1570
f 2573/34/1570 2575/61/1573 2577/62/1575 2579/63/1577 2581/64/1579 2583/65/1581
f 2585/598/1582 2605/71/302 2590/378/1583
f 2616/73/304 2589/599/1584 2594/375/1585
f 2588/600/1586 2587/99/298 2592/68/299 2593/374/1587
f 2586/601/1588 2585/598/1582 2590/378/1583 2591/446/1589
f 2589/599/1584 2588/600/1586 2593/374/1587 2594/375/1585
f 2587/99/298 2586/601/1588 2591/446/1589 2592/68/299
f 2616/602/304 2594/375/1585 2599/603/1590
f 2593/374/1587 2592/68/299 2597/101/307 2598/604/1591
f 2591/446/1589 2590/378/1583 2595/605/1592 2596/606/1593
f 2594/375/1585 2593/374/1587 2598/604/1591 2599/603/1590
f 2592/68/299 2591/446/1589 2596/606/1593 2597/101/307
f 2590/378/1583 2605/607/302 2595/605/1592
f 2598/604/1591 2597/101/307 2602/102/308 2603/608/1594
f 2596/606/1593 2595/605/1592 2600/609/1595 2601/610/1596
f 2599/603/1590 2598/604/1591 2603/608/1594 2604/611/1597
f 2597/101/307 2596/606/1593 2601/610/1596 2602/102/308
f 2595/605/1592 2605/104/302 2600/609/1595
f 2616/106/304 2599/603/1590 2604/611/1597
f 2601/610/1596 2600/609/1595 2606/612/1598 2607/475/1599
f 2604/611/1597 2603/608/1594 2609/405/1600 2610/613/1601
f 2602/102/308 2601/610/1596 2607/475/1599 2608/107/311
f 2600/609/1595 2605/108/302 2606/612/1598
f 2616/109/304 2604/611/1597 2610/613/1601
f 2603/608/1594 2602/102/308 2608/107/311 2609/405/1600
f 2610/410/1601 2609/412/1600 2614/614/1602 2615/615/1603
f 2608/2/311 2607/616/1599 2612/617/1604 2613/112/314
f 2606/406/1598 2605/115/302 2611/618/1605
f 2616/116/304 2610/410/1601 2615/615/1603
f 2609/412/1600 2608/2/311 2613/112/314 2614/614/1602
f 2607/616/1599 2606/406/1598 2611/618/1605 2612/617/1604
f 2615/615/1603 2614/614/1602 2588/600/1586 2589/599/1584
f 2613/112/314 2612/617/1604 2586/601/1588 2587/99/298
f 2611/618/1605 2605/118/302 2585/598/1582
f 2616/117/304 2615/615/1603 2589/599/1584
f 2614/614/1602 2613/112/314 2587/99/298 2588/600/1586
f 2612/617/1604 2611/618/1605 2585/598/1582 2586/601/1588
f 2648/73/304 2621/599/1584 2626/375/1585
f 2620/600/1586 2619/99/298 2624/68/299 2625/374/1587
f 2618/601/1588 2617/598/1582 2622/378/1583 2623/446/1589
f 2621/599/1584 2620/600/1586 2625/374/1587 2626/375/1585
f 2619/99/298 2618/601/1588 2623/446/1589 2624/68/299
f 2617/598/1582 2637/71/302 2622/378/1583
f 2623/446/1589 2622/378/1583 2627/605/1592 2628/606/1593
f 2626/375/1585 2625/374/1587 2630/604/1591 2631/603/1590
f 2624/68/299 2623/446/1589 2628/606/1593 2629/101/307
f 2622/378/1583 2637/607/302 2627/605/1592
f 2648/602/304 2626/375/1585 2631/603/1590
f 2625/374/1587 2624/68/299 2629/101/307 2630/604/1591
f 2631/603/1590 2630/604/1591 2635/608/1594 2636/611/1597
f 2629/101/307 2628/606/1593 2633/610/1596 2634/102/308
f 2627/605/1592 2637/104/302 2632/609/1595
f 2648/106/304 2631/603/1590 2636/611/1597
f 2630/604/1591 2629/101/307 2634/102/308 2635/608/1594
f 2628/606/1593 2627/605/1592 2632/609/1595 2633/610/1596
f 2636/611/1597 2635/608/1594 2641/405/1600 2642/613/1601
f 2634/102/308 2633/610/1596 2639/475/1599 2640/107/311
f 2632/609/1595 2637/108/302 2638/612/1598
f 2648/109/304 2636/611/1597 2642/613/1601
f 2635/608/1594 2634/102/308 2640/107/311 2641/405/1600
f 2633/610/1596 2632/609/1595 2638/612/1598 2639/475/1599
f 2642/410/1601 2641/412/1600 2646/614/1602 2647/615/1603
f 2640/2/311 2639/616/1599 2644/617/1604 2645/112/314
f 2638/406/1598 2637/115/302 2643/618/1605
f 2648/116/304 2642/410/1601 2647/615/1603
f 2641/412/1600 2640/2/311 2645/112/314 2646/614/1602
f 2639/616/1599 2638/406/1598 2643/618/1605 2644/617/1604
f 2647/615/1603 2646/614/1602 2620/600/1586 2621/599/1584
f 2645/112/314 2644/617/1604 2618/601/1588 2619/99/298
f 2643/618/1605 2637/118/302 2617/598/1582
f 2648/117/304 2647/615/1603 2621/599/1584
f 2646/614/1602 2645/112/314 2619/99/298 2620/600/1586
f 2644/617/1604 2643/618/1605 2617/598/1582 2618/601/1588
f 2649/2/1570 2650/3/1571 2652/44/1572 2651/45/1573
f 2651/45/1573 2652/44/1572 2654/46/1574 2653/47/1575
f 2653/47/1575 2654/46/1574 2656/48/1576 2655/49/1577
f 2655/49/1577 2656/48/1576 2658/50/1578 2657/51/1579
f 2652/52/1572 2650/21/1571 2660/562/1580 2658/564/1578 2656/55/1576 2654/56/1574
f 2657/51/1579 2658/50/1578 2660/57/1580 2659/58/1581
f 2659/58/1581 2660/57/1580 2650/59/1571 2649/60/1570
f 2649/34/1570 2651/61/1573 2653/62/1575 2655/63/1577 2657/64/1579 2659/65/1581
f 2692/73/304 2665/599/1584 2670/375/1585
f 2664/600/1586 2663/99/298 2668/68/299 2669/374/1587
f 2662/601/1588 2661/598/1582 2666/378/1583 2667/446/1589
f 2665/599/1584 2664/600/1586 2669/374/1587 2670/375/1585
f 2663/99/298 2662/601/1588 2667/446/1589 2668/68/299
f 2661/598/1582 2681/71/302 2666/378/1583
f 2669/374/1587 2668/68/299 2673/101/307 2674/604/1591
f 2667/446/1589 2666/378/1583 2671/605/1592 2672/606/1593
f 2670/375/1585 2669/374/1587 2674/604/1591 2675/603/1590
f 2668/68/299 2667/446/1589 2672/606/1593 2673/101/307
f 2666/378/1583 2681/607/302 2671/605/1592
f 2692/602/304 2670/375/1585 2675/603/1590
f 2672/606/1593 2671/605/1592 2676/609/1595 2677/610/1596
f 2675/603/1590 2674/604/1591 2679/608/1594 2680/611/1597
f 2673/101/307 2672/606/1593 2677/610/1596 2678/102/308
f 2671/605/1592 2681/104/302 2676/609/1595
f 2692/106/304 2675/603/1590 2680/611/1597
f 2674/604/1591 2673/101/307 2678/102/308 2679/608/1594
f 2680/611/1597 2679/608/1594 2685/405/1600 2686/613/1601
f 2678/102/308 2677/610/1596 2683/475/1599 2684/107/311
f 2676/609/1595 2681/108/302 2682/612/1598
f 2692/109/304 2680/611/1597 2686/613/1601
f 2679/608/1594 2678/102/308 2684/107/311 2685/405/1600
f 2677/610/1596 2676/609/1595 2682/612/1598 2683/475/1599
f 2686/410/1601 2685/412/1600 2690/614/1602 2691/615/1603
f 2684/2/311 2683/616/1599 2688/617/1604 2689/112/314
f 2682/406/1598 2681/115/302 2687/618/1605
f 2692/116/304 2686/410/1601 2691/615/1603
f 2685/412/1600 2684/2/311 2689/112/314 2690/614/1602
f 2683/616/1599 2682/406/1598 2687/618/1605 2688/617/1604
f 2691/615/1603 2690/614/1602 2664/600/1586 2665/599/1584
f 2689/112/314 2688/617/1604 2662/601/1588 2663/99/298
f 2687/618/1605 2681/118/302 2661/598/1582
f 2692/117/304 2691/615/1603 2665/599/1584
f 2690/614/1602 2689/112/314 2663/99/298 2664/600/1586
f 2688/617/1604 2687/618/1605 2661/598/1582 2662/601/1588
f 2724/73/304 2697/599/1584 2702/375/1585
f 2696/600/1586 2695/99/298 2700/68/299 2701/374/1587
f 2694/601/1588 2693/598/1582 2698/378/1583 2699/446/1589
f 2697/599/1584 2696/600/1586 2701/374/1587 2702/375/1585
f 2695/99/298 2694/601/1588 2699/446/1589 2700/68/299
f 2693/598/1582 2713/71/302 2698/378/1583
f 2699/446/1589 2698/378/1583 2703/605/1592 2704/606/1593
f 2702/375/1585 2701/374/1587 2706/604/1591 2707/603/1590
f 2700/68/299 2699/446/1589 2704/606/1593 2705/101/307
f 2698/378/1583 2713/607/302 2703/605/1592
f 2724/602/304 2702/375/1585 2707/603/1590
f 2701/374/1587 2700/68/299 2705/101/307 2706/604/1591
f 2707/603/1590 2706/604/1591 2711/608/1594 2712/611/1597
f 2705/101/307 2704/606/1593 2709/610/1596 2710/102/308
f 2703/605/1592 2713/104/302 2708/609/1595
f 2724/106/304 2707/603/1590 2712/611/1597
f 2706/604/1591 2705/101/307 2710/102/308 2711/608/1594
f 2704/606/1593 2703/605/1592 2708/609/1595 2709/610/1596
f 2712/611/1597 2711/608/1594 2717/405/1600 2718/613/1601
f 2710/102/308 2709/610/1596 2715/475/1599 2716/107/311
f 2708/609/1595 2713/108/302 2714/612/1598
f 2724/109/304 2712/611/1597 2718/613/1601
f 2711/608/1594 2710/102/308 2716/107/311 2717/405/1600
f 2709/610/1596 2708/609/1595 2714/612/1598 2715/475/1599
f 2718/410/1601 2717/412/1600 2722/614/1602 2723/615/1603
f 2716/2/311 2715/616/1599 2720/617/1604 2721/112/314
f 2714/406/1598 2713/115/302 2719/618/1605
f 2724/116/304 2718/410/1601 2723/615/1603
f 2717/412/1600 2716/2/311 2721/112/314 2722/614/1602
f 2715/616/1599 2714/406/1598 2719/618/1605 2720/617/1604
f 2723/615/1603 2722/614/1602 2696/600/1586 2697/599/1584
f 2721/112/314 2720/617/1604 2694/601/1588 2695/99/298
f 2719/618/1605 2713/118/302 2693/598/1582
f 2724/117/304 2723/615/1603 2697/599/1584
f 2722/614/1602 2721/112/314 2695/99/298 2696/600/1586
f 2720/617/1604 2719/618/1605 2693/598/1582 2694/601/1588
f 2725/2/1570 2726/3/1571 2728/44/1572 2727/45/1573
f 2727/45/1573 2728/44/1572 2730/46/1574 2729/47/1575
f 2729/47/1575 2730/46/1574 2732/48/1576 2731/49/1577
f 2731/49/1577 2732/48/1576 2734/50/1578 2733/51/1579
f 2728/52/1572 2726/21/1571 2736/562/1580 2734/564/1578 2732/55/1576 2730/56/1574
f 2733/51/1579 2734/50/1578 2736/57/1580 2735/58/1581
f 2735/58/1581 2736/57/1580 2726/59/1571 2725/60/1570
f 2725/34/1570 2727/61/1573 2729/62/1575 2731/63/1577 2733/64/1579 2735/65/1581
f 2768/73/304 2741/599/1584 2746/375/1585
f 2740/600/1586 2739/99/298 2744/68/299 2745/374/1587
f 2738/601/1588 2737/598/1582 2742/378/1583 2743/446/1589
f 2741/599/1584 2740/600/1586 2745/374/1587 2746/375/1585
f 2739/99/298 2738/601/1588 2743/446/1589 2744/68/299
f 2737/598/1582 2757/71/302 2742/378/1583
f 2746/375/1585 2745/374/1587 2750/604/1591 2751/603/1590
f 2744/68/299 2743/446/1589 2748/606/1593 2749/101/307
f 2742/378/1583 2757/607/302 2747/605/1592
f 2768/602/304 2746/375/1585 2751/603/1590
f 2745/374/1587 2744/68/299 2749/101/307 2750/604/1591
f 2743/446/1589 2742/378/1583 2747/605/1592 2748/606/1593
f 2751/603/1590 2750/604/1591 2755/608/1594 2756/611/1597
f 2749/101/307 2748/606/1593 2753/610/1596 2754/102/308
f 2747/605/1592 2757/104/302 2752/609/1595
f 2768/106/304 2751/603/1590 2756/611/1597
f 2750/604/1591 2749/101/307 2754/102/308 2755/608/1594
f 2748/606/1593 2747/605/1592 2752/609/1595 2753/610/1596
f 2756/611/1597 2755/608/1594 2761/405/1600 2762/613/1601
f 2754/102/308 2753/610/1596 2759/475/1599 2760/107/311
f 2752/609/1595 2757/108/302 2758/612/1598
f 2768/109/304 2756/611/1597 2762/613/1601
f 2755/608/1594 2754/102/308 2760/107/311 2761/405/1600
f 2753/610/1596 2752/609/1595 2758/612/1598 2759/475/1599
f 2762/410/1601 2761/412/1600 2766/614/1602 2767/615/1603
f 2760/2/311 2759/616/1599 2764/617/1604 2765/112/314
f 2758/406/1598 2757/115/302 2763/618/1605
f 2768/116/304 2762/410/1601 2767/615/1603
f 2761/412/1600 2760/2/311 2765/112/314 2766/614/1602
f 2759/616/1599 2758/406/1598 2763/618/1605 2764/617/1604
f 2765/112/314 2764/617/1604 2738/601/1588 2739/99/298
f 2763/618/1605 2757/118/302 2737/598/1582
f 2768/117/304 2767/615/1603 2741/599/1584
f 2766/614/1602 2765/112/314 2739/99/298 2740/600/1586
f 2764/617/1604 2763/618/1605 2737/598/1582 2738/601/1588
f 2767/615/1603 2766/614/1602 2740/600/1586 2741/599/1584
f 2800/73/304 2773/599/1584 2778/375/1585
f 2772/600/1586 2771/99/298 2776/68/299 2777/374/1587
f 2770/601/1588 2769/598/1582 2774/378/1583 2775/446/1589
f 2773/599/1584 2772/600/1586 2777/374/1587 2778/375/1585
f 2771/99/298 2770/601/1588 2775/446/1589 2776/68/299
f 2769/598/1582 2789/71/302 2774/378/1583
f 2778/375/1585 2777/374/1587 2782/604/1591 2783/603/1590
f 2776/68/299 2775/446/1589 2780/606/1593 2781/101/307
f 2774/378/1583 2789/607/302 2779/605/1592
f 2800/602/304 2778/375/1585 2783/603/1590
f 2777/374/1587 2776/68/299 2781/101/307 2782/604/1591
f 2775/446/1589 2774/378/1583 2779/605/1592 2780/606/1593
f 2783/603/1590 2782/604/1591 2787/608/1594 2788/611/1597
f 2781/101/307 2780/606/1593 2785/610/1596 2786/102/308
f 2779/605/1592 2789/104/302 2784/609/1595
f 2800/106/304 2783/603/1590 2788/611/1597
f 2782/604/1591 2781/101/307 2786/102/308 2787/608/1594
f 2780/606/1593 2779/605/1592 2784/609/1595 2785/610/1596
f 2788/611/1597 2787/608/1594 2793/405/1600 2794/613/1601
f 2786/102/308 2785/610/1596 2791/475/1599 2792/107/311
f 2784/609/1595 2789/108/302 2790/612/1598
f 2800/109/304 2788/611/1597 2794/613/1601
f 2787/608/1594 2786/102/308 2792/107/311 2793/405/1600
f 2785/610/1596 2784/609/1595 2790/612/1598 2791/475/1599
f 2794/410/1601 2793/412/1600 2798/614/1602 2799/615/1603
f 2792/2/311 2791/616/1599 2796/617/1604 2797/112/314
f 2790/406/1598 2789/115/302 2795/618/1605
f 2800/116/304 2794/410/1601 2799/615/1603
f 2793/412/1600 2792/2/311 2797/112/314 2798/614/1602
f 2791/616/1599 2790/406/1598 2795/618/1605 2796/617/1604
f 2797/112/314 2796/617/1604 2770/601/1588 2771/99/298
f 2795/618/1605 2789/118/302 2769/598/1582
f 2800/117/304 2799/615/1603 2773/599/1584
f 2798/614/1602 2797/112/314 2771/99/298 2772/600/1586
f 2796/617/1604 2795/618/1605 2769/598/1582 2770/601/1588
f 2799/615/1603 2798/614/1602 2772/600/1586 2773/599/1584
f 2801/2/1606 2802/3/1607 2804/44/1608 2803/45/1609
f 2803/45/1609 2804/44/1608 2806/46/1610 2805/47/1611
f 2805/47/1611 2806/46/1610 2808/48/1612 2807/49/1613
f 2807/49/1613 2808/48/1612 2810/50/1614 2809/51/1615
f 2804/52/1608 2802/21/1607 2812/562/1616 2810/564/1614 2808/55/1612 2806/56/1610
f 2809/51/1615 2810/50/1614 2812/57/1616 2811/58/1617
f 2811/58/1617 2812/57/1616 2802/59/1607 2801/60/1606
f 2801/34/1606 2803/61/1609 2805/62/1611 2807/63/1613 2809/64/1615 2811/65/1617
f 2817/599/1584 2816/600/1586 2821/374/1587 2822/375/1585
f 2815/99/298 2814/601/1588 2819/446/1589 2820/68/299
f 2813/619/1582 2833/71/302 2818/523/1583
f 2844/73/304 2817/599/1584 2822/375/1585
f 2816/600/1586 2815/99/298 2820/68/299 2821/374/1587
f 2814/601/1588 2813/619/1582 2818/523/1583 2819/446/1589
f 2820/68/299 2819/446/1589 2824/606/1593 2825/101/307
f 2818/523/1583 2833/607/302 2823/620/1592
f 2844/602/304 2822/375/1585 2827/603/1590
f 2821/374/1587 2820/68/299 2825/101/307 2826/604/1591
f 2819/446/1589 2818/523/1583 2823/620/1592 2824/606/1593
f 2822/375/1585 2821/374/1587 2826/604/1591 2827/603/1590
f 2823/620/1592 2833/104/302 2828/621/1595
f 2844/106/304 2827/603/1590 2832/622/1597
f 2826/604/1591 2825/101/307 2830/623/308 2831/608/1594
f 2824/606/1593 2823/620/1592 2828/621/1595 2829/610/1596
f 2827/603/1590 2826/604/1591 2831/608/1594 2832/622/1597
f 2825/101/307 2824/606/1593 2829/610/1596 2830/623/308
f 2844/109/304 2832/622/1597 2838/613/1601
f 2831/608/1594 2830/623/308 2836/107/311 2837/405/1600
f 2829/610/1596 2828/621/1595 2834/624/1598 2835/475/1599
f 2832/622/1597 2831/608/1594 2837/405/1600 2838/613/1601
f 2830/623/308 2829/610/1596 2835/475/1599 2836/107/311
f 2828/621/1595 2833/108/302 2834/624/1598
f 2844/116/304 2838/410/1601 2843/615/1603
f 2837/412/1600 2836/2/311 2841/112/314 2842/625/1602
f 2835/616/1599 2834/626/1598 2839/618/1605 2840/617/1604
f 2838/410/1601 2837/412/1600 2842/625/1602 2843/615/1603
f 2836/2/311 2835/616/1599 2840/617/1604 2841/112/314
f 2834/626/1598 2833/115/302 2839/618/1605
f 2844/627/304 2843/615/1603 2817/599/1584
f 2842/625/1602 2841/112/314 2815/99/298 2816/600/1586
f 2840/617/1604 2839/618/1605 2813/619/1582 2814/601/1588
f 2843/615/1603 2842/625/1602 2816/600/1586 2817/599/1584
f 2841/112/314 2840/617/1604 2814/601/1588 2815/99/298
f 2839/618/1605 2833/628/302 2813/619/1582
f 2849/599/1584 2848/600/1586 2853/374/1587 2854/375/1585
f 2847/99/298 2846/601/1588 2851/446/1589 2852/68/299
f 2845/619/1582 2865/71/302 2850/523/1583
f 2876/73/304 2849/599/1584 2854/375/1585
f 2848/600/1586 2847/99/298 2852/68/299 2853/374/1587
f 2846/601/1588 2845/619/1582 2850/523/1583 2851/446/1589
f 2852/68/299 2851/446/1589 2856/606/1593 2857/101/307
f 2850/523/1583 2865/607/302 2855/620/1592
f 2876/602/304 2854/375/1585 2859/603/1590
f 2853/374/1587 2852/68/299 2857/101/307 2858/604/1591
f 2851/446/1589 2850/523/1583 2855/620/1592 2856/606/1593
f 2854/375/1585 2853/374/1587 2858/604/1591 2859/603/1590
f 2855/620/1592 2865/104/302 2860/621/1595
f 2876/106/304 2859/603/1590 2864/622/1597
f 2858/604/1591 2857/101/307 2862/623/308 2863/608/1594
f 2856/606/1593 2855/620/1592 2860/621/1595 2861/610/1596
f 2859/603/1590 2858/604/1591 2863/608/1594 2864/622/1597
f 2857/101/307 2856/606/1593 2861/610/1596 2862/623/308
f 2876/109/304 2864/622/1597 2870/613/1601
f 2863/608/1594 2862/623/308 2868/107/311 2869/405/1600
f 2861/610/1596 2860/621/1595 2866/624/1598 2867/475/1599
f 2864/622/1597 2863/608/1594 2869/405/1600 2870/613/1601
f 2862/623/308 2861/610/1596 2867/475/1599 2868/107/311
f 2860/621/1595 2865/108/302 2866/624/1598
f 2876/116/304 2870/410/1601 2875/615/1603
f 2869/412/1600 2868/2/311 2873/112/314 2874/625/1602
f 2867/616/1599 2866/626/1598 2871/618/1605 2872/617/1604
f 2870/410/1601 2869/412/1600 2874/625/1602 2875/615/1603
f 2868/2/311 2867/616/1599 2872/617/1604 2873/112/314
f 2866/626/1598 2865/115/302 2871/618/1605
f 2876/627/304 2875/615/1603 2849/599/1584
f 2874/625/1602 2873/112/314 2847/99/298 2848/600/1586
f 2872/617/1604 2871/618/1605 2845/619/1582 2846/601/1588
f 2875/615/1603 2874/625/1602 2848/600/1586 2849/599/1584
f 2873/112/314 2872/617/1604 2846/601/1588 2847/99/298
f 2871/618/1605 2865/628/302 2845/619/1582
f 3177/2/1638 3178/3/1639 3180/93/1640 3179/543/1641
f 3179/543/1641 3180/93/1640 3182/544/1642 3181/112/1643
f 3181/112/1643 3182/544/1642 3184/545/1644 3183/546/1645
f 3183/546/1645 3184/545/1644 3186/547/1646 3185/99/1647
f 3185/99/1647 3186/547/1646 3188/548/1648 3187/549/1649
f 3187/549/1649 3188/548/1648 3190/550/1650 3189/551/1651
f 3189/551/1651 3190/550/1650 3192/552/1652 3191/553/1653
f 3191/553/1653 3192/552/1652 3194/554/1654 3193/555/1655
f 3193/555/1655 3194/554/1654 3196/556/1656 3195/557/1657
f 3195/557/1657 3196/556/1656 3198/558/1658 3197/559/1659
f 3180/560/1640 3178/21/1639 3200/561/1660 3198/562/1658 3196/563/1656 3194/564/1654 3192/565/1652 3190/26/1650 3188/566/1648 3186/56/1646 3184/567/1644 3182/52/1642
f 3197/559/1659 3198/558/1658 3200/568/1660 3199/569/1661
f 3199/569/1661 3200/568/1660 3178/570/1639 3177/571/1638
f 3177/34/1638 3179/572/1641 3181/61/1643 3183/573/1645 3185/62/1647 3187/574/1649 3189/39/1651 3191/575/1653 3193/64/1655 3195/576/1657 3197/65/1659 3199/577/1661
f 3282/127/1490 3253/134/302 3203/128/1491
f 3245/135/304 3202/223/1492 3209/578/1493
f 3286/424/1494 3285/579/1495 3207/133/1496 3208/66/1497
f 3284/367/298 3201/230/1498 3205/125/1499 3206/67/1500
f 3283/423/1501 3282/127/1490 3203/128/1491 3204/70/1502
f 3202/223/1492 3286/424/1494 3208/66/1497 3209/578/1493
f 3285/579/1495 3284/367/298 3206/67/1500 3207/133/1496
f 3201/230/1498 3283/423/1501 3204/70/1502 3205/125/1499
f 3206/67/1500 3205/125/1499 3212/141/1503 3213/138/1504
f 3204/70/1502 3203/128/1491 3210/143/1505 3211/140/1506
f 3209/578/1493 3208/66/1497 3215/136/1507 3216/580/1508
f 3207/133/1496 3206/67/1500 3213/138/1504 3214/139/1509
f 3205/125/1499 3204/70/1502 3211/140/1506 3212/141/1503
f 3203/128/1491 3253/142/302 3210/143/1505
f 3245/144/304 3209/578/1493 3216/580/1508
f 3208/66/1497 3207/133/1496 3214/139/1509 3215/136/1507
f 3216/580/1508 3215/136/1507 3222/69/1510 3223/581/1511
f 3214/139/1509 3213/138/1504 3220/68/366 3221/149/1512
f 3212/141/1503 3211/140/1506 3218/72/1513 3219/150/1514
f 3210/143/1505 3253/145/302 3217/146/1515
f 3245/147/304 3216/580/1508 3223/581/1511
f 3215/136/1507 3214/139/1509 3221/149/1512 3222/69/1510
f 3213/138/1504 3212/141/1503 3219/150/1514 3220/68/366
f 3211/140/1506 3210/143/1505 3217/146/1515 3218/72/1513
f 3219/150/1514 3218/72/1513 3225/156/1516 3226/153/1517
f 3217/146/1515 3253/425/302 3224/155/1518
f 3245/426/304 3223/581/1511 3230/582/1519
f 3222/69/1510 3221/149/1512 3228/151/1520 3229/152/1521
f 3220/68/366 3219/150/1514 3226/153/1517 3227/154/1522
f 3218/72/1513 3217/146/1515 3224/155/1518 3225/156/1516
f 3223/581/1511 3222/69/1510 3229/152/1521 3230/582/1519
f 3221/149/1512 3220/68/366 3227/154/1522 3228/151/1520
f 3245/168/304 3230/582/1519 3237/583/1523
f 3229/152/1521 3228/151/1520 3235/163/1524 3236/160/1525
f 3227/154/1522 3226/153/1517 3233/584/1526 3234/162/1527
f 3225/156/1516 3224/155/1518 3231/167/1528 3232/164/1529
f 3230/582/1519 3229/152/1521 3236/160/1525 3237/583/1523
f 3228/151/1520 3227/154/1522 3234/162/1527 3235/163/1524
f 3226/153/1517 3225/156/1516 3232/164/1529 3233/584/1526
f 3224/155/1518 3253/166/302 3231/167/1528
f 3232/164/1529 3231/167/1528 3238/174/1530 3239/171/1531
f 3237/583/1523 3236/160/1525 3243/177/1532 3244/585/1533
f 3235/163/1524 3234/162/1527 3241/169/308 3242/170/1534
f 3233/584/1526 3232/164/1529 3239/171/1531 3240/586/1535
f 3231/167/1528 3253/173/302 3238/174/1530
f 3245/175/304 3237/583/1523 3244/585/1533
f 3236/160/1525 3235/163/1524 3242/170/1534 3243/177/1532
f 3234/162/1527 3233/584/1526 3240/586/1535 3241/169/308
f 3244/585/1533 3243/177/1532 3251/80/1536 3252/587/1537
f 3242/170/1534 3241/169/308 3249/79/1538 3250/180/1539
f 3240/586/1535 3239/171/1531 3247/82/1540 3248/588/1541
f 3238/174/1530 3253/183/302 3246/182/1542
f 3245/178/304 3244/585/1533 3252/587/1537
f 3243/177/1532 3242/170/1534 3250/180/1539 3251/80/1536
f 3241/169/308 3240/586/1535 3248/588/1541 3249/79/1538
f 3239/171/1531 3238/174/1530 3246/182/1542 3247/82/1540
f 3246/182/1542 3253/191/302 3254/186/1543
f 3245/192/304 3252/587/1537 3260/589/1544
f 3251/80/1536 3250/180/1539 3258/190/1545 3259/428/1546
f 3249/79/1538 3248/588/1541 3256/590/1547 3257/591/1548
f 3247/82/1540 3246/182/1542 3254/186/1543 3255/427/1549
f 3252/587/1537 3251/80/1536 3259/428/1546 3260/589/1544
f 3250/180/1539 3249/79/1538 3257/591/1548 3258/190/1545
f 3248/588/1541 3247/82/1540 3255/427/1549 3256/590/1547
f 3259/428/1546 3258/190/1545 3265/194/1550 3266/85/1551
f 3257/591/1548 3256/590/1547 3263/592/1552 3264/84/404
f 3255/427/1549 3254/186/1543 3261/197/1553 3262/87/1554
f 3260/589/1544 3259/428/1546 3266/85/1551 3267/328/1555
f 3258/190/1545 3257/591/1548 3264/84/404 3265/194/1550
f 3256/590/1547 3255/427/1549 3262/87/1554 3263/592/1552
f 3254/186/1543 3253/196/302 3261/197/1553
f 3245/198/304 3260/589/1544 3267/328/1555
f 3267/338/1555 3266/113/1551 3273/210/1556 3274/593/1557
f 3265/208/1550 3264/2/404 3271/211/1558 3272/209/1559
f 3263/594/1552 3262/110/1554 3269/431/1560 3270/595/1561
f 3261/202/1553 3253/203/302 3268/204/1562
f 3245/205/304 3267/338/1555 3274/593/1557
f 3266/113/1551 3265/208/1550 3272/209/1559 3273/210/1556
f 3264/2/404 3263/594/1552 3270/595/1561 3271/211/1558
f 3262/110/1554 3261/202/1553 3268/204/1562 3269/431/1560
f 3272/209/1559 3271/211/1558 3278/112/1563 3279/214/1564
f 3270/595/1561 3269/431/1560 3276/111/1565 3277/596/1566
f 3268/204/1562 3253/220/302 3275/218/1567
f 3245/212/304 3274/593/1557 3281/597/1568
f 3273/210/1556 3272/209/1559 3279/214/1564 3280/114/1569
f 3271/211/1558 3270/595/1561 3277/596/1566 3278/112/1563
f 3269/431/1560 3268/204/1562 3275/218/1567 3276/111/1565
f 3274/593/1557 3273/210/1556 3280/114/1569 3281/597/1568
f 3245/222/304 3281/597/1568 3202/223/1492
f 3280/114/1569 3279/214/1564 3285/579/1495 3286/424/1494
f 3278/112/1563 3277/596/1566 3201/230/1498 3284/367/298
f 3276/111/1565 3275/218/1567 3282/127/1490 3283/423/1501
f 3281/597/1568 3280/114/1569 3286/424/1494 3202/223/1492
f 3279/214/1564 3278/112/1563 3284/367/298 3285/579/1495
f 3277/596/1566 3276/111/1565 3283/423/1501 3201/230/1498
f 3275/218/1567 3253/221/302 3282/127/1490
f 3287/2/1662 3288/3/1663 3290/44/1664 3289/45/1665
f 3289/45/1665 3290/44/1664 3292/46/1666 3291/47/1667
f 3291/47/1667 3292/46/1666 3294/48/1668 3293/49/1669
f 3293/49/1669 3294/48/1668 3296/50/1670 3295/51/1671
f 3290/52/1664 3288/21/1663 3298/562/1672 3296/564/1670 3294/55/1668 3292/56/1666
f 3295/51/1671 3296/50/1670 3298/57/1672 3297/58/1673
f 3297/58/1673 3298/57/1672 3288/59/1663 3287/60/1662
f 3287/34/1662 3289/61/1665 3291/62/1667 3293/63/1669 3295/64/1671 3297/65/1673
f 3303/599/1584 3302/600/1586 3307/374/1587 3308/375/1585
f 3301/99/298 3300/601/1588 3305/446/1589 3306/68/299
f 3299/598/1582 3319/71/302 3304/378/1583
f 3330/73/304 3303/599/1584 3308/375/1585
f 3302/600/1586 3301/99/298 3306/68/299 3307/374/1587
f 3300/601/1588 3299/598/1582 3304/378/1583 3305/446/1589
f 3330/602/304 3308/375/1585 3313/603/1590
f 3307/374/1587 3306/68/299 3311/101/307 3312/604/1591
f 3305/446/1589 3304/378/1583 3309/605/1592 3310/606/1593
f 3308/375/1585 3307/374/1587 3312/604/1591 3313/603/1590
f 3306/68/299 3305/446/1589 3310/606/1593 3311/101/307
f 3304/378/1583 3319/607/302 3309/605/1592
f 3330/106/304 3313/603/1590 3318/611/1597
f 3312/604/1591 3311/101/307 3316/102/308 3317/608/1594
f 3310/606/1593 3309/605/1592 3314/609/1595 3315/610/1596
f 3313/603/1590 3312/604/1591 3317/608/1594 3318/611/1597
f 3311/101/307 3310/606/1593 3315/610/1596 3316/102/308
f 3309/605/1592 3319/104/302 3314/609/1595
f 3330/109/304 3318/611/1597 3324/613/1601
f 3317/608/1594 3316/102/308 3322/107/311 3323/405/1600
f 3315/610/1596 3314/609/1595 3320/612/1598 3321/475/1599
f 3318/611/1597 3317/608/1594 3323/405/1600 3324/613/1601
f 3316/102/308 3315/610/1596 3321/475/1599 3322/107/311
f 3314/609/1595 3319/108/302 3320/612/1598
f 3323/412/1600 3322/2/311 3327/112/314 3328/614/1602
f 3321/616/1599 3320/406/1598 3325/618/1605 3326/617/1604
f 3324/410/1601 3323/412/1600 3328/614/1602 3329/615/1603
f 3322/2/311 3321/616/1599 3326/617/1604 3327/112/314
f 3320/406/1598 3319/115/302 3325/618/1605
f 3330/116/304 3324/410/1601 3329/615/1603
f 3326/617/1604 3325/618/1605 3299/598/1582 3300/601/1588
f 3329/615/1603 3328/614/1602 3302/600/1586 3303/599/1584
f 3327/112/314 3326/617/1604 3300/601/1588 3301/99/298
f 3325/618/1605 3319/118/302 3299/598/1582
f 3330/117/304 3329/615/1603 3303/599/1584
f 3328/614/1602 3327/112/314 3301/99/298 3302/600/1586
f 3332/601/1588 3331/598/1582 3336/378/1583 3337/446/1589
f 3335/599/1584 3334/600/1586 3339/374/1587 3340/375/1585
f 3333/99/298 3332/601/1588 3337/446/1589 3338/68/299
f 3331/598/1582 3351/71/302 3336/378/1583
f 3362/73/304 3335/599/1584 3340/375/1585
f 3334/600/1586 3333/99/298 3338/68/299 3339/374/1587
f 3340/375/1585 3339/374/1587 3344/604/1591 3345/603/1590
f 3338/68/299 3337/446/1589 3342/606/1593 3343/101/307
f 3336/378/1583 3351/607/302 3341/605/1592
f 3362/602/304 3340/375/1585 3345/603/1590
f 3339/374/1587 3338/68/299 3343/101/307 3344/604/1591
f 3337/446/1589 3336/378/1583 3341/605/1592 3342/606/1593
f 3345/603/1590 3344/604/1591 3349/608/1594 3350/611/1597
f 3343/101/307 3342/606/1593 3347/610/1596 3348/102/308
f 3341/605/1592 3351/104/302 3346/609/1595
f 3362/106/304 3345/603/1590 3350/611/1597
f 3344/604/1591 3343/101/307 3348/102/308 3349/608/1594
f 3342/606/1593 3341/605/1592 3346/609/1595 3347/610/1596
f 3348/102/308 3347/610/1596 3353/475/1599 3354/107/311
f 3346/609/1595 3351/108/302 3352/612/1598
f 3362/109/304 3350/611/1597 3356/613/1601
f 3349/608/1594 3348/102/308 3354/107/311 3355/405/1600
f 3347/610/1596 3346/609/1595 3352/612/1598 3353/475/1599
f 3350/611/1597 3349/608/1594 3355/405/1600 3356/613/1601
f 3352/406/1598 3351/115/302 3357/618/1605
f 3362/116/304 3356/410/1601 3361/615/1603
f 3355/412/1600 3354/2/311 3359/112/314 3360/614/1602
f 3353/616/1599 3352/406/1598 3357/618/1605 3358/617/1604
f 3356/410/1601 3355/412/1600 3360/614/1602 3361/615/1603
f 3354/2/311 3353/616/1599 3358/617/1604 3359/112/314
f 3362/117/304 3361/615/1603 3335/599/1584
f 3360/614/1602 3359/112/314 3333/99/298 3334/600/1586
f 3358/617/1604 3357/618/1605 3331/598/1582 3332/601/1588
f 3361/615/1603 3360/614/1602 3334/600/1586 3335/599/1584
f 3359/112/314 3358/617/1604 3332/601/1588 3333/99/298
f 3357/618/1605 3351/118/302 3331/598/1582
f 3363/2/1662 3364/3/1663 3366/44/1664 3365/45/1665
f 3365/45/1665 3366/44/1664 3368/46/1666 3367/47/1667
f 3367/47/1667 3368/46/1666 3370/48/1668 3369/49/1669
f 3369/49/1669 3370/48/1668 3372/50/1670 3371/51/1671
f 3366/52/1664 3364/21/1663 3374/562/1672 3372/564/1670 3370/55/1668 3368/56/1666
f 3371/51/1671 3372/50/1670 3374/57/1672 3373/58/1673
f 3373/58/1673 3374/57/1672 3364/59/1663 3363/60/1662
f 3363/34/1662 3365/61/1665 3367/62/1667 3369/63/1669 3371/64/1671 3373/65/1673
f 3378/600/1586 3377/99/298 3382/68/299 3383/374/1587
f 3376/601/1588 3375/598/1582 3380/378/1583 3381/446/1589
f 3379/599/1584 3378/600/1586 3383/374/1587 3384/375/1585
f 3377/99/298 3376/601/1588 3381/446/1589 3382/68/299
f 3375/598/1582 3395/71/302 3380/378/1583
f 3406/73/304 3379/599/1584 3384/375/1585
f 3384/375/1585 3383/374/1587 3388/604/1591 3389/603/1590
f 3382/68/299 3381/446/1589 3386/606/1593 3387/101/307
f 3380/378/1583 3395/607/302 3385/605/1592
f 3406/602/304 3384/375/1585 3389/603/1590
f 3383/374/1587 3382/68/299 3387/101/307 3388/604/1591
f 3381/446/1589 3380/378/1583 3385/605/1592 3386/606/1593
f 3389/603/1590 3388/604/1591 3393/608/1594 3394/611/1597
f 3387/101/307 3386/606/1593 3391/610/1596 3392/102/308
f 3385/605/1592 3395/104/302 3390/609/1595
f 3406/106/304 3389/603/1590 3394/611/1597
f 3388/604/1591 3387/101/307 3392/102/308 3393/608/1594
f 3386/606/1593 3385/605/1592 3390/609/1595 3391/610/1596
f 3394/611/1597 3393/608/1594 3399/405/1600 3400/613/1601
f 3392/102/308 3391/610/1596 3397/475/1599 3398/107/311
f 3390/609/1595 3395/108/302 3396/612/1598
f 3406/109/304 3394/611/1597 3400/613/1601
f 3393/608/1594 3392/102/308 3398/107/311 3399/405/1600
f 3391/610/1596 3390/609/1595 3396/612/1598 3397/475/1599
f 3398/2/311 3397/616/1599 3402/617/1604 3403/112/314
f 3396/406/1598 3395/115/302 3401/618/1605
f 3406/116/304 3400/410/1601 3405/615/1603
f 3399/412/1600 3398/2/311 3403/112/314 3404/614/1602
f 3397/616/1599 3396/406/1598 3401/618/1605 3402/617/1604
f 3400/410/1601 3399/412/1600 3404/614/1602 3405/615/1603
f 3401/618/1605 3395/118/302 3375/598/1582
f 3406/117/304 3405/615/1603 3379/599/1584
f 3404/614/1602 3403/112/314 3377/99/298 3378/600/1586
f 3402/617/1604 3401/618/1605 3375/598/1582 3376/601/1588
f 3405/615/1603 3404/614/1602 3378/600/1586 3379/599/1584
f 3403/112/314 3402/617/1604 3376/601/1588 3377/99/298
f 3438/73/304 3411/599/1584 3416/375/1585
f 3410/600/1586 3409/99/298 3414/68/299 3415/374/1587
f 3408/601/1588 3407/598/1582 3412/378/1583 3413/446/1589
f 3411/599/1584 3410/600/1586 3415/374/1587 3416/375/1585
f 3409/99/298 3408/601/1588 3413/446/1589 3414/68/299
f 3407/598/1582 3427/71/302 3412/378/1583
f 3413/446/1589 3412/378/1583 3417/605/1592 3418/606/1593
f 3416/375/1585 3415/374/1587 3420/604/1591 3421/603/1590
f 3414/68/299 3413/446/1589 3418/606/1593 3419/101/307
f 3412/378/1583 3427/607/302 3417/605/1592
f 3438/602/304 3416/375/1585 3421/603/1590
f 3415/374/1587 3414/68/299 3419/101/307 3420/604/1591
f 3421/603/1590 3420/604/1591 3425/608/1594 3426/611/1597
f 3419/101/307 3418/606/1593 3423/610/1596 3424/102/308
f 3417/605/1592 3427/104/302 3422/609/1595
f 3438/106/304 3421/603/1590 3426/611/1597
f 3420/604/1591 3419/101/307 3424/102/308 3425/608/1594
f 3418/606/1593 3417/605/1592 3422/609/1595 3423/610/1596
f 3426/611/1597 3425/608/1594 3431/405/1600 3432/613/1601
f 3424/102/308 3423/610/1596 3429/475/1599 3430/107/311
f 3422/609/1595 3427/108/302 3428/612/1598
f 3438/109/304 3426/611/1597 3432/613/1601
f 3425/608/1594 3424/102/308 3430/107/311 3431/405/1600
f 3423/610/1596 3422/609/1595 3428/612/1598 3429/475/1599
f 3432/410/1601 3431/412/1600 3436/614/1602 3437/615/1603
f 3430/2/311 3429/616/1599 3434/617/1604 3435/112/314
f 3428/406/1598 3427/115/302 3433/618/1605
f 3438/116/304 3432/410/1601 3437/615/1603
f 3431/412/1600 3430/2/311 3435/112/314 3436/614/1602
f 3429/616/1599 3428/406/1598 3433/618/1605 3434/617/1604
f 3437/615/1603 3436/614/1602 3410/600/1586 3411/599/1584
f 3435/112/314 3434/617/1604 3408/601/1588 3409/99/298
f 3433/618/1605 3427/118/302 3407/598/1582
f 3438/117/304 3437/615/1603 3411/599/1584
f 3436/614/1602 3435/112/314 3409/99/298 3410/600/1586
f 3434/617/1604 3433/618/1605 3407/598/1582 3408/601/1588
f 3439/2/1662 3440/3/1663 3442/44/1664 3441/45/1665
f 3441/45/1665 3442/44/1664 3444/46/1666 3443/47/1667
f 3443/47/1667 3444/46/1666 3446/48/1668 3445/49/1669
f 3445/49/1669 3446/48/1668 3448/50/1670 3447/51/1671
f 3442/52/1664 3440/21/1663 3450/562/1672 3448/564/1670 3446/55/1668 3444/56/1666
f 3447/51/1671 3448/50/1670 3450/57/1672 3449/58/1673
f 3449/58/1673 3450/57/1672 3440/59/1663 3439/60/1662
f 3439/34/1662 3441/61/1665 3443/62/1667 3445/63/1669 3447/64/1671 3449/65/1673
f 3482/73/304 3455/599/1584 3460/375/1585
f 3454/600/1586 3453/99/298 3458/68/299 3459/374/1587
f 3452/601/1588 3451/598/1582 3456/378/1583 3457/446/1589
f 3455/599/1584 3454/600/1586 3459/374/1587 3460/375/1585
f 3453/99/298 3452/601/1588 3457/446/1589 3458/68/299
f 3451/598/1582 3471/71/302 3456/378/1583
f 3460/375/1585 3459/374/1587 3464/604/1591 3465/603/1590
f 3458/68/299 3457/446/1589 3462/606/1593 3463/101/307
f 3456/378/1583 3471/607/302 3461/605/1592
f 3482/602/304 3460/375/1585 3465/603/1590
f 3459/374/1587 3458/68/299 3463/101/307 3464/604/1591
f 3457/446/1589 3456/378/1583 3461/605/1592 3462/606/1593
f 3465/603/1590 3464/604/1591 3469/608/1594 3470/611/1597
f 3463/101/307 3462/606/1593 3467/610/1596 3468/102/308
f 3461/605/1592 3471/104/302 3466/609/1595
f 3482/106/304 3465/603/1590 3470/611/1597
f 3464/604/1591 3463/101/307 3468/102/308 3469/608/1594
f 3462/606/1593 3461/605/1592 3466/609/1595 3467/610/1596
f 3470/611/1597 3469/608/1594 3475/405/1600 3476/613/1601
f 3468/102/308 3467/610/1596 3473/475/1599 3474/107/311
f 3466/609/1595 3471/108/302 3472/612/1598
f 3482/109/304 3470/611/1597 3476/613/1601
f 3469/608/1594 3468/102/308 3474/107/311 3475/405/1600
f 3467/610/1596 3466/609/1595 3472/612/1598 3473/475/1599
f 3476/410/1601 3475/412/1600 3480/614/1602 3481/615/1603
f 3474/2/311 3473/616/1599 3478/617/1604 3479/112/314
f 3472/406/1598 3471/115/302 3477/618/1605
f 3482/116/304 3476/410/1601 3481/615/1603
f 3475/412/1600 3474/2/311 3479/112/314 3480/614/1602
f 3473/616/1599 3472/406/1598 3477/618/1605 3478/617/1604
f 3479/112/314 3478/617/1604 3452/601/1588 3453/99/298
f 3477/618/1605 3471/118/302 3451/598/1582
f 3482/117/304 3481/615/1603 3455/599/1584
f 3480/614/1602 3479/112/314 3453/99/298 3454/600/1586
f 3478/617/1604 3477/618/1605 3451/598/1582 3452/601/1588
f 3481/615/1603 3480/614/1602 3454/600/1586 3455/599/1584
f 3514/73/304 3487/599/1584 3492/375/1585
f 3486/600/1586 3485/99/298 3490/68/299 3491/374/1587
f 3484/601/1588 3483/598/1582 3488/378/1583 3489/446/1589
f 3487/599/1584 3486/600/1586 3491/374/1587 3492/375/1585
f 3485/99/298 3484/601/1588 3489/446/1589 3490/68/299
f 3483/598/1582 3503/71/302 3488/378/1583
f 3492/375/1585 3491/374/1587 3496/604/1591 3497/603/1590
f 3490/68/299 3489/446/1589 3494/606/1593 3495/101/307
f 3488/378/1583 3503/607/302 3493/605/1592
f 3514/602/304 3492/375/1585 3497/603/1590
f 3491/374/1587 3490/68/299 3495/101/307 3496/604/1591
f 3489/446/1589 3488/378/1583 3493/605/1592 3494/606/1593
f 3497/603/1590 3496/604/1591 3501/608/1594 3502/611/1597
f 3495/101/307 3494/606/1593 3499/610/1596 3500/102/308
f 3493/605/1592 3503/104/302 3498/609/1595
f 3514/106/304 3497/603/1590 3502/611/1597
f 3496/604/1591 3495/101/307 3500/102/308 3501/608/1594
f 3494/606/1593 3493/605/1592 3498/609/1595 3499/610/1596
f 3502/611/1597 3501/608/1594 3507/405/1600 3508/613/1601
f 3500/102/308 3499/610/1596 3505/475/1599 3506/107/311
f 3498/609/1595 3503/108/302 3504/612/1598
f 3514/109/304 3502/611/1597 3508/613/1601
f 3501/608/1594 3500/102/308 3506/107/311 3507/405/1600
f 3499/610/1596 3498/609/1595 3504/612/1598 3505/475/1599
f 3508/410/1601 3507/412/1600 3512/614/1602 3513/615/1603
f 3506/2/311 3505/616/1599 3510/617/1604 3511/112/314
f 3504/406/1598 3503/115/302 3509/618/1605
f 3514/116/304 3508/410/1601 3513/615/1603
f 3507/412/1600 3506/2/311 3511/112/314 3512/614/1602
f 3505/616/1599 3504/406/1598 3509/618/1605 3510/617/1604
f 3511/112/314 3510/617/1604 3484/601/1588 3485/99/298
f 3509/618/1605 3503/118/302 3483/598/1582
f 3514/117/304 3513/615/1603 3487/599/1584
f 3512/614/1602 3511/112/314 3485/99/298 3486/600/1586
f 3510/617/1604 3509/618/1605 3483/598/1582 3484/601/1588
f 3513/615/1603 3512/614/1602 3486/600/1586 3487/599/1584
f 3515/2/1662 3516/3/1663 3518/44/1664 3517/45/1665
f 3517/45/1665 3518/44/1664 3520/46/1666 3519/47/1667
f 3519/47/1667 3520/46/1666 3522/48/1668 3521/49/1669
f 3521/49/1669 3522/48/1668 3524/50/1670 3523/51/1671
f 3518/52/1664 3516/21/1663 3526/562/1672 3524/564/1670 3522/55/1668 3520/56/1666
f 3523/51/1671 3524/50/1670 3526/57/1672 3525/58/1673
f 3525/58/1673 3526/57/1672 3516/59/1663 3515/60/1662
f 3515/34/1662 3517/61/1665 3519/62/1667 3521/63/1669 3523/64/1671 3525/65/1673
f 3530/600/1586 3529/99/298 3534/68/299 3535/374/1587
f 3528/601/1588 3527/598/1582 3532/378/1583 3533/446/1589
f 3531/599/1584 3530/600/1586 3535/374/1587 3536/375/1585
f 3529/99/298 3528/601/1588 3533/446/1589 3534/68/299
f 3527/598/1582 3547/71/302 3532/378/1583
f 3558/73/304 3531/599/1584 3536/375/1585
f 3536/375/1585 3535/374/1587 3540/604/1591 3541/603/1590
f 3534/68/299 3533/446/1589 3538/606/1593 3539/101/307
f 3532/378/1583 3547/607/302 3537/605/1592
f 3558/602/304 3536/375/1585 3541/603/1590
f 3535/374/1587 3534/68/299 3539/101/307 3540/604/1591
f 3533/446/1589 3532/378/1583 3537/605/1592 3538/606/1593
f 3541/603/1590 3540/604/1591 3545/608/1594 3546/611/1597
f 3539/101/307 3538/606/1593 3543/610/1596 3544/102/308
f 3537/605/1592 3547/104/302 3542/609/1595
f 3558/106/304 3541/603/1590 3546/611/1597
f 3540/604/1591 3539/101/307 3544/102/308 3545/608/1594
f 3538/606/1593 3537/605/1592 3542/609/1595 3543/610/1596
f 3546/611/1597 3545/608/1594 3551/405/1600 3552/613/1601
f 3544/102/308 3543/610/1596 3549/475/1599 3550/107/311
f 3542/609/1595 3547/108/302 3548/612/1598
f 3558/109/304 3546/611/1597 3552/613/1601
f 3545/608/1594 3544/102/308 3550/107/311 3551/405/1600
f 3543/610/1596 3542/609/1595 3548/612/1598 3549/475/1599
f 3550/2/311 3549/616/1599 3554/617/1604 3555/112/314
f 3548/406/1598 3547/115/302 3553/618/1605
f 3558/116/304 3552/410/1601 3557/615/1603
f 3551/412/1600 3550/2/311 3555/112/314 3556/614/1602
f 3549/616/1599 3548/406/1598 3553/618/1605 3554/617/1604
f 3552/410/1601 3551/412/1600 3556/614/1602 3557/615/1603
f 3553/618/1605 3547/118/302 3527/598/1582
f 3558/117/304 3557/615/1603 3531/599/1584
f 3556/614/1602 3555/112/314 3529/99/298 3530/600/1586
f 3554/617/1604 3553/618/1605 3527/598/1582 3528/601/1588
f 3557/615/1603 3556/614/1602 3530/600/1586 3531/599/1584
f 3555/112/314 3554/617/1604 3528/601/1588 3529/99/298
f 3563/599/1584 3562/600/1586 3567/374/1587 3568/375/1585
f 3561/99/298 3560/601/1588 3565/446/1589 3566/68/299
f 3559/598/1582 3579/71/302 3564/378/1583
f 3590/73/304 3563/599/1584 3568/375/1585
f 3562/600/1586 3561/99/298 3566/68/299 3567/374/1587
f 3560/601/1588 3559/598/1582 3564/378/1583 3565/446/1589
f 3590/602/304 3568/375/1585 3573/603/1590
f 3567/374/1587 3566/68/299 3571/101/307 3572/604/1591
f 3565/446/1589 3564/378/1583 3569/605/1592 3570/606/1593
f 3568/375/1585 3567/374/1587 3572/604/1591 3573/603/1590
f 3566/68/299 3565/446/1589 3570/606/1593 3571/101/307
f 3564/378/1583 3579/607/302 3569/605/1592
f 3590/106/304 3573/603/1590 3578/611/1597
f 3572/604/1591 3571/101/307 3576/102/308 3577/608/1594
f 3570/606/1593 3569/605/1592 3574/609/1595 3575/610/1596
f 3573/603/1590 3572/604/1591 3577/608/1594 3578/611/1597
f 3571/101/307 3570/606/1593 3575/610/1596 3576/102/308
f 3569/605/1592 3579/104/302 3574/609/1595
f 3590/109/304 3578/611/1597 3584/613/1601
f 3577/608/1594 3576/102/308 3582/107/311 3583/405/1600
f 3575/610/1596 3574/609/1595 3580/612/1598 3581/475/1599
f 3578/611/1597 3577/608/1594 3583/405/1600 3584/613/1601
f 3576/102/308 3575/610/1596 3581/475/1599 3582/107/311
f 3574/609/1595 3579/108/302 3580/612/1598
f 3583/412/1600 3582/2/311 3587/112/314 3588/614/1602
f 3581/616/1599 3580/406/1598 3585/618/1605 3586/617/1604
f 3584/410/1601 3583/412/1600 3588/614/1602 3589/615/1603
f 3582/2/311 3581/616/1599 3586/617/1604 3587/112/314
f 3580/406/1598 3579/115/302 3585/618/1605
f 3590/116/304 3584/410/1601 3589/615/1603
f 3586/617/1604 3585/618/1605 3559/598/1582 3560/601/1588
f 3589/615/1603 3588/614/1602 3562/600/1586 3563/599/1584
f 3587/112/314 3586/617/1604 3560/601/1588 3561/99/298
f 3585/618/1605 3579/118/302 3559/598/1582
f 3590/117/304 3589/615/1603 3563/599/1584
f 3588/614/1602 3587/112/314 3561/99/298 3562/600/1586
f 3591/2/1674 3592/3/1675 3594/44/1676 3593/45/1677
f 3593/45/1677 3594/44/1676 3596/46/1678 3595/47/1679
f 3595/47/1679 3596/46/1678 3598/48/1680 3597/49/1681
f 3597/49/1681 3598/48/1680 3600/50/1682 3599/51/1683
f 3594/52/1676 3592/21/1675 3602/562/1684 3600/564/1682 3598/55/1680 3596/56/1678
f 3599/51/1683 3600/50/1682 3602/57/1684 3601/58/1685
f 3601/58/1685 3602/57/1684 3592/59/1675 3591/60/1674
f 3591/34/1674 3593/61/1677 3595/62/1679 3597/63/1681 3599/64/1683 3601/65/1685
f 3634/73/304 3607/599/1584 3612/375/1585
f 3606/600/1586 3605/99/298 3610/68/299 3611/374/1587
f 3604/601/1588 3603/619/1582 3608/523/1583 3609/446/1589
f 3607/599/1584 3606/600/1586 3611/374/1587 3612/375/1585
f 3605/99/298 3604/601/1588 3609/446/1589 3610/68/299
f 3603/619/1582 3623/71/302 3608/523/1583
f 3609/446/1589 3608/523/1583 3613/620/1592 3614/606/1593
f 3612/375/1585 3611/374/1587 3616/604/1591 3617/603/1590
f 3610/68/299 3609/446/1589 3614/606/1593 3615/101/307
f 3608/523/1583 3623/607/302 3613/620/1592
f 3634/602/304 3612/375/1585 3617/603/1590
f 3611/374/1587 3610/68/299 3615/101/307 3616/604/1591
f 3617/603/1590 3616/604/1591 3621/608/1594 3622/622/1597
f 3615/101/307 3614/606/1593 3619/610/1596 3620/623/308
f 3613/620/1592 3623/104/302 3618/621/1595
f 3634/106/304 3617/603/1590 3622/622/1597
f 3616/604/1591 3615/101/307 3620/623/308 3621/608/1594
f 3614/606/1593 3613/620/1592 3618/621/1595 3619/610/1596
f 3622/622/1597 3621/608/1594 3627/405/1600 3628/613/1601
f 3620/623/308 3619/610/1596 3625/475/1599 3626/107/311
f 3618/621/1595 3623/108/302 3624/624/1598
f 3634/109/304 3622/622/1597 3628/613/1601
f 3621/608/1594 3620/623/308 3626/107/311 3627/405/1600
f 3619/610/1596 3618/621/1595 3624/624/1598 3625/475/1599
f 3628/410/1601 3627/412/1600 3632/625/1602 3633/615/1603
f 3626/2/311 3625/616/1599 3630/617/1604 3631/112/314
f 3624/626/1598 3623/115/302 3629/618/1605
f 3634/116/304 3628/410/1601 3633/615/1603
f 3627/412/1600 3626/2/311 3631/112/314 3632/625/1602
f 3625/616/1599 3624/626/1598 3629/618/1605 3630/617/1604
f 3633/615/1603 3632/625/1602 3606/600/1586 3607/599/1584
f 3631/112/314 3630/617/1604 3604/601/1588 3605/99/298
f 3629/618/1605 3623/628/302 3603/619/1582
f 3634/627/304 3633/615/1603 3607/599/1584
f 3632/625/1602 3631/112/314 3605/99/298 3606/600/1586
f 3630/617/1604 3629/618/1605 3603/619/1582 3604/601/1588
f 3639/599/1584 3638/600/1586 3643/374/1587 3644/375/1585
f 3637/99/298 3636/601/1588 3641/446/1589 3642/68/299
f 3635/619/1582 3655/71/302 3640/523/1583
f 3666/73/304 3639/599/1584 3644/375/1585
f 3638/600/1586 3637/99/298 3642/68/299 3643/374/1587
f 3636/601/1588 3635/619/1582 3640/523/1583 3641/446/1589
f 3666/602/304 3644/375/1585 3649/603/1590
f 3643/374/1587 3642/68/299 3647/101/307 3648/604/1591
f 3641/446/1589 3640/523/1583 3645/620/1592 3646/606/1593
f 3644/375/1585 3643/374/1587 3648/604/1591 3649/603/1590
f 3642/68/299 3641/446/1589 3646/606/1593 3647/101/307
f 3640/523/1583 3655/607/302 3645/620/1592
f 3666/106/304 3649/603/1590 3654/622/1597
f 3648/604/1591 3647/101/307 3652/623/308 3653/608/1594
f 3646/606/1593 3645/620/1592 3650/621/1595 3651/610/1596
f 3649/603/1590 3648/604/1591 3653/608/1594 3654/622/1597
f 3647/101/307 3646/606/1593 3651/610/1596 3652/623/308
f 3645/620/1592 3655/104/302 3650/621/1595
f 3666/109/304 3654/622/1597 3660/613/1601
f 3653/608/1594 3652/623/308 3658/107/311 3659/405/1600
f 3651/610/1596 3650/621/1595 3656/624/1598 3657/475/1599
f 3654/622/1597 3653/608/1594 3659/405/1600 3660/613/1601
f 3652/623/308 3651/610/1596 3657/475/1599 3658/107/311
f 3650/621/1595 3655/108/302 3656/624/1598
f 3659/412/1600 3658/2/311 3663/112/314 3664/625/1602
f 3657/616/1599 3656/626/1598 3661/618/1605 3662/617/1604
f 3660/410/1601 3659/412/1600 3664/625/1602 3665/615/1603
f 3658/2/311 3657/616/1599 3662/617/1604 3663/112/314
f 3656/626/1598 3655/115/302 3661/618/1605
f 3666/116/304 3660/410/1601 3665/615/1603
f 3662/617/1604 3661/618/1605 3635/619/1582 3636/601/1588
f 3665/615/1603 3664/625/1602 3638/600/1586 3639/599/1584
f 3663/112/314 3662/617/1604 3636/601/1588 3637/99/298
f 3661/618/1605 3655/628/302 3635/619/1582
f 3666/627/304 3665/615/1603 3639/599/1584
f 3664/625/1602 3663/112/314 3637/99/298 3638/600/1586
usemtl Boot
f 3915/1/1726 3916/1/1727 3936/1/1728 3935/1/1729
f 3916/1/1727 3917/1/1730 3937/1/1731 3936/1/1728
f 3917/1/1730 3918/1/1732 3938/1/1733 3937/1/1731
f 3918/1/1732 3919/1/1734 3939/1/1735 3938/1/1733
f 3919/1/1734 3920/1/1736 3940/1/1737 3939/1/1735
f 3920/1/1736 3921/1/1738 3941/1/1739 3940/1/1737
f 3921/1/1738 3922/1/1740 3942/1/1741 3941/1/1739
f 3922/1/1740 3923/1/1742 3943/1/1743 3942/1/1741
f 3923/1/1742 3924/1/1744 3944/1/1745 3943/1/1743
f 3924/1/1744 3925/1/1746 3945/1/1747 3944/1/1745
f 3925/1/1746 3926/1/1748 3946/1/1749 3945/1/1747
f 3926/1/1748 3927/1/1750 3947/1/1751 3946/1/1749
f 3927/1/1750 3928/1/1752 3948/1/1753 3947/1/1751
f 3928/1/1752 3929/1/1754 3949/1/1755 3948/1/1753
f 3929/1/1754 3930/1/1756 3950/1/1757 3949/1/1755
f 3930/1/1756 3931/1/1758 3951/1/1759 3950/1/1757
f 3931/1/1758 3932/1/1760 3952/1/1761 3951/1/1759
f 3932/1/1760 3933/1/1762 3953/1/1763 3952/1/1761
f 3933/1/1762 3934/1/1764 3954/1/1765 3953/1/1763
f 3934/1/1764 3915/1/1726 3935/1/1729 3954/1/1765
f 3935/1/1729 3936/1/1728 3956/1/1766 3955/1/1767
f 3936/1/1728 3937/1/1731 3957/1/1768 3956/1/1766
f 3937/1/1731 3938/1/1733 3958/1/1769 3957/1/1768
f 3938/1/1733 3939/1/1735 3959/1/1770 3958/1/1769
f 3939/1/1735 3940/1/1737 3960/1/1771 3959/1/1770
f 3940/1/1737 3941/1/1739 3961/1/1772 3960/1/1771
f 3941/1/1739 3942/1/1741 3962/1/1773 3961/1/1772
f 3942/1/1741 3943/1/1743 3963/1/1774 3962/1/1773
f 3943/1/1743 3944/1/1745 3964/1/1775 3963/1/1774
f 3944/1/1745 3945/1/1747 3965/1/1776 3964/1/1775
f 3945/1/1747 3946/1/1749 3966/1/1777 3965/1/1776
f 3946/1/1749 3947/1/1751 3967/1/1778 3966/1/1777
f 3947/1/1751 3948/1/1753 3968/1/1779 3967/1/1778
f 3948/1/1753 3949/1/1755 3969/1/1780 3968/1/1779
f 3949/1/1755 3950/1/1757 3970/1/1781 3969/1/1780
f 3950/1/1757 3951/1/1759 3971/1/1782 3970/1/1781
f 3951/1/1759 3952/1/1761 3972/1/1783 3971/1/1782
f 3952/1/1761 3953/1/1763 3973/1/1784 3972/1/1783
f 3953/1/1763 3954/1/1765 3974/1/1785 3973/1/1784
f 3954/1/1765 3935/1/1729 3955/1/1767 3974/1/1785
f 3955/1/1767 3956/1/1766 3976/1/1786 3975/1/1787
f 3956/1/1766 3957/1/1768 3977/1/1788 3976/1/1786
f 3957/1/1768 3958/1/1769 3978/1/1789 3977/1/1788
f 3958/1/1769 3959/1/1770 3979/1/1790 3978/1/1789
f 3959/1/1770 3960/1/1771 3980/1/1791 3979/1/1790
f 3960/1/1771 3961/1/1772 3981/1/1792 3980/1/1791
f 3961/1/1772 3962/1/1773 3982/1/1793 3981/1/1792
f 3962/1/1773 3963/1/1774 3983/1/1794 3982/1/1793
f 3963/1/1774 3964/1/1775 3984/1/1795 3983/1/1794
f 3964/1/1775 3965/1/1776 3985/1/1796 3984/1/1795
f 3965/1/1776 3966/1/1777 3986/1/1797 3985/1/1796
f 3966/1/1777 3967/1/1778 3987/1/1798 3986/1/1797
f 3967/1/1778 3968/1/1779 3988/1/1799 3987/1/1798
f 3968/1/1779 3969/1/1780 3989/1/1800 3988/1/1799
f 3969/1/1780 3970/1/1781 3990/1/1801 3989/1/1800
f 3970/1/1781 3971/1/1782 3991/1/1802 3990/1/1801
f 3971/1/1782 3972/1/1783 3992/1/1803 3991/1/1802
f 3972/1/1783 3973/1/1784 3993/1/1804 3992/1/1803
f 3973/1/1784 3974/1/1785 3994/1/1805 3993/1/1804
f 3974/1/1785 3955/1/1767 3975/1/1787 3994/1/1805
f 3975/1/1787 3976/1/1786 3996/1/1806 3995/1/1807
f 3976/1/1786 3977/1/1788 3997/1/1808 3996/1/1806
f 3977/1/1788 3978/1/1789 3998/1/1809 3997/1/1808
f 3978/1/1789 3979/1/1790 3999/1/1810 3998/1/1809
f 3979/1/1790 3980/1/1791 4000/1/1811 3999/1/1810
f 3980/1/1791 3981/1/1792 4001/1/1812 4000/1/1811
f 3981/1/1792 3982/1/1793 4002/1/1813 4001/1/1812
f 3982/1/1793 3983/1/1794 4003/1/1814 4002/1/1813
f 3983/1/1794 3984/1/1795 4004/1/1815 4003/1/1814
f 3984/1/1795 3985/1/1796 4005/1/1816 4004/1/1815
f 3985/1/1796 3986/1/1797 4006/1/1817 4005/1/1816
f 3986/1/1797 3987/1/1798 4007/1/1818 4006/1/1817
f 3987/1/1798 3988/1/1799 4008/1/1819 4007/1/1818
f 3988/1/1799 3989/1/1800 4009/1/1820 4008/1/1819
f 3989/1/1800 3990/1/1801 4010/1/1821 4009/1/1820
f 3990/1/1801 3991/1/1802 4011/1/1822 4010/1/1821
f 3991/1/1802 3992/1/1803 4012/1/1823 4011/1/1822
f 3992/1/1803 3993/1/1804 4013/1/1824 4012/1/1823
f 3993/1/1804 3994/1/1805 4014/1/1825 4013/1/1824
f 3994/1/1805 3975/1/1787 3995/1/1807 4014/1/1825
f 3995/1/1807 3996/1/1806 4016/1/1826 4015/1/1827
f 3996/1/1806 3997/1/1808 4017/1/1828 4016/1/1826
f 3997/1/1808 3998/1/1809 4018/1/1829 4017/1/1828
f 3998/1/1809 3999/1/1810 4019/1/1830 4018/1/1829
f 3999/1/1810 4000/1/1811 4020/1/1831 4019/1/1830
f 4000/1/1811 4001/1/1812 4021/1/1832 4020/1/1831
f 4001/1/1812 4002/1/1813 4022/1/1833 4021/1/1832
f 4002/1/1813 4003/1/1814 4023/1/1834 4022/1/1833
f 4003/1/1814 4004/1/1815 4024/1/1835 4023/1/1834
f 4004/1/1815 4005/1/1816 4025/1/1836 4024/1/1835
f 4005/1/1816 4006/1/1817 4026/1/1837 4025/1/1836
f 4006/1/1817 4007/1/1818 4027/1/1838 4026/1/1837
f 4007/1/1818 4008/1/1819 4028/1/1839 4027/1/1838
f 4008/1/1819 4009/1/1820 4029/1/1840 4028/1/1839
f 4009/1/1820 4010/1/1821 4030/1/1841 4029/1/1840
f 4010/1/1821 4011/1/1822 4031/1/1842 4030/1/1841
f 4011/1/1822 4012/1/1823 4032/1/1843 4031/1/1842
f 4012/1/1823 4013/1/1824 4033/1/1844 4032/1/1843
f 4013/1/1824 4014/1/1825 4034/1/1845 4033/1/1844
f 4014/1/1825 3995/1/1807 4015/1/1827 4034/1/1845
f 4015/1/1827 4016/1/1826 4036/1/1846 4035/1/1847
f 4016/1/1826 4017/1/1828 4037/1/1848 4036/1/1846
f 4017/1/1828 4018/1/1829 4038/1/1849 4037/1/1848
f 4018/1/1829 4019/1/1830 4039/1/1850 4038/1/1849
f 4019/1/1830 4020/1/1831 4040/1/1851 4039/1/1850
f 4020/1/1831 4021/1/1832 4041/1/1852 4040/1/1851
f 4021/1/1832 4022/1/1833 4042/1/1853 4041/1/1852
f 4022/1/1833 4023/1/1834 4043/1/1854 4042/1/1853
f 4023/1/1834 4024/1/1835 4044/1/1855 4043/1/1854
f 4024/1/1835 4025/1/1836 4045/1/1856 4044/1/1855
f 4025/1/1836 4026/1/1837 4046/1/1857 4045/1/1856
f 4026/1/1837 4027/1/1838 4047/1/1858 4046/1/1857
f 4027/1/1838 4028/1/1839 4048/1/1859 4047/1/1858
f 4028/1/1839 4029/1/1840 4049/1/1860 4048/1/1859
f 4029/1/1840 4030/1/1841 4050/1/1861 4049/1/1860
f 4030/1/1841 4031/1/1842 4051/1/1862 4050/1/1861
f 4031/1/1842 4032/1/1843 4052/1/1863 4051/1/1862
f 4032/1/1843 4033/1/1844 4053/1/1864 4052/1/1863
f 4033/1/1844 4034/1/1845 4054/1/1865 4053/1/1864
f 4034/1/1845 4015/1/1827 4035/1/1847 4054/1/1865
f 4035/1/1847 4036/1/1846 4056/1/1866 4055/1/1867
f 4036/1/1846 4037/1/1848 4057/1/1868 4056/1/1866
f 4037/1/1848 4038/1/1849 4058/1/1869 4057/1/1868
f 4038/1/1849 4039/1/1850 4059/1/1870 4058/1/1869
f 4039/1/1850 4040/1/1851 4060/1/1871 4059/1/1870
f 4040/1/1851 4041/1/1852 4061/1/1872 4060/1/1871
f 4041/1/1852 4042/1/1853 4062/1/1873 4061/1/1872
f 4042/1/1853 4043/1/1854 4063/1/1874 4062/1/1873
f 4043/1/1854 4044/1/1855 4064/1/1875 4063/1/1874
f 4044/1/1855 4045/1/1856 4065/1/1876 4064/1/1875
f 4045/1/1856 4046/1/1857 4066/1/1877 4065/1/1876
f 4046/1/1857 4047/1/1858 4067/1/1878 4066/1/1877
f 4047/1/1858 4048/1/1859 4068/1/1879 4067/1/1878
f 4048/1/1859 4049/1/1860 4069/1/1880 4068/1/1879
f 4049/1/1860 4050/1/1861 4070/1/1881 4069/1/1880
f 4050/1/1861 4051/1/1862 4071/1/1882 4070/1/1881
f 4051/1/1862 4052/1/1863 4072/1/1883 4071/1/1882
f 4052/1/1863 4053/1/1864 4073/1/1884 4072/1/1883
f 4053/1/1864 4054/1/1865 4074/1/1885 4073/1/1884
f 4054/1/1865 4035/1/1847 4055/1/1867 4074/1/1885
f 4075/1/304 3916/1/1727 3915/1/1726
f 4075/1/304 3917/1/1730 3916/1/1727
f 4075/1/304 3918/1/1732 3917/1/1730
f 4075/1/304 3919/1/1734 3918/1/1732
f 4075/1/304 3920/1/1736 3919/1/1734
f 4075/1/304 3921/1/1738 3920/1/1736
f 4075/1/304 3922/1/1740 3921/1/1738
f 4075/1/304 3923/1/1742 3922/1/1740
f 4075/1/304 3924/1/1744 3923/1/1742
f 4075/1/304 3925/1/1746 3924/1/1744
f 4075/1/304 3926/1/1748 3925/1/1746
f 4075/1/304 3927/1/1750 3926/1/1748
f 4075/1/304 3928/1/1752 3927/1/1750
f 4075/1/304 3929/1/1754 3928/1/1752
f 4075/1/304 3930/1/1756 3929/1/1754
f 4075/1/304 3931/1/1758 3930/1/1756
f 4075/1/304 3932/1/1760 3931/1/1758
f 4075/1/304 3933/1/1762 3932/1/1760
f 4075/1/304 3934/1/1764 3933/1/1762
f 4075/1/304 3915/1/1726 3934/1/1764
f 4076/1/302 4055/1/1867 4056/1/1866
f 4076/1/302 4056/1/1866 4057/1/1868
f 4076/1/302 4057/1/1868 4058/1/1869
f 4076/1/302 4058/1/1869 4059/1/1870
f 4076/1/302 4059/1/1870 4060/1/1871
f 4076/1/302 4060/1/1871 4061/1/1872
f 4076/1/302 4061/1/1872 4062/1/1873
f 4076/1/302 4062/1/1873 4063/1/1874
f 4076/1/302 4063/1/1874 4064/1/1875
f 4076/1/302 4064/1/1875 4065/1/1876
f 4076/1/302 4065/1/1876 4066/1/1877
f 4076/1/302 4066/1/1877 4067/1/1878
f 4076/1/302 4067/1/1878 4068/1/1879
f 4076/1/302 4068/1/1879 4069/1/1880
f 4076/1/302 4069/1/1880 4070/1/1881
f 4076/1/302 4070/1/1881 4071/1/1882
f 4076/1/302 4071/1/1882 4072/1/1883
f 4076/1/302 4072/1/1883 4073/1/1884
f 4076/1/302 4073/1/1884 4074/1/1885
f 4076/1/302 4074/1/1885 4055/1/1867
f 4325/1/1726 4326/1/1727 4346/1/1728 4345/1/1729
f 4326/1/1727 4327/1/1730 4347/1/1731 4346/1/1728
f 4327/1/1730 4328/1/1732 4348/1/1733 4347/1/1731
f 4328/1/1732 4329/1/1734 4349/1/1735 4348/1/1733
f 4329/1/1734 4330/1/1736 4350/1/1737 4349/1/1735
f 4330/1/1736 4331/1/1738 4351/1/1739 4350/1/1737
f 4331/1/1738 4332/1/1740 4352/1/1741 4351/1/1739
f 4332/1/1740 4333/1/1742 4353/1/1743 4352/1/1741
f 4333/1/1742 4334/1/1744 4354/1/1745 4353/1/1743
f 4334/1/1744 4335/1/1746 4355/1/1747 4354/1/1745
f 4335/1/1746 4336/1/1748 4356/1/1749 4355/1/1747
f 4336/1/1748 4337/1/1750 4357/1/1751 4356/1/1749
f 4337/1/1750 4338/1/1752 4358/1/1753 4357/1/1751
f 4338/1/1752 4339/1/1754 4359/1/1755 4358/1/1753
f 4339/1/1754 4340/1/1756 4360/1/1757 4359/1/1755
f 4340/1/1756 4341/1/1758 4361/1/1759 4360/1/1757
f 4341/1/1758 4342/1/1760 4362/1/1761 4361/1/1759
f 4342/1/1760 4343/1/1762 4363/1/1763 4362/1/1761
f 4343/1/1762 4344/1/1764 4364/1/1765 4363/1/1763
f 4344/1/1764 4325/1/1726 4345/1/1729 4364/1/1765
f 4345/1/1729 4346/1/1728 4366/1/1766 4365/1/1767
f 4346/1/1728 4347/1/1731 4367/1/1768 4366/1/1766
f 4347/1/1731 4348/1/1733 4368/1/1769 4367/1/1768
f 4348/1/1733 4349/1/1735 4369/1/1770 4368/1/1769
f 4349/1/1735 4350/1/1737 4370/1/1771 4369/1/1770
f 4350/1/1737 4351/1/1739 4371/1/1772 4370/1/1771
f 4351/1/1739 4352/1/1741 4372/1/1773 4371/1/1772
f 4352/1/1741 4353/1/1743 4373/1/1774 4372/1/1773
f 4353/1/1743 4354/1/1745 4374/1/1775 4373/1/1774
f 4354/1/1745 4355/1/1747 4375/1/1776 4374/1/1775
f 4355/1/1747 4356/1/1749 4376/1/1777 4375/1/1776
f 4356/1/1749 4357/1/1751 4377/1/1778 4376/1/1777
f 4357/1/1751 4358/1/1753 4378/1/1779 4377/1/1778
f 4358/1/1753 4359/1/1755 4379/1/1780 4378/1/1779
f 4359/1/1755 4360/1/1757 4380/1/1781 4379/1/1780
f 4360/1/1757 4361/1/1759 4381/1/1782 4380/1/1781
f 4361/1/1759 4362/1/1761 4382/1/1783 4381/1/1782
f 4362/1/1761 4363/1/1763 4383/1/1784 4382/1/1783
f 4363/1/1763 4364/1/1765 4384/1/1785 4383/1/1784
f 4364/1/1765 4345/1/1729 4365/1/1767 4384/1/1785
f 4365/1/1767 4366/1/1766 4386/1/1786 4385/1/1787
f 4366/1/1766 4367/1/1768 4387/1/1788 4386/1/1786
f 4367/1/1768 4368/1/1769 4388/1/1789 4387/1/1788
f 4368/1/1769 4369/1/1770 4389/1/1790 4388/1/1789
f 4369/1/1770 4370/1/1771 4390/1/1791 4389/1/1790
f 4370/1/1771 4371/1/1772 4391/1/1792 4390/1/1791
f 4371/1/1772 4372/1/1773 4392/1/1793 4391/1/1792
f 4372/1/1773 4373/1/1774 4393/1/1794 4392/1/1793
f 4373/1/1774 4374/1/1775 4394/1/1795 4393/1/1794
f 4374/1/1775 4375/1/1776 4395/1/1796 4394/1/1795
f 4375/1/1776 4376/1/1777 4396/1/1797 4395/1/1796
f 4376/1/1777 4377/1/1778 4397/1/1798 4396/1/1797
f 4377/1/1778 4378/1/1779 4398/1/1799 4397/1/1798
f 4378/1/1779 4379/1/1780 4399/1/1800 4398/1/1799
f 4379/1/1780 4380/1/1781 4400/1/1801 4399/1/1800
f 4380/1/1781 4381/1/1782 4401/1/1802 4400/1/1801
f 4381/1/1782 4382/1/1783 4402/1/1803 4401/1/1802
f 4382/1/1783 4383/1/1784 4403/1/1804 4402/1/1803
f 4383/1/1784 4384/1/1785 4404/1/1805 4403/1/1804
f 4384/1/1785 4365/1/1767 4385/1/1787 4404/1/1805
f 4385/1/1787 4386/1/1786 4406/1/1806 4405/1/1807
f 4386/1/1786 4387/1/1788 4407/1/1808 4406/1/1806
f 4387/1/1788 4388/1/1789 4408/1/1809 4407/1/1808
f 4388/1/1789 4389/1/1790 4409/1/1810 4408/1/1809
f 4389/1/1790 4390/1/1791 4410/1/1811 4409/1/1810
f 4390/1/1791 4391/1/1792 4411/1/1812 4410/1/1811
f 4391/1/1792 4392/1/1793 4412/1/1813 4411/1/1812
f 4392/1/1793 4393/1/1794 4413/1/1814 4412/1/1813
f 4393/1/1794 4394/1/1795 4414/1/1815 4413/1/1814
f 4394/1/1795 4395/1/1796 4415/1/1816 4414/1/1815
f 4395/1/1796 4396/1/1797 4416/1/1817 4415/1/1816
f 4396/1/1797 4397/1/1798 4417/1/1818 4416/1/1817
f 4397/1/1798 4398/1/1799 4418/1/1819 4417/1/1818
f 4398/1/1799 4399/1/1800 4419/1/1820 4418/1/1819
f 4399/1/1800 4400/1/1801 4420/1/1821 4419/1/1820
f 4400/1/1801 4401/1/1802 4421/1/1822 4420/1/1821
f 4401/1/1802 4402/1/1803 4422/1/1823 4421/1/1822
f 4402/1/1803 4403/1/1804 4423/1/1824 4422/1/1823
f 4403/1/1804 4404/1/1805 4424/1/1825 4423/1/1824
f 4404/1/1805 4385/1/1787 4405/1/1807 4424/1/1825
f 4405/1/1807 4406/1/1806 4426/1/1826 4425/1/1827
f 4406/1/1806 4407/1/1808 4427/1/1828 4426/1/1826
f 4407/1/1808 4408/1/1809 4428/1/1829 4427/1/1828
f 4408/1/1809 4409/1/1810 4429/1/1830 4428/1/1829
f 4409/1/1810 4410/1/1811 4430/1/1831 4429/1/1830
f 4410/1/1811 4411/1/1812 4431/1/1832 4430/1/1831
f 4411/1/1812 4412/1/1813 4432/1/1833 4431/1/1832
f 4412/1/1813 4413/1/1814 4433/1/1834 4432/1/1833
f 4413/1/1814 4414/1/1815 4434/1/1835 4433/1/1834
f 4414/1/1815 4415/1/1816 4435/1/1836 4434/1/1835
f 4415/1/1816 4416/1/1817 4436/1/1837 4435/1/1836
f 4416/1/1817 4417/1/1818 4437/1/1838 4436/1/1837
f 4417/1/1818 4418/1/1819 4438/1/1839 4437/1/1838
f 4418/1/1819 4419/1/1820 4439/1/1840 4438/1/1839
f 4419/1/1820 4420/1/1821 4440/1/1841 4439/1/1840
f 4420/1/1821 4421/1/1822 4441/1/1842 4440/1/1841
f 4421/1/1822 4422/1/1823 4442/1/1843 4441/1/1842
f 4422/1/1823 4423/1/1824 4443/1/1844 4442/1/1843
f 4423/1/1824 4424/1/1825 4444/1/1845 4443/1/1844
f 4424/1/1825 4405/1/1807 4425/1/1827 4444/1/1845
f 4425/1/1827 4426/1/1826 4446/1/1846 4445/1/1847
f 4426/1/1826 4427/1/1828 4447/1/1848 4446/1/1846
f 4427/1/1828 4428/1/1829 4448/1/1849 4447/1/1848
f 4428/1/1829 4429/1/1830 4449/1/1850 4448/1/1849
f 4429/1/1830 4430/1/1831 4450/1/1851 4449/1/1850
f 4430/1/1831 4431/1/1832 4451/1/1852 4450/1/1851
f 4431/1/1832 4432/1/1833 4452/1/1853 4451/1/1852
f 4432/1/1833 4433/1/1834 4453/1/1854 4452/1/1853
f 4433/1/1834 4434/1/1835 4454/1/1855 4453/1/1854
f 4434/1/1835 4435/1/1836 4455/1/1856 4454/1/1855
f 4435/1/1836 4436/1/1837 4456/1/1857 4455/1/1856
f 4436/1/1837 4437/1/1838 4457/1/1858 4456/1/1857
f 4437/1/1838 4438/1/1839 4458/1/1859 4457/1/1858
f 4438/1/1839 4439/1/1840 4459/1/1860 4458/1/1859
f 4439/1/1840 4440/1/1841 4460/1/1861 4459/1/1860
f 4440/1/1841 4441/1/1842 4461/1/1862 4460/1/1861
f 4441/1/1842 4442/1/1843 4462/1/1863 4461/1/1862
f 4442/1/1843 4443/1/1844 4463/1/1864 4462/1/1863
f 4443/1/1844 4444/1/1845 4464/1/1865 4463/1/1864
f 4444/1/1845 4425/1/1827 4445/1/1847 4464/1/1865
f 4445/1/1847 4446/1/1846 4466/1/1866 4465/1/1867
f 4446/1/1846 4447/1/1848 4467/1/1868 4466/1/1866
f 4447/1/1848 4448/1/1849 4468/1/1869 4467/1/1868
f 4448/1/1849 4449/1/1850 4469/1/1870 4468/1/1869
f 4449/1/1850 4450/1/1851 4470/1/1871 4469/1/1870
f 4450/1/1851 4451/1/1852 4471/1/1872 4470/1/1871
f 4451/1/1852 4452/1/1853 4472/1/1873 4471/1/1872
f 4452/1/1853 4453/1/1854 4473/1/1874 4472/1/1873
f 4453/1/1854 4454/1/1855 4474/1/1875 4473/1/1874
f 4454/1/1855 4455/1/1856 4475/1/1876 4474/1/1875
f 4455/1/1856 4456/1/1857 4476/1/1877 4475/1/1876
f 4456/1/1857 4457/1/1858 4477/1/1878 4476/1/1877
f 4457/1/1858 4458/1/1859 4478/1/1879 4477/1/1878
f 4458/1/1859 4459/1/1860 4479/1/1880 4478/1/1879
f 4459/1/1860 4460/1/1861 4480/1/1881 4479/1/1880
f 4460/1/1861 4461/1/1862 4481/1/1882 4480/1/1881
f 4461/1/1862 4462/1/1863 4482/1/1883 4481/1/1882
f 4462/1/1863 4463/1/1864 4483/1/1884 4482/1/1883
f 4463/1/1864 4464/1/1865 4484/1/1885 4483/1/1884
f 4464/1/1865 4445/1/1847 4465/1/1867 4484/1/1885
f 4485/1/304 4326/1/1727 4325/1/1726
f 4485/1/304 4327/1/1730 4326/1/1727
f 4485/1/304 4328/1/1732 4327/1/1730
f 4485/1/304 4329/1/1734 4328/1/1732
f 4485/1/304 4330/1/1736 4329/1/1734
f 4485/1/304 4331/1/1738 4330/1/1736
f 4485/1/304 4332/1/1740 4331/1/1738
f 4485/1/304 4333/1/1742 4332/1/1740
f 4485/1/304 4334/1/1744 4333/1/1742
f 4485/1/304 4335/1/1746 4334/1/1744
f 4485/1/304 4336/1/1748 4335/1/1746
f 4485/1/304 4337/1/1750 4336/1/1748
f 4485/1/304 4338/1/1752 4337/1/1750
f 4485/1/304 4339/1/1754 4338/1/1752
f 4485/1/304 4340/1/1756 4339/1/1754
f 4485/1/304 4341/1/1758 4340/1/1756
f 4485/1/304 4342/1/1760 4341/1/1758
f 4485/1/304 4343/1/1762 4342/1/1760
f 4485/1/304 4344/1/1764 4343/1/1762
f 4485/1/304 4325/1/1726 4344/1/1764
f 4486/1/302 4465/1/1867 4466/1/1866
f 4486/1/302 4466/1/1866 4467/1/1868
f 4486/1/302 4467/1/1868 4468/1/1869
f 4486/1/302 4468/1/1869 4469/1/1870
f 4486/1/302 4469/1/1870 4470/1/1871
f 4486/1/302 4470/1/1871 4471/1/1872
f 4486/1/302 4471/1/1872 4472/1/1873
f 4486/1/302 4472/1/1873 4473/1/1874
f 4486/1/302 4473/1/1874 4474/1/1875
f 4486/1/302 4474/1/1875 4475/1/1876
f 4486/1/302 4475/1/1876 4476/1/1877
f 4486/1/302 4476/1/1877 4477/1/1878
f 4486/1/302 4477/1/1878 4478/1/1879
f 4486/1/302 4478/1/1879 4479/1/1880
f 4486/1/302 4479/1/1880 4480/1/1881
f 4486/1/302 4480/1/1881 4481/1/1882
f 4486/1/302 4481/1/1882 4482/1/1883
f 4486/1/302 4482/1/1883 4483/1/1884
f 4486/1/302 4483/1/1884 4484/1/1885
f 4486/1/302 4484/1/1885 4465/1/1867
