# Blender 4.0.2
# www.blender.org
mtllib traveler_body.mtl
o TravelerBody
v 0.000000 1.000000 0.000000
v 0.000000 1.000000 0.000000
v 0.000000 1.000000 0.000000
v 0.000000 1.000000 0.000000
v 0.000000 1.000000 0.000000
v 0.000000 1.000000 0.000000
v 0.000000 1.000000 0.000000
v 0.000000 1.000000 0.000000
v 0.000000 1.000000 0.000000
v 0.000000 1.000000 0.000000
v 0.000000 1.000000 0.000000
v 0.000000 1.000000 0.000000
v 0.000000 1.000000 0.000000
v 0.000000 1.000000 0.000000
v 0.000000 1.000000 0.000000
v 0.000000 1.000000 0.000000
v 0.000000 1.000000 0.000000
v 0.000000 1.000000 0.000000
v 0.000000 1.000000 0.000000
v 0.000000 1.000000 0.000000
v 0.000000 1.000000 0.000000
v 0.000000 1.000000 0.000000
v 0.000000 1.012000 0.054520
v 0.016340 1.012000 0.052312
v 0.031357 1.012000 0.045865
v 0.043833 1.012000 0.035703
v 0.052759 1.012000 0.022648
v 0.057410 1.012000 0.007759
v 0.057410 1.012000 -0.007759
v 0.052759 1.012000 -0.022648
v 0.043833 1.012000 -0.035703
v 0.031357 1.012000 -0.045865
v 0.016340 1.012000 -0.052312
v 0.000000 1.012000 -0.054520
v -0.016340 1.012000 -0.052312
v -0.031357 1.012000 -0.045865
v -0.043833 1.012000 -0.035703
v -0.052759 1.012000 -0.022648
v -0.057410 1.012000 -0.007759
v -0.057410 1.012000 0.007759
v -0.052759 1.012000 0.022648
v -0.043833 1.012000 0.035703
v -0.031357 1.012000 0.045865
v -0.016340 1.012000 0.052312
v 0.000000 1.036000 0.089300
v 0.026765 1.036000 0.085683
v 0.051361 1.036000 0.075124
v 0.071796 1.036000 0.058479
v 0.086415 1.036000 0.037097
v 0.094033 1.036000 0.012709
v 0.094033 1.036000 -0.012709
v 0.086415 1.036000 -0.037097
v 0.071796 1.036000 -0.058479
v 0.051361 1.036000 -0.075124
v 0.026765 1.036000 -0.085683
v 0.000000 1.036000 -0.089300
v -0.026765 1.036000 -0.085683
v -0.051361 1.036000 -0.075124
v -0.071796 1.036000 -0.058479
v -0.086415 1.036000 -0.037097
v -0.094033 1.036000 -0.012709
v -0.094033 1.036000 0.012709
v -0.086415 1.036000 0.037097
v -0.071796 1.036000 0.058479
v -0.051361 1.036000 0.075124
v -0.026765 1.036000 0.085683
v 0.000000 1.066000 0.112800
v 0.033808 1.066000 0.108231
v 0.064877 1.066000 0.094893
v 0.090690 1.066000 0.073868
v 0.109156 1.066000 0.046859
v 0.118779 1.066000 0.016053
v 0.118779 1.066000 -0.016053
v 0.109156 1.066000 -0.046859
v 0.090690 1.066000 -0.073868
v 0.064877 1.066000 -0.094893
v 0.033808 1.066000 -0.108231
v 0.000000 1.066000 -0.112800
v -0.033808 1.066000 -0.108231
v -0.064877 1.066000 -0.094893
v -0.090690 1.066000 -0.073868
v -0.109156 1.066000 -0.046859
v -0.118779 1.066000 -0.016053
v -0.118779 1.066000 0.016053
v -0.109156 1.066000 0.046859
v -0.090690 1.066000 0.073868
v -0.064877 1.066000 0.094893
v -0.033808 1.066000 0.108231
v 0.000000 1.100000 0.127840
v 0.038316 1.100000 0.122662
v 0.073527 1.100000 0.107546
v 0.102782 1.100000 0.083717
v 0.123710 1.100000 0.053107
v 0.134616 1.100000 0.018194
v 0.134616 1.100000 -0.018194
v 0.123710 1.100000 -0.053107
v 0.102782 1.100000 -0.083717
v 0.073527 1.100000 -0.107546
v 0.038316 1.100000 -0.122662
v 0.000000 1.100000 -0.127840
v -0.038316 1.100000 -0.122662
v -0.073527 1.100000 -0.107546
v -0.102782 1.100000 -0.083717
v -0.123710 1.100000 -0.053107
v -0.134616 1.100000 -0.018194
v -0.134616 1.100000 0.018194
v -0.123710 1.100000 0.053107
v -0.102782 1.100000 0.083717
v -0.073527 1.100000 0.107546
v -0.038316 1.100000 0.122662
v 0.000000 1.135000 0.135360
v 0.040569 1.135000 0.129877
v 0.077852 1.135000 0.113872
v 0.108828 1.135000 0.088642
v 0.130987 1.135000 0.056231
v 0.142534 1.135000 0.019264
v 0.142534 1.135000 -0.019264
v 0.130987 1.135000 -0.056231
v 0.108828 1.135000 -0.088642
v 0.077852 1.135000 -0.113872
v 0.040569 1.135000 -0.129877
v 0.000000 1.135000 -0.135360
v -0.040569 1.135000 -0.129877
v -0.077852 1.135000 -0.113872
v -0.108828 1.135000 -0.088642
v -0.130987 1.135000 -0.056231
v -0.142534 1.135000 -0.019264
v -0.142534 1.135000 0.019264
v -0.130987 1.135000 0.056231
v -0.108828 1.135000 0.088642
v -0.077852 1.135000 0.113872
v -0.040569 1.135000 0.129877
v 0.000000 1.170000 0.136300
v 0.040851 1.170000 0.130779
v 0.078393 1.170000 0.114663
v 0.109584 1.170000 0.089258
v 0.131897 1.170000 0.056621
v 0.143524 1.170000 0.019398
v 0.143524 1.170000 -0.019398
v 0.131897 1.170000 -0.056621
v 0.109584 1.170000 -0.089258
v 0.078393 1.170000 -0.114663
v 0.040851 1.170000 -0.130779
v 0.000000 1.170000 -0.136300
v -0.040851 1.170000 -0.130779
v -0.078393 1.170000 -0.114663
v -0.109584 1.170000 -0.089258
v -0.131897 1.170000 -0.056621
v -0.143524 1.170000 -0.019398
v -0.143524 1.170000 0.019398
v -0.131897 1.170000 0.056621
v -0.109584 1.170000 0.089258
v -0.078393 1.170000 0.114663
v -0.040851 1.170000 0.130779
v 0.000000 1.205000 0.131600
v 0.039443 1.205000 0.126269
v 0.075690 1.205000 0.110709
v 0.105805 1.205000 0.086180
v 0.127348 1.205000 0.054669
v 0.138575 1.205000 0.018729
v 0.138575 1.205000 -0.018729
v 0.127348 1.205000 -0.054669
v 0.105805 1.205000 -0.086180
v 0.075690 1.205000 -0.110709
v 0.039443 1.205000 -0.126269
v 0.000000 1.205000 -0.131600
v -0.039443 1.205000 -0.126269
v -0.075690 1.205000 -0.110709
v -0.105805 1.205000 -0.086180
v -0.127348 1.205000 -0.054669
v -0.138575 1.205000 -0.018729
v -0.138575 1.205000 0.018729
v -0.127348 1.205000 0.054669
v -0.105805 1.205000 0.086180
v -0.075690 1.205000 0.110709
v -0.039443 1.205000 0.126269
v 0.000000 1.240000 0.116560
v 0.034935 1.240000 0.111839
v 0.067039 1.240000 0.098057
v 0.093713 1.240000 0.076331
v 0.112794 1.240000 0.048421
v 0.122738 1.240000 0.016588
v 0.122738 1.240000 -0.016588
v 0.112794 1.240000 -0.048421
v 0.093713 1.240000 -0.076331
v 0.067039 1.240000 -0.098057
v 0.034935 1.240000 -0.111839
v 0.000000 1.240000 -0.116560
v -0.034935 1.240000 -0.111839
v -0.067039 1.240000 -0.098057
v -0.093713 1.240000 -0.076331
v -0.112794 1.240000 -0.048421
v -0.122738 1.240000 -0.016588
v -0.122738 1.240000 0.016588
v -0.112794 1.240000 0.048421
v -0.093713 1.240000 0.076331
v -0.067039 1.240000 0.098057
v -0.034935 1.240000 0.111839
v 0.000000 1.272000 0.092120
v 0.027610 1.272000 0.088388
v 0.052983 1.272000 0.077496
v 0.074063 1.272000 0.060326
v 0.089144 1.272000 0.038268
v 0.097002 1.272000 0.013110
v 0.097002 1.272000 -0.013110
v 0.089144 1.272000 -0.038268
v 0.074063 1.272000 -0.060326
v 0.052983 1.272000 -0.077496
v 0.027610 1.272000 -0.088388
v 0.000000 1.272000 -0.092120
v -0.027610 1.272000 -0.088388
v -0.052983 1.272000 -0.077496
v -0.074063 1.272000 -0.060326
v -0.089144 1.272000 -0.038268
v -0.097002 1.272000 -0.013110
v -0.097002 1.272000 0.013110
v -0.089144 1.272000 0.038268
v -0.074063 1.272000 0.060326
v -0.052983 1.272000 0.077496
v -0.027610 1.272000 0.088388
v 0.000000 1.292000 0.054520
v 0.016340 1.292000 0.052312
v 0.031357 1.292000 0.045865
v 0.043833 1.292000 0.035703
v 0.052759 1.292000 0.022648
v 0.057410 1.292000 0.007759
v 0.057410 1.292000 -0.007759
v 0.052759 1.292000 -0.022648
v 0.043833 1.292000 -0.035703
v 0.031357 1.292000 -0.045865
v 0.016340 1.292000 -0.052312
v 0.000000 1.292000 -0.054520
v -0.016340 1.292000 -0.052312
v -0.031357 1.292000 -0.045865
v -0.043833 1.292000 -0.035703
v -0.052759 1.292000 -0.022648
v -0.057410 1.292000 -0.007759
v -0.057410 1.292000 0.007759
v -0.052759 1.292000 0.022648
v -0.043833 1.292000 0.035703
v -0.031357 1.292000 0.045865
v -0.016340 1.292000 0.052312
v 0.000000 1.300000 0.000000
v 0.000000 1.300000 0.000000
v 0.000000 1.300000 0.000000
v 0.000000 1.300000 0.000000
v 0.000000 1.300000 0.000000
v 0.000000 1.300000 0.000000
v 0.000000 1.300000 0.000000
v 0.000000 1.300000 0.000000
v 0.000000 1.300000 0.000000
v 0.000000 1.300000 0.000000
v 0.000000 1.300000 0.000000
v 0.000000 1.300000 0.000000
v 0.000000 1.300000 0.000000
v 0.000000 1.300000 0.000000
v 0.000000 1.300000 0.000000
v 0.000000 1.300000 0.000000
v 0.000000 1.300000 0.000000
v 0.000000 1.300000 0.000000
v 0.000000 1.300000 0.000000
v 0.000000 1.300000 0.000000
v 0.000000 1.300000 0.000000
v 0.000000 1.300000 0.000000
v 0.000000 0.935000 -0.032000
v 0.000000 1.045000 -0.032000
v 0.018809 0.935000 -0.025889
v 0.018809 1.045000 -0.025889
v 0.030434 0.935000 -0.009889
v 0.030434 1.045000 -0.009889
v 0.030434 0.935000 0.009889
v 0.030434 1.045000 0.009889
v 0.018809 0.935000 0.025889
v 0.018809 1.045000 0.025889
v 0.000000 0.935000 0.032000
v 0.000000 1.045000 0.032000
v -0.018809 0.935000 0.025889
v -0.018809 1.045000 0.025889
v -0.030434 0.935000 0.009889
v -0.030434 1.045000 0.009889
v -0.030434 0.935000 -0.009889
v -0.030434 1.045000 -0.009889
v -0.018809 0.935000 -0.025889
v -0.018809 1.045000 -0.025889
v -0.025311 1.235231 -0.036934
v -0.033111 1.275381 -0.094275
v -0.015344 1.241266 -0.034064
v -0.023144 1.281417 -0.091405
v -0.016033 1.251036 -0.027130
v -0.023833 1.291186 -0.084470
v -0.026689 1.254769 -0.023066
v -0.034489 1.294920 -0.080406
v -0.036656 1.248734 -0.025936
v -0.044456 1.288884 -0.083277
v -0.035967 1.238964 -0.032870
v -0.043767 1.279115 -0.090211
v -0.033800 1.288545 -0.090735
v -0.033800 1.285150 -0.092141
v -0.033800 1.281756 -0.090735
v -0.030861 1.288545 -0.089038
v -0.029643 1.285150 -0.089741
v -0.030861 1.281756 -0.089038
v -0.030861 1.288545 -0.085644
v -0.029643 1.285150 -0.084941
v -0.030861 1.281756 -0.085644
v -0.033800 1.288545 -0.083947
v -0.033800 1.285150 -0.082541
v -0.033800 1.281756 -0.083947
v -0.033800 1.280350 -0.087341
v -0.033800 1.289950 -0.087341
v -0.036739 1.288545 -0.085644
v -0.037957 1.285150 -0.084941
v -0.036739 1.281756 -0.085644
v -0.036739 1.288545 -0.089038
v -0.037957 1.285150 -0.089741
v -0.036739 1.281756 -0.089038
v 0.001958 1.234596 -0.039368
v 0.002558 1.294818 -0.106251
v 0.014103 1.239717 -0.034648
v 0.014703 1.299939 -0.101531
v 0.014145 1.250121 -0.025280
v 0.014745 1.310343 -0.092163
v 0.002042 1.255404 -0.020632
v 0.002642 1.315626 -0.087515
v -0.010103 1.250283 -0.025352
v -0.009503 1.310505 -0.092235
v -0.010145 1.239879 -0.034720
v -0.009545 1.300101 -0.101603
v 0.002600 1.309182 -0.100843
v 0.002600 1.305222 -0.102483
v 0.002600 1.301262 -0.100843
v 0.006029 1.309182 -0.098863
v 0.007450 1.305222 -0.099683
v 0.006029 1.301262 -0.098863
v 0.006029 1.309182 -0.094903
v 0.007450 1.305222 -0.094083
v 0.006029 1.301262 -0.094903
v 0.002600 1.309182 -0.092923
v 0.002600 1.305222 -0.091283
v 0.002600 1.301262 -0.092923
v 0.002600 1.299622 -0.096883
v 0.002600 1.310822 -0.096883
v -0.000829 1.309182 -0.094903
v -0.002250 1.305222 -0.094083
v -0.000829 1.301262 -0.094903
v -0.000829 1.309182 -0.098863
v -0.002250 1.305222 -0.099683
v -0.000829 1.301262 -0.098863
v 0.027145 1.235370 -0.035247
v 0.035545 1.265416 -0.091756
v 0.036989 1.238945 -0.031883
v 0.045389 1.268992 -0.088392
v 0.037844 1.248575 -0.026636
v 0.046244 1.278621 -0.083144
v 0.028855 1.254630 -0.024753
v 0.037255 1.284676 -0.081261
v 0.019011 1.251055 -0.028117
v 0.027411 1.281101 -0.084626
v 0.018156 1.241425 -0.033364
v 0.026556 1.271471 -0.089873
v 0.036400 1.278157 -0.089620
v 0.036400 1.275046 -0.090909
v 0.036400 1.271935 -0.089620
v 0.039094 1.278157 -0.088064
v 0.040211 1.275046 -0.088709
v 0.039094 1.271935 -0.088064
v 0.039094 1.278157 -0.084953
v 0.040211 1.275046 -0.084309
v 0.039094 1.271935 -0.084953
v 0.036400 1.278157 -0.083397
v 0.036400 1.275046 -0.082109
v 0.036400 1.271935 -0.083397
v 0.036400 1.270646 -0.086509
v 0.036400 1.279446 -0.086509
v 0.033706 1.278157 -0.084953
v 0.032589 1.275046 -0.084309
v 0.033706 1.271935 -0.084953
v 0.033706 1.278157 -0.088064
v 0.032589 1.275046 -0.088709
v 0.033706 1.271935 -0.088064
v -0.055000 1.137841 0.110327
v -0.049903 1.186183 0.119095
v -0.045581 1.178163 0.114937
v -0.042694 1.166159 0.112158
v -0.041680 1.152000 0.111183
v -0.042694 1.137841 0.112158
v -0.045581 1.125837 0.114937
v -0.049903 1.117816 0.119095
v -0.046171 1.186183 0.121168
v -0.038686 1.178163 0.118767
v -0.033685 1.166159 0.117163
v -0.031929 1.152000 0.116600
v -0.033685 1.137841 0.117163
v -0.038686 1.125837 0.118767
v -0.046171 1.117816 0.121168
v -0.044805 1.186183 0.124000
v -0.036163 1.178163 0.124000
v -0.030388 1.166159 0.124000
v -0.028360 1.152000 0.124000
v -0.030388 1.137841 0.124000
v -0.036163 1.125837 0.124000
v -0.044805 1.117816 0.124000
v -0.046171 1.186183 0.126832
v -0.038686 1.178163 0.129233
v -0.033685 1.166159 0.130837
v -0.031929 1.152000 0.131400
v -0.033685 1.137841 0.130837
v -0.038686 1.125837 0.129233
v -0.046171 1.117816 0.126832
v -0.049903 1.186183 0.128905
v -0.045581 1.178163 0.133063
v -0.042694 1.166159 0.135842
v -0.041680 1.152000 0.136817
v -0.042694 1.137841 0.135842
v -0.045581 1.125837 0.133063
v -0.049903 1.117816 0.128905
v -0.055000 1.186183 0.129664
v -0.055000 1.178163 0.134465
v -0.055000 1.166159 0.137673
v -0.055000 1.152000 0.138800
v -0.055000 1.137841 0.137673
v -0.055000 1.125837 0.134465
v -0.055000 1.117816 0.129664
v -0.060097 1.186183 0.128905
v -0.064419 1.178163 0.133063
v -0.067306 1.166159 0.135842
v -0.068320 1.152000 0.136817
v -0.067306 1.137841 0.135842
v -0.064419 1.125837 0.133063
v -0.060097 1.117816 0.128905
v -0.063829 1.186183 0.126832
v -0.071314 1.178163 0.129233
v -0.076315 1.166159 0.130837
v -0.078071 1.152000 0.131400
v -0.076315 1.137841 0.130837
v -0.071314 1.125837 0.129233
v -0.063829 1.117816 0.126832
v -0.055000 1.189000 0.124000
v -0.065195 1.186183 0.124000
v -0.073837 1.178163 0.124000
v -0.079612 1.166159 0.124000
v -0.081640 1.152000 0.124000
v -0.079612 1.137841 0.124000
v -0.073837 1.125837 0.124000
v -0.065195 1.117816 0.124000
v -0.063829 1.186183 0.121168
v -0.071314 1.178163 0.118767
v -0.076315 1.166159 0.117163
v -0.078071 1.152000 0.116600
v -0.076315 1.137841 0.117163
v -0.071314 1.125837 0.118767
v -0.063829 1.117816 0.121168
v -0.060097 1.186183 0.119095
v -0.064419 1.178163 0.114937
v -0.067306 1.166159 0.112158
v -0.068320 1.152000 0.111183
v -0.067306 1.137841 0.112158
v -0.064419 1.125837 0.114937
v -0.060097 1.117816 0.119095
v -0.055000 1.186183 0.118336
v -0.055000 1.178163 0.113535
v -0.055000 1.166159 0.110327
v -0.055000 1.152000 0.109200
v -0.055000 1.125837 0.113535
v -0.055000 1.117816 0.118336
v -0.055000 1.115000 0.124000
v 0.055000 1.137841 0.110327
v 0.060097 1.186183 0.119095
v 0.064419 1.178163 0.114937
v 0.067306 1.166159 0.112158
v 0.068320 1.152000 0.111183
v 0.067306 1.137841 0.112158
v 0.064419 1.125837 0.114937
v 0.060097 1.117816 0.119095
v 0.063829 1.186183 0.121168
v 0.071314 1.178163 0.118767
v 0.076315 1.166159 0.117163
v 0.078071 1.152000 0.116600
v 0.076315 1.137841 0.117163
v 0.071314 1.125837 0.118767
v 0.063829 1.117816 0.121168
v 0.065195 1.186183 0.124000
v 0.073837 1.178163 0.124000
v 0.079612 1.166159 0.124000
v 0.081640 1.152000 0.124000
v 0.079612 1.137841 0.124000
v 0.073837 1.125837 0.124000
v 0.065195 1.117816 0.124000
v 0.063829 1.186183 0.126832
v 0.071314 1.178163 0.129233
v 0.076315 1.166159 0.130837
v 0.078071 1.152000 0.131400
v 0.076315 1.137841 0.130837
v 0.071314 1.125837 0.129233
v 0.063829 1.117816 0.126832
v 0.060097 1.186183 0.128905
v 0.064419 1.178163 0.133063
v 0.067306 1.166159 0.135842
v 0.068320 1.152000 0.136817
v 0.067306 1.137841 0.135842
v 0.064419 1.125837 0.133063
v 0.060097 1.117816 0.128905
v 0.055000 1.186183 0.129664
v 0.055000 1.178163 0.134465
v 0.055000 1.166159 0.137673
v 0.055000 1.152000 0.138800
v 0.055000 1.137841 0.137673
v 0.055000 1.125837 0.134465
v 0.055000 1.117816 0.129664
v 0.049903 1.186183 0.128905
v 0.045581 1.178163 0.133063
v 0.042694 1.166159 0.135842
v 0.041680 1.152000 0.136817
v 0.042694 1.137841 0.135842
v 0.045581 1.125837 0.133063
v 0.049903 1.117816 0.128905
v 0.046171 1.186183 0.126832
v 0.038686 1.178163 0.129233
v 0.033685 1.166159 0.130837
v 0.031929 1.152000 0.131400
v 0.033685 1.137841 0.130837
v 0.038686 1.125837 0.129233
v 0.046171 1.117816 0.126832
v 0.055000 1.189000 0.124000
v 0.044805 1.186183 0.124000
v 0.036163 1.178163 0.124000
v 0.030388 1.166159 0.124000
v 0.028360 1.152000 0.124000
v 0.030388 1.137841 0.124000
v 0.036163 1.125837 0.124000
v 0.044805 1.117816 0.124000
v 0.046171 1.186183 0.121168
v 0.038686 1.178163 0.118767
v 0.033685 1.166159 0.117163
v 0.031929 1.152000 0.116600
v 0.033685 1.137841 0.117163
v 0.038686 1.125837 0.118767
v 0.046171 1.117816 0.121168
v 0.049903 1.186183 0.119095
v 0.045581 1.178163 0.114937
v 0.042694 1.166159 0.112158
v 0.041680 1.152000 0.111183
v 0.042694 1.137841 0.112158
v 0.045581 1.125837 0.114937
v 0.049903 1.117816 0.119095
v 0.055000 1.186183 0.118336
v 0.055000 1.178163 0.113535
v 0.055000 1.166159 0.110327
v 0.055000 1.152000 0.109200
v 0.055000 1.125837 0.113535
v 0.055000 1.117816 0.118336
v 0.055000 1.115000 0.124000
v 0.000000 0.650000 0.080840
v 0.032150 0.650000 0.075965
v 0.060422 0.650000 0.061927
v 0.081406 0.650000 0.040420
v 0.092572 0.650000 0.014038
v 0.092572 0.650000 -0.014038
v 0.081406 0.650000 -0.040420
v 0.060422 0.650000 -0.061927
v 0.032150 0.650000 -0.075965
v 0.000000 0.650000 -0.080840
v -0.032150 0.650000 -0.075965
v -0.060422 0.650000 -0.061927
v -0.081406 0.650000 -0.040420
v -0.092572 0.650000 -0.014038
v -0.092572 0.650000 0.014038
v -0.081406 0.650000 0.040420
v -0.060422 0.650000 0.061927
v -0.032150 0.650000 0.075965
v 0.000000 0.760000 0.078260
v 0.031124 0.760000 0.073540
v 0.058494 0.760000 0.059951
v 0.078808 0.760000 0.039130
v 0.089618 0.760000 0.013590
v 0.089618 0.760000 -0.013590
v 0.078808 0.760000 -0.039130
v 0.058494 0.760000 -0.059951
v 0.031124 0.760000 -0.073540
v 0.000000 0.760000 -0.078260
v -0.031124 0.760000 -0.073540
v -0.058494 0.760000 -0.059951
v -0.078808 0.760000 -0.039130
v -0.089618 0.760000 -0.013590
v -0.089618 0.760000 0.013590
v -0.078808 0.760000 0.039130
v -0.058494 0.760000 0.059951
v -0.031124 0.760000 0.073540
v 0.000000 0.880000 0.079980
v 0.031808 0.880000 0.075157
v 0.059779 0.880000 0.061268
v 0.080540 0.880000 0.039990
v 0.091587 0.880000 0.013888
v 0.091587 0.880000 -0.013888
v 0.080540 0.880000 -0.039990
v 0.059779 0.880000 -0.061268
v 0.031808 0.880000 -0.075157
v 0.000000 0.880000 -0.079980
v -0.031808 0.880000 -0.075157
v -0.059779 0.880000 -0.061268
v -0.080540 0.880000 -0.039990
v -0.091587 0.880000 -0.013888
v -0.091587 0.880000 0.013888
v -0.080540 0.880000 0.039990
v -0.059779 0.880000 0.061268
v -0.031808 0.880000 0.075157
v 0.000000 0.955000 0.073960
v 0.029414 0.955000 0.069500
v 0.055280 0.955000 0.056657
v 0.074478 0.955000 0.036980
v 0.084693 0.955000 0.012843
v 0.084693 0.955000 -0.012843
v 0.074478 0.955000 -0.036980
v 0.055280 0.955000 -0.056657
v 0.029414 0.955000 -0.069500
v 0.000000 0.955000 -0.073960
v -0.029414 0.955000 -0.069500
v -0.055280 0.955000 -0.056657
v -0.074478 0.955000 -0.036980
v -0.084693 0.955000 -0.012843
v -0.084693 0.955000 0.012843
v -0.074478 0.955000 0.036980
v -0.055280 0.955000 0.056657
v -0.029414 0.955000 0.069500
v 0.000000 0.985000 0.053320
v 0.021205 0.985000 0.050104
v 0.039853 0.985000 0.040845
v 0.053694 0.985000 0.026660
v 0.061058 0.985000 0.009259
v 0.061058 0.985000 -0.009259
v 0.053694 0.985000 -0.026660
v 0.039853 0.985000 -0.040845
v 0.021205 0.985000 -0.050104
v 0.000000 0.985000 -0.053320
v -0.021205 0.985000 -0.050104
v -0.039853 0.985000 -0.040845
v -0.053694 0.985000 -0.026660
v -0.061058 0.985000 -0.009259
v -0.061058 0.985000 0.009259
v -0.053694 0.985000 0.026660
v -0.039853 0.985000 0.040845
v -0.021205 0.985000 0.050104
v 0.000000 0.650000 0.000000
v 0.000000 0.985000 0.000000
v 0.000000 0.789560 0.093590
v 0.029272 0.789556 0.089884
v 0.056293 0.789545 0.079016
v 0.078928 0.789529 0.061740
v 0.095289 0.789513 0.039313
v 0.103891 0.789502 0.013501
v 0.103891 0.789502 -0.013501
v 0.095289 0.789513 -0.039313
v 0.078928 0.789529 -0.061740
v 0.056293 0.789545 -0.079016
v 0.029272 0.789556 -0.089884
v -0.000000 0.789560 -0.093590
v -0.029272 0.789556 -0.089884
v -0.056293 0.789545 -0.079016
v -0.078928 0.789529 -0.061740
v -0.095289 0.789513 -0.039313
v -0.103891 0.789502 -0.013501
v -0.103891 0.789502 0.013501
v -0.095289 0.789513 0.039313
v -0.078928 0.789529 0.061740
v -0.056293 0.789545 0.079016
v -0.029272 0.789556 0.089884
v 0.000000 0.829692 0.095355
v 0.029840 0.829690 0.091577
v 0.057382 0.829682 0.080498
v 0.080449 0.829671 0.062892
v 0.097116 0.829659 0.040042
v 0.105877 0.829652 0.013750
v 0.105877 0.829652 -0.013750
v 0.097116 0.829659 -0.040042
v 0.080449 0.829671 -0.062892
v 0.057382 0.829682 -0.080498
v 0.029840 0.829690 -0.091577
v -0.000000 0.829692 -0.095355
v -0.029840 0.829690 -0.091577
v -0.057382 0.829682 -0.080498
v -0.080449 0.829671 -0.062892
v -0.097116 0.829659 -0.040042
v -0.105877 0.829652 -0.013750
v -0.105877 0.829652 0.013750
v -0.097116 0.829659 0.040042
v -0.080449 0.829671 0.062892
v -0.057382 0.829682 0.080498
v -0.029840 0.829690 0.091577
v 0.000000 0.880701 0.096215
v 0.030081 0.880606 0.092418
v 0.057870 0.880421 0.081264
v 0.081164 0.880271 0.063512
v 0.098005 0.880177 0.040456
v 0.106867 0.880125 0.013907
v 0.106874 0.880103 -0.013867
v 0.098031 0.880097 -0.040409
v 0.081209 0.880094 -0.063470
v 0.057926 0.880091 -0.081242
v 0.030124 0.880089 -0.092425
v 0.000000 0.880088 -0.096240
v -0.030124 0.880089 -0.092425
v -0.057926 0.880091 -0.081242
v -0.081209 0.880094 -0.063470
v -0.098031 0.880097 -0.040409
v -0.106874 0.880103 -0.013867
v -0.106867 0.880125 0.013907
v -0.098005 0.880177 0.040456
v -0.081164 0.880271 0.063512
v -0.057870 0.880421 0.081264
v -0.030081 0.880606 0.092418
v 0.000000 0.899014 0.088810
v 0.026784 0.900099 0.086828
v 0.053998 0.903319 0.078922
v 0.077684 0.909697 0.063035
v 0.095167 0.918457 0.040818
v 0.104532 0.928003 0.014498
v 0.104802 0.931582 -0.013389
v 0.096122 0.931448 -0.039624
v 0.079633 0.931403 -0.062243
v 0.056805 0.931358 -0.079678
v 0.029542 0.931326 -0.090650
v 0.000000 0.931314 -0.094393
v -0.029542 0.931326 -0.090650
v -0.056805 0.931358 -0.079678
v -0.079633 0.931403 -0.062243
v -0.096122 0.931448 -0.039624
v -0.104802 0.931582 -0.013389
v -0.104532 0.928003 0.014498
v -0.095167 0.918457 0.040818
v -0.077684 0.909697 0.063035
v -0.053998 0.903319 0.078922
v -0.026784 0.900099 0.086828
v 0.000000 0.887808 0.067672
v 0.020796 0.893190 0.066688
v 0.042689 0.907029 0.064895
v 0.066285 0.923837 0.055902
v 0.083525 0.945602 0.036676
v 0.092474 0.968761 0.012633
v 0.092679 0.977645 -0.011971
v 0.084998 0.977518 -0.035166
v 0.070392 0.977438 -0.055213
v 0.050195 0.977359 -0.070645
v 0.026098 0.977304 -0.080348
v 0.000000 0.977285 -0.083656
v -0.026098 0.977304 -0.080348
v -0.050195 0.977359 -0.070645
v -0.070392 0.977438 -0.055213
v -0.084998 0.977518 -0.035166
v -0.092679 0.977645 -0.011971
v -0.092474 0.968761 0.012633
v -0.083525 0.945602 0.036676
v -0.066285 0.923837 0.055902
v -0.042689 0.907029 0.064895
v -0.020796 0.893190 0.066688
v 0.000000 0.790000 0.083600
v 0.026765 0.790000 0.080214
v 0.051361 0.790000 0.070329
v 0.071796 0.790000 0.054746
v 0.086415 0.790000 0.034729
v 0.094033 0.790000 0.011898
v 0.094033 0.790000 -0.011898
v 0.086415 0.790000 -0.034729
v 0.071796 0.790000 -0.054746
v 0.051361 0.790000 -0.070329
v 0.026765 0.790000 -0.080214
v 0.000000 0.790000 -0.083600
v -0.026765 0.790000 -0.080214
v -0.051361 0.790000 -0.070329
v -0.071796 0.790000 -0.054746
v -0.086415 0.790000 -0.034729
v -0.094033 0.790000 -0.011898
v -0.094033 0.790000 0.011898
v -0.086415 0.790000 0.034729
v -0.071796 0.790000 0.054746
v -0.051361 0.790000 0.070329
v -0.026765 0.790000 0.080214
v 0.000000 0.830000 0.085360
v 0.027328 0.830000 0.081902
v 0.052442 0.830000 0.071809
v 0.073308 0.830000 0.055899
v 0.088234 0.830000 0.035460
v 0.096013 0.830000 0.012148
v 0.096013 0.830000 -0.012148
v 0.088234 0.830000 -0.035460
v 0.073308 0.830000 -0.055899
v 0.052442 0.830000 -0.071809
v 0.027328 0.830000 -0.081902
v 0.000000 0.830000 -0.085360
v -0.027328 0.830000 -0.081902
v -0.052442 0.830000 -0.071809
v -0.073308 0.830000 -0.055899
v -0.088234 0.830000 -0.035460
v -0.096013 0.830000 -0.012148
v -0.096013 0.830000 0.012148
v -0.088234 0.830000 0.035460
v -0.073308 0.830000 0.055899
v -0.052442 0.830000 0.071809
v -0.027328 0.830000 0.081902
v 0.000000 0.880000 0.086240
v 0.027610 0.880000 0.082747
v 0.052983 0.880000 0.072550
v 0.074063 0.880000 0.056475
v 0.089144 0.880000 0.035825
v 0.097002 0.880000 0.012273
v 0.097002 0.880000 -0.012273
v 0.089144 0.880000 -0.035825
v 0.074063 0.880000 -0.056475
v 0.052983 0.880000 -0.072550
v 0.027610 0.880000 -0.082747
v 0.000000 0.880000 -0.086240
v -0.027610 0.880000 -0.082747
v -0.052983 0.880000 -0.072550
v -0.074063 0.880000 -0.056475
v -0.089144 0.880000 -0.035825
v -0.097002 0.880000 -0.012273
v -0.097002 0.880000 0.012273
v -0.089144 0.880000 0.035825
v -0.074063 0.880000 0.056475
v -0.052983 0.880000 0.072550
v -0.027610 0.880000 0.082747
v 0.000000 0.890000 0.084480
v 0.027046 0.891936 0.081058
v 0.051902 0.897493 0.071069
v 0.072552 0.905932 0.055323
v 0.087325 0.916061 0.035094
v 0.095023 0.926146 0.012023
v 0.095023 0.930000 -0.012023
v 0.087325 0.930000 -0.035094
v 0.072552 0.930000 -0.055323
v 0.051902 0.930000 -0.071069
v 0.027046 0.930000 -0.081058
v 0.000000 0.930000 -0.084480
v -0.027046 0.930000 -0.081058
v -0.051902 0.930000 -0.071069
v -0.072552 0.930000 -0.055323
v -0.087325 0.930000 -0.035094
v -0.095023 0.930000 -0.012023
v -0.095023 0.926146 0.012023
v -0.087325 0.916061 0.035094
v -0.072552 0.905932 0.055323
v -0.051902 0.897493 0.071069
v -0.027046 0.891936 0.081058
v 0.000000 0.880000 0.073920
v 0.023666 0.884599 0.070926
v 0.045414 0.897797 0.062185
v 0.063483 0.917839 0.048407
v 0.076409 0.941894 0.030707
v 0.083145 0.965846 0.010520
v 0.083145 0.975000 -0.010520
v 0.076409 0.975000 -0.030707
v 0.063483 0.975000 -0.048407
v 0.045414 0.975000 -0.062185
v 0.023666 0.975000 -0.070926
v 0.000000 0.975000 -0.073920
v -0.023666 0.975000 -0.070926
v -0.045414 0.975000 -0.062185
v -0.063483 0.975000 -0.048407
v -0.076409 0.975000 -0.030707
v -0.083145 0.975000 -0.010520
v -0.083145 0.965846 0.010520
v -0.076409 0.941894 0.030707
v -0.063483 0.917839 0.048407
v -0.045414 0.897797 0.062185
v -0.023666 0.884599 0.070926
v 0.063083 0.949015 0.066187
v 0.079032 0.948994 0.051088
v 0.090667 0.948967 0.032601
v 0.096897 0.948950 0.012122
v 0.097317 0.948949 -0.009105
v 0.091901 0.948964 -0.029770
v 0.081000 0.948990 -0.048613
v 0.065305 0.949019 -0.064514
v 0.045775 0.949044 -0.076556
v 0.023573 0.949061 -0.084061
v 0.000000 0.949067 -0.086610
v -0.023573 0.949061 -0.084061
v -0.045775 0.949044 -0.076556
v -0.065305 0.949019 -0.064514
v -0.081000 0.948990 -0.048613
v -0.091901 0.948964 -0.029770
v -0.097317 0.948949 -0.009105
v -0.096897 0.948950 0.012122
v -0.090667 0.948967 0.032601
v -0.079032 0.948994 0.051088
v -0.063083 0.949015 0.066187
v 0.066746 0.970245 0.070026
v 0.083652 0.970187 0.053995
v 0.095941 0.970148 0.034444
v 0.102515 0.970124 0.012804
v 0.102959 0.970122 -0.009617
v 0.097244 0.970144 -0.031451
v 0.085732 0.970181 -0.051376
v 0.069139 0.970224 -0.068206
v 0.048474 0.970262 -0.080963
v 0.024967 0.970288 -0.088917
v 0.000000 0.970297 -0.091619
v -0.024967 0.970288 -0.088917
v -0.048474 0.970262 -0.080963
v -0.069139 0.970224 -0.068206
v -0.085732 0.970181 -0.051376
v -0.097244 0.970144 -0.031451
v -0.102959 0.970122 -0.009617
v -0.102515 0.970124 0.012804
v -0.095941 0.970148 0.034444
v -0.083652 0.970187 0.053995
v -0.066746 0.970245 0.070026
v 0.072875 0.981547 0.076451
v 0.091421 0.981511 0.058873
v 0.104813 0.981469 0.037538
v 0.111968 0.981443 0.013950
v 0.112451 0.981442 -0.010477
v 0.106231 0.981464 -0.034274
v 0.093689 0.981504 -0.056013
v 0.075587 0.981551 -0.074401
v 0.053013 0.981595 -0.088356
v 0.027311 0.981624 -0.097066
v 0.000000 0.981635 -0.100026
v -0.027311 0.981624 -0.097066
v -0.053013 0.981595 -0.088356
v -0.075587 0.981551 -0.074401
v -0.093689 0.981504 -0.056013
v -0.106231 0.981464 -0.034274
v -0.112451 0.981442 -0.010477
v -0.111968 0.981443 0.013950
v -0.104813 0.981469 0.037538
v -0.091421 0.981511 0.058873
v -0.072875 0.981547 0.076451
v 0.057761 0.950985 0.060548
v 0.073064 0.951006 0.046155
v 0.083644 0.951033 0.029374
v 0.089274 0.951050 0.010903
v 0.089653 0.951051 -0.008188
v 0.084761 0.951036 -0.026814
v 0.074859 0.951010 -0.043900
v 0.060492 0.950981 -0.058432
v 0.042486 0.950956 -0.069519
v 0.021908 0.950939 -0.076465
v 0.000000 0.950933 -0.078830
v -0.021908 0.950939 -0.076465
v -0.042486 0.950956 -0.069519
v -0.060492 0.950981 -0.058432
v -0.074859 0.951010 -0.043900
v -0.084761 0.951036 -0.026814
v -0.089653 0.951051 -0.008188
v -0.089274 0.951050 0.010903
v -0.083644 0.951033 0.029374
v -0.073064 0.951006 0.046155
v -0.057761 0.950985 0.060548
v 0.061812 0.973755 0.064798
v 0.078152 0.973813 0.049455
v 0.089496 0.973852 0.031487
v 0.095538 0.973876 0.011690
v 0.095945 0.973878 -0.008780
v 0.090695 0.973856 -0.028744
v 0.080076 0.973819 -0.047042
v 0.064687 0.973776 -0.062588
v 0.045420 0.973738 -0.074436
v 0.023417 0.973712 -0.081855
v -0.000000 0.973704 -0.084381
v -0.023417 0.973712 -0.081855
v -0.045420 0.973738 -0.074436
v -0.064687 0.973776 -0.062588
v -0.080076 0.973819 -0.047042
v -0.090695 0.973856 -0.028744
v -0.095945 0.973878 -0.008780
v -0.095538 0.973876 0.011690
v -0.089496 0.973852 0.031487
v -0.078152 0.973813 0.049455
v -0.061812 0.973755 0.064798
v 0.068538 0.986453 0.071855
v 0.086563 0.986489 0.054922
v 0.099168 0.986531 0.034986
v 0.105890 0.986557 0.012994
v 0.106344 0.986558 -0.009759
v 0.100501 0.986536 -0.031941
v 0.088699 0.986496 -0.052247
v 0.071622 0.986449 -0.069472
v 0.050271 0.986406 -0.082582
v 0.025912 0.986376 -0.090784
v -0.000000 0.986365 -0.093574
v -0.025912 0.986376 -0.090784
v -0.050271 0.986406 -0.082582
v -0.071622 0.986449 -0.069472
v -0.088699 0.986496 -0.052247
v -0.100501 0.986536 -0.031941
v -0.106344 0.986558 -0.009759
v -0.105890 0.986557 0.012994
v -0.099168 0.986531 0.034986
v -0.086563 0.986489 0.054922
v -0.068538 0.986453 0.071855
v 0.000000 0.809210 0.087381
v 0.000000 0.800790 0.087381
v 0.000000 0.794837 0.090087
v 0.001611 0.815163 0.090232
v 0.002977 0.812778 0.088734
v 0.003889 0.809210 0.087732
v 0.004210 0.805000 0.087381
v 0.003889 0.800790 0.087732
v 0.002977 0.797222 0.088734
v 0.001611 0.794837 0.090232
v 0.002977 0.815163 0.090647
v 0.005500 0.812778 0.089500
v 0.007186 0.809210 0.088734
v 0.007778 0.805000 0.088464
v 0.007186 0.800790 0.088734
v 0.005500 0.797222 0.089500
v 0.002977 0.794837 0.090647
v 0.003889 0.815163 0.091268
v 0.007186 0.812778 0.090647
v 0.009389 0.809210 0.090232
v 0.010163 0.805000 0.090087
v 0.009389 0.800790 0.090232
v 0.007186 0.797222 0.090647
v 0.003889 0.794837 0.091268
v 0.004210 0.815163 0.092000
v 0.007778 0.812778 0.092000
v 0.010163 0.809210 0.092000
v 0.011000 0.805000 0.092000
v 0.010163 0.800790 0.092000
v 0.007778 0.797222 0.092000
v 0.004210 0.794837 0.092000
v 0.003889 0.815163 0.092732
v 0.007186 0.812778 0.093353
v 0.009389 0.809210 0.093768
v 0.010163 0.805000 0.093913
v 0.009389 0.800790 0.093768
v 0.007186 0.797222 0.093353
v 0.003889 0.794837 0.092732
v 0.002977 0.815163 0.093353
v 0.005500 0.812778 0.094500
v 0.007186 0.809210 0.095266
v 0.007778 0.805000 0.095536
v 0.007186 0.800790 0.095266
v 0.005500 0.797222 0.094500
v 0.002977 0.794837 0.093353
v 0.001611 0.815163 0.093768
v 0.002977 0.812778 0.095266
v 0.003889 0.809210 0.096268
v 0.004210 0.805000 0.096619
v 0.003889 0.800790 0.096268
v 0.002977 0.797222 0.095266
v 0.001611 0.794837 0.093768
v -0.000000 0.815163 0.093913
v -0.000000 0.812778 0.095536
v -0.000000 0.809210 0.096619
v -0.000000 0.805000 0.097000
v -0.000000 0.800790 0.096619
v -0.000000 0.797222 0.095536
v -0.000000 0.794837 0.093913
v 0.000000 0.794000 0.092000
v 0.000000 0.816000 0.092000
v -0.001611 0.815163 0.093768
v -0.002977 0.812778 0.095266
v -0.003889 0.809210 0.096268
v -0.004210 0.805000 0.096619
v -0.003889 0.800790 0.096268
v -0.002977 0.797222 0.095266
v -0.001611 0.794837 0.093768
v -0.002977 0.815163 0.093353
v -0.005500 0.812778 0.094500
v -0.007186 0.809210 0.095266
v -0.007778 0.805000 0.095536
v -0.007186 0.800790 0.095266
v -0.005500 0.797222 0.094500
v -0.002977 0.794837 0.093353
v -0.003889 0.815163 0.092732
v -0.007186 0.812778 0.093353
v -0.009389 0.809210 0.093768
v -0.010163 0.805000 0.093913
v -0.009389 0.800790 0.093768
v -0.007186 0.797222 0.093353
v -0.003889 0.794837 0.092732
v -0.004210 0.815163 0.092000
v -0.007778 0.812778 0.092000
v -0.010163 0.809210 0.092000
v -0.011000 0.805000 0.092000
v -0.010163 0.800790 0.092000
v -0.007778 0.797222 0.092000
v -0.004210 0.794837 0.092000
v -0.003889 0.815163 0.091268
v -0.007186 0.812778 0.090647
v -0.009389 0.809210 0.090232
v -0.010163 0.805000 0.090087
v -0.009389 0.800790 0.090232
v -0.007186 0.797222 0.090647
v -0.003889 0.794837 0.091268
v -0.002977 0.815163 0.090647
v -0.005500 0.812778 0.089500
v -0.007186 0.809210 0.088734
v -0.007778 0.805000 0.088464
v -0.007186 0.800790 0.088734
v -0.005500 0.797222 0.089500
v -0.002977 0.794837 0.090647
v -0.001611 0.815163 0.090232
v -0.002977 0.812778 0.088734
v -0.003889 0.809210 0.087732
v -0.004210 0.805000 0.087381
v -0.003889 0.800790 0.087732
v -0.002977 0.797222 0.088734
v -0.001611 0.794837 0.090232
v 0.000000 0.815163 0.090087
v 0.000000 0.812778 0.088464
v 0.000000 0.805000 0.087000
v 0.000000 0.797222 0.088464
v -0.003079 0.806619 0.095889
v -0.002595 0.805935 0.095625
v -0.002418 0.805000 0.095529
v -0.002595 0.804065 0.095625
v -0.003079 0.803381 0.095889
v -0.002805 0.806619 0.096250
v -0.002121 0.805935 0.096250
v -0.001870 0.805000 0.096250
v -0.002121 0.804065 0.096250
v -0.002805 0.803381 0.096250
v -0.003079 0.806619 0.096611
v -0.002595 0.805935 0.096875
v -0.002418 0.805000 0.096971
v -0.002595 0.804065 0.096875
v -0.003079 0.803381 0.096611
v -0.003740 0.806619 0.096760
v -0.003740 0.805935 0.097133
v -0.003740 0.805000 0.097270
v -0.003740 0.804065 0.097133
v -0.003740 0.803381 0.096760
v -0.003740 0.806870 0.096250
v -0.004401 0.806619 0.096611
v -0.004885 0.805935 0.096875
v -0.005062 0.805000 0.096971
v -0.004885 0.804065 0.096875
v -0.004401 0.803381 0.096611
v -0.003740 0.803130 0.096250
v -0.004675 0.806619 0.096250
v -0.005359 0.805935 0.096250
v -0.005610 0.805000 0.096250
v -0.005359 0.804065 0.096250
v -0.004675 0.803381 0.096250
v -0.004401 0.806619 0.095889
v -0.004885 0.805935 0.095625
v -0.005062 0.805000 0.095529
v -0.004885 0.804065 0.095625
v -0.004401 0.803381 0.095889
v -0.003740 0.806619 0.095740
v -0.003740 0.805935 0.095367
v -0.003740 0.805000 0.095230
v -0.003740 0.804065 0.095367
v -0.003740 0.803381 0.095740
v 0.004401 0.806619 0.095889
v 0.004885 0.805935 0.095625
v 0.005062 0.805000 0.095529
v 0.004885 0.804065 0.095625
v 0.004401 0.803381 0.095889
v 0.004675 0.806619 0.096250
v 0.005359 0.805935 0.096250
v 0.005610 0.805000 0.096250
v 0.005359 0.804065 0.096250
v 0.004675 0.803381 0.096250
v 0.004401 0.806619 0.096611
v 0.004885 0.805935 0.096875
v 0.005062 0.805000 0.096971
v 0.004885 0.804065 0.096875
v 0.004401 0.803381 0.096611
v 0.003740 0.806619 0.096760
v 0.003740 0.805935 0.097133
v 0.003740 0.805000 0.097270
v 0.003740 0.804065 0.097133
v 0.003740 0.803381 0.096760
v 0.003740 0.806870 0.096250
v 0.003079 0.806619 0.096611
v 0.002595 0.805935 0.096875
v 0.002418 0.805000 0.096971
v 0.002595 0.804065 0.096875
v 0.003079 0.803381 0.096611
v 0.003740 0.803130 0.096250
v 0.002805 0.806619 0.096250
v 0.002121 0.805935 0.096250
v 0.001870 0.805000 0.096250
v 0.002121 0.804065 0.096250
v 0.002805 0.803381 0.096250
v 0.003079 0.806619 0.095889
v 0.002595 0.805935 0.095625
v 0.002418 0.805000 0.095529
v 0.002595 0.804065 0.095625
v 0.003079 0.803381 0.095889
v 0.003740 0.806619 0.095740
v 0.003740 0.805935 0.095367
v 0.003740 0.805000 0.095230
v 0.003740 0.804065 0.095367
v 0.003740 0.803381 0.095740
v 0.000000 0.849210 0.087381
v 0.000000 0.840791 0.087381
v 0.000000 0.834837 0.090087
v 0.001611 0.855163 0.090232
v 0.002977 0.852778 0.088734
v 0.003889 0.849210 0.087732
v 0.004210 0.845000 0.087381
v 0.003889 0.840791 0.087732
v 0.002977 0.837222 0.088734
v 0.001611 0.834837 0.090232
v 0.002977 0.855163 0.090647
v 0.005500 0.852778 0.089500
v 0.007186 0.849210 0.088734
v 0.007778 0.845000 0.088464
v 0.007186 0.840791 0.088734
v 0.005500 0.837222 0.089500
v 0.002977 0.834837 0.090647
v 0.003889 0.855163 0.091268
v 0.007186 0.852778 0.090647
v 0.009389 0.849210 0.090232
v 0.010163 0.845000 0.090087
v 0.009389 0.840791 0.090232
v 0.007186 0.837222 0.090647
v 0.003889 0.834837 0.091268
v 0.004210 0.855163 0.092000
v 0.007778 0.852778 0.092000
v 0.010163 0.849210 0.092000
v 0.011000 0.845000 0.092000
v 0.010163 0.840791 0.092000
v 0.007778 0.837222 0.092000
v 0.004210 0.834837 0.092000
v 0.003889 0.855163 0.092732
v 0.007186 0.852778 0.093353
v 0.009389 0.849210 0.093768
v 0.010163 0.845000 0.093913
v 0.009389 0.840791 0.093768
v 0.007186 0.837222 0.093353
v 0.003889 0.834837 0.092732
v 0.002977 0.855163 0.093353
v 0.005500 0.852778 0.094500
v 0.007186 0.849210 0.095266
v 0.007778 0.845000 0.095536
v 0.007186 0.840791 0.095266
v 0.005500 0.837222 0.094500
v 0.002977 0.834837 0.093353
v 0.001611 0.855163 0.093768
v 0.002977 0.852778 0.095266
v 0.003889 0.849210 0.096268
v 0.004210 0.845000 0.096619
v 0.003889 0.840791 0.096268
v 0.002977 0.837222 0.095266
v 0.001611 0.834837 0.093768
v -0.000000 0.855163 0.093913
v -0.000000 0.852778 0.095536
v -0.000000 0.849210 0.096619
v -0.000000 0.845000 0.097000
v -0.000000 0.840791 0.096619
v -0.000000 0.837222 0.095536
v -0.000000 0.834837 0.093913
v 0.000000 0.834000 0.092000
v 0.000000 0.856000 0.092000
v -0.001611 0.855163 0.093768
v -0.002977 0.852778 0.095266
v -0.003889 0.849210 0.096268
v -0.004210 0.845000 0.096619
v -0.003889 0.840791 0.096268
v -0.002977 0.837222 0.095266
v -0.001611 0.834837 0.093768
v -0.002977 0.855163 0.093353
v -0.005500 0.852778 0.094500
v -0.007186 0.849210 0.095266
v -0.007778 0.845000 0.095536
v -0.007186 0.840791 0.095266
v -0.005500 0.837222 0.094500
v -0.002977 0.834837 0.093353
v -0.003889 0.855163 0.092732
v -0.007186 0.852778 0.093353
v -0.009389 0.849210 0.093768
v -0.010163 0.845000 0.093913
v -0.009389 0.840791 0.093768
v -0.007186 0.837222 0.093353
v -0.003889 0.834837 0.092732
v -0.004210 0.855163 0.092000
v -0.007778 0.852778 0.092000
v -0.010163 0.849210 0.092000
v -0.011000 0.845000 0.092000
v -0.010163 0.840791 0.092000
v -0.007778 0.837222 0.092000
v -0.004210 0.834837 0.092000
v -0.003889 0.855163 0.091268
v -0.007186 0.852778 0.090647
v -0.009389 0.849210 0.090232
v -0.010163 0.845000 0.090087
v -0.009389 0.840791 0.090232
v -0.007186 0.837222 0.090647
v -0.003889 0.834837 0.091268
v -0.002977 0.855163 0.090647
v -0.005500 0.852778 0.089500
v -0.007186 0.849210 0.088734
v -0.007778 0.845000 0.088464
v -0.007186 0.840791 0.088734
v -0.005500 0.837222 0.089500
v -0.002977 0.834837 0.090647
v -0.001611 0.855163 0.090232
v -0.002977 0.852778 0.088734
v -0.003889 0.849210 0.087732
v -0.004210 0.845000 0.087381
v -0.003889 0.840791 0.087732
v -0.002977 0.837222 0.088734
v -0.001611 0.834837 0.090232
v 0.000000 0.855163 0.090087
v 0.000000 0.852778 0.088464
v 0.000000 0.845000 0.087000
v 0.000000 0.837222 0.088464
v -0.003079 0.846619 0.095889
v -0.002595 0.845935 0.095625
v -0.002418 0.845000 0.095529
v -0.002595 0.844065 0.095625
v -0.003079 0.843381 0.095889
v -0.002805 0.846619 0.096250
v -0.002121 0.845935 0.096250
v -0.001870 0.845000 0.096250
v -0.002121 0.844065 0.096250
v -0.002805 0.843381 0.096250
v -0.003079 0.846619 0.096611
v -0.002595 0.845935 0.096875
v -0.002418 0.845000 0.096971
v -0.002595 0.844065 0.096875
v -0.003079 0.843381 0.096611
v -0.003740 0.846619 0.096760
v -0.003740 0.845935 0.097133
v -0.003740 0.845000 0.097270
v -0.003740 0.844065 0.097133
v -0.003740 0.843381 0.096760
v -0.003740 0.846870 0.096250
v -0.004401 0.846619 0.096611
v -0.004885 0.845935 0.096875
v -0.005062 0.845000 0.096971
v -0.004885 0.844065 0.096875
v -0.004401 0.843381 0.096611
v -0.003740 0.843130 0.096250
v -0.004675 0.846619 0.096250
v -0.005359 0.845935 0.096250
v -0.005610 0.845000 0.096250
v -0.005359 0.844065 0.096250
v -0.004675 0.843381 0.096250
v -0.004401 0.846619 0.095889
v -0.004885 0.845935 0.095625
v -0.005062 0.845000 0.095529
v -0.004885 0.844065 0.095625
v -0.004401 0.843381 0.095889
v -0.003740 0.846619 0.095740
v -0.003740 0.845935 0.095367
v -0.003740 0.845000 0.095230
v -0.003740 0.844065 0.095367
v -0.003740 0.843381 0.095740
v 0.004401 0.846619 0.095889
v 0.004885 0.845935 0.095625
v 0.005062 0.845000 0.095529
v 0.004885 0.844065 0.095625
v 0.004401 0.843381 0.095889
v 0.004675 0.846619 0.096250
v 0.005359 0.845935 0.096250
v 0.005610 0.845000 0.096250
v 0.005359 0.844065 0.096250
v 0.004675 0.843381 0.096250
v 0.004401 0.846619 0.096611
v 0.004885 0.845935 0.096875
v 0.005062 0.845000 0.096971
v 0.004885 0.844065 0.096875
v 0.004401 0.843381 0.096611
v 0.003740 0.846619 0.096760
v 0.003740 0.845935 0.097133
v 0.003740 0.845000 0.097270
v 0.003740 0.844065 0.097133
v 0.003740 0.843381 0.096760
v 0.003740 0.846870 0.096250
v 0.003079 0.846619 0.096611
v 0.002595 0.845935 0.096875
v 0.002418 0.845000 0.096971
v 0.002595 0.844065 0.096875
v 0.003079 0.843381 0.096611
v 0.003740 0.843130 0.096250
v 0.002805 0.846619 0.096250
v 0.002121 0.845935 0.096250
v 0.001870 0.845000 0.096250
v 0.002121 0.844065 0.096250
v 0.002805 0.843381 0.096250
v 0.003079 0.846619 0.095889
v 0.002595 0.845935 0.095625
v 0.002418 0.845000 0.095529
v 0.002595 0.844065 0.095625
v 0.003079 0.843381 0.095889
v 0.003740 0.846619 0.095740
v 0.003740 0.845935 0.095367
v 0.003740 0.845000 0.095230
v 0.003740 0.844065 0.095367
v 0.003740 0.843381 0.095740
v 0.000000 0.889210 0.087381
v 0.000000 0.880790 0.087381
v 0.000000 0.874837 0.090087
v 0.001611 0.895163 0.090232
v 0.002977 0.892778 0.088734
v 0.003889 0.889210 0.087732
v 0.004210 0.885000 0.087381
v 0.003889 0.880790 0.087732
v 0.002977 0.877222 0.088734
v 0.001611 0.874837 0.090232
v 0.002977 0.895163 0.090647
v 0.005500 0.892778 0.089500
v 0.007186 0.889210 0.088734
v 0.007778 0.885000 0.088464
v 0.007186 0.880790 0.088734
v 0.005500 0.877222 0.089500
v 0.002977 0.874837 0.090647
v 0.003889 0.895163 0.091268
v 0.007186 0.892778 0.090647
v 0.009389 0.889210 0.090232
v 0.010163 0.885000 0.090087
v 0.009389 0.880790 0.090232
v 0.007186 0.877222 0.090647
v 0.003889 0.874837 0.091268
v 0.004210 0.895163 0.092000
v 0.007778 0.892778 0.092000
v 0.010163 0.889210 0.092000
v 0.011000 0.885000 0.092000
v 0.010163 0.880790 0.092000
v 0.007778 0.877222 0.092000
v 0.004210 0.874837 0.092000
v 0.003889 0.895163 0.092732
v 0.007186 0.892778 0.093353
v 0.009389 0.889210 0.093768
v 0.010163 0.885000 0.093913
v 0.009389 0.880790 0.093768
v 0.007186 0.877222 0.093353
v 0.003889 0.874837 0.092732
v 0.002977 0.895163 0.093353
v 0.005500 0.892778 0.094500
v 0.007186 0.889210 0.095266
v 0.007778 0.885000 0.095536
v 0.007186 0.880790 0.095266
v 0.005500 0.877222 0.094500
v 0.002977 0.874837 0.093353
v 0.001611 0.895163 0.093768
v 0.002977 0.892778 0.095266
v 0.003889 0.889210 0.096268
v 0.004210 0.885000 0.096619
v 0.003889 0.880790 0.096268
v 0.002977 0.877222 0.095266
v 0.001611 0.874837 0.093768
v -0.000000 0.895163 0.093913
v -0.000000 0.892778 0.095536
v -0.000000 0.889210 0.096619
v -0.000000 0.885000 0.097000
v -0.000000 0.880790 0.096619
v -0.000000 0.877222 0.095536
v -0.000000 0.874837 0.093913
v 0.000000 0.874000 0.092000
v 0.000000 0.896000 0.092000
v -0.001611 0.895163 0.093768
v -0.002977 0.892778 0.095266
v -0.003889 0.889210 0.096268
v -0.004210 0.885000 0.096619
v -0.003889 0.880790 0.096268
v -0.002977 0.877222 0.095266
v -0.001611 0.874837 0.093768
v -0.002977 0.895163 0.093353
v -0.005500 0.892778 0.094500
v -0.007186 0.889210 0.095266
v -0.007778 0.885000 0.095536
v -0.007186 0.880790 0.095266
v -0.005500 0.877222 0.094500
v -0.002977 0.874837 0.093353
v -0.003889 0.895163 0.092732
v -0.007186 0.892778 0.093353
v -0.009389 0.889210 0.093768
v -0.010163 0.885000 0.093913
v -0.009389 0.880790 0.093768
v -0.007186 0.877222 0.093353
v -0.003889 0.874837 0.092732
v -0.004210 0.895163 0.092000
v -0.007778 0.892778 0.092000
v -0.010163 0.889210 0.092000
v -0.011000 0.885000 0.092000
v -0.010163 0.880790 0.092000
v -0.007778 0.877222 0.092000
v -0.004210 0.874837 0.092000
v -0.003889 0.895163 0.091268
v -0.007186 0.892778 0.090647
v -0.009389 0.889210 0.090232
v -0.010163 0.885000 0.090087
v -0.009389 0.880790 0.090232
v -0.007186 0.877222 0.090647
v -0.003889 0.874837 0.091268
v -0.002977 0.895163 0.090647
v -0.005500 0.892778 0.089500
v -0.007186 0.889210 0.088734
v -0.007778 0.885000 0.088464
v -0.007186 0.880790 0.088734
v -0.005500 0.877222 0.089500
v -0.002977 0.874837 0.090647
v -0.001611 0.895163 0.090232
v -0.002977 0.892778 0.088734
v -0.003889 0.889210 0.087732
v -0.004210 0.885000 0.087381
v -0.003889 0.880790 0.087732
v -0.002977 0.877222 0.088734
v -0.001611 0.874837 0.090232
v 0.000000 0.895163 0.090087
v 0.000000 0.892778 0.088464
v 0.000000 0.885000 0.087000
v 0.000000 0.877222 0.088464
v -0.003079 0.886619 0.095889
v -0.002595 0.885935 0.095625
v -0.002418 0.885000 0.095529
v -0.002595 0.884065 0.095625
v -0.003079 0.883381 0.095889
v -0.002805 0.886619 0.096250
v -0.002121 0.885935 0.096250
v -0.001870 0.885000 0.096250
v -0.002121 0.884065 0.096250
v -0.002805 0.883381 0.096250
v -0.003079 0.886619 0.096611
v -0.002595 0.885935 0.096875
v -0.002418 0.885000 0.096971
v -0.002595 0.884065 0.096875
v -0.003079 0.883381 0.096611
v -0.003740 0.886619 0.096760
v -0.003740 0.885935 0.097133
v -0.003740 0.885000 0.097270
v -0.003740 0.884065 0.097133
v -0.003740 0.883381 0.096760
v -0.003740 0.886870 0.096250
v -0.004401 0.886619 0.096611
v -0.004885 0.885935 0.096875
v -0.005062 0.885000 0.096971
v -0.004885 0.884065 0.096875
v -0.004401 0.883381 0.096611
v -0.003740 0.883130 0.096250
v -0.004675 0.886619 0.096250
v -0.005359 0.885935 0.096250
v -0.005610 0.885000 0.096250
v -0.005359 0.884065 0.096250
v -0.004675 0.883381 0.096250
v -0.004401 0.886619 0.095889
v -0.004885 0.885935 0.095625
v -0.005062 0.885000 0.095529
v -0.004885 0.884065 0.095625
v -0.004401 0.883381 0.095889
v -0.003740 0.886619 0.095740
v -0.003740 0.885935 0.095367
v -0.003740 0.885000 0.095230
v -0.003740 0.884065 0.095367
v -0.003740 0.883381 0.095740
v 0.004401 0.886619 0.095889
v 0.004885 0.885935 0.095625
v 0.005062 0.885000 0.095529
v 0.004885 0.884065 0.095625
v 0.004401 0.883381 0.095889
v 0.004675 0.886619 0.096250
v 0.005359 0.885935 0.096250
v 0.005610 0.885000 0.096250
v 0.005359 0.884065 0.096250
v 0.004675 0.883381 0.096250
v 0.004401 0.886619 0.096611
v 0.004885 0.885935 0.096875
v 0.005062 0.885000 0.096971
v 0.004885 0.884065 0.096875
v 0.004401 0.883381 0.096611
v 0.003740 0.886619 0.096760
v 0.003740 0.885935 0.097133
v 0.003740 0.885000 0.097270
v 0.003740 0.884065 0.097133
v 0.003740 0.883381 0.096760
v 0.003740 0.886870 0.096250
v 0.003079 0.886619 0.096611
v 0.002595 0.885935 0.096875
v 0.002418 0.885000 0.096971
v 0.002595 0.884065 0.096875
v 0.003079 0.883381 0.096611
v 0.003740 0.883130 0.096250
v 0.002805 0.886619 0.096250
v 0.002121 0.885935 0.096250
v 0.001870 0.885000 0.096250
v 0.002121 0.884065 0.096250
v 0.002805 0.883381 0.096250
v 0.003079 0.886619 0.095889
v 0.002595 0.885935 0.095625
v 0.002418 0.885000 0.095529
v 0.002595 0.884065 0.095625
v 0.003079 0.883381 0.095889
v 0.003740 0.886619 0.095740
v 0.003740 0.885935 0.095367
v 0.003740 0.885000 0.095230
v 0.003740 0.884065 0.095367
v 0.003740 0.883381 0.095740
v 0.000000 0.731000 0.098780
v 0.034276 0.731000 0.094000
v 0.065281 0.731000 0.080091
v 0.090008 0.731000 0.058317
v 0.105976 0.731000 0.030719
v 0.111500 0.731000 0.000000
v 0.105976 0.731000 -0.030719
v 0.090008 0.731000 -0.058317
v 0.065281 0.731000 -0.080091
v 0.034276 0.731000 -0.094000
v 0.000000 0.731000 -0.098780
v -0.034276 0.731000 -0.094000
v -0.065281 0.731000 -0.080091
v -0.090008 0.731000 -0.058317
v -0.105976 0.731000 -0.030719
v -0.111500 0.731000 -0.000000
v -0.105976 0.731000 0.030719
v -0.090008 0.731000 0.058317
v -0.065281 0.731000 0.080091
v -0.034276 0.731000 0.094000
v 0.000000 0.773000 0.098780
v 0.034276 0.773000 0.094000
v 0.065281 0.773000 0.080091
v 0.090008 0.773000 0.058317
v 0.105976 0.773000 0.030719
v 0.111500 0.773000 0.000000
v 0.105976 0.773000 -0.030719
v 0.090008 0.773000 -0.058317
v 0.065281 0.773000 -0.080091
v 0.034276 0.773000 -0.094000
v 0.000000 0.773000 -0.098780
v -0.034276 0.773000 -0.094000
v -0.065281 0.773000 -0.080091
v -0.090008 0.773000 -0.058317
v -0.105976 0.773000 -0.030719
v -0.111500 0.773000 -0.000000
v -0.105976 0.773000 0.030719
v -0.090008 0.773000 0.058317
v -0.065281 0.773000 0.080091
v -0.034276 0.773000 0.094000
v 0.000000 0.731000 0.087780
v 0.031236 0.731000 0.083429
v 0.059330 0.731000 0.070839
v 0.081503 0.731000 0.051340
v 0.095648 0.731000 0.026932
v 0.100500 0.731000 0.000000
v 0.095648 0.731000 -0.026932
v 0.081503 0.731000 -0.051340
v 0.059330 0.731000 -0.070839
v 0.031236 0.731000 -0.083429
v 0.000000 0.731000 -0.087780
v -0.031236 0.731000 -0.083429
v -0.059330 0.731000 -0.070839
v -0.081503 0.731000 -0.051340
v -0.095648 0.731000 -0.026932
v -0.100500 0.731000 -0.000000
v -0.095648 0.731000 0.026932
v -0.081503 0.731000 0.051340
v -0.059330 0.731000 0.070839
v -0.031236 0.731000 0.083429
v 0.000000 0.773000 0.087780
v 0.031236 0.773000 0.083429
v 0.059330 0.773000 0.070839
v 0.081503 0.773000 0.051340
v 0.095648 0.773000 0.026932
v 0.100500 0.773000 0.000000
v 0.095648 0.773000 -0.026932
v 0.081503 0.773000 -0.051340
v 0.059330 0.773000 -0.070839
v 0.031236 0.773000 -0.083429
v 0.000000 0.773000 -0.087780
v -0.031236 0.773000 -0.083429
v -0.059330 0.773000 -0.070839
v -0.081503 0.773000 -0.051340
v -0.095648 0.773000 -0.026932
v -0.100500 0.773000 -0.000000
v -0.095648 0.773000 0.026932
v -0.081503 0.773000 0.051340
v -0.059330 0.773000 0.070839
v -0.031236 0.773000 0.083429
v -0.019000 0.735000 0.103500
v -0.019000 0.769000 0.103500
v -0.019000 0.735000 0.092500
v -0.019000 0.769000 0.092500
v 0.019000 0.735000 0.103500
v 0.019000 0.769000 0.103500
v 0.019000 0.735000 0.092500
v 0.019000 0.769000 0.092500
v 0.000000 0.619927 0.099200
v 0.033661 0.619926 0.094399
v 0.064111 0.619924 0.080428
v 0.088396 0.619922 0.058558
v 0.104076 0.619920 0.030842
v 0.109499 0.619919 0.000000
v 0.104076 0.619920 -0.030842
v 0.088396 0.619922 -0.058558
v 0.064111 0.619924 -0.080428
v 0.033661 0.619926 -0.094399
v 0.000000 0.619927 -0.099200
v -0.033661 0.619926 -0.094399
v -0.064111 0.619924 -0.080428
v -0.088396 0.619922 -0.058558
v -0.104076 0.619920 -0.030842
v -0.109499 0.619919 -0.000000
v -0.104076 0.619920 0.030842
v -0.088396 0.619922 0.058558
v -0.064111 0.619924 0.080428
v -0.033661 0.619926 0.094399
v 0.000000 0.700125 0.100099
v 0.033971 0.700127 0.095254
v 0.064700 0.700130 0.081154
v 0.089206 0.700134 0.059084
v 0.105027 0.700138 0.031118
v 0.110499 0.700139 0.000000
v 0.105027 0.700138 -0.031118
v 0.089206 0.700134 -0.059084
v 0.064700 0.700130 -0.081154
v 0.033971 0.700127 -0.095254
v -0.000000 0.700125 -0.100099
v -0.033971 0.700127 -0.095254
v -0.064700 0.700130 -0.081154
v -0.089206 0.700134 -0.059084
v -0.105027 0.700138 -0.031118
v -0.110499 0.700139 -0.000000
v -0.105027 0.700138 0.031118
v -0.089206 0.700134 0.059084
v -0.064700 0.700130 0.081154
v -0.033971 0.700127 0.095254
v 0.000000 0.790325 0.095592
v 0.032421 0.790328 0.090968
v 0.061753 0.790336 0.077510
v 0.085152 0.790347 0.056438
v 0.100262 0.790357 0.029729
v 0.105490 0.790361 0.000000
v 0.100262 0.790357 -0.029729
v 0.085152 0.790347 -0.056438
v 0.061753 0.790336 -0.077510
v 0.032421 0.790328 -0.090968
v -0.000000 0.790325 -0.095592
v -0.032421 0.790328 -0.090968
v -0.061753 0.790336 -0.077510
v -0.085152 0.790347 -0.056438
v -0.100262 0.790357 -0.029729
v -0.105490 0.790361 -0.000000
v -0.100262 0.790357 0.029729
v -0.085152 0.790347 0.056438
v -0.061753 0.790336 0.077510
v -0.032421 0.790328 0.090968
v 0.000000 0.620073 0.086200
v 0.029997 0.620074 0.081927
v 0.056973 0.620076 0.069564
v 0.078261 0.620078 0.050418
v 0.091842 0.620080 0.026449
v 0.096501 0.620081 0.000000
v 0.091842 0.620080 -0.026449
v 0.078261 0.620078 -0.050418
v 0.056973 0.620076 -0.069564
v 0.029997 0.620074 -0.081927
v 0.000000 0.620073 -0.086200
v -0.029997 0.620074 -0.081927
v -0.056973 0.620076 -0.069564
v -0.078261 0.620078 -0.050418
v -0.091842 0.620080 -0.026449
v -0.096501 0.620081 -0.000000
v -0.091842 0.620080 0.026449
v -0.078261 0.620078 0.050418
v -0.056973 0.620076 0.069564
v -0.029997 0.620074 0.081927
v -0.000000 0.699875 0.087101
v 0.030305 0.699873 0.082784
v 0.057559 0.699870 0.070294
v 0.079069 0.699866 0.050949
v 0.092793 0.699862 0.026730
v 0.097501 0.699861 0.000000
v 0.092793 0.699862 -0.026730
v 0.079069 0.699866 -0.050949
v 0.057559 0.699870 -0.070294
v 0.030305 0.699873 -0.082784
v 0.000000 0.699875 -0.087101
v -0.030305 0.699873 -0.082784
v -0.057559 0.699870 -0.070294
v -0.079069 0.699866 -0.050949
v -0.092793 0.699862 -0.026730
v -0.097501 0.699861 -0.000000
v -0.092793 0.699862 0.026730
v -0.079069 0.699866 0.050949
v -0.057559 0.699870 0.070294
v -0.030305 0.699873 0.082784
v -0.000000 0.789675 0.082608
v 0.028764 0.789672 0.078510
v 0.054628 0.789664 0.066657
v 0.075034 0.789653 0.048305
v 0.088047 0.789643 0.025338
v 0.092510 0.789639 0.000000
v 0.088047 0.789643 -0.025338
v 0.075034 0.789653 -0.048305
v 0.054628 0.789664 -0.066657
v 0.028764 0.789672 -0.078510
v 0.000000 0.789675 -0.082608
v -0.028764 0.789672 -0.078510
v -0.054628 0.789664 -0.066657
v -0.075034 0.789653 -0.048305
v -0.088047 0.789643 -0.025338
v -0.092510 0.789639 -0.000000
v -0.088047 0.789643 0.025338
v -0.075034 0.789653 0.048305
v -0.054628 0.789664 0.066657
v -0.028764 0.789672 0.078510
v -0.067538 0.524700 0.059993
v -0.037542 0.524700 0.051955
v -0.015583 0.524700 0.029996
v -0.007546 0.524700 0.000000
v -0.015583 0.524700 -0.029996
v -0.037542 0.524700 -0.051955
v -0.067538 0.524700 -0.059993
v -0.097535 0.524700 -0.051955
v -0.119494 0.524700 -0.029996
v -0.127531 0.524700 -0.000000
v -0.119494 0.524700 0.029996
v -0.097535 0.524700 0.051955
v -0.067538 0.624700 0.064993
v -0.035042 0.624700 0.056285
v -0.011253 0.624700 0.032496
v -0.002546 0.624700 0.000000
v -0.011253 0.624700 -0.032496
v -0.035042 0.624700 -0.056285
v -0.067538 0.624700 -0.064993
v -0.100035 0.624700 -0.056285
v -0.123824 0.624700 -0.032496
v -0.132531 0.624700 -0.000000
v -0.123824 0.624700 0.032496
v -0.100035 0.624700 0.056285
v -0.067538 0.525300 0.048007
v -0.043535 0.525300 0.041576
v -0.025963 0.525300 0.024004
v -0.019531 0.525300 0.000000
v -0.025963 0.525300 -0.024004
v -0.043535 0.525300 -0.041576
v -0.067538 0.525300 -0.048007
v -0.091542 0.525300 -0.041576
v -0.109114 0.525300 -0.024004
v -0.115546 0.525300 -0.000000
v -0.109114 0.525300 0.024004
v -0.091542 0.525300 0.041576
v -0.067538 0.625300 0.053007
v -0.041035 0.625300 0.045906
v -0.021633 0.625300 0.026504
v -0.014531 0.625300 0.000000
v -0.021633 0.625300 -0.026504
v -0.041035 0.625300 -0.045906
v -0.067538 0.625300 -0.053007
v -0.094042 0.625300 -0.045906
v -0.113444 0.625300 -0.026504
v -0.120546 0.625300 -0.000000
v -0.113444 0.625300 0.026504
v -0.094042 0.625300 0.045906
v -0.074846 0.493000 0.068000
v -0.040846 0.493000 0.058890
v -0.015956 0.493000 0.034000
v -0.006846 0.493000 0.000000
v -0.015956 0.493000 -0.034000
v -0.040846 0.493000 -0.058890
v -0.074846 0.493000 -0.068000
v -0.108846 0.493000 -0.058890
v -0.133736 0.493000 -0.034000
v -0.142846 0.493000 -0.000000
v -0.133736 0.493000 0.034000
v -0.108846 0.493000 0.058890
v -0.074846 0.527000 0.068000
v -0.040846 0.527000 0.058890
v -0.015956 0.527000 0.034000
v -0.006846 0.527000 0.000000
v -0.015956 0.527000 -0.034000
v -0.040846 0.527000 -0.058890
v -0.074846 0.527000 -0.068000
v -0.108846 0.527000 -0.058890
v -0.133736 0.527000 -0.034000
v -0.142846 0.527000 -0.000000
v -0.133736 0.527000 0.034000
v -0.108846 0.527000 0.058890
v -0.074846 0.493000 0.056000
v -0.046846 0.493000 0.048497
v -0.026349 0.493000 0.028000
v -0.018846 0.493000 0.000000
v -0.026349 0.493000 -0.028000
v -0.046846 0.493000 -0.048497
v -0.074846 0.493000 -0.056000
v -0.102846 0.493000 -0.048497
v -0.123344 0.493000 -0.028000
v -0.130846 0.493000 -0.000000
v -0.123344 0.493000 0.028000
v -0.102846 0.493000 0.048497
v -0.074846 0.527000 0.056000
v -0.046846 0.527000 0.048497
v -0.026349 0.527000 0.028000
v -0.018846 0.527000 0.000000
v -0.026349 0.527000 -0.028000
v -0.046846 0.527000 -0.048497
v -0.074846 0.527000 -0.056000
v -0.102846 0.527000 -0.048497
v -0.123344 0.527000 -0.028000
v -0.130846 0.527000 -0.000000
v -0.123344 0.527000 0.028000
v -0.102846 0.527000 0.048497
v 0.067538 0.524700 0.059993
v 0.097535 0.524700 0.051955
v 0.119494 0.524700 0.029996
v 0.127531 0.524700 0.000000
v 0.119494 0.524700 -0.029996
v 0.097535 0.524700 -0.051955
v 0.067538 0.524700 -0.059993
v 0.037542 0.524700 -0.051955
v 0.015583 0.524700 -0.029996
v 0.007546 0.524700 -0.000000
v 0.015583 0.524700 0.029996
v 0.037542 0.524700 0.051955
v 0.067538 0.624700 0.064993
v 0.100035 0.624700 0.056285
v 0.123824 0.624700 0.032496
v 0.132531 0.624700 0.000000
v 0.123824 0.624700 -0.032496
v 0.100035 0.624700 -0.056285
v 0.067538 0.624700 -0.064993
v 0.035042 0.624700 -0.056285
v 0.011253 0.624700 -0.032496
v 0.002546 0.624700 -0.000000
v 0.011253 0.624700 0.032496
v 0.035042 0.624700 0.056285
v 0.067538 0.525300 0.048007
v 0.091542 0.525300 0.041576
v 0.109114 0.525300 0.024004
v 0.115546 0.525300 0.000000
v 0.109114 0.525300 -0.024004
v 0.091542 0.525300 -0.041576
v 0.067538 0.525300 -0.048007
v 0.043535 0.525300 -0.041576
v 0.025963 0.525300 -0.024004
v 0.019531 0.525300 -0.000000
v 0.025963 0.525300 0.024004
v 0.043535 0.525300 0.041576
v 0.067538 0.625300 0.053007
v 0.094042 0.625300 0.045906
v 0.113444 0.625300 0.026504
v 0.120546 0.625300 0.000000
v 0.113444 0.625300 -0.026504
v 0.094042 0.625300 -0.045906
v 0.067538 0.625300 -0.053007
v 0.041035 0.625300 -0.045906
v 0.021633 0.625300 -0.026504
v 0.014531 0.625300 -0.000000
v 0.021633 0.625300 0.026504
v 0.041035 0.625300 0.045906
v 0.074846 0.493000 0.068000
v 0.108846 0.493000 0.058890
v 0.133736 0.493000 0.034000
v 0.142846 0.493000 0.000000
v 0.133736 0.493000 -0.034000
v 0.108846 0.493000 -0.058890
v 0.074846 0.493000 -0.068000
v 0.040846 0.493000 -0.058890
v 0.015956 0.493000 -0.034000
v 0.006846 0.493000 -0.000000
v 0.015956 0.493000 0.034000
v 0.040846 0.493000 0.058890
v 0.074846 0.527000 0.068000
v 0.108846 0.527000 0.058890
v 0.133736 0.527000 0.034000
v 0.142846 0.527000 0.000000
v 0.133736 0.527000 -0.034000
v 0.108846 0.527000 -0.058890
v 0.074846 0.527000 -0.068000
v 0.040846 0.527000 -0.058890
v 0.015956 0.527000 -0.034000
v 0.006846 0.527000 -0.000000
v 0.015956 0.527000 0.034000
v 0.040846 0.527000 0.058890
v 0.074846 0.493000 0.056000
v 0.102846 0.493000 0.048497
v 0.123344 0.493000 0.028000
v 0.130846 0.493000 0.000000
v 0.123344 0.493000 -0.028000
v 0.102846 0.493000 -0.048497
v 0.074846 0.493000 -0.056000
v 0.046846 0.493000 -0.048497
v 0.026349 0.493000 -0.028000
v 0.018846 0.493000 -0.000000
v 0.026349 0.493000 0.028000
v 0.046846 0.493000 0.048497
v 0.074846 0.527000 0.056000
v 0.102846 0.527000 0.048497
v 0.123344 0.527000 0.028000
v 0.130846 0.527000 0.000000
v 0.123344 0.527000 -0.028000
v 0.102846 0.527000 -0.048497
v 0.074846 0.527000 -0.056000
v 0.046846 0.527000 -0.048497
v 0.026349 0.527000 -0.028000
v 0.018846 0.527000 -0.000000
v 0.026349 0.527000 0.028000
v 0.046846 0.527000 0.048497
v 0.050000 0.730729 -0.134607
v 0.050000 0.690000 -0.144800
v 0.060103 0.743215 -0.121533
v 0.068668 0.730729 -0.131311
v 0.074390 0.712043 -0.137844
v 0.076400 0.690000 -0.140138
v 0.074390 0.667957 -0.137844
v 0.068668 0.649271 -0.131311
v 0.060103 0.636785 -0.121533
v 0.067499 0.743215 -0.116659
v 0.082333 0.730729 -0.122304
v 0.092245 0.712043 -0.126076
v 0.095726 0.690000 -0.127400
v 0.092245 0.667957 -0.126076
v 0.082333 0.649271 -0.122304
v 0.067499 0.636785 -0.116659
v 0.070206 0.743215 -0.110000
v 0.087335 0.730729 -0.110000
v 0.098781 0.712043 -0.110000
v 0.102800 0.690000 -0.110000
v 0.098781 0.667957 -0.110000
v 0.087335 0.649271 -0.110000
v 0.070206 0.636785 -0.110000
v 0.067499 0.743215 -0.103341
v 0.082333 0.730729 -0.097696
v 0.092245 0.712043 -0.093924
v 0.095726 0.690000 -0.092600
v 0.092245 0.667957 -0.093924
v 0.082333 0.649271 -0.097696
v 0.067499 0.636785 -0.103341
v 0.060103 0.743215 -0.098467
v 0.068668 0.730729 -0.088689
v 0.074390 0.712043 -0.082156
v 0.076400 0.690000 -0.079862
v 0.074390 0.667957 -0.082156
v 0.068668 0.649271 -0.088689
v 0.060103 0.636785 -0.098467
v 0.050000 0.743215 -0.096683
v 0.050000 0.730729 -0.085393
v 0.050000 0.712043 -0.077849
v 0.050000 0.690000 -0.075200
v 0.050000 0.667957 -0.077849
v 0.050000 0.649271 -0.085393
v 0.050000 0.636785 -0.096683
v 0.039897 0.743215 -0.098467
v 0.031332 0.730729 -0.088689
v 0.025610 0.712043 -0.082156
v 0.023600 0.690000 -0.079862
v 0.025610 0.667957 -0.082156
v 0.031332 0.649271 -0.088689
v 0.039897 0.636785 -0.098467
v 0.050000 0.632400 -0.110000
v 0.050000 0.747600 -0.110000
v 0.032501 0.743215 -0.103341
v 0.017667 0.730729 -0.097696
v 0.007755 0.712043 -0.093924
v 0.004274 0.690000 -0.092600
v 0.007755 0.667957 -0.093924
v 0.017667 0.649271 -0.097696
v 0.032501 0.636785 -0.103341
v 0.029794 0.743215 -0.110000
v 0.012665 0.730729 -0.110000
v 0.001219 0.712043 -0.110000
v -0.002800 0.690000 -0.110000
v 0.001219 0.667957 -0.110000
v 0.012665 0.649271 -0.110000
v 0.029794 0.636785 -0.110000
v 0.032501 0.743215 -0.116659
v 0.017667 0.730729 -0.122304
v 0.007755 0.712043 -0.126076
v 0.004274 0.690000 -0.127400
v 0.007755 0.667957 -0.126076
v 0.017667 0.649271 -0.122304
v 0.032501 0.636785 -0.116659
v 0.039897 0.743215 -0.121533
v 0.031332 0.730729 -0.131311
v 0.025610 0.712043 -0.137844
v 0.023600 0.690000 -0.140138
v 0.025610 0.667957 -0.137844
v 0.031332 0.649271 -0.131311
v 0.039897 0.636785 -0.121533
v 0.050000 0.743215 -0.123317
v 0.050000 0.712043 -0.142151
v 0.050000 0.667957 -0.142151
v 0.050000 0.649271 -0.134607
v 0.050000 0.636785 -0.123317
v 0.006000 0.725000 -0.080000
v 0.006000 0.755000 -0.080000
v 0.006000 0.725000 -0.124000
v 0.006000 0.755000 -0.124000
v 0.094000 0.725000 -0.080000
v 0.094000 0.755000 -0.080000
v 0.094000 0.725000 -0.124000
v 0.094000 0.755000 -0.124000
v 0.039000 0.707000 -0.111000
v 0.039000 0.765000 -0.111000
v 0.039000 0.707000 -0.157000
v 0.039000 0.765000 -0.157000
v 0.061000 0.707000 -0.111000
v 0.061000 0.765000 -0.111000
v 0.061000 0.707000 -0.157000
v 0.061000 0.765000 -0.157000
v -0.059126 0.972043 -0.014967
v -0.051166 0.958500 -0.025923
v -0.048252 0.940000 -0.029934
v -0.051166 0.921500 -0.025923
v -0.059126 0.907957 -0.014967
v -0.052405 0.972043 -0.005717
v -0.039525 0.958500 -0.009902
v -0.034811 0.940000 -0.011434
v -0.039525 0.921500 -0.009902
v -0.052405 0.907957 -0.005717
v -0.052405 0.972043 0.005717
v -0.039525 0.958500 0.009902
v -0.034811 0.940000 0.011434
v -0.039525 0.921500 0.009902
v -0.052405 0.907957 0.005717
v -0.059126 0.972043 0.014967
v -0.051166 0.958500 0.025923
v -0.048252 0.940000 0.029934
v -0.051166 0.921500 0.025923
v -0.059126 0.907957 0.014967
v -0.070000 0.972043 0.018500
v -0.070000 0.958500 0.032043
v -0.070000 0.940000 0.037000
v -0.070000 0.921500 0.032043
v -0.070000 0.907957 0.018500
v -0.070000 0.977000 0.000000
v -0.080874 0.972043 0.014967
v -0.088834 0.958500 0.025923
v -0.091748 0.940000 0.029934
v -0.088834 0.921500 0.025923
v -0.080874 0.907957 0.014967
v -0.087595 0.972043 0.005717
v -0.100475 0.958500 0.009902
v -0.105189 0.940000 0.011434
v -0.100475 0.921500 0.009902
v -0.087595 0.907957 0.005717
v -0.070000 0.903000 0.000000
v -0.087595 0.972043 -0.005717
v -0.100475 0.958500 -0.009902
v -0.105189 0.940000 -0.011434
v -0.100475 0.921500 -0.009902
v -0.087595 0.907957 -0.005717
v -0.080874 0.972043 -0.014967
v -0.088834 0.958500 -0.025923
v -0.091748 0.940000 -0.029934
v -0.088834 0.921500 -0.025923
v -0.080874 0.907957 -0.014967
v -0.070000 0.972043 -0.018500
v -0.070000 0.958500 -0.032043
v -0.070000 0.940000 -0.037000
v -0.070000 0.921500 -0.032043
v -0.070000 0.907957 -0.018500
v -0.070000 0.940000 -0.027000
v -0.128713 0.759299 -0.027000
v -0.085093 0.944904 -0.021843
v -0.143807 0.764203 -0.021843
v -0.094422 0.947935 -0.008343
v -0.153135 0.767234 -0.008343
v -0.094422 0.947935 0.008343
v -0.153135 0.767234 0.008343
v -0.085093 0.944904 0.021843
v -0.143807 0.764203 0.021843
v -0.070000 0.940000 0.027000
v -0.128713 0.759299 0.027000
v -0.054907 0.935096 0.021843
v -0.113620 0.754395 0.021843
v -0.045578 0.932065 0.008343
v -0.104292 0.751364 0.008343
v -0.045578 0.932065 -0.008343
v -0.104292 0.751364 -0.008343
v -0.054907 0.935096 -0.021843
v -0.113620 0.754395 -0.021843
v -0.062065 0.963383 -0.010922
v -0.056256 0.953500 -0.018917
v -0.054130 0.940000 -0.021843
v -0.056256 0.926500 -0.018917
v -0.062065 0.916617 -0.010922
v -0.057161 0.963383 -0.004172
v -0.047762 0.953500 -0.007226
v -0.044321 0.940000 -0.008343
v -0.047762 0.926500 -0.007226
v -0.057161 0.916617 -0.004172
v -0.057161 0.963383 0.004172
v -0.047762 0.953500 0.007226
v -0.044321 0.940000 0.008343
v -0.047762 0.926500 0.007226
v -0.057161 0.916617 0.004172
v -0.062065 0.963383 0.010922
v -0.056256 0.953500 0.018917
v -0.054130 0.940000 0.021843
v -0.056256 0.926500 0.018917
v -0.062065 0.916617 0.010922
v -0.070000 0.963383 0.013500
v -0.070000 0.953500 0.023383
v -0.070000 0.940000 0.027000
v -0.070000 0.926500 0.023383
v -0.070000 0.916617 0.013500
v -0.070000 0.967000 0.000000
v -0.077935 0.963383 0.010922
v -0.083744 0.953500 0.018917
v -0.085870 0.940000 0.021843
v -0.083744 0.926500 0.018917
v -0.077935 0.916617 0.010922
v -0.082839 0.963383 0.004172
v -0.092238 0.953500 0.007226
v -0.095679 0.940000 0.008343
v -0.092238 0.926500 0.007226
v -0.082839 0.916617 0.004172
v -0.070000 0.913000 0.000000
v -0.082839 0.963383 -0.004172
v -0.092238 0.953500 -0.007226
v -0.095679 0.940000 -0.008343
v -0.092238 0.926500 -0.007226
v -0.082839 0.916617 -0.004172
v -0.077935 0.963383 -0.010922
v -0.083744 0.953500 -0.018917
v -0.085870 0.940000 -0.021843
v -0.083744 0.926500 -0.018917
v -0.077935 0.916617 -0.010922
v -0.070000 0.963383 -0.013500
v -0.070000 0.953500 -0.023383
v -0.070000 0.940000 -0.027000
v -0.070000 0.926500 -0.023383
v -0.070000 0.916617 -0.013500
v -0.120778 0.782682 -0.010922
v -0.114969 0.772799 -0.018917
v -0.112843 0.759299 -0.021843
v -0.114969 0.745799 -0.018917
v -0.120778 0.735917 -0.010922
v -0.115874 0.782682 -0.004172
v -0.106475 0.772799 -0.007226
v -0.103035 0.759299 -0.008343
v -0.106475 0.745799 -0.007226
v -0.115874 0.735917 -0.004172
v -0.115874 0.782682 0.004172
v -0.106475 0.772799 0.007226
v -0.103035 0.759299 0.008343
v -0.106475 0.745799 0.007226
v -0.115874 0.735917 0.004172
v -0.120778 0.782682 0.010922
v -0.114969 0.772799 0.018917
v -0.112843 0.759299 0.021843
v -0.114969 0.745799 0.018917
v -0.120778 0.735917 0.010922
v -0.128713 0.782682 0.013500
v -0.128713 0.772799 0.023383
v -0.128713 0.759299 0.027000
v -0.128713 0.745799 0.023383
v -0.128713 0.735917 0.013500
v -0.128713 0.786299 0.000000
v -0.136648 0.782682 0.010922
v -0.142457 0.772799 0.018917
v -0.144583 0.759299 0.021843
v -0.142457 0.745799 0.018917
v -0.136648 0.735917 0.010922
v -0.141552 0.782682 0.004172
v -0.150951 0.772799 0.007226
v -0.154392 0.759299 0.008343
v -0.150951 0.745799 0.007226
v -0.141552 0.735917 0.004172
v -0.128713 0.732299 0.000000
v -0.141552 0.782682 -0.004172
v -0.150951 0.772799 -0.007226
v -0.154392 0.759299 -0.008343
v -0.150951 0.745799 -0.007226
v -0.141552 0.735917 -0.004172
v -0.136648 0.782682 -0.010922
v -0.142457 0.772799 -0.018917
v -0.144583 0.759299 -0.021843
v -0.142457 0.745799 -0.018917
v -0.136648 0.735917 -0.010922
v -0.128713 0.782682 -0.013500
v -0.128713 0.772799 -0.023383
v -0.128713 0.759299 -0.027000
v -0.128713 0.745799 -0.023383
v -0.128713 0.735917 -0.013500
v -0.128713 0.759299 -0.024000
v -0.178156 0.607130 -0.024000
v -0.142130 0.763659 -0.019416
v -0.191572 0.611490 -0.019416
v -0.150421 0.766353 -0.007416
v -0.199864 0.614184 -0.007416
v -0.150421 0.766353 0.007416
v -0.199864 0.614184 0.007416
v -0.142130 0.763659 0.019416
v -0.191572 0.611490 0.019416
v -0.128713 0.759299 0.024000
v -0.178156 0.607130 0.024000
v -0.115297 0.754940 0.019416
v -0.164740 0.602771 0.019416
v -0.107005 0.752246 0.007416
v -0.156448 0.600077 0.007416
v -0.107005 0.752246 -0.007416
v -0.156448 0.600077 -0.007416
v -0.115297 0.754940 -0.019416
v -0.164740 0.602771 -0.019416
v -0.121660 0.780084 -0.009708
v -0.116496 0.771299 -0.016815
v -0.114606 0.759299 -0.019416
v -0.116496 0.747299 -0.016815
v -0.121660 0.738515 -0.009708
v -0.117301 0.780084 -0.003708
v -0.108946 0.771299 -0.006423
v -0.105888 0.759299 -0.007416
v -0.108946 0.747299 -0.006423
v -0.117301 0.738515 -0.003708
v -0.117301 0.780084 0.003708
v -0.108946 0.771299 0.006423
v -0.105888 0.759299 0.007416
v -0.108946 0.747299 0.006423
v -0.117301 0.738515 0.003708
v -0.121660 0.780084 0.009708
v -0.116496 0.771299 0.016815
v -0.114606 0.759299 0.019416
v -0.116496 0.747299 0.016815
v -0.121660 0.738515 0.009708
v -0.128713 0.780084 0.012000
v -0.128713 0.771299 0.020785
v -0.128713 0.759299 0.024000
v -0.128713 0.747299 0.020785
v -0.128713 0.738515 0.012000
v -0.135767 0.780084 0.009708
v -0.140930 0.771299 0.016815
v -0.142820 0.759299 0.019416
v -0.140930 0.747299 0.016815
v -0.135767 0.738515 0.009708
v -0.128713 0.783299 0.000000
v -0.140126 0.780084 0.003708
v -0.148481 0.771299 0.006423
v -0.151539 0.759299 0.007416
v -0.148481 0.747299 0.006423
v -0.140126 0.738515 0.003708
v -0.128713 0.735299 0.000000
v -0.140126 0.780084 -0.003708
v -0.148481 0.771299 -0.006423
v -0.151539 0.759299 -0.007416
v -0.148481 0.747299 -0.006423
v -0.140126 0.738515 -0.003708
v -0.135767 0.780084 -0.009708
v -0.140930 0.771299 -0.016815
v -0.142820 0.759299 -0.019416
v -0.140930 0.747299 -0.016815
v -0.135767 0.738515 -0.009708
v -0.128713 0.780084 -0.012000
v -0.128713 0.771299 -0.020785
v -0.128713 0.759299 -0.024000
v -0.128713 0.747299 -0.020785
v -0.128713 0.738515 -0.012000
v -0.171103 0.627915 -0.009708
v -0.165939 0.619130 -0.016815
v -0.164049 0.607130 -0.019416
v -0.165939 0.595130 -0.016815
v -0.171103 0.586346 -0.009708
v -0.166743 0.627915 -0.003708
v -0.158389 0.619130 -0.006423
v -0.155331 0.607130 -0.007416
v -0.158389 0.595130 -0.006423
v -0.166743 0.586346 -0.003708
v -0.166743 0.627915 0.003708
v -0.158389 0.619130 0.006423
v -0.155331 0.607130 0.007416
v -0.158389 0.595130 0.006423
v -0.166743 0.586346 0.003708
v -0.171103 0.627915 0.009708
v -0.165939 0.619130 0.016815
v -0.164049 0.607130 0.019416
v -0.165939 0.595130 0.016815
v -0.171103 0.586346 0.009708
v -0.178156 0.627915 0.012000
v -0.178156 0.619130 0.020785
v -0.178156 0.607130 0.024000
v -0.178156 0.595130 0.020785
v -0.178156 0.586346 0.012000
v -0.185209 0.627915 0.009708
v -0.190373 0.619130 0.016815
v -0.192263 0.607130 0.019416
v -0.190373 0.595130 0.016815
v -0.185209 0.586346 0.009708
v -0.178156 0.631130 0.000000
v -0.189569 0.627915 0.003708
v -0.197923 0.619130 0.006423
v -0.200981 0.607130 0.007416
v -0.197923 0.595130 0.006423
v -0.189569 0.586346 0.003708
v -0.178156 0.583130 0.000000
v -0.189569 0.627915 -0.003708
v -0.197923 0.619130 -0.006423
v -0.200981 0.607130 -0.007416
v -0.197923 0.595130 -0.006423
v -0.189569 0.586346 -0.003708
v -0.185209 0.627915 -0.009708
v -0.190373 0.619130 -0.016815
v -0.192263 0.607130 -0.019416
v -0.190373 0.595130 -0.016815
v -0.185209 0.586346 -0.009708
v -0.178156 0.627915 -0.012000
v -0.178156 0.619130 -0.020785
v -0.178156 0.607130 -0.024000
v -0.178156 0.595130 -0.020785
v -0.178156 0.586346 -0.012000
v -0.175684 0.614739 -0.036000
v -0.189899 0.570990 -0.036000
v -0.192803 0.620301 -0.031177
v -0.207018 0.576552 -0.031177
v -0.205335 0.624373 -0.018000
v -0.219550 0.580624 -0.018000
v -0.209922 0.625863 0.000000
v -0.224137 0.582115 0.000000
v -0.205335 0.624373 0.018000
v -0.219550 0.580624 0.018000
v -0.192803 0.620301 0.031177
v -0.207018 0.576552 0.031177
v -0.175684 0.614739 0.036000
v -0.189899 0.570990 0.036000
v -0.158565 0.609176 0.031177
v -0.172780 0.565428 0.031177
v -0.146033 0.605105 0.018000
v -0.160248 0.561356 0.018000
v -0.141446 0.603614 0.000000
v -0.155661 0.559865 0.000000
v -0.146033 0.605105 -0.018000
v -0.160248 0.561356 -0.018000
v -0.158565 0.609176 -0.031177
v -0.172780 0.565428 -0.031177
v -0.200405 0.553962 -0.022173
v -0.200405 0.501699 -0.009184
v -0.192752 0.575609 -0.007954
v -0.186263 0.566938 -0.014697
v -0.181928 0.553962 -0.019202
v -0.180405 0.538654 -0.020785
v -0.181928 0.523347 -0.019202
v -0.186263 0.510370 -0.014697
v -0.192752 0.501699 -0.007954
v -0.187149 0.575609 -0.004592
v -0.175910 0.566938 -0.008485
v -0.168401 0.553962 -0.011087
v -0.165764 0.538654 -0.012000
v -0.168401 0.523347 -0.011087
v -0.175910 0.510370 -0.008485
v -0.187149 0.501699 -0.004592
v -0.185098 0.575609 0.000000
v -0.172121 0.566938 0.000000
v -0.163450 0.553962 0.000000
v -0.160405 0.538654 0.000000
v -0.163450 0.523347 0.000000
v -0.172121 0.510370 0.000000
v -0.185098 0.501699 0.000000
v -0.187149 0.575609 0.004592
v -0.175910 0.566938 0.008485
v -0.168401 0.553962 0.011087
v -0.165764 0.538654 0.012000
v -0.168401 0.523347 0.011087
v -0.175910 0.510370 0.008485
v -0.187149 0.501699 0.004592
v -0.192752 0.575609 0.007954
v -0.186263 0.566938 0.014697
v -0.181928 0.553962 0.019202
v -0.180405 0.538654 0.020785
v -0.181928 0.523347 0.019202
v -0.186263 0.510370 0.014697
v -0.192752 0.501699 0.007954
v -0.200405 0.575609 0.009184
v -0.200405 0.566938 0.016971
v -0.200405 0.553962 0.022173
v -0.200405 0.538654 0.024000
v -0.200405 0.523347 0.022173
v -0.200405 0.510370 0.016971
v -0.200405 0.501699 0.009184
v -0.200405 0.498654 0.000000
v -0.208059 0.575609 0.007954
v -0.214547 0.566938 0.014697
v -0.218883 0.553962 0.019202
v -0.220405 0.538654 0.020785
v -0.218883 0.523347 0.019202
v -0.214547 0.510370 0.014697
v -0.208059 0.501699 0.007954
v -0.200405 0.578654 0.000000
v -0.213662 0.575609 0.004592
v -0.224900 0.566938 0.008485
v -0.232409 0.553962 0.011087
v -0.235046 0.538654 0.012000
v -0.232409 0.523347 0.011087
v -0.224900 0.510370 0.008485
v -0.213662 0.501699 0.004592
v -0.215713 0.575609 -0.000000
v -0.228689 0.566938 0.000000
v -0.237360 0.553962 -0.000000
v -0.240405 0.538654 0.000000
v -0.237360 0.523347 -0.000000
v -0.228689 0.510370 0.000000
v -0.215713 0.501699 -0.000000
v -0.213662 0.575609 -0.004592
v -0.224900 0.566938 -0.008485
v -0.232409 0.553962 -0.011087
v -0.235046 0.538654 -0.012000
v -0.232409 0.523347 -0.011087
v -0.224900 0.510370 -0.008485
v -0.213662 0.501699 -0.004592
v -0.208059 0.575609 -0.007954
v -0.214547 0.566938 -0.014697
v -0.218883 0.553962 -0.019202
v -0.220405 0.538654 -0.020785
v -0.218883 0.523347 -0.019202
v -0.214547 0.510370 -0.014697
v -0.208059 0.501699 -0.007954
v -0.200405 0.575609 -0.009184
v -0.200405 0.566938 -0.016971
v -0.200405 0.538654 -0.024000
v -0.200405 0.523347 -0.022173
v -0.200405 0.510370 -0.016971
v -0.224182 0.546380 -0.015700
v -0.236542 0.508337 -0.015700
v -0.232171 0.548975 -0.010850
v -0.244532 0.510933 -0.010850
v -0.232171 0.548975 -0.001150
v -0.244532 0.510933 -0.001150
v -0.224182 0.546380 0.003700
v -0.236542 0.508337 0.003700
v -0.216192 0.543784 -0.001150
v -0.228553 0.505741 -0.001150
v -0.216192 0.543784 -0.010850
v -0.228553 0.505741 -0.010850
v -0.224182 0.554780 -0.010850
v -0.224182 0.551230 -0.014400
v -0.224182 0.546380 -0.015700
v -0.224182 0.541530 -0.014400
v -0.224182 0.537979 -0.010850
v -0.219981 0.554780 -0.008425
v -0.216907 0.551230 -0.010200
v -0.215781 0.546380 -0.010850
v -0.216907 0.541530 -0.010200
v -0.219981 0.537979 -0.008425
v -0.219981 0.554780 -0.003575
v -0.216907 0.551230 -0.001800
v -0.215781 0.546380 -0.001150
v -0.216907 0.541530 -0.001800
v -0.219981 0.537979 -0.003575
v -0.224182 0.554780 -0.001150
v -0.224182 0.551230 0.002400
v -0.224182 0.546380 0.003700
v -0.224182 0.541530 0.002400
v -0.224182 0.537979 -0.001150
v -0.224182 0.556080 -0.006000
v -0.228382 0.554780 -0.003575
v -0.231457 0.551230 -0.001800
v -0.232582 0.546380 -0.001150
v -0.231457 0.541530 -0.001800
v -0.228382 0.537979 -0.003575
v -0.228382 0.554780 -0.008425
v -0.231457 0.551230 -0.010200
v -0.232582 0.546380 -0.010850
v -0.231457 0.541530 -0.010200
v -0.228382 0.537979 -0.008425
v -0.224182 0.536680 -0.006000
v -0.236542 0.516738 -0.010850
v -0.236542 0.513187 -0.014400
v -0.236542 0.508337 -0.015700
v -0.236542 0.503487 -0.014400
v -0.236542 0.499937 -0.010850
v -0.232342 0.516738 -0.008425
v -0.229267 0.513187 -0.010200
v -0.228142 0.508337 -0.010850
v -0.229267 0.503487 -0.010200
v -0.232342 0.499937 -0.008425
v -0.232342 0.516738 -0.003575
v -0.229267 0.513187 -0.001800
v -0.228142 0.508337 -0.001150
v -0.229267 0.503487 -0.001800
v -0.232342 0.499937 -0.003575
v -0.236542 0.516738 -0.001150
v -0.236542 0.513187 0.002400
v -0.236542 0.508337 0.003700
v -0.236542 0.503487 0.002400
v -0.236542 0.499937 -0.001150
v -0.236542 0.518037 -0.006000
v -0.240742 0.516738 -0.003575
v -0.243817 0.513187 -0.001800
v -0.244943 0.508337 -0.001150
v -0.243817 0.503487 -0.001800
v -0.240742 0.499937 -0.003575
v -0.240742 0.516738 -0.008425
v -0.243817 0.513187 -0.010200
v -0.244943 0.508337 -0.010850
v -0.243817 0.503487 -0.010200
v -0.240742 0.499937 -0.008425
v -0.236542 0.498637 -0.006000
v -0.208965 0.541435 -0.015700
v -0.222870 0.498638 -0.015700
v -0.216954 0.544031 -0.010850
v -0.230860 0.501234 -0.010850
v -0.216954 0.544031 -0.001150
v -0.230860 0.501234 -0.001150
v -0.208965 0.541435 0.003700
v -0.222870 0.498638 0.003700
v -0.200975 0.538839 -0.001150
v -0.214881 0.496042 -0.001150
v -0.200975 0.538839 -0.010850
v -0.214881 0.496042 -0.010850
v -0.208965 0.549836 -0.010850
v -0.208965 0.546285 -0.014400
v -0.208965 0.541435 -0.015700
v -0.208965 0.536585 -0.014400
v -0.208965 0.533035 -0.010850
v -0.204764 0.549836 -0.008425
v -0.201690 0.546285 -0.010200
v -0.200564 0.541435 -0.010850
v -0.201690 0.536585 -0.010200
v -0.204764 0.533035 -0.008425
v -0.204764 0.549836 -0.003575
v -0.201690 0.546285 -0.001800
v -0.200564 0.541435 -0.001150
v -0.201690 0.536585 -0.001800
v -0.204764 0.533035 -0.003575
v -0.208965 0.549836 -0.001150
v -0.208965 0.546285 0.002400
v -0.208965 0.541435 0.003700
v -0.208965 0.536585 0.002400
v -0.208965 0.533035 -0.001150
v -0.208965 0.551135 -0.006000
v -0.213165 0.549836 -0.003575
v -0.216240 0.546285 -0.001800
v -0.217365 0.541435 -0.001150
v -0.216240 0.536585 -0.001800
v -0.213165 0.533035 -0.003575
v -0.213165 0.549836 -0.008425
v -0.216240 0.546285 -0.010200
v -0.217365 0.541435 -0.010850
v -0.216240 0.536585 -0.010200
v -0.213165 0.533035 -0.008425
v -0.208965 0.531735 -0.006000
v -0.222870 0.507038 -0.010850
v -0.222870 0.503488 -0.014400
v -0.222870 0.498638 -0.015700
v -0.222870 0.493788 -0.014400
v -0.222870 0.490237 -0.010850
v -0.218670 0.507038 -0.008425
v -0.215595 0.503488 -0.010200
v -0.214470 0.498638 -0.010850
v -0.215595 0.493788 -0.010200
v -0.218670 0.490237 -0.008425
v -0.218670 0.507038 -0.003575
v -0.215595 0.503488 -0.001800
v -0.214470 0.498638 -0.001150
v -0.215595 0.493788 -0.001800
v -0.218670 0.490237 -0.003575
v -0.222870 0.507038 -0.001150
v -0.222870 0.503488 0.002400
v -0.222870 0.498638 0.003700
v -0.222870 0.493788 0.002400
v -0.222870 0.490237 -0.001150
v -0.222870 0.508338 -0.006000
v -0.227071 0.507038 -0.003575
v -0.230145 0.503488 -0.001800
v -0.231271 0.498638 -0.001150
v -0.230145 0.493788 -0.001800
v -0.227071 0.490237 -0.003575
v -0.227071 0.507038 -0.008425
v -0.230145 0.503488 -0.010200
v -0.231271 0.498638 -0.010850
v -0.230145 0.493788 -0.010200
v -0.227071 0.490237 -0.008425
v -0.222870 0.488938 -0.006000
v -0.191846 0.535873 -0.015700
v -0.204824 0.495929 -0.015700
v -0.199835 0.538469 -0.010850
v -0.212814 0.498524 -0.010850
v -0.199835 0.538469 -0.001150
v -0.212814 0.498524 -0.001150
v -0.191846 0.535873 0.003700
v -0.204824 0.495929 0.003700
v -0.183856 0.533277 -0.001150
v -0.196835 0.493333 -0.001150
v -0.183856 0.533277 -0.010850
v -0.196835 0.493333 -0.010850
v -0.191846 0.544273 -0.010850
v -0.191846 0.540723 -0.014400
v -0.191846 0.535873 -0.015700
v -0.191846 0.531023 -0.014400
v -0.191846 0.527473 -0.010850
v -0.187645 0.544273 -0.008425
v -0.184571 0.540723 -0.010200
v -0.183445 0.535873 -0.010850
v -0.184571 0.531023 -0.010200
v -0.187645 0.527473 -0.008425
v -0.187645 0.544273 -0.003575
v -0.184571 0.540723 -0.001800
v -0.183445 0.535873 -0.001150
v -0.184571 0.531023 -0.001800
v -0.187645 0.527473 -0.003575
v -0.191846 0.544273 -0.001150
v -0.191846 0.540723 0.002400
v -0.191846 0.535873 0.003700
v -0.191846 0.531023 0.002400
v -0.191846 0.527473 -0.001150
v -0.191846 0.545573 -0.006000
v -0.196046 0.544273 -0.003575
v -0.199121 0.540723 -0.001800
v -0.200246 0.535873 -0.001150
v -0.199121 0.531023 -0.001800
v -0.196046 0.527473 -0.003575
v -0.196046 0.544273 -0.008425
v -0.199121 0.540723 -0.010200
v -0.200246 0.535873 -0.010850
v -0.199121 0.531023 -0.010200
v -0.196046 0.527473 -0.008425
v -0.191846 0.526173 -0.006000
v -0.204824 0.504329 -0.010850
v -0.204824 0.500779 -0.014400
v -0.204824 0.495929 -0.015700
v -0.204824 0.491079 -0.014400
v -0.204824 0.487528 -0.010850
v -0.200624 0.504329 -0.008425
v -0.197549 0.500779 -0.010200
v -0.196424 0.495929 -0.010850
v -0.197549 0.491079 -0.010200
v -0.200624 0.487528 -0.008425
v -0.200624 0.504329 -0.003575
v -0.197549 0.500779 -0.001800
v -0.196424 0.495929 -0.001150
v -0.197549 0.491079 -0.001800
v -0.200624 0.487528 -0.003575
v -0.204824 0.504329 -0.001150
v -0.204824 0.500779 0.002400
v -0.204824 0.495929 0.003700
v -0.204824 0.491079 0.002400
v -0.204824 0.487528 -0.001150
v -0.204824 0.505629 -0.006000
v -0.209025 0.504329 -0.003575
v -0.212099 0.500779 -0.001800
v -0.213225 0.495929 -0.001150
v -0.212099 0.491079 -0.001800
v -0.209025 0.487528 -0.003575
v -0.209025 0.504329 -0.008425
v -0.212099 0.500779 -0.010200
v -0.213225 0.495929 -0.010850
v -0.212099 0.491079 -0.010200
v -0.209025 0.487528 -0.008425
v -0.204824 0.486229 -0.006000
v -0.177580 0.531238 -0.015700
v -0.188395 0.497951 -0.015700
v -0.185569 0.533834 -0.010850
v -0.196385 0.500547 -0.010850
v -0.185569 0.533834 -0.001150
v -0.196385 0.500547 -0.001150
v -0.177580 0.531238 0.003700
v -0.188395 0.497951 0.003700
v -0.169591 0.528642 -0.001150
v -0.180406 0.495355 -0.001150
v -0.169591 0.528642 -0.010850
v -0.180406 0.495355 -0.010850
v -0.177580 0.539638 -0.010850
v -0.177580 0.536088 -0.014400
v -0.177580 0.531238 -0.015700
v -0.177580 0.526388 -0.014400
v -0.177580 0.522837 -0.010850
v -0.173380 0.539638 -0.008425
v -0.170305 0.536088 -0.010200
v -0.169179 0.531238 -0.010850
v -0.170305 0.526388 -0.010200
v -0.173380 0.522837 -0.008425
v -0.173380 0.539638 -0.003575
v -0.170305 0.536088 -0.001800
v -0.169179 0.531238 -0.001150
v -0.170305 0.526388 -0.001800
v -0.173380 0.522837 -0.003575
v -0.177580 0.539638 -0.001150
v -0.177580 0.536088 0.002400
v -0.177580 0.531238 0.003700
v -0.177580 0.526388 0.002400
v -0.177580 0.522837 -0.001150
v -0.177580 0.540938 -0.006000
v -0.181780 0.539638 -0.003575
v -0.184855 0.536088 -0.001800
v -0.185980 0.531238 -0.001150
v -0.184855 0.526388 -0.001800
v -0.181780 0.522837 -0.003575
v -0.181780 0.539638 -0.008425
v -0.184855 0.536088 -0.010200
v -0.185980 0.531238 -0.010850
v -0.184855 0.526388 -0.010200
v -0.181780 0.522837 -0.008425
v -0.177580 0.521538 -0.006000
v -0.188395 0.506351 -0.010850
v -0.188395 0.502801 -0.014400
v -0.188395 0.497951 -0.015700
v -0.188395 0.493101 -0.014400
v -0.188395 0.489550 -0.010850
v -0.184195 0.506351 -0.008425
v -0.181120 0.502801 -0.010200
v -0.179995 0.497951 -0.010850
v -0.181120 0.493101 -0.010200
v -0.184195 0.489550 -0.008425
v -0.184195 0.506351 -0.003575
v -0.181120 0.502801 -0.001800
v -0.179995 0.497951 -0.001150
v -0.181120 0.493101 -0.001800
v -0.184195 0.489550 -0.003575
v -0.188395 0.506351 -0.001150
v -0.188395 0.502801 0.002400
v -0.188395 0.497951 0.003700
v -0.188395 0.493101 0.002400
v -0.188395 0.489550 -0.001150
v -0.188395 0.507651 -0.006000
v -0.192596 0.506351 -0.003575
v -0.195670 0.502801 -0.001800
v -0.196796 0.497951 -0.001150
v -0.195670 0.493101 -0.001800
v -0.192596 0.489550 -0.003575
v -0.192596 0.506351 -0.008425
v -0.195670 0.502801 -0.010200
v -0.196796 0.497951 -0.010850
v -0.195670 0.493101 -0.010200
v -0.192596 0.489550 -0.008425
v -0.188395 0.488251 -0.006000
v -0.223399 0.557299 -0.008918
v -0.252999 0.540630 -0.018918
v -0.228651 0.566383 -0.008514
v -0.258251 0.549714 -0.018514
v -0.233334 0.569348 0.000404
v -0.262933 0.552679 -0.009596
v -0.232765 0.563230 0.008918
v -0.262364 0.546560 -0.001082
v -0.227513 0.554146 0.008514
v -0.257113 0.537477 -0.001486
v -0.222830 0.551181 -0.000404
v -0.252430 0.534512 -0.010404
v -0.228082 0.569358 -0.005250
v -0.228082 0.565514 -0.009093
v -0.228082 0.560264 -0.010500
v -0.228082 0.555014 -0.009093
v -0.228082 0.551171 -0.005250
v -0.223535 0.569358 -0.002625
v -0.220207 0.565514 -0.004547
v -0.218989 0.560264 -0.005250
v -0.220207 0.555014 -0.004547
v -0.223535 0.551171 -0.002625
v -0.223535 0.569358 0.002625
v -0.220207 0.565514 0.004547
v -0.218989 0.560264 0.005250
v -0.220207 0.555014 0.004547
v -0.223535 0.551171 0.002625
v -0.228082 0.569358 0.005250
v -0.228082 0.565514 0.009093
v -0.228082 0.560264 0.010500
v -0.228082 0.555014 0.009093
v -0.228082 0.551171 0.005250
v -0.228082 0.570764 0.000000
v -0.232628 0.569358 0.002625
v -0.235957 0.565514 0.004547
v -0.237175 0.560264 0.005250
v -0.235957 0.555014 0.004547
v -0.232628 0.551171 0.002625
v -0.232628 0.569358 -0.002625
v -0.235957 0.565514 -0.004547
v -0.237175 0.560264 -0.005250
v -0.235957 0.555014 -0.004547
v -0.232628 0.551171 -0.002625
v -0.228082 0.549764 0.000000
v -0.257682 0.552689 -0.015250
v -0.257682 0.548845 -0.019093
v -0.257682 0.543595 -0.020500
v -0.257682 0.538345 -0.019093
v -0.257682 0.534502 -0.015250
v -0.253135 0.552689 -0.012625
v -0.249807 0.548845 -0.014547
v -0.248588 0.543595 -0.015250
v -0.249807 0.538345 -0.014547
v -0.253135 0.534502 -0.012625
v -0.253135 0.552689 -0.007375
v -0.249807 0.548845 -0.005453
v -0.248588 0.543595 -0.004750
v -0.249807 0.538345 -0.005453
v -0.253135 0.534502 -0.007375
v -0.257682 0.552689 -0.004750
v -0.257682 0.548845 -0.000907
v -0.257682 0.543595 0.000500
v -0.257682 0.538345 -0.000907
v -0.257682 0.534502 -0.004750
v -0.257682 0.554095 -0.010000
v -0.262228 0.552689 -0.007375
v -0.265557 0.548845 -0.005453
v -0.266775 0.543595 -0.004750
v -0.265557 0.538345 -0.005453
v -0.262228 0.534502 -0.007375
v -0.262228 0.552689 -0.012625
v -0.265557 0.548845 -0.014547
v -0.266775 0.543595 -0.015250
v -0.265557 0.538345 -0.014547
v -0.262228 0.534502 -0.012625
v -0.257682 0.533095 -0.010000
v 0.080874 0.972043 -0.014967
v 0.088834 0.958500 -0.025923
v 0.091748 0.940000 -0.029934
v 0.088834 0.921500 -0.025923
v 0.080874 0.907957 -0.014967
v 0.087595 0.972043 -0.005717
v 0.100475 0.958500 -0.009902
v 0.105189 0.940000 -0.011434
v 0.100475 0.921500 -0.009902
v 0.087595 0.907957 -0.005717
v 0.087595 0.972043 0.005717
v 0.100475 0.958500 0.009902
v 0.105189 0.940000 0.011434
v 0.100475 0.921500 0.009902
v 0.087595 0.907957 0.005717
v 0.080874 0.972043 0.014967
v 0.088834 0.958500 0.025923
v 0.091748 0.940000 0.029934
v 0.088834 0.921500 0.025923
v 0.080874 0.907957 0.014967
v 0.070000 0.972043 0.018500
v 0.070000 0.958500 0.032043
v 0.070000 0.940000 0.037000
v 0.070000 0.921500 0.032043
v 0.070000 0.907957 0.018500
v 0.070000 0.977000 0.000000
v 0.059126 0.972043 0.014967
v 0.051166 0.958500 0.025923
v 0.048252 0.940000 0.029934
v 0.051166 0.921500 0.025923
v 0.059126 0.907957 0.014967
v 0.052405 0.972043 0.005717
v 0.039525 0.958500 0.009902
v 0.034811 0.940000 0.011434
v 0.039525 0.921500 0.009902
v 0.052405 0.907957 0.005717
v 0.070000 0.903000 0.000000
v 0.052405 0.972043 -0.005717
v 0.039525 0.958500 -0.009902
v 0.034811 0.940000 -0.011434
v 0.039525 0.921500 -0.009902
v 0.052405 0.907957 -0.005717
v 0.059126 0.972043 -0.014967
v 0.051166 0.958500 -0.025923
v 0.048252 0.940000 -0.029934
v 0.051166 0.921500 -0.025923
v 0.059126 0.907957 -0.014967
v 0.070000 0.972043 -0.018500
v 0.070000 0.958500 -0.032043
v 0.070000 0.940000 -0.037000
v 0.070000 0.921500 -0.032043
v 0.070000 0.907957 -0.018500
v 0.070000 0.940000 -0.027000
v 0.128713 0.759299 -0.027000
v 0.054907 0.935096 -0.021843
v 0.113620 0.754395 -0.021843
v 0.045578 0.932065 -0.008343
v 0.104292 0.751364 -0.008343
v 0.045578 0.932065 0.008343
v 0.104292 0.751364 0.008343
v 0.054907 0.935096 0.021843
v 0.113620 0.754395 0.021843
v 0.070000 0.940000 0.027000
v 0.128713 0.759299 0.027000
v 0.085093 0.944904 0.021843
v 0.143807 0.764203 0.021843
v 0.094422 0.947935 0.008343
v 0.153135 0.767234 0.008343
v 0.094422 0.947935 -0.008343
v 0.153135 0.767234 -0.008343
v 0.085093 0.944904 -0.021843
v 0.143807 0.764203 -0.021843
v 0.077935 0.963383 -0.010922
v 0.083744 0.953500 -0.018917
v 0.085870 0.940000 -0.021843
v 0.083744 0.926500 -0.018917
v 0.077935 0.916617 -0.010922
v 0.082839 0.963383 -0.004172
v 0.092238 0.953500 -0.007226
v 0.095679 0.940000 -0.008343
v 0.092238 0.926500 -0.007226
v 0.082839 0.916617 -0.004172
v 0.082839 0.963383 0.004172
v 0.092238 0.953500 0.007226
v 0.095679 0.940000 0.008343
v 0.092238 0.926500 0.007226
v 0.082839 0.916617 0.004172
v 0.077935 0.963383 0.010922
v 0.083744 0.953500 0.018917
v 0.085870 0.940000 0.021843
v 0.083744 0.926500 0.018917
v 0.077935 0.916617 0.010922
v 0.070000 0.963383 0.013500
v 0.070000 0.953500 0.023383
v 0.070000 0.940000 0.027000
v 0.070000 0.926500 0.023383
v 0.070000 0.916617 0.013500
v 0.070000 0.967000 0.000000
v 0.062065 0.963383 0.010922
v 0.056256 0.953500 0.018917
v 0.054130 0.940000 0.021843
v 0.056256 0.926500 0.018917
v 0.062065 0.916617 0.010922
v 0.057161 0.963383 0.004172
v 0.047762 0.953500 0.007226
v 0.044321 0.940000 0.008343
v 0.047762 0.926500 0.007226
v 0.057161 0.916617 0.004172
v 0.070000 0.913000 0.000000
v 0.057161 0.963383 -0.004172
v 0.047762 0.953500 -0.007226
v 0.044321 0.940000 -0.008343
v 0.047762 0.926500 -0.007226
v 0.057161 0.916617 -0.004172
v 0.062065 0.963383 -0.010922
v 0.056256 0.953500 -0.018917
v 0.054130 0.940000 -0.021843
v 0.056256 0.926500 -0.018917
v 0.062065 0.916617 -0.010922
v 0.070000 0.963383 -0.013500
v 0.070000 0.953500 -0.023383
v 0.070000 0.940000 -0.027000
v 0.070000 0.926500 -0.023383
v 0.070000 0.916617 -0.013500
v 0.136648 0.782682 -0.010922
v 0.142457 0.772799 -0.018917
v 0.144583 0.759299 -0.021843
v 0.142457 0.745799 -0.018917
v 0.136648 0.735917 -0.010922
v 0.141552 0.782682 -0.004172
v 0.150951 0.772799 -0.007226
v 0.154392 0.759299 -0.008343
v 0.150951 0.745799 -0.007226
v 0.141552 0.735917 -0.004172
v 0.141552 0.782682 0.004172
v 0.150951 0.772799 0.007226
v 0.154392 0.759299 0.008343
v 0.150951 0.745799 0.007226
v 0.141552 0.735917 0.004172
v 0.136648 0.782682 0.010922
v 0.142457 0.772799 0.018917
v 0.144583 0.759299 0.021843
v 0.142457 0.745799 0.018917
v 0.136648 0.735917 0.010922
v 0.128713 0.782682 0.013500
v 0.128713 0.772799 0.023383
v 0.128713 0.759299 0.027000
v 0.128713 0.745799 0.023383
v 0.128713 0.735917 0.013500
v 0.128713 0.786299 0.000000
v 0.120778 0.782682 0.010922
v 0.114969 0.772799 0.018917
v 0.112843 0.759299 0.021843
v 0.114969 0.745799 0.018917
v 0.120778 0.735917 0.010922
v 0.115874 0.782682 0.004172
v 0.106475 0.772799 0.007226
v 0.103035 0.759299 0.008343
v 0.106475 0.745799 0.007226
v 0.115874 0.735917 0.004172
v 0.128713 0.732299 0.000000
v 0.115874 0.782682 -0.004172
v 0.106475 0.772799 -0.007226
v 0.103035 0.759299 -0.008343
v 0.106475 0.745799 -0.007226
v 0.115874 0.735917 -0.004172
v 0.120778 0.782682 -0.010922
v 0.114969 0.772799 -0.018917
v 0.112843 0.759299 -0.021843
v 0.114969 0.745799 -0.018917
v 0.120778 0.735917 -0.010922
v 0.128713 0.782682 -0.013500
v 0.128713 0.772799 -0.023383
v 0.128713 0.759299 -0.027000
v 0.128713 0.745799 -0.023383
v 0.128713 0.735917 -0.013500
v 0.128713 0.759299 -0.024000
v 0.178156 0.607130 -0.024000
v 0.115297 0.754940 -0.019416
v 0.164740 0.602771 -0.019416
v 0.107005 0.752246 -0.007416
v 0.156448 0.600077 -0.007416
v 0.107005 0.752246 0.007416
v 0.156448 0.600077 0.007416
v 0.115297 0.754940 0.019416
v 0.164740 0.602771 0.019416
v 0.128713 0.759299 0.024000
v 0.178156 0.607130 0.024000
v 0.142130 0.763659 0.019416
v 0.191572 0.611490 0.019416
v 0.150421 0.766353 0.007416
v 0.199864 0.614184 0.007416
v 0.150421 0.766353 -0.007416
v 0.199864 0.614184 -0.007416
v 0.142130 0.763659 -0.019416
v 0.191572 0.611490 -0.019416
v 0.135767 0.780084 -0.009708
v 0.140930 0.771299 -0.016815
v 0.142820 0.759299 -0.019416
v 0.140930 0.747299 -0.016815
v 0.135767 0.738515 -0.009708
v 0.140126 0.780084 -0.003708
v 0.148481 0.771299 -0.006423
v 0.151539 0.759299 -0.007416
v 0.148481 0.747299 -0.006423
v 0.140126 0.738515 -0.003708
v 0.140126 0.780084 0.003708
v 0.148481 0.771299 0.006423
v 0.151539 0.759299 0.007416
v 0.148481 0.747299 0.006423
v 0.140126 0.738515 0.003708
v 0.135767 0.780084 0.009708
v 0.140930 0.771299 0.016815
v 0.142820 0.759299 0.019416
v 0.140930 0.747299 0.016815
v 0.135767 0.738515 0.009708
v 0.128713 0.780084 0.012000
v 0.128713 0.771299 0.020785
v 0.128713 0.759299 0.024000
v 0.128713 0.747299 0.020785
v 0.128713 0.738515 0.012000
v 0.121660 0.780084 0.009708
v 0.116496 0.771299 0.016815
v 0.114606 0.759299 0.019416
v 0.116496 0.747299 0.016815
v 0.121660 0.738515 0.009708
v 0.128713 0.783299 0.000000
v 0.117301 0.780084 0.003708
v 0.108946 0.771299 0.006423
v 0.105888 0.759299 0.007416
v 0.108946 0.747299 0.006423
v 0.117301 0.738515 0.003708
v 0.128713 0.735299 0.000000
v 0.117301 0.780084 -0.003708
v 0.108946 0.771299 -0.006423
v 0.105888 0.759299 -0.007416
v 0.108946 0.747299 -0.006423
v 0.117301 0.738515 -0.003708
v 0.121660 0.780084 -0.009708
v 0.116496 0.771299 -0.016815
v 0.114606 0.759299 -0.019416
v 0.116496 0.747299 -0.016815
v 0.121660 0.738515 -0.009708
v 0.128713 0.780084 -0.012000
v 0.128713 0.771299 -0.020785
v 0.128713 0.759299 -0.024000
v 0.128713 0.747299 -0.020785
v 0.128713 0.738515 -0.012000
v 0.185209 0.627915 -0.009708
v 0.190373 0.619130 -0.016815
v 0.192263 0.607130 -0.019416
v 0.190373 0.595130 -0.016815
v 0.185209 0.586346 -0.009708
v 0.189569 0.627915 -0.003708
v 0.197923 0.619130 -0.006423
v 0.200981 0.607130 -0.007416
v 0.197923 0.595130 -0.006423
v 0.189569 0.586346 -0.003708
v 0.189569 0.627915 0.003708
v 0.197923 0.619130 0.006423
v 0.200981 0.607130 0.007416
v 0.197923 0.595130 0.006423
v 0.189569 0.586346 0.003708
v 0.185209 0.627915 0.009708
v 0.190373 0.619130 0.016815
v 0.192263 0.607130 0.019416
v 0.190373 0.595130 0.016815
v 0.185209 0.586346 0.009708
v 0.178156 0.627915 0.012000
v 0.178156 0.619130 0.020785
v 0.178156 0.607130 0.024000
v 0.178156 0.595130 0.020785
v 0.178156 0.586346 0.012000
v 0.171103 0.627915 0.009708
v 0.165939 0.619130 0.016815
v 0.164049 0.607130 0.019416
v 0.165939 0.595130 0.016815
v 0.171103 0.586346 0.009708
v 0.178156 0.631130 0.000000
v 0.166743 0.627915 0.003708
v 0.158389 0.619130 0.006423
v 0.155331 0.607130 0.007416
v 0.158389 0.595130 0.006423
v 0.166743 0.586346 0.003708
v 0.178156 0.583130 0.000000
v 0.166743 0.627915 -0.003708
v 0.158389 0.619130 -0.006423
v 0.155331 0.607130 -0.007416
v 0.158389 0.595130 -0.006423
v 0.166743 0.586346 -0.003708
v 0.171103 0.627915 -0.009708
v 0.165939 0.619130 -0.016815
v 0.164049 0.607130 -0.019416
v 0.165939 0.595130 -0.016815
v 0.171103 0.586346 -0.009708
v 0.178156 0.627915 -0.012000
v 0.178156 0.619130 -0.020785
v 0.178156 0.607130 -0.024000
v 0.178156 0.595130 -0.020785
v 0.178156 0.586346 -0.012000
v 0.175684 0.614739 -0.036000
v 0.189899 0.570990 -0.036000
v 0.158565 0.609176 -0.031177
v 0.172780 0.565428 -0.031177
v 0.146033 0.605105 -0.018000
v 0.160248 0.561356 -0.018000
v 0.141446 0.603614 0.000000
v 0.155661 0.559865 0.000000
v 0.146033 0.605105 0.018000
v 0.160248 0.561356 0.018000
v 0.158565 0.609176 0.031177
v 0.172780 0.565428 0.031177
v 0.175684 0.614739 0.036000
v 0.189899 0.570990 0.036000
v 0.192803 0.620301 0.031177
v 0.207018 0.576552 0.031177
v 0.205335 0.624373 0.018000
v 0.219550 0.580624 0.018000
v 0.209922 0.625863 0.000000
v 0.224137 0.582115 0.000000
v 0.205335 0.624373 -0.018000
v 0.219550 0.580624 -0.018000
v 0.192803 0.620301 -0.031177
v 0.207018 0.576552 -0.031177
v 0.200405 0.553962 -0.022173
v 0.200405 0.501699 -0.009184
v 0.208059 0.575609 -0.007954
v 0.214547 0.566938 -0.014697
v 0.218883 0.553962 -0.019202
v 0.220405 0.538654 -0.020785
v 0.218883 0.523347 -0.019202
v 0.214547 0.510370 -0.014697
v 0.208059 0.501699 -0.007954
v 0.213662 0.575609 -0.004592
v 0.224900 0.566938 -0.008485
v 0.232409 0.553962 -0.011087
v 0.235046 0.538654 -0.012000
v 0.232409 0.523347 -0.011087
v 0.224900 0.510370 -0.008485
v 0.213662 0.501699 -0.004592
v 0.215713 0.575609 0.000000
v 0.228689 0.566938 0.000000
v 0.237360 0.553962 0.000000
v 0.240405 0.538654 0.000000
v 0.237360 0.523347 0.000000
v 0.228689 0.510370 0.000000
v 0.215713 0.501699 0.000000
v 0.213662 0.575609 0.004592
v 0.224900 0.566938 0.008485
v 0.232409 0.553962 0.011087
v 0.235046 0.538654 0.012000
v 0.232409 0.523347 0.011087
v 0.224900 0.510370 0.008485
v 0.213662 0.501699 0.004592
v 0.208059 0.575609 0.007954
v 0.214547 0.566938 0.014697
v 0.218883 0.553962 0.019202
v 0.220405 0.538654 0.020785
v 0.218883 0.523347 0.019202
v 0.214547 0.510370 0.014697
v 0.208059 0.501699 0.007954
v 0.200405 0.575609 0.009184
v 0.200405 0.566938 0.016971
v 0.200405 0.553962 0.022173
v 0.200405 0.538654 0.024000
v 0.200405 0.523347 0.022173
v 0.200405 0.510370 0.016971
v 0.200405 0.501699 0.009184
v 0.200405 0.498654 0.000000
v 0.192752 0.575609 0.007954
v 0.186263 0.566938 0.014697
v 0.181928 0.553962 0.019202
v 0.180405 0.538654 0.020785
v 0.181928 0.523347 0.019202
v 0.186263 0.510370 0.014697
v 0.192752 0.501699 0.007954
v 0.200405 0.578654 0.000000
v 0.187149 0.575609 0.004592
v 0.175910 0.566938 0.008485
v 0.168401 0.553962 0.011087
v 0.165764 0.538654 0.012000
v 0.168401 0.523347 0.011087
v 0.175910 0.510370 0.008485
v 0.187149 0.501699 0.004592
v 0.185098 0.575609 -0.000000
v 0.172121 0.566938 0.000000
v 0.163450 0.553962 -0.000000
v 0.160405 0.538654 0.000000
v 0.163450 0.523347 -0.000000
v 0.172121 0.510370 0.000000
v 0.185098 0.501699 -0.000000
v 0.187149 0.575609 -0.004592
v 0.175910 0.566938 -0.008485
v 0.168401 0.553962 -0.011087
v 0.165764 0.538654 -0.012000
v 0.168401 0.523347 -0.011087
v 0.175910 0.510370 -0.008485
v 0.187149 0.501699 -0.004592
v 0.192752 0.575609 -0.007954
v 0.186263 0.566938 -0.014697
v 0.181928 0.553962 -0.019202
v 0.180405 0.538654 -0.020785
v 0.181928 0.523347 -0.019202
v 0.186263 0.510370 -0.014697
v 0.192752 0.501699 -0.007954
v 0.200405 0.575609 -0.009184
v 0.200405 0.566938 -0.016971
v 0.200405 0.538654 -0.024000
v 0.200405 0.523347 -0.022173
v 0.200405 0.510370 -0.016971
v 0.224182 0.546380 -0.015700
v 0.236542 0.508337 -0.015700
v 0.216192 0.543784 -0.010850
v 0.228553 0.505741 -0.010850
v 0.216192 0.543784 -0.001150
v 0.228553 0.505741 -0.001150
v 0.224182 0.546380 0.003700
v 0.236542 0.508337 0.003700
v 0.232171 0.548975 -0.001150
v 0.244532 0.510933 -0.001150
v 0.232171 0.548975 -0.010850
v 0.244532 0.510933 -0.010850
v 0.224182 0.554780 -0.010850
v 0.224182 0.551230 -0.014400
v 0.224182 0.546380 -0.015700
v 0.224182 0.541530 -0.014400
v 0.224182 0.537979 -0.010850
v 0.228382 0.554780 -0.008425
v 0.231457 0.551230 -0.010200
v 0.232582 0.546380 -0.010850
v 0.231457 0.541530 -0.010200
v 0.228382 0.537979 -0.008425
v 0.228382 0.554780 -0.003575
v 0.231457 0.551230 -0.001800
v 0.232582 0.546380 -0.001150
v 0.231457 0.541530 -0.001800
v 0.228382 0.537979 -0.003575
v 0.224182 0.554780 -0.001150
v 0.224182 0.551230 0.002400
v 0.224182 0.546380 0.003700
v 0.224182 0.541530 0.002400
v 0.224182 0.537979 -0.001150
v 0.224182 0.556080 -0.006000
v 0.219981 0.554780 -0.003575
v 0.216907 0.551230 -0.001800
v 0.215781 0.546380 -0.001150
v 0.216907 0.541530 -0.001800
v 0.219981 0.537979 -0.003575
v 0.219981 0.554780 -0.008425
v 0.216907 0.551230 -0.010200
v 0.215781 0.546380 -0.010850
v 0.216907 0.541530 -0.010200
v 0.219981 0.537979 -0.008425
v 0.224182 0.536680 -0.006000
v 0.236542 0.516738 -0.010850
v 0.236542 0.513187 -0.014400
v 0.236542 0.508337 -0.015700
v 0.236542 0.503487 -0.014400
v 0.236542 0.499937 -0.010850
v 0.240742 0.516738 -0.008425
v 0.243817 0.513187 -0.010200
v 0.244943 0.508337 -0.010850
v 0.243817 0.503487 -0.010200
v 0.240742 0.499937 -0.008425
v 0.240742 0.516738 -0.003575
v 0.243817 0.513187 -0.001800
v 0.244943 0.508337 -0.001150
v 0.243817 0.503487 -0.001800
v 0.240742 0.499937 -0.003575
v 0.236542 0.516738 -0.001150
v 0.236542 0.513187 0.002400
v 0.236542 0.508337 0.003700
v 0.236542 0.503487 0.002400
v 0.236542 0.499937 -0.001150
v 0.236542 0.518037 -0.006000
v 0.232342 0.516738 -0.003575
v 0.229267 0.513187 -0.001800
v 0.228142 0.508337 -0.001150
v 0.229267 0.503487 -0.001800
v 0.232342 0.499937 -0.003575
v 0.232342 0.516738 -0.008425
v 0.229267 0.513187 -0.010200
v 0.228142 0.508337 -0.010850
v 0.229267 0.503487 -0.010200
v 0.232342 0.499937 -0.008425
v 0.236542 0.498637 -0.006000
v 0.208965 0.541435 -0.015700
v 0.222870 0.498638 -0.015700
v 0.200975 0.538839 -0.010850
v 0.214881 0.496042 -0.010850
v 0.200975 0.538839 -0.001150
v 0.214881 0.496042 -0.001150
v 0.208965 0.541435 0.003700
v 0.222870 0.498638 0.003700
v 0.216954 0.544031 -0.001150
v 0.230860 0.501234 -0.001150
v 0.216954 0.544031 -0.010850
v 0.230860 0.501234 -0.010850
v 0.208965 0.549836 -0.010850
v 0.208965 0.546285 -0.014400
v 0.208965 0.541435 -0.015700
v 0.208965 0.536585 -0.014400
v 0.208965 0.533035 -0.010850
v 0.213165 0.549836 -0.008425
v 0.216240 0.546285 -0.010200
v 0.217365 0.541435 -0.010850
v 0.216240 0.536585 -0.010200
v 0.213165 0.533035 -0.008425
v 0.213165 0.549836 -0.003575
v 0.216240 0.546285 -0.001800
v 0.217365 0.541435 -0.001150
v 0.216240 0.536585 -0.001800
v 0.213165 0.533035 -0.003575
v 0.208965 0.549836 -0.001150
v 0.208965 0.546285 0.002400
v 0.208965 0.541435 0.003700
v 0.208965 0.536585 0.002400
v 0.208965 0.533035 -0.001150
v 0.208965 0.551135 -0.006000
v 0.204764 0.549836 -0.003575
v 0.201690 0.546285 -0.001800
v 0.200564 0.541435 -0.001150
v 0.201690 0.536585 -0.001800
v 0.204764 0.533035 -0.003575
v 0.204764 0.549836 -0.008425
v 0.201690 0.546285 -0.010200
v 0.200564 0.541435 -0.010850
v 0.201690 0.536585 -0.010200
v 0.204764 0.533035 -0.008425
v 0.208965 0.531735 -0.006000
v 0.222870 0.507038 -0.010850
v 0.222870 0.503488 -0.014400
v 0.222870 0.498638 -0.015700
v 0.222870 0.493788 -0.014400
v 0.222870 0.490237 -0.010850
v 0.227071 0.507038 -0.008425
v 0.230145 0.503488 -0.010200
v 0.231271 0.498638 -0.010850
v 0.230145 0.493788 -0.010200
v 0.227071 0.490237 -0.008425
v 0.227071 0.507038 -0.003575
v 0.230145 0.503488 -0.001800
v 0.231271 0.498638 -0.001150
v 0.230145 0.493788 -0.001800
v 0.227071 0.490237 -0.003575
v 0.222870 0.507038 -0.001150
v 0.222870 0.503488 0.002400
v 0.222870 0.498638 0.003700
v 0.222870 0.493788 0.002400
v 0.222870 0.490237 -0.001150
v 0.222870 0.508338 -0.006000
v 0.218670 0.507038 -0.003575
v 0.215595 0.503488 -0.001800
v 0.214470 0.498638 -0.001150
v 0.215595 0.493788 -0.001800
v 0.218670 0.490237 -0.003575
v 0.218670 0.507038 -0.008425
v 0.215595 0.503488 -0.010200
v 0.214470 0.498638 -0.010850
v 0.215595 0.493788 -0.010200
v 0.218670 0.490237 -0.008425
v 0.222870 0.488938 -0.006000
v 0.191846 0.535873 -0.015700
v 0.204824 0.495929 -0.015700
v 0.183856 0.533277 -0.010850
v 0.196835 0.493333 -0.010850
v 0.183856 0.533277 -0.001150
v 0.196835 0.493333 -0.001150
v 0.191846 0.535873 0.003700
v 0.204824 0.495929 0.003700
v 0.199835 0.538469 -0.001150
v 0.212814 0.498524 -0.001150
v 0.199835 0.538469 -0.010850
v 0.212814 0.498524 -0.010850
v 0.191846 0.544273 -0.010850
v 0.191846 0.540723 -0.014400
v 0.191846 0.535873 -0.015700
v 0.191846 0.531023 -0.014400
v 0.191846 0.527473 -0.010850
v 0.196046 0.544273 -0.008425
v 0.199121 0.540723 -0.010200
v 0.200246 0.535873 -0.010850
v 0.199121 0.531023 -0.010200
v 0.196046 0.527473 -0.008425
v 0.196046 0.544273 -0.003575
v 0.199121 0.540723 -0.001800
v 0.200246 0.535873 -0.001150
v 0.199121 0.531023 -0.001800
v 0.196046 0.527473 -0.003575
v 0.191846 0.544273 -0.001150
v 0.191846 0.540723 0.002400
v 0.191846 0.535873 0.003700
v 0.191846 0.531023 0.002400
v 0.191846 0.527473 -0.001150
v 0.191846 0.545573 -0.006000
v 0.187645 0.544273 -0.003575
v 0.184571 0.540723 -0.001800
v 0.183445 0.535873 -0.001150
v 0.184571 0.531023 -0.001800
v 0.187645 0.527473 -0.003575
v 0.187645 0.544273 -0.008425
v 0.184571 0.540723 -0.010200
v 0.183445 0.535873 -0.010850
v 0.184571 0.531023 -0.010200
v 0.187645 0.527473 -0.008425
v 0.191846 0.526173 -0.006000
v 0.204824 0.504329 -0.010850
v 0.204824 0.500779 -0.014400
v 0.204824 0.495929 -0.015700
v 0.204824 0.491079 -0.014400
v 0.204824 0.487528 -0.010850
v 0.209025 0.504329 -0.008425
v 0.212099 0.500779 -0.010200
v 0.213225 0.495929 -0.010850
v 0.212099 0.491079 -0.010200
v 0.209025 0.487528 -0.008425
v 0.209025 0.504329 -0.003575
v 0.212099 0.500779 -0.001800
v 0.213225 0.495929 -0.001150
v 0.212099 0.491079 -0.001800
v 0.209025 0.487528 -0.003575
v 0.204824 0.504329 -0.001150
v 0.204824 0.500779 0.002400
v 0.204824 0.495929 0.003700
v 0.204824 0.491079 0.002400
v 0.204824 0.487528 -0.001150
v 0.204824 0.505629 -0.006000
v 0.200624 0.504329 -0.003575
v 0.197549 0.500779 -0.001800
v 0.196424 0.495929 -0.001150
v 0.197549 0.491079 -0.001800
v 0.200624 0.487528 -0.003575
v 0.200624 0.504329 -0.008425
v 0.197549 0.500779 -0.010200
v 0.196424 0.495929 -0.010850
v 0.197549 0.491079 -0.010200
v 0.200624 0.487528 -0.008425
v 0.204824 0.486229 -0.006000
v 0.177580 0.531238 -0.015700
v 0.188395 0.497951 -0.015700
v 0.169591 0.528642 -0.010850
v 0.180406 0.495355 -0.010850
v 0.169591 0.528642 -0.001150
v 0.180406 0.495355 -0.001150
v 0.177580 0.531238 0.003700
v 0.188395 0.497951 0.003700
v 0.185569 0.533834 -0.001150
v 0.196385 0.500547 -0.001150
v 0.185569 0.533834 -0.010850
v 0.196385 0.500547 -0.010850
v 0.177580 0.539638 -0.010850
v 0.177580 0.536088 -0.014400
v 0.177580 0.531238 -0.015700
v 0.177580 0.526388 -0.014400
v 0.177580 0.522837 -0.010850
v 0.181780 0.539638 -0.008425
v 0.184855 0.536088 -0.010200
v 0.185980 0.531238 -0.010850
v 0.184855 0.526388 -0.010200
v 0.181780 0.522837 -0.008425
v 0.181780 0.539638 -0.003575
v 0.184855 0.536088 -0.001800
v 0.185980 0.531238 -0.001150
v 0.184855 0.526388 -0.001800
v 0.181780 0.522837 -0.003575
v 0.177580 0.539638 -0.001150
v 0.177580 0.536088 0.002400
v 0.177580 0.531238 0.003700
v 0.177580 0.526388 0.002400
v 0.177580 0.522837 -0.001150
v 0.177580 0.540938 -0.006000
v 0.173380 0.539638 -0.003575
v 0.170305 0.536088 -0.001800
v 0.169179 0.531238 -0.001150
v 0.170305 0.526388 -0.001800
v 0.173380 0.522837 -0.003575
v 0.173380 0.539638 -0.008425
v 0.170305 0.536088 -0.010200
v 0.169179 0.531238 -0.010850
v 0.170305 0.526388 -0.010200
v 0.173380 0.522837 -0.008425
v 0.177580 0.521538 -0.006000
v 0.188395 0.506351 -0.010850
v 0.188395 0.502801 -0.014400
v 0.188395 0.497951 -0.015700
v 0.188395 0.493101 -0.014400
v 0.188395 0.489550 -0.010850
v 0.192596 0.506351 -0.008425
v 0.195670 0.502801 -0.010200
v 0.196796 0.497951 -0.010850
v 0.195670 0.493101 -0.010200
v 0.192596 0.489550 -0.008425
v 0.192596 0.506351 -0.003575
v 0.195670 0.502801 -0.001800
v 0.196796 0.497951 -0.001150
v 0.195670 0.493101 -0.001800
v 0.192596 0.489550 -0.003575
v 0.188395 0.506351 -0.001150
v 0.188395 0.502801 0.002400
v 0.188395 0.497951 0.003700
v 0.188395 0.493101 0.002400
v 0.188395 0.489550 -0.001150
v 0.188395 0.507651 -0.006000
v 0.184195 0.506351 -0.003575
v 0.181120 0.502801 -0.001800
v 0.179995 0.497951 -0.001150
v 0.181120 0.493101 -0.001800
v 0.184195 0.489550 -0.003575
v 0.184195 0.506351 -0.008425
v 0.181120 0.502801 -0.010200
v 0.179995 0.497951 -0.010850
v 0.181120 0.493101 -0.010200
v 0.184195 0.489550 -0.008425
v 0.188395 0.488251 -0.006000
v 0.223399 0.557299 -0.008918
v 0.252999 0.540630 -0.018918
v 0.222830 0.551181 -0.000404
v 0.252430 0.534512 -0.010404
v 0.227513 0.554146 0.008514
v 0.257113 0.537477 -0.001486
v 0.232765 0.563230 0.008918
v 0.262364 0.546560 -0.001082
v 0.233334 0.569348 0.000404
v 0.262933 0.552679 -0.009596
v 0.228651 0.566383 -0.008514
v 0.258251 0.549714 -0.018514
v 0.228082 0.569358 -0.005250
v 0.228082 0.565514 -0.009093
v 0.228082 0.560264 -0.010500
v 0.228082 0.555014 -0.009093
v 0.228082 0.551171 -0.005250
v 0.232628 0.569358 -0.002625
v 0.235957 0.565514 -0.004547
v 0.237175 0.560264 -0.005250
v 0.235957 0.555014 -0.004547
v 0.232628 0.551171 -0.002625
v 0.232628 0.569358 0.002625
v 0.235957 0.565514 0.004547
v 0.237175 0.560264 0.005250
v 0.235957 0.555014 0.004547
v 0.232628 0.551171 0.002625
v 0.228082 0.569358 0.005250
v 0.228082 0.565514 0.009093
v 0.228082 0.560264 0.010500
v 0.228082 0.555014 0.009093
v 0.228082 0.551171 0.005250
v 0.228082 0.570764 0.000000
v 0.223535 0.569358 0.002625
v 0.220207 0.565514 0.004547
v 0.218989 0.560264 0.005250
v 0.220207 0.555014 0.004547
v 0.223535 0.551171 0.002625
v 0.223535 0.569358 -0.002625
v 0.220207 0.565514 -0.004547
v 0.218989 0.560264 -0.005250
v 0.220207 0.555014 -0.004547
v 0.223535 0.551171 -0.002625
v 0.228082 0.549764 0.000000
v 0.257682 0.552689 -0.015250
v 0.257682 0.548845 -0.019093
v 0.257682 0.543595 -0.020500
v 0.257682 0.538345 -0.019093
v 0.257682 0.534502 -0.015250
v 0.262228 0.552689 -0.012625
v 0.265557 0.548845 -0.014547
v 0.266775 0.543595 -0.015250
v 0.265557 0.538345 -0.014547
v 0.262228 0.534502 -0.012625
v 0.262228 0.552689 -0.007375
v 0.265557 0.548845 -0.005453
v 0.266775 0.543595 -0.004750
v 0.265557 0.538345 -0.005453
v 0.262228 0.534502 -0.007375
v 0.257682 0.552689 -0.004750
v 0.257682 0.548845 -0.000907
v 0.257682 0.543595 0.000500
v 0.257682 0.538345 -0.000907
v 0.257682 0.534502 -0.004750
v 0.257682 0.554095 -0.010000
v 0.253135 0.552689 -0.007375
v 0.249807 0.548845 -0.005453
v 0.248588 0.543595 -0.004750
v 0.249807 0.538345 -0.005453
v 0.253135 0.534502 -0.007375
v 0.253135 0.552689 -0.012625
v 0.249807 0.548845 -0.014547
v 0.248588 0.543595 -0.015250
v 0.249807 0.538345 -0.014547
v 0.253135 0.534502 -0.012625
v 0.257682 0.533095 -0.010000
v -0.050000 0.680000 -0.031000
v -0.088000 0.420000 -0.031000
v -0.068030 0.682635 -0.025080
v -0.106030 0.422635 -0.025080
v -0.079173 0.684264 -0.009580
v -0.117173 0.424264 -0.009580
v -0.079173 0.684264 0.009580
v -0.117173 0.424264 0.009580
v -0.068030 0.682635 0.025080
v -0.106030 0.422635 0.025080
v -0.050000 0.680000 0.031000
v -0.088000 0.420000 0.031000
v -0.031970 0.677365 0.025080
v -0.069970 0.417365 0.025080
v -0.020827 0.675736 0.009580
v -0.058827 0.415736 0.009580
v -0.020827 0.675736 -0.009580
v -0.058827 0.415736 -0.009580
v -0.031970 0.677365 -0.025080
v -0.069970 0.417365 -0.025080
v -0.040889 0.706847 -0.012540
v -0.034220 0.695500 -0.021720
v -0.031779 0.680000 -0.025080
v -0.034220 0.664500 -0.021720
v -0.040889 0.653153 -0.012540
v -0.035259 0.706847 -0.004790
v -0.024467 0.695500 -0.008296
v -0.020517 0.680000 -0.009580
v -0.024467 0.664500 -0.008296
v -0.035259 0.653153 -0.004790
v -0.035259 0.706847 0.004790
v -0.024467 0.695500 0.008296
v -0.020517 0.680000 0.009580
v -0.024467 0.664500 0.008296
v -0.035259 0.653153 0.004790
v -0.040889 0.706847 0.012540
v -0.034220 0.695500 0.021720
v -0.031779 0.680000 0.025080
v -0.034220 0.664500 0.021720
v -0.040889 0.653153 0.012540
v -0.050000 0.706847 0.015500
v -0.050000 0.695500 0.026847
v -0.050000 0.680000 0.031000
v -0.050000 0.664500 0.026847
v -0.050000 0.653153 0.015500
v -0.059111 0.706847 0.012540
v -0.065780 0.695500 0.021720
v -0.068221 0.680000 0.025080
v -0.065780 0.664500 0.021720
v -0.059111 0.653153 0.012540
v -0.050000 0.711000 0.000000
v -0.064741 0.706847 0.004790
v -0.075533 0.695500 0.008296
v -0.079483 0.680000 0.009580
v -0.075533 0.664500 0.008296
v -0.064741 0.653153 0.004790
v -0.050000 0.649000 0.000000
v -0.064741 0.706847 -0.004790
v -0.075533 0.695500 -0.008296
v -0.079483 0.680000 -0.009580
v -0.075533 0.664500 -0.008296
v -0.064741 0.653153 -0.004790
v -0.059111 0.706847 -0.012540
v -0.065780 0.695500 -0.021720
v -0.068221 0.680000 -0.025080
v -0.065780 0.664500 -0.021720
v -0.059111 0.653153 -0.012540
v -0.050000 0.706847 -0.015500
v -0.050000 0.695500 -0.026847
v -0.050000 0.680000 -0.031000
v -0.050000 0.664500 -0.026847
v -0.050000 0.653153 -0.015500
v -0.078889 0.446847 -0.012540
v -0.072220 0.435500 -0.021720
v -0.069779 0.420000 -0.025080
v -0.072220 0.404500 -0.021720
v -0.078889 0.393153 -0.012540
v -0.073259 0.446847 -0.004790
v -0.062467 0.435500 -0.008296
v -0.058517 0.420000 -0.009580
v -0.062467 0.404500 -0.008296
v -0.073259 0.393153 -0.004790
v -0.073259 0.446847 0.004790
v -0.062467 0.435500 0.008296
v -0.058517 0.420000 0.009580
v -0.062467 0.404500 0.008296
v -0.073259 0.393153 0.004790
v -0.078889 0.446847 0.012540
v -0.072220 0.435500 0.021720
v -0.069779 0.420000 0.025080
v -0.072220 0.404500 0.021720
v -0.078889 0.393153 0.012540
v -0.088000 0.446847 0.015500
v -0.088000 0.435500 0.026847
v -0.088000 0.420000 0.031000
v -0.088000 0.404500 0.026847
v -0.088000 0.393153 0.015500
v -0.097111 0.446847 0.012540
v -0.103780 0.435500 0.021720
v -0.106221 0.420000 0.025080
v -0.103780 0.404500 0.021720
v -0.097111 0.393153 0.012540
v -0.088000 0.451000 0.000000
v -0.102741 0.446847 0.004790
v -0.113533 0.435500 0.008296
v -0.117483 0.420000 0.009580
v -0.113533 0.404500 0.008296
v -0.102741 0.393153 0.004790
v -0.088000 0.389000 0.000000
v -0.102741 0.446847 -0.004790
v -0.113533 0.435500 -0.008296
v -0.117483 0.420000 -0.009580
v -0.113533 0.404500 -0.008296
v -0.102741 0.393153 -0.004790
v -0.097111 0.446847 -0.012540
v -0.103780 0.435500 -0.021720
v -0.106221 0.420000 -0.025080
v -0.103780 0.404500 -0.021720
v -0.097111 0.393153 -0.012540
v -0.088000 0.446847 -0.015500
v -0.088000 0.435500 -0.026847
v -0.088000 0.420000 -0.031000
v -0.088000 0.404500 -0.026847
v -0.088000 0.393153 -0.015500
v -0.088000 0.420000 -0.028000
v -0.120000 0.200000 -0.028000
v -0.104287 0.422369 -0.022652
v -0.136287 0.202369 -0.022652
v -0.114352 0.423833 -0.008652
v -0.146352 0.203833 -0.008652
v -0.114352 0.423833 0.008652
v -0.146352 0.203833 0.008652
v -0.104287 0.422369 0.022652
v -0.136287 0.202369 0.022652
v -0.088000 0.420000 0.028000
v -0.120000 0.200000 0.028000
v -0.071713 0.417631 0.022652
v -0.103713 0.197631 0.022652
v -0.061648 0.416167 0.008652
v -0.093648 0.196167 0.008652
v -0.061648 0.416167 -0.008652
v -0.093648 0.196167 -0.008652
v -0.071713 0.417631 -0.022652
v -0.103713 0.197631 -0.022652
v -0.079771 0.444249 -0.011326
v -0.073747 0.434000 -0.019618
v -0.071542 0.420000 -0.022652
v -0.073747 0.406000 -0.019618
v -0.079771 0.395751 -0.011326
v -0.074685 0.444249 -0.004326
v -0.064938 0.434000 -0.007493
v -0.061370 0.420000 -0.008652
v -0.064938 0.406000 -0.007493
v -0.074685 0.395751 -0.004326
v -0.074685 0.444249 0.004326
v -0.064938 0.434000 0.007493
v -0.061370 0.420000 0.008652
v -0.064938 0.406000 0.007493
v -0.074685 0.395751 0.004326
v -0.079771 0.444249 0.011326
v -0.073747 0.434000 0.019618
v -0.071542 0.420000 0.022652
v -0.073747 0.406000 0.019618
v -0.079771 0.395751 0.011326
v -0.088000 0.444249 0.014000
v -0.088000 0.434000 0.024249
v -0.088000 0.420000 0.028000
v -0.088000 0.406000 0.024249
v -0.088000 0.395751 0.014000
v -0.096229 0.444249 0.011326
v -0.102253 0.434000 0.019618
v -0.104458 0.420000 0.022652
v -0.102253 0.406000 0.019618
v -0.096229 0.395751 0.011326
v -0.088000 0.448000 0.000000
v -0.101315 0.444249 0.004326
v -0.111062 0.434000 0.007493
v -0.114630 0.420000 0.008652
v -0.111062 0.406000 0.007493
v -0.101315 0.395751 0.004326
v -0.088000 0.392000 0.000000
v -0.101315 0.444249 -0.004326
v -0.111062 0.434000 -0.007493
v -0.114630 0.420000 -0.008652
v -0.111062 0.406000 -0.007493
v -0.101315 0.395751 -0.004326
v -0.096229 0.444249 -0.011326
v -0.102253 0.434000 -0.019618
v -0.104458 0.420000 -0.022652
v -0.102253 0.406000 -0.019618
v -0.096229 0.395751 -0.011326
v -0.088000 0.444249 -0.014000
v -0.088000 0.434000 -0.024249
v -0.088000 0.420000 -0.028000
v -0.088000 0.406000 -0.024249
v -0.088000 0.395751 -0.014000
v -0.111771 0.224249 -0.011326
v -0.105747 0.214000 -0.019618
v -0.103542 0.200000 -0.022652
v -0.105747 0.186000 -0.019618
v -0.111771 0.175751 -0.011326
v -0.106685 0.224249 -0.004326
v -0.096938 0.214000 -0.007493
v -0.093370 0.200000 -0.008652
v -0.096938 0.186000 -0.007493
v -0.106685 0.175751 -0.004326
v -0.106685 0.224249 0.004326
v -0.096938 0.214000 0.007493
v -0.093370 0.200000 0.008652
v -0.096938 0.186000 0.007493
v -0.106685 0.175751 0.004326
v -0.111771 0.224249 0.011326
v -0.105747 0.214000 0.019618
v -0.103542 0.200000 0.022652
v -0.105747 0.186000 0.019618
v -0.111771 0.175751 0.011326
v -0.120000 0.224249 0.014000
v -0.120000 0.214000 0.024249
v -0.120000 0.200000 0.028000
v -0.120000 0.186000 0.024249
v -0.120000 0.175751 0.014000
v -0.128229 0.224249 0.011326
v -0.134253 0.214000 0.019618
v -0.136458 0.200000 0.022652
v -0.134253 0.186000 0.019618
v -0.128229 0.175751 0.011326
v -0.120000 0.228000 0.000000
v -0.133315 0.224249 0.004326
v -0.143062 0.214000 0.007493
v -0.146630 0.200000 0.008652
v -0.143062 0.186000 0.007493
v -0.133315 0.175751 0.004326
v -0.120000 0.172000 0.000000
v -0.133315 0.224249 -0.004326
v -0.143062 0.214000 -0.007493
v -0.146630 0.200000 -0.008652
v -0.143062 0.186000 -0.007493
v -0.133315 0.175751 -0.004326
v -0.128229 0.224249 -0.011326
v -0.134253 0.214000 -0.019618
v -0.136458 0.200000 -0.022652
v -0.134253 0.186000 -0.019618
v -0.128229 0.175751 -0.011326
v -0.120000 0.224249 -0.014000
v -0.120000 0.214000 -0.024249
v -0.120000 0.200000 -0.028000
v -0.120000 0.186000 -0.024249
v -0.120000 0.175751 -0.014000
v -0.120000 0.000000 0.136000
v -0.090643 0.000000 0.130910
v -0.064160 0.000000 0.116138
v -0.043143 0.000000 0.093130
v -0.029650 0.000000 0.064138
v -0.025000 0.000000 0.032000
v -0.029650 0.000000 -0.000138
v -0.043143 0.000000 -0.029130
v -0.064160 0.000000 -0.052138
v -0.090643 0.000000 -0.066910
v -0.120000 0.000000 -0.072000
v -0.149357 0.000000 -0.066910
v -0.175840 0.000000 -0.052138
v -0.196857 0.000000 -0.029130
v -0.210350 0.000000 -0.000138
v -0.215000 0.000000 0.032000
v -0.210350 0.000000 0.064138
v -0.196857 0.000000 0.093130
v -0.175840 0.000000 0.116138
v -0.149357 0.000000 0.130910
v -0.120000 0.020000 0.156000
v -0.086626 0.020000 0.149931
v -0.056519 0.020000 0.132318
v -0.032626 0.020000 0.104885
v -0.017286 0.020000 0.070318
v -0.012000 0.020000 0.032000
v -0.017286 0.020000 -0.006318
v -0.032626 0.020000 -0.040885
v -0.056519 0.020000 -0.068318
v -0.086626 0.020000 -0.085931
v -0.120000 0.020000 -0.092000
v -0.153374 0.020000 -0.085931
v -0.183481 0.020000 -0.068318
v -0.207374 0.020000 -0.040885
v -0.222714 0.020000 -0.006318
v -0.228000 0.020000 0.032000
v -0.222714 0.020000 0.070318
v -0.207374 0.020000 0.104885
v -0.183481 0.020000 0.132318
v -0.153374 0.020000 0.149931
v -0.120000 0.055000 0.156000
v -0.085390 0.055000 0.149735
v -0.054168 0.055000 0.131554
v -0.029390 0.055000 0.103237
v -0.013482 0.055000 0.067554
v -0.008000 0.055000 0.028000
v -0.013482 0.055000 -0.011554
v -0.029390 0.055000 -0.047237
v -0.054168 0.055000 -0.075554
v -0.085390 0.055000 -0.093735
v -0.120000 0.055000 -0.100000
v -0.154610 0.055000 -0.093735
v -0.185832 0.055000 -0.075554
v -0.210610 0.055000 -0.047237
v -0.226518 0.055000 -0.011554
v -0.232000 0.055000 0.028000
v -0.226518 0.055000 0.067554
v -0.210610 0.055000 0.103237
v -0.185832 0.055000 0.131554
v -0.154610 0.055000 0.149735
v -0.120000 0.090000 0.118000
v -0.089716 0.090000 0.112910
v -0.062397 0.090000 0.098138
v -0.040716 0.090000 0.075130
v -0.026796 0.090000 0.046138
v -0.022000 0.090000 0.014000
v -0.026796 0.090000 -0.018138
v -0.040716 0.090000 -0.047130
v -0.062397 0.090000 -0.070138
v -0.089716 0.090000 -0.084910
v -0.120000 0.090000 -0.090000
v -0.150284 0.090000 -0.084910
v -0.177603 0.090000 -0.070138
v -0.199284 0.090000 -0.047130
v -0.213204 0.090000 -0.018138
v -0.218000 0.090000 0.014000
v -0.213204 0.090000 0.046138
v -0.199284 0.090000 0.075130
v -0.177603 0.090000 0.098138
v -0.150284 0.090000 0.112910
v -0.120000 0.128000 0.075000
v -0.097751 0.128000 0.071329
v -0.077679 0.128000 0.060676
v -0.061751 0.128000 0.044084
v -0.051524 0.128000 0.023176
v -0.048000 0.128000 0.000000
v -0.051524 0.128000 -0.023176
v -0.061751 0.128000 -0.044084
v -0.077679 0.128000 -0.060676
v -0.097751 0.128000 -0.071329
v -0.120000 0.128000 -0.075000
v -0.142249 0.128000 -0.071329
v -0.162321 0.128000 -0.060676
v -0.178249 0.128000 -0.044084
v -0.188476 0.128000 -0.023176
v -0.192000 0.128000 -0.000000
v -0.188476 0.128000 0.023176
v -0.178249 0.128000 0.044084
v -0.162321 0.128000 0.060676
v -0.142249 0.128000 0.071329
v -0.120000 0.156000 0.061000
v -0.099296 0.156000 0.057721
v -0.080618 0.156000 0.048204
v -0.065796 0.156000 0.033382
v -0.056279 0.156000 0.014704
v -0.053000 0.156000 -0.006000
v -0.056279 0.156000 -0.026704
v -0.065796 0.156000 -0.045382
v -0.080618 0.156000 -0.060204
v -0.099296 0.156000 -0.069721
v -0.120000 0.156000 -0.073000
v -0.140704 0.156000 -0.069721
v -0.159382 0.156000 -0.060204
v -0.174204 0.156000 -0.045382
v -0.183721 0.156000 -0.026704
v -0.187000 0.156000 -0.006000
v -0.183721 0.156000 0.014704
v -0.174204 0.156000 0.033382
v -0.159382 0.156000 0.048204
v -0.140704 0.156000 0.057721
v -0.120000 0.160000 0.078000
v -0.094043 0.160000 0.073889
v -0.070626 0.160000 0.061957
v -0.052043 0.160000 0.043374
v -0.040111 0.160000 0.019957
v -0.036000 0.160000 -0.006000
v -0.040111 0.160000 -0.031957
v -0.052043 0.160000 -0.055374
v -0.070626 0.160000 -0.073957
v -0.094043 0.160000 -0.085889
v -0.120000 0.160000 -0.090000
v -0.145957 0.160000 -0.085889
v -0.169374 0.160000 -0.073957
v -0.187957 0.160000 -0.055374
v -0.199889 0.160000 -0.031957
v -0.204000 0.160000 -0.006000
v -0.199889 0.160000 0.019957
v -0.187957 0.160000 0.043374
v -0.169374 0.160000 0.061957
v -0.145957 0.160000 0.073889
v -0.120000 0.216000 0.075000
v -0.094970 0.216000 0.071036
v -0.072389 0.216000 0.059530
v -0.054470 0.216000 0.041611
v -0.042964 0.216000 0.019030
v -0.039000 0.216000 -0.006000
v -0.042964 0.216000 -0.031030
v -0.054470 0.216000 -0.053611
v -0.072389 0.216000 -0.071530
v -0.094970 0.216000 -0.083036
v -0.120000 0.216000 -0.087000
v -0.145030 0.216000 -0.083036
v -0.167611 0.216000 -0.071530
v -0.185530 0.216000 -0.053611
v -0.197036 0.216000 -0.031030
v -0.201000 0.216000 -0.006000
v -0.197036 0.216000 0.019030
v -0.185530 0.216000 0.041611
v -0.167611 0.216000 0.059530
v -0.145030 0.216000 0.071036
v -0.120000 0.000000 0.032000
v -0.120000 0.216000 -0.006000
v 0.050000 0.680000 -0.031000
v 0.088000 0.420000 -0.031000
v 0.031970 0.677365 -0.025080
v 0.069970 0.417365 -0.025080
v 0.020827 0.675736 -0.009580
v 0.058827 0.415736 -0.009580
v 0.020827 0.675736 0.009580
v 0.058827 0.415736 0.009580
v 0.031970 0.677365 0.025080
v 0.069970 0.417365 0.025080
v 0.050000 0.680000 0.031000
v 0.088000 0.420000 0.031000
v 0.068030 0.682635 0.025080
v 0.106030 0.422635 0.025080
v 0.079173 0.684264 0.009580
v 0.117173 0.424264 0.009580
v 0.079173 0.684264 -0.009580
v 0.117173 0.424264 -0.009580
v 0.068030 0.682635 -0.025080
v 0.106030 0.422635 -0.025080
v 0.059111 0.706847 -0.012540
v 0.065780 0.695500 -0.021720
v 0.068221 0.680000 -0.025080
v 0.065780 0.664500 -0.021720
v 0.059111 0.653153 -0.012540
v 0.064741 0.706847 -0.004790
v 0.075533 0.695500 -0.008296
v 0.079483 0.680000 -0.009580
v 0.075533 0.664500 -0.008296
v 0.064741 0.653153 -0.004790
v 0.064741 0.706847 0.004790
v 0.075533 0.695500 0.008296
v 0.079483 0.680000 0.009580
v 0.075533 0.664500 0.008296
v 0.064741 0.653153 0.004790
v 0.059111 0.706847 0.012540
v 0.065780 0.695500 0.021720
v 0.068221 0.680000 0.025080
v 0.065780 0.664500 0.021720
v 0.059111 0.653153 0.012540
v 0.050000 0.706847 0.015500
v 0.050000 0.695500 0.026847
v 0.050000 0.680000 0.031000
v 0.050000 0.664500 0.026847
v 0.050000 0.653153 0.015500
v 0.040889 0.706847 0.012540
v 0.034220 0.695500 0.021720
v 0.031779 0.680000 0.025080
v 0.034220 0.664500 0.021720
v 0.040889 0.653153 0.012540
v 0.050000 0.711000 0.000000
v 0.035259 0.706847 0.004790
v 0.024467 0.695500 0.008296
v 0.020517 0.680000 0.009580
v 0.024467 0.664500 0.008296
v 0.035259 0.653153 0.004790
v 0.050000 0.649000 0.000000
v 0.035259 0.706847 -0.004790
v 0.024467 0.695500 -0.008296
v 0.020517 0.680000 -0.009580
v 0.024467 0.664500 -0.008296
v 0.035259 0.653153 -0.004790
v 0.040889 0.706847 -0.012540
v 0.034220 0.695500 -0.021720
v 0.031779 0.680000 -0.025080
v 0.034220 0.664500 -0.021720
v 0.040889 0.653153 -0.012540
v 0.050000 0.706847 -0.015500
v 0.050000 0.695500 -0.026847
v 0.050000 0.680000 -0.031000
v 0.050000 0.664500 -0.026847
v 0.050000 0.653153 -0.015500
v 0.097111 0.446847 -0.012540
v 0.103780 0.435500 -0.021720
v 0.106221 0.420000 -0.025080
v 0.103780 0.404500 -0.021720
v 0.097111 0.393153 -0.012540
v 0.102741 0.446847 -0.004790
v 0.113533 0.435500 -0.008296
v 0.117483 0.420000 -0.009580
v 0.113533 0.404500 -0.008296
v 0.102741 0.393153 -0.004790
v 0.102741 0.446847 0.004790
v 0.113533 0.435500 0.008296
v 0.117483 0.420000 0.009580
v 0.113533 0.404500 0.008296
v 0.102741 0.393153 0.004790
v 0.097111 0.446847 0.012540
v 0.103780 0.435500 0.021720
v 0.106221 0.420000 0.025080
v 0.103780 0.404500 0.021720
v 0.097111 0.393153 0.012540
v 0.088000 0.446847 0.015500
v 0.088000 0.435500 0.026847
v 0.088000 0.420000 0.031000
v 0.088000 0.404500 0.026847
v 0.088000 0.393153 0.015500
v 0.078889 0.446847 0.012540
v 0.072220 0.435500 0.021720
v 0.069779 0.420000 0.025080
v 0.072220 0.404500 0.021720
v 0.078889 0.393153 0.012540
v 0.088000 0.451000 0.000000
v 0.073259 0.446847 0.004790
v 0.062467 0.435500 0.008296
v 0.058517 0.420000 0.009580
v 0.062467 0.404500 0.008296
v 0.073259 0.393153 0.004790
v 0.088000 0.389000 0.000000
v 0.073259 0.446847 -0.004790
v 0.062467 0.435500 -0.008296
v 0.058517 0.420000 -0.009580
v 0.062467 0.404500 -0.008296
v 0.073259 0.393153 -0.004790
v 0.078889 0.446847 -0.012540
v 0.072220 0.435500 -0.021720
v 0.069779 0.420000 -0.025080
v 0.072220 0.404500 -0.021720
v 0.078889 0.393153 -0.012540
v 0.088000 0.446847 -0.015500
v 0.088000 0.435500 -0.026847
v 0.088000 0.420000 -0.031000
v 0.088000 0.404500 -0.026847
v 0.088000 0.393153 -0.015500
v 0.088000 0.420000 -0.028000
v 0.120000 0.200000 -0.028000
v 0.071713 0.417631 -0.022652
v 0.103713 0.197631 -0.022652
v 0.061648 0.416167 -0.008652
v 0.093648 0.196167 -0.008652
v 0.061648 0.416167 0.008652
v 0.093648 0.196167 0.008652
v 0.071713 0.417631 0.022652
v 0.103713 0.197631 0.022652
v 0.088000 0.420000 0.028000
v 0.120000 0.200000 0.028000
v 0.104287 0.422369 0.022652
v 0.136287 0.202369 0.022652
v 0.114352 0.423833 0.008652
v 0.146352 0.203833 0.008652
v 0.114352 0.423833 -0.008652
v 0.146352 0.203833 -0.008652
v 0.104287 0.422369 -0.022652
v 0.136287 0.202369 -0.022652
v 0.096229 0.444249 -0.011326
v 0.102253 0.434000 -0.019618
v 0.104458 0.420000 -0.022652
v 0.102253 0.406000 -0.019618
v 0.096229 0.395751 -0.011326
v 0.101315 0.444249 -0.004326
v 0.111062 0.434000 -0.007493
v 0.114630 0.420000 -0.008652
v 0.111062 0.406000 -0.007493
v 0.101315 0.395751 -0.004326
v 0.101315 0.444249 0.004326
v 0.111062 0.434000 0.007493
v 0.114630 0.420000 0.008652
v 0.111062 0.406000 0.007493
v 0.101315 0.395751 0.004326
v 0.096229 0.444249 0.011326
v 0.102253 0.434000 0.019618
v 0.104458 0.420000 0.022652
v 0.102253 0.406000 0.019618
v 0.096229 0.395751 0.011326
v 0.088000 0.444249 0.014000
v 0.088000 0.434000 0.024249
v 0.088000 0.420000 0.028000
v 0.088000 0.406000 0.024249
v 0.088000 0.395751 0.014000
v 0.079771 0.444249 0.011326
v 0.073747 0.434000 0.019618
v 0.071542 0.420000 0.022652
v 0.073747 0.406000 0.019618
v 0.079771 0.395751 0.011326
v 0.088000 0.448000 0.000000
v 0.074685 0.444249 0.004326
v 0.064938 0.434000 0.007493
v 0.061370 0.420000 0.008652
v 0.064938 0.406000 0.007493
v 0.074685 0.395751 0.004326
v 0.088000 0.392000 0.000000
v 0.074685 0.444249 -0.004326
v 0.064938 0.434000 -0.007493
v 0.061370 0.420000 -0.008652
v 0.064938 0.406000 -0.007493
v 0.074685 0.395751 -0.004326
v 0.079771 0.444249 -0.011326
v 0.073747 0.434000 -0.019618
v 0.071542 0.420000 -0.022652
v 0.073747 0.406000 -0.019618
v 0.079771 0.395751 -0.011326
v 0.088000 0.444249 -0.014000
v 0.088000 0.434000 -0.024249
v 0.088000 0.420000 -0.028000
v 0.088000 0.406000 -0.024249
v 0.088000 0.395751 -0.014000
v 0.128229 0.224249 -0.011326
v 0.134253 0.214000 -0.019618
v 0.136458 0.200000 -0.022652
v 0.134253 0.186000 -0.019618
v 0.128229 0.175751 -0.011326
v 0.133315 0.224249 -0.004326
v 0.143062 0.214000 -0.007493
v 0.146630 0.200000 -0.008652
v 0.143062 0.186000 -0.007493
v 0.133315 0.175751 -0.004326
v 0.133315 0.224249 0.004326
v 0.143062 0.214000 0.007493
v 0.146630 0.200000 0.008652
v 0.143062 0.186000 0.007493
v 0.133315 0.175751 0.004326
v 0.128229 0.224249 0.011326
v 0.134253 0.214000 0.019618
v 0.136458 0.200000 0.022652
v 0.134253 0.186000 0.019618
v 0.128229 0.175751 0.011326
v 0.120000 0.224249 0.014000
v 0.120000 0.214000 0.024249
v 0.120000 0.200000 0.028000
v 0.120000 0.186000 0.024249
v 0.120000 0.175751 0.014000
v 0.111771 0.224249 0.011326
v 0.105747 0.214000 0.019618
v 0.103542 0.200000 0.022652
v 0.105747 0.186000 0.019618
v 0.111771 0.175751 0.011326
v 0.120000 0.228000 0.000000
v 0.106685 0.224249 0.004326
v 0.096938 0.214000 0.007493
v 0.093370 0.200000 0.008652
v 0.096938 0.186000 0.007493
v 0.106685 0.175751 0.004326
v 0.120000 0.172000 0.000000
v 0.106685 0.224249 -0.004326
v 0.096938 0.214000 -0.007493
v 0.093370 0.200000 -0.008652
v 0.096938 0.186000 -0.007493
v 0.106685 0.175751 -0.004326
v 0.111771 0.224249 -0.011326
v 0.105747 0.214000 -0.019618
v 0.103542 0.200000 -0.022652
v 0.105747 0.186000 -0.019618
v 0.111771 0.175751 -0.011326
v 0.120000 0.224249 -0.014000
v 0.120000 0.214000 -0.024249
v 0.120000 0.200000 -0.028000
v 0.120000 0.186000 -0.024249
v 0.120000 0.175751 -0.014000
v 0.120000 0.000000 0.136000
v 0.149357 0.000000 0.130910
v 0.175840 0.000000 0.116138
v 0.196857 0.000000 0.093130
v 0.210350 0.000000 0.064138
v 0.215000 0.000000 0.032000
v 0.210350 0.000000 -0.000138
v 0.196857 0.000000 -0.029130
v 0.175840 0.000000 -0.052138
v 0.149357 0.000000 -0.066910
v 0.120000 0.000000 -0.072000
v 0.090643 0.000000 -0.066910
v 0.064160 0.000000 -0.052138
v 0.043143 0.000000 -0.029130
v 0.029650 0.000000 -0.000138
v 0.025000 0.000000 0.032000
v 0.029650 0.000000 0.064138
v 0.043143 0.000000 0.093130
v 0.064160 0.000000 0.116138
v 0.090643 0.000000 0.130910
v 0.120000 0.020000 0.156000
v 0.153374 0.020000 0.149931
v 0.183481 0.020000 0.132318
v 0.207374 0.020000 0.104885
v 0.222714 0.020000 0.070318
v 0.228000 0.020000 0.032000
v 0.222714 0.020000 -0.006318
v 0.207374 0.020000 -0.040885
v 0.183481 0.020000 -0.068318
v 0.153374 0.020000 -0.085931
v 0.120000 0.020000 -0.092000
v 0.086626 0.020000 -0.085931
v 0.056519 0.020000 -0.068318
v 0.032626 0.020000 -0.040885
v 0.017286 0.020000 -0.006318
v 0.012000 0.020000 0.032000
v 0.017286 0.020000 0.070318
v 0.032626 0.020000 0.104885
v 0.056519 0.020000 0.132318
v 0.086626 0.020000 0.149931
v 0.120000 0.055000 0.156000
v 0.154610 0.055000 0.149735
v 0.185832 0.055000 0.131554
v 0.210610 0.055000 0.103237
v 0.226518 0.055000 0.067554
v 0.232000 0.055000 0.028000
v 0.226518 0.055000 -0.011554
v 0.210610 0.055000 -0.047237
v 0.185832 0.055000 -0.075554
v 0.154610 0.055000 -0.093735
v 0.120000 0.055000 -0.100000
v 0.085390 0.055000 -0.093735
v 0.054168 0.055000 -0.075554
v 0.029390 0.055000 -0.047237
v 0.013482 0.055000 -0.011554
v 0.008000 0.055000 0.028000
v 0.013482 0.055000 0.067554
v 0.029390 0.055000 0.103237
v 0.054168 0.055000 0.131554
v 0.085390 0.055000 0.149735
v 0.120000 0.090000 0.118000
v 0.150284 0.090000 0.112910
v 0.177603 0.090000 0.098138
v 0.199284 0.090000 0.075130
v 0.213204 0.090000 0.046138
v 0.218000 0.090000 0.014000
v 0.213204 0.090000 -0.018138
v 0.199284 0.090000 -0.047130
v 0.177603 0.090000 -0.070138
v 0.150284 0.090000 -0.084910
v 0.120000 0.090000 -0.090000
v 0.089716 0.090000 -0.084910
v 0.062397 0.090000 -0.070138
v 0.040716 0.090000 -0.047130
v 0.026796 0.090000 -0.018138
v 0.022000 0.090000 0.014000
v 0.026796 0.090000 0.046138
v 0.040716 0.090000 0.075130
v 0.062397 0.090000 0.098138
v 0.089716 0.090000 0.112910
v 0.120000 0.128000 0.075000
v 0.142249 0.128000 0.071329
v 0.162321 0.128000 0.060676
v 0.178249 0.128000 0.044084
v 0.188476 0.128000 0.023176
v 0.192000 0.128000 0.000000
v 0.188476 0.128000 -0.023176
v 0.178249 0.128000 -0.044084
v 0.162321 0.128000 -0.060676
v 0.142249 0.128000 -0.071329
v 0.120000 0.128000 -0.075000
v 0.097751 0.128000 -0.071329
v 0.077679 0.128000 -0.060676
v 0.061751 0.128000 -0.044084
v 0.051524 0.128000 -0.023176
v 0.048000 0.128000 -0.000000
v 0.051524 0.128000 0.023176
v 0.061751 0.128000 0.044084
v 0.077679 0.128000 0.060676
v 0.097751 0.128000 0.071329
v 0.120000 0.156000 0.061000
v 0.140704 0.156000 0.057721
v 0.159382 0.156000 0.048204
v 0.174204 0.156000 0.033382
v 0.183721 0.156000 0.014704
v 0.187000 0.156000 -0.006000
v 0.183721 0.156000 -0.026704
v 0.174204 0.156000 -0.045382
v 0.159382 0.156000 -0.060204
v 0.140704 0.156000 -0.069721
v 0.120000 0.156000 -0.073000
v 0.099296 0.156000 -0.069721
v 0.080618 0.156000 -0.060204
v 0.065796 0.156000 -0.045382
v 0.056279 0.156000 -0.026704
v 0.053000 0.156000 -0.006000
v 0.056279 0.156000 0.014704
v 0.065796 0.156000 0.033382
v 0.080618 0.156000 0.048204
v 0.099296 0.156000 0.057721
v 0.120000 0.160000 0.078000
v 0.145957 0.160000 0.073889
v 0.169374 0.160000 0.061957
v 0.187957 0.160000 0.043374
v 0.199889 0.160000 0.019957
v 0.204000 0.160000 -0.006000
v 0.199889 0.160000 -0.031957
v 0.187957 0.160000 -0.055374
v 0.169374 0.160000 -0.073957
v 0.145957 0.160000 -0.085889
v 0.120000 0.160000 -0.090000
v 0.094043 0.160000 -0.085889
v 0.070626 0.160000 -0.073957
v 0.052043 0.160000 -0.055374
v 0.040111 0.160000 -0.031957
v 0.036000 0.160000 -0.006000
v 0.040111 0.160000 0.019957
v 0.052043 0.160000 0.043374
v 0.070626 0.160000 0.061957
v 0.094043 0.160000 0.073889
v 0.120000 0.216000 0.075000
v 0.145030 0.216000 0.071036
v 0.167611 0.216000 0.059530
v 0.185530 0.216000 0.041611
v 0.197036 0.216000 0.019030
v 0.201000 0.216000 -0.006000
v 0.197036 0.216000 -0.031030
v 0.185530 0.216000 -0.053611
v 0.167611 0.216000 -0.071530
v 0.145030 0.216000 -0.083036
v 0.120000 0.216000 -0.087000
v 0.094970 0.216000 -0.083036
v 0.072389 0.216000 -0.071530
v 0.054470 0.216000 -0.053611
v 0.042964 0.216000 -0.031030
v 0.039000 0.216000 -0.006000
v 0.042964 0.216000 0.019030
v 0.054470 0.216000 0.041611
v 0.072389 0.216000 0.059530
v 0.094970 0.216000 0.071036
v 0.120000 0.000000 0.032000
v 0.120000 0.216000 -0.006000
vn -0.0000 -0.9766 0.2150
vn 0.0569 -0.9768 0.2063
vn 0.1091 -0.9115 0.3965
vn -0.0000 -0.9109 0.4126
vn 0.1093 -0.9774 0.1810
vn 0.2103 -0.9132 0.3492
vn 0.1529 -0.9781 0.1410
vn 0.2957 -0.9153 0.2734
vn 0.1842 -0.9788 0.0895
vn 0.3579 -0.9173 0.1744
vn 0.2005 -0.9792 0.0307
vn 0.3908 -0.9185 0.0600
vn 0.2005 -0.9792 -0.0307
vn 0.3908 -0.9185 -0.0600
vn 0.1842 -0.9788 -0.0895
vn 0.3579 -0.9173 -0.1744
vn 0.1529 -0.9781 -0.1410
vn 0.2957 -0.9153 -0.2734
vn 0.1093 -0.9774 -0.1810
vn 0.2103 -0.9132 -0.3492
vn 0.0569 -0.9768 -0.2063
vn 0.1091 -0.9115 -0.3965
vn -0.0000 -0.9766 -0.2150
vn -0.0000 -0.9109 -0.4126
vn -0.0569 -0.9768 -0.2063
vn -0.1091 -0.9115 -0.3965
vn -0.1093 -0.9774 -0.1810
vn -0.2103 -0.9132 -0.3492
vn -0.1529 -0.9781 -0.1410
vn -0.2957 -0.9153 -0.2734
vn -0.1842 -0.9788 -0.0895
vn -0.3579 -0.9173 -0.1744
vn -0.2005 -0.9792 -0.0307
vn -0.3908 -0.9185 -0.0600
vn -0.2005 -0.9792 0.0307
vn -0.3908 -0.9185 0.0600
vn -0.1842 -0.9788 0.0895
vn -0.3579 -0.9173 0.1744
vn -0.1529 -0.9781 0.1410
vn -0.2957 -0.9153 0.2734
vn -0.1093 -0.9774 0.1810
vn -0.2103 -0.9132 0.3492
vn -0.0569 -0.9768 0.2063
vn -0.1091 -0.9115 0.3965
vn 0.1839 -0.7233 0.6656
vn -0.0000 -0.7218 0.6921
vn 0.3552 -0.7272 0.5873
vn 0.5008 -0.7325 0.4611
vn 0.6076 -0.7375 0.2949
vn 0.6644 -0.7405 0.1015
vn 0.6644 -0.7405 -0.1015
vn 0.6076 -0.7375 -0.2949
vn 0.5008 -0.7325 -0.4611
vn 0.3552 -0.7272 -0.5873
vn 0.1839 -0.7233 -0.6656
vn -0.0000 -0.7218 -0.6921
vn -0.1839 -0.7233 -0.6656
vn -0.3552 -0.7272 -0.5873
vn -0.5008 -0.7325 -0.4611
vn -0.6076 -0.7375 -0.2949
vn -0.6644 -0.7405 -0.1015
vn -0.6644 -0.7405 0.1015
vn -0.6076 -0.7375 0.2949
vn -0.5008 -0.7325 0.4611
vn -0.3552 -0.7272 0.5873
vn -0.1839 -0.7233 0.6656
vn 0.2291 -0.5116 0.8281
vn -0.0000 -0.5099 0.8602
vn 0.4437 -0.5161 0.7326
vn 0.6278 -0.5222 0.5772
vn 0.7643 -0.5279 0.3703
vn 0.8374 -0.5314 0.1278
vn 0.8374 -0.5314 -0.1278
vn 0.7643 -0.5279 -0.3703
vn 0.6278 -0.5222 -0.5772
vn 0.4437 -0.5161 -0.7326
vn 0.2291 -0.5116 -0.8281
vn -0.0000 -0.5099 -0.8602
vn -0.2291 -0.5116 -0.8281
vn -0.4437 -0.5161 -0.7326
vn -0.6278 -0.5222 -0.5772
vn -0.7643 -0.5279 -0.3703
vn -0.8374 -0.5314 -0.1278
vn -0.8374 -0.5314 0.1278
vn -0.7643 -0.5279 0.3703
vn -0.6278 -0.5222 0.5772
vn -0.4437 -0.5161 0.7326
vn -0.2291 -0.5116 0.8281
vn 0.2539 -0.3076 0.9170
vn -0.0000 -0.3064 0.9519
vn 0.4926 -0.3110 0.8128
vn 0.6987 -0.3156 0.6420
vn 0.8527 -0.3200 0.4129
vn 0.9357 -0.3227 0.1426
vn 0.9357 -0.3227 -0.1426
vn 0.8527 -0.3200 -0.4129
vn 0.6987 -0.3156 -0.6420
vn 0.4926 -0.3110 -0.8128
vn 0.2539 -0.3076 -0.9170
vn -0.0000 -0.3064 -0.9519
vn -0.2539 -0.3076 -0.9170
vn -0.4926 -0.3110 -0.8128
vn -0.6987 -0.3156 -0.6420
vn -0.8527 -0.3200 -0.4129
vn -0.9357 -0.3227 -0.1426
vn -0.9357 -0.3227 0.1426
vn -0.8527 -0.3200 0.4129
vn -0.6987 -0.3156 0.6420
vn -0.4926 -0.3110 0.8128
vn -0.2539 -0.3076 0.9170
vn 0.2650 -0.1186 0.9569
vn -0.0000 -0.1180 0.9930
vn 0.5146 -0.1200 0.8490
vn 0.7309 -0.1220 0.6714
vn 0.8932 -0.1238 0.4324
vn 0.9808 -0.1250 0.1495
vn 0.9808 -0.1250 -0.1495
vn 0.8932 -0.1238 -0.4324
vn 0.7309 -0.1220 -0.6714
vn 0.5146 -0.1200 -0.8490
vn 0.2650 -0.1186 -0.9569
vn -0.0000 -0.1180 -0.9930
vn -0.2650 -0.1186 -0.9569
vn -0.5146 -0.1200 -0.8490
vn -0.7309 -0.1220 -0.6714
vn -0.8932 -0.1238 -0.4324
vn -0.9808 -0.1250 -0.1495
vn -0.9808 -0.1250 0.1495
vn -0.8932 -0.1238 0.4324
vn -0.7309 -0.1220 0.6714
vn -0.5146 -0.1200 0.8490
vn -0.2650 -0.1186 0.9569
vn 0.2665 0.0532 0.9624
vn -0.0000 0.0529 0.9986
vn 0.5176 0.0538 0.8539
vn 0.7353 0.0547 0.6755
vn 0.8987 0.0556 0.4351
vn 0.9870 0.0561 0.1504
vn 0.9870 0.0561 -0.1504
vn 0.8987 0.0556 -0.4351
vn 0.7353 0.0547 -0.6755
vn 0.5176 0.0538 -0.8539
vn 0.2665 0.0532 -0.9624
vn -0.0000 0.0529 -0.9986
vn -0.2665 0.0532 -0.9624
vn -0.5176 0.0538 -0.8539
vn -0.7353 0.0547 -0.6755
vn -0.8987 0.0556 -0.4351
vn -0.9870 0.0561 -0.1504
vn -0.9870 0.0561 0.1504
vn -0.8987 0.0556 0.4351
vn -0.7353 0.0547 0.6755
vn -0.5176 0.0538 0.8539
vn -0.2665 0.0532 0.9624
vn 0.2574 0.2646 0.9294
vn -0.0000 0.2635 0.9647
vn 0.4995 0.2675 0.8240
vn 0.7089 0.2714 0.6510
vn 0.8654 0.2752 0.4188
vn 0.9498 0.2775 0.1447
vn 0.9498 0.2775 -0.1447
vn 0.8654 0.2752 -0.4188
vn 0.7089 0.2714 -0.6510
vn 0.4995 0.2675 -0.8240
vn 0.2574 0.2646 -0.9294
vn -0.0000 0.2635 -0.9647
vn -0.2574 0.2646 -0.9294
vn -0.4995 0.2675 -0.8240
vn -0.7089 0.2714 -0.6510
vn -0.8654 0.2752 -0.4188
vn -0.9498 0.2775 -0.1447
vn -0.9498 0.2775 0.1447
vn -0.8654 0.2752 0.4188
vn -0.7089 0.2714 0.6510
vn -0.4995 0.2675 0.8240
vn -0.2574 0.2646 0.9294
vn 0.2307 0.5018 0.8336
vn -0.0000 0.5002 0.8659
vn 0.4467 0.5063 0.7376
vn 0.6322 0.5124 0.5812
vn 0.7697 0.5181 0.3730
vn 0.8435 0.5216 0.1287
vn 0.8435 0.5216 -0.1287
vn 0.7697 0.5181 -0.3730
vn 0.6322 0.5124 -0.5812
vn 0.4467 0.5063 -0.7376
vn 0.2307 0.5018 -0.8336
vn -0.0000 0.5002 -0.8659
vn -0.2307 0.5018 -0.8336
vn -0.4467 0.5063 -0.7376
vn -0.6322 0.5124 -0.5812
vn -0.7697 0.5181 -0.3730
vn -0.8435 0.5216 -0.1287
vn -0.8435 0.5216 0.1287
vn -0.7697 0.5181 0.3730
vn -0.6322 0.5124 0.5812
vn -0.4467 0.5063 0.7376
vn -0.2307 0.5018 0.8336
vn 0.1746 0.7548 0.6323
vn -0.0000 0.7536 0.6574
vn 0.3372 0.7583 0.5579
vn 0.4755 0.7629 0.4381
vn 0.5769 0.7672 0.2801
vn 0.6309 0.7699 0.0965
vn 0.6309 0.7699 -0.0965
vn 0.5769 0.7672 -0.2801
vn 0.4755 0.7629 -0.4381
vn 0.3372 0.7583 -0.5579
vn 0.1746 0.7548 -0.6323
vn -0.0000 0.7536 -0.6574
vn -0.1746 0.7548 -0.6323
vn -0.3372 0.7583 -0.5579
vn -0.4755 0.7629 -0.4381
vn -0.5769 0.7672 -0.2801
vn -0.6309 0.7699 -0.0965
vn -0.6309 0.7699 0.0965
vn -0.5769 0.7672 0.2801
vn -0.4755 0.7629 0.4381
vn -0.3372 0.7583 0.5579
vn -0.1746 0.7548 0.6323
vn 0.0858 0.9461 0.3123
vn -0.0000 0.9457 0.3250
vn 0.1654 0.9471 0.2749
vn 0.2324 0.9485 0.2151
vn 0.2811 0.9498 0.1371
vn 0.3068 0.9506 0.0471
vn 0.3068 0.9506 -0.0471
vn 0.2811 0.9498 -0.1371
vn 0.2324 0.9485 -0.2151
vn 0.1654 0.9471 -0.2749
vn 0.0858 0.9461 -0.3123
vn -0.0000 0.9457 -0.3250
vn -0.0858 0.9461 -0.3123
vn -0.1654 0.9471 -0.2749
vn -0.2324 0.9485 -0.2151
vn -0.2811 0.9498 -0.1371
vn -0.3068 0.9506 -0.0471
vn -0.3068 0.9506 0.0471
vn -0.2811 0.9498 0.1371
vn -0.2324 0.9485 0.2151
vn -0.1654 0.9471 0.2749
vn -0.0858 0.9461 0.3123
vn 0.0384 0.9895 0.1393
vn -0.0000 0.9894 0.1452
vn 0.0738 0.9898 0.1222
vn 0.1032 0.9901 0.0951
vn 0.1243 0.9904 0.0604
vn 0.1352 0.9906 0.0207
vn 0.1352 0.9906 -0.0207
vn 0.1243 0.9904 -0.0604
vn 0.1032 0.9901 -0.0951
vn 0.0738 0.9898 -0.1222
vn 0.0384 0.9895 -0.1393
vn -0.0000 0.9894 -0.1452
vn -0.0384 0.9895 -0.1393
vn -0.0738 0.9898 -0.1222
vn -0.1032 0.9901 -0.0951
vn -0.1243 0.9904 -0.0604
vn -0.1352 0.9906 -0.0207
vn -0.1352 0.9906 0.0207
vn -0.1243 0.9904 0.0604
vn -0.1032 0.9901 0.0951
vn -0.0738 0.9898 0.1222
vn -0.0384 0.9895 0.1393
vn -0.0000 -0.6437 -0.7653
vn -0.0000 0.6437 -0.7653
vn 0.4498 0.6437 -0.6191
vn 0.4498 -0.6437 -0.6191
vn 0.7278 0.6437 -0.2365
vn 0.7278 -0.6437 -0.2365
vn 0.7278 0.6437 0.2365
vn 0.7278 -0.6437 0.2365
vn 0.4498 0.6437 0.6191
vn 0.4498 -0.6437 0.6191
vn -0.0000 0.6437 0.7653
vn -0.0000 -0.6437 0.7653
vn -0.4498 0.6437 0.6191
vn -0.4498 -0.6437 0.6191
vn -0.7278 0.6437 0.2365
vn -0.7278 -0.6437 0.2365
vn -0.7278 0.6437 -0.2365
vn -0.7278 -0.6437 -0.2365
vn -0.4498 0.6437 -0.6191
vn -0.4498 -0.6437 -0.6191
vn 0.1131 -0.9928 0.0387
vn -0.0221 -0.2974 -0.9545
vn 0.6361 0.1012 -0.7650
vn 0.7712 -0.5943 0.2282
vn 0.5906 0.7463 -0.3071
vn 0.7257 0.0508 0.6861
vn -0.1131 0.9928 -0.0387
vn 0.0221 0.2974 0.9545
vn -0.7712 0.5943 -0.2282
vn -0.6361 -0.1012 0.7650
vn -0.7257 -0.0508 -0.6861
vn -0.5906 -0.7463 0.3071
vn -0.0000 -1.0000 -0.0000
vn -0.0000 -0.6503 -0.7597
vn 0.6579 -0.6503 -0.3798
vn -0.0000 -0.0000 -1.0000
vn -0.0000 0.6503 -0.7597
vn 0.6579 0.6503 -0.3798
vn 0.8660 -0.0000 -0.5000
vn -0.0000 1.0000 -0.0000
vn 0.6579 -0.6503 0.3798
vn 0.6579 0.6503 0.3798
vn 0.8660 -0.0000 0.5000
vn -0.0000 -0.6503 0.7597
vn -0.0000 0.6503 0.7597
vn -0.0000 -0.0000 1.0000
vn -0.6579 -0.6503 0.3798
vn -0.6579 0.6503 0.3798
vn -0.8660 -0.0000 0.5000
vn -0.6579 0.6503 -0.3798
vn -0.6579 -0.6503 -0.3798
vn -0.8660 -0.0000 -0.5000
vn -0.0064 -0.9970 -0.0769
vn 0.0017 -0.1807 -0.9835
vn 0.6891 0.1092 -0.7164
vn 0.6810 -0.7072 0.1902
vn 0.6915 0.6980 -0.1862
vn 0.6833 -0.1183 0.7205
vn 0.0064 0.9970 0.0769
vn -0.0017 0.1807 0.9835
vn -0.6810 0.7072 -0.1902
vn -0.6891 -0.1092 0.7164
vn -0.6833 0.1183 -0.7205
vn -0.6915 -0.6980 0.1862
vn -0.1410 -0.9776 0.1560
vn 0.0178 -0.4098 -0.9120
vn 0.7269 -0.1522 -0.6697
vn 0.5681 -0.7201 0.3984
vn 0.7885 0.5415 -0.2917
vn 0.6297 -0.0264 0.7764
vn 0.1410 0.9776 -0.1560
vn -0.0178 0.4098 0.9120
vn -0.5681 0.7201 -0.3984
vn -0.7269 0.1522 0.6697
vn -0.6297 0.0264 -0.7764
vn -0.7885 -0.5415 0.2917
vn -0.0000 -0.7212 -0.6928
vn -0.0000 -0.3851 -0.9229
vn 0.2946 -0.4189 -0.8589
vn 0.2061 -0.7471 -0.6320
vn -0.0000 -0.1681 -0.9858
vn 0.3264 -0.0000 -0.9452
vn 0.3205 -0.1859 -0.9288
vn -0.0000 0.1681 -0.9858
vn -0.0000 0.3851 -0.9229
vn 0.2946 0.4189 -0.8589
vn 0.3205 0.1859 -0.9288
vn -0.0000 0.7212 -0.6928
vn 0.2061 0.7471 -0.6320
vn 0.4129 -0.8067 -0.4227
vn 0.7112 -0.2402 -0.6607
vn 0.6239 -0.5099 -0.5922
vn 0.7112 0.2402 -0.6607
vn 0.7343 -0.0000 -0.6788
vn 0.4129 0.8067 -0.4227
vn 0.6239 0.5099 -0.5922
vn 0.9600 0.2799 -0.0000
vn 1.0000 -0.0000 -0.0000
vn 0.5351 0.8448 -0.0000
vn 0.8217 0.5700 -0.0000
vn 0.8217 -0.5700 -0.0000
vn 0.5351 -0.8448 -0.0000
vn 0.9600 -0.2799 -0.0000
vn 0.6239 -0.5099 0.5922
vn 0.4129 -0.8067 0.4227
vn 0.7343 -0.0000 0.6788
vn 0.7112 -0.2402 0.6607
vn 0.6239 0.5099 0.5922
vn 0.7112 0.2402 0.6607
vn 0.4129 0.8067 0.4227
vn 0.2946 0.4189 0.8589
vn 0.3205 0.1859 0.9288
vn 0.2061 0.7471 0.6320
vn 0.2061 -0.7471 0.6320
vn 0.3205 -0.1859 0.9288
vn 0.2946 -0.4189 0.8589
vn 0.3264 -0.0000 0.9452
vn -0.0000 -0.7212 0.6928
vn -0.0000 -0.1681 0.9858
vn -0.0000 -0.3851 0.9229
vn -0.0000 0.1681 0.9858
vn -0.0000 0.7212 0.6928
vn -0.0000 0.3851 0.9229
vn -0.2061 0.7471 0.6320
vn -0.2946 0.4189 0.8589
vn -0.2946 -0.4189 0.8589
vn -0.2061 -0.7471 0.6320
vn -0.3264 -0.0000 0.9452
vn -0.3205 -0.1859 0.9288
vn -0.3205 0.1859 0.9288
vn -0.6239 -0.5099 0.5922
vn -0.4129 -0.8067 0.4227
vn -0.7343 -0.0000 0.6788
vn -0.7112 -0.2402 0.6607
vn -0.6239 0.5099 0.5922
vn -0.7112 0.2402 0.6607
vn -0.4129 0.8067 0.4227
vn -0.5351 0.8448 -0.0000
vn -0.5351 -0.8448 -0.0000
vn -0.9600 -0.2799 -0.0000
vn -0.8217 -0.5700 -0.0000
vn -0.9600 0.2799 -0.0000
vn -1.0000 -0.0000 -0.0000
vn -0.8217 0.5700 -0.0000
vn -0.7112 -0.2402 -0.6607
vn -0.6239 -0.5099 -0.5922
vn -0.7112 0.2402 -0.6607
vn -0.7343 -0.0000 -0.6788
vn -0.4129 0.8067 -0.4227
vn -0.6239 0.5099 -0.5922
vn -0.4129 -0.8067 -0.4227
vn -0.2946 -0.4189 -0.8589
vn -0.2061 -0.7471 -0.6320
vn -0.3264 -0.0000 -0.9452
vn -0.3205 -0.1859 -0.9288
vn -0.2947 0.4189 -0.8589
vn -0.3205 0.1859 -0.9288
vn -0.2061 0.7471 -0.6320
vn -0.0000 -0.6662 0.7457
vn 0.2249 -0.6651 0.7121
vn 0.3008 0.0046 0.9537
vn -0.0000 0.0046 1.0000
vn 0.4413 -0.6621 0.6057
vn 0.5883 0.0048 0.8086
vn 0.6272 -0.6580 0.4167
vn 0.8326 0.0051 0.5539
vn 0.7407 -0.6549 0.1501
vn 0.9800 0.0053 0.1990
vn 0.7407 -0.6549 -0.1501
vn 0.9800 0.0053 -0.1990
vn 0.6272 -0.6580 -0.4167
vn 0.8326 0.0051 -0.5539
vn 0.4413 -0.6621 -0.6057
vn 0.5883 0.0048 -0.8086
vn 0.2249 -0.6651 -0.7121
vn 0.3008 0.0046 -0.9537
vn -0.0000 -0.6662 -0.7457
vn -0.0000 0.0046 -1.0000
vn -0.2249 -0.6651 -0.7121
vn -0.3008 0.0046 -0.9537
vn -0.4413 -0.6621 -0.6057
vn -0.5883 0.0048 -0.8086
vn -0.6272 -0.6580 -0.4167
vn -0.8326 0.0051 -0.5539
vn -0.7407 -0.6549 -0.1501
vn -0.9800 0.0053 -0.1990
vn -0.7407 -0.6549 0.1501
vn -0.9800 0.0053 0.1990
vn -0.6272 -0.6580 0.4167
vn -0.8326 0.0051 0.5539
vn -0.4413 -0.6621 0.6057
vn -0.5883 0.0048 0.8086
vn -0.2249 -0.6651 0.7121
vn -0.3008 0.0046 0.9537
vn 0.3012 0.0332 0.9530
vn -0.0000 0.0327 0.9995
vn 0.5888 0.0346 0.8075
vn 0.8326 0.0364 0.5526
vn 0.9794 0.0377 0.1984
vn 0.9794 0.0377 -0.1984
vn 0.8326 0.0364 -0.5526
vn 0.5888 0.0346 -0.8075
vn 0.3012 0.0332 -0.9530
vn -0.0000 0.0327 -0.9995
vn -0.3012 0.0332 -0.9530
vn -0.5888 0.0346 -0.8075
vn -0.8326 0.0364 -0.5526
vn -0.9794 0.0377 -0.1984
vn -0.9794 0.0377 0.1984
vn -0.8326 0.0364 0.5526
vn -0.5888 0.0346 0.8075
vn -0.3012 0.0332 0.9530
vn 0.2855 0.3310 0.8994
vn -0.0000 0.3272 0.9449
vn 0.5555 0.3409 0.7585
vn 0.7806 0.3529 0.5159
vn 0.9141 0.3612 0.1844
vn 0.9141 0.3612 -0.1844
vn 0.7806 0.3529 -0.5159
vn 0.5555 0.3409 -0.7585
vn 0.2855 0.3310 -0.8994
vn -0.0000 0.3272 -0.9449
vn -0.2855 0.3310 -0.8994
vn -0.5555 0.3409 -0.7585
vn -0.7806 0.3529 -0.5159
vn -0.9141 0.3612 -0.1844
vn -0.9141 0.3612 0.1844
vn -0.7806 0.3529 0.5159
vn -0.5555 0.3409 0.7585
vn -0.2855 0.3310 0.8994
vn 0.1467 0.8679 0.4745
vn -0.0000 0.8667 0.4989
vn 0.2848 0.8714 0.3995
vn 0.3993 0.8757 0.2714
vn 0.4672 0.8788 0.0969
vn 0.4672 0.8788 -0.0969
vn 0.3993 0.8757 -0.2714
vn 0.2848 0.8714 -0.3995
vn 0.1467 0.8679 -0.4745
vn -0.0000 0.8667 -0.4989
vn -0.1467 0.8679 -0.4745
vn -0.2848 0.8714 -0.3995
vn -0.3993 0.8757 -0.2714
vn -0.4672 0.8788 -0.0969
vn -0.4672 0.8788 0.0969
vn -0.3993 0.8757 0.2714
vn -0.2848 0.8714 0.3995
vn -0.1467 0.8679 0.4745
vn -0.0000 -0.7103 0.7039
vn 0.1768 -0.7101 0.6816
vn 0.2513 -0.0308 0.9674
vn -0.0000 -0.0304 0.9995
vn 0.3480 -0.7095 0.6128
vn 0.4942 -0.0316 0.8688
vn 0.5039 -0.7086 0.4940
vn 0.7144 -0.0328 0.6990
vn 0.6278 -0.7076 0.3242
vn 0.8884 -0.0340 0.4579
vn 0.6981 -0.7070 0.1135
vn 0.9865 -0.0347 0.1601
vn 0.6981 -0.7070 -0.1135
vn 0.9865 -0.0348 -0.1600
vn 0.6278 -0.7076 -0.3242
vn 0.8884 -0.0340 -0.4578
vn 0.5039 -0.7086 -0.4940
vn 0.7145 -0.0329 -0.6989
vn 0.3480 -0.7095 -0.6128
vn 0.4943 -0.0318 -0.8687
vn 0.1768 -0.7101 -0.6816
vn 0.2514 -0.0310 -0.9674
vn -0.0000 -0.7103 -0.7039
vn -0.0000 -0.0307 -0.9995
vn -0.1768 -0.7101 -0.6816
vn -0.2514 -0.0310 -0.9674
vn -0.3480 -0.7095 -0.6128
vn -0.4943 -0.0318 -0.8687
vn -0.5039 -0.7086 -0.4940
vn -0.7145 -0.0329 -0.6989
vn -0.6278 -0.7076 -0.3242
vn -0.8884 -0.0340 -0.4578
vn -0.6981 -0.7070 -0.1135
vn -0.9865 -0.0348 -0.1600
vn -0.6981 -0.7070 0.1135
vn -0.9865 -0.0347 0.1601
vn -0.6278 -0.7076 0.3242
vn -0.8884 -0.0340 0.4579
vn -0.5039 -0.7086 0.4940
vn -0.7144 -0.0328 0.6990
vn -0.3480 -0.7095 0.6128
vn -0.4942 -0.0316 0.8688
vn -0.1768 -0.7101 0.6816
vn -0.2513 -0.0308 0.9674
vn 0.2316 0.1297 0.9641
vn -0.0000 0.1582 0.9874
vn 0.4746 0.0771 0.8768
vn 0.7037 0.0400 0.7094
vn 0.8839 0.0223 0.4671
vn 0.9860 0.0146 0.1658
vn 0.9874 0.0115 -0.1580
vn 0.8891 0.0104 -0.4577
vn 0.7150 0.0099 -0.6991
vn 0.4947 0.0096 -0.8690
vn 0.2516 0.0093 -0.9678
vn -0.0000 0.0092 -1.0000
vn -0.2516 0.0093 -0.9678
vn -0.4947 0.0096 -0.8690
vn -0.7150 0.0099 -0.6991
vn -0.8891 0.0104 -0.4577
vn -0.9874 0.0115 -0.1580
vn -0.9860 0.0146 0.1658
vn -0.8839 0.0223 0.4671
vn -0.7037 0.0400 0.7094
vn -0.4746 0.0771 0.8768
vn -0.2316 0.1297 0.9641
vn -0.0143 0.8110 0.5849
vn -0.0000 0.8960 0.4441
vn 0.2051 0.5773 0.7904
vn 0.5177 0.3720 0.7705
vn 0.7870 0.2400 0.5684
vn 0.9519 0.1859 0.2437
vn 0.9780 0.1575 -0.1364
vn 0.8801 0.1447 -0.4522
vn 0.7084 0.1402 -0.6917
vn 0.4906 0.1357 -0.8607
vn 0.2497 0.1325 -0.9592
vn -0.0000 0.1313 -0.9913
vn -0.2497 0.1325 -0.9592
vn -0.4906 0.1357 -0.8607
vn -0.7084 0.1402 -0.6917
vn -0.8801 0.1447 -0.4522
vn -0.9780 0.1575 -0.1364
vn -0.9519 0.1859 0.2437
vn -0.7870 0.2400 0.5684
vn -0.5177 0.3720 0.7705
vn -0.2051 0.5773 0.7904
vn 0.0143 0.8110 0.5849
vn -0.2054 0.4175 -0.8852
vn -0.0000 0.1917 -0.9815
vn -0.4902 0.8163 -0.3055
vn -0.2942 0.8422 0.4519
vn 0.1041 0.7228 0.6832
vn 0.4012 0.7855 0.4711
vn 0.5152 0.8558 0.0468
vn 0.4917 0.8320 -0.2571
vn 0.3969 0.8294 -0.3931
vn 0.2755 0.8270 -0.4901
vn 0.1405 0.8252 -0.5470
vn -0.0000 0.8246 -0.5657
vn -0.1405 0.8252 -0.5470
vn -0.2755 0.8270 -0.4901
vn -0.3969 0.8294 -0.3931
vn -0.4917 0.8320 -0.2571
vn -0.5152 0.8558 0.0468
vn -0.4012 0.7855 0.4711
vn -0.1041 0.7228 0.6832
vn 0.2942 0.8422 0.4519
vn 0.4902 0.8163 -0.3055
vn 0.2054 0.4175 -0.8852
vn -0.0000 -0.7047 -0.7095
vn -0.0000 0.0307 -0.9995
vn -0.2512 0.0310 -0.9674
vn -0.1782 -0.7049 -0.6865
vn -0.4940 0.0318 -0.8689
vn -0.3500 -0.7057 -0.6160
vn -0.7141 0.0329 -0.6993
vn -0.5052 -0.7069 -0.4950
vn -0.8882 0.0341 -0.4582
vn -0.6273 -0.7083 -0.3238
vn -0.9865 0.0348 -0.1602
vn -0.6959 -0.7092 -0.1130
vn -0.9865 0.0348 0.1602
vn -0.6959 -0.7092 0.1130
vn -0.8882 0.0341 0.4582
vn -0.6273 -0.7083 0.3238
vn -0.7141 0.0329 0.6993
vn -0.5052 -0.7069 0.4950
vn -0.4940 0.0318 0.8689
vn -0.3500 -0.7057 0.6160
vn -0.2512 0.0310 0.9674
vn -0.1782 -0.7049 0.6865
vn -0.0000 0.0307 0.9995
vn -0.0000 -0.7047 0.7095
vn 0.2512 0.0310 0.9674
vn 0.1782 -0.7049 0.6865
vn 0.4940 0.0318 0.8689
vn 0.3500 -0.7057 0.6160
vn 0.7141 0.0329 0.6993
vn 0.5052 -0.7069 0.4950
vn 0.8882 0.0341 0.4582
vn 0.6273 -0.7083 0.3238
vn 0.9865 0.0348 0.1602
vn 0.6959 -0.7092 0.1130
vn 0.9865 0.0348 -0.1602
vn 0.6959 -0.7092 -0.1130
vn 0.8882 0.0341 -0.4582
vn 0.6273 -0.7083 -0.3238
vn 0.7141 0.0329 -0.6993
vn 0.5052 -0.7069 -0.4950
vn 0.4940 0.0318 -0.8689
vn 0.3500 -0.7057 -0.6160
vn 0.2512 0.0310 -0.9674
vn 0.1782 -0.7049 -0.6865
vn -0.0000 -0.0701 -0.9975
vn -0.2471 -0.0606 -0.9671
vn -0.4887 -0.0421 -0.8714
vn -0.7100 -0.0271 -0.7037
vn -0.8861 -0.0177 -0.4631
vn -0.9865 -0.0125 -0.1634
vn -0.9872 -0.0103 0.1594
vn -0.8887 -0.0097 0.4583
vn -0.7146 -0.0094 0.6995
vn -0.4943 -0.0091 0.8692
vn -0.2514 -0.0089 0.9678
vn -0.0000 -0.0088 1.0000
vn 0.2514 -0.0089 0.9678
vn 0.4943 -0.0091 0.8692
vn 0.7146 -0.0094 0.6995
vn 0.8887 -0.0097 0.4583
vn 0.9872 -0.0103 0.1594
vn 0.9865 -0.0125 -0.1634
vn 0.8861 -0.0177 -0.4631
vn 0.7100 -0.0271 -0.7037
vn 0.4887 -0.0421 -0.8714
vn 0.2471 -0.0606 -0.9671
vn -0.0000 -0.9014 -0.4330
vn 0.0263 -0.8163 -0.5770
vn -0.2097 -0.5826 -0.7853
vn -0.5132 -0.3765 -0.7713
vn -0.7842 -0.2396 -0.5723
vn -0.9509 -0.1857 -0.2475
vn -0.9779 -0.1582 0.1366
vn -0.8797 -0.1448 0.4530
vn -0.7081 -0.1403 0.6921
vn -0.4903 -0.1358 0.8609
vn -0.2495 -0.1326 0.9592
vn -0.0000 -0.1314 0.9913
vn 0.2495 -0.1326 0.9592
vn 0.4903 -0.1358 0.8609
vn 0.7081 -0.1403 0.6921
vn 0.8797 -0.1448 0.4530
vn 0.9779 -0.1582 0.1366
vn 0.9509 -0.1857 -0.2475
vn 0.7842 -0.2396 -0.5723
vn 0.5132 -0.3765 -0.7713
vn 0.2097 -0.5826 -0.7853
vn -0.0262 -0.8163 -0.5770
vn -0.0000 -0.9947 -0.1025
vn 0.1947 -0.9307 -0.3098
vn -0.0691 -0.6143 -0.7861
vn -0.6981 -0.0704 -0.7125
vn -0.9611 0.2017 -0.1886
vn -0.8817 0.4204 0.2139
vn -0.7854 0.5622 0.2589
vn -0.7492 0.5384 0.3857
vn -0.5993 0.5440 0.5872
vn -0.4129 0.5488 0.7269
vn -0.2094 0.5522 0.8070
vn -0.0000 0.5534 0.8329
vn 0.2094 0.5522 0.8070
vn 0.4129 0.5488 0.7269
vn 0.5993 0.5440 0.5872
vn 0.7492 0.5384 0.3857
vn 0.7854 0.5622 0.2589
vn 0.8817 0.4204 0.2139
vn 0.9611 0.2017 -0.1886
vn 0.6981 -0.0704 -0.7125
vn 0.0691 -0.6143 -0.7861
vn -0.1947 -0.9307 -0.3098
vn -0.1331 -0.7010 0.7007
vn 0.4224 -0.8365 0.3491
vn 0.6876 -0.4538 0.5668
vn -0.1474 -0.2857 0.9469
vn 0.4949 -0.8385 0.2279
vn 0.8053 -0.4637 0.3695
vn 0.5360 -0.8398 0.0859
vn 0.8717 -0.4698 0.1391
vn 0.5389 -0.8399 -0.0645
vn 0.8763 -0.4702 -0.1046
vn 0.5030 -0.8388 -0.2086
vn 0.8182 -0.4648 -0.3382
vn 0.4342 -0.8367 -0.3338
vn 0.7067 -0.4554 -0.5415
vn 0.3417 -0.8343 -0.4326
vn 0.5563 -0.4447 -0.7020
vn 0.2344 -0.8322 -0.5025
vn 0.3816 -0.4352 -0.8155
vn 0.1190 -0.8307 -0.5438
vn 0.1936 -0.4289 -0.8824
vn -0.0000 -0.8302 -0.5574
vn -0.0000 -0.4266 -0.9044
vn -0.1190 -0.8307 -0.5438
vn -0.1936 -0.4289 -0.8824
vn -0.2344 -0.8322 -0.5025
vn -0.3816 -0.4352 -0.8155
vn -0.3417 -0.8343 -0.4326
vn -0.5563 -0.4447 -0.7020
vn -0.4342 -0.8367 -0.3338
vn -0.7067 -0.4554 -0.5415
vn -0.5030 -0.8388 -0.2086
vn -0.8182 -0.4648 -0.3382
vn -0.5389 -0.8399 -0.0645
vn -0.8763 -0.4702 -0.1046
vn -0.5360 -0.8398 0.0859
vn -0.8717 -0.4698 0.1391
vn -0.4949 -0.8385 0.2279
vn -0.8053 -0.4637 0.3695
vn -0.4224 -0.8365 0.3491
vn -0.6876 -0.4538 0.5668
vn 0.1331 -0.7010 0.7007
vn 0.1474 -0.2857 0.9469
vn 0.7707 0.1051 0.6285
vn 0.1397 0.0978 0.9853
vn 0.9068 0.0924 0.4113
vn 0.9842 0.0848 0.1553
vn 0.9896 0.0842 -0.1167
vn 0.9219 0.0910 -0.3767
vn 0.7929 0.1031 -0.6006
vn 0.6211 0.1173 -0.7749
vn 0.4241 0.1302 -0.8962
vn 0.2145 0.1390 -0.9668
vn -0.0000 0.1421 -0.9899
vn -0.2145 0.1390 -0.9668
vn -0.4241 0.1302 -0.8962
vn -0.6211 0.1173 -0.7749
vn -0.7929 0.1031 -0.6006
vn -0.9219 0.0910 -0.3767
vn -0.9896 0.0842 -0.1167
vn -0.9842 0.0848 0.1553
vn -0.9068 0.0924 0.4113
vn -0.7707 0.1051 0.6285
vn -0.1397 0.0978 0.9853
vn -0.9024 -0.4149 -0.1161
vn -0.9440 0.3284 -0.0320
vn -0.6874 0.4526 -0.5680
vn -0.6530 -0.5314 -0.5396
vn -0.8059 0.4623 -0.3698
vn -0.7725 -0.5268 -0.3545
vn -0.8724 0.4685 -0.1392
vn -0.8411 -0.5240 -0.1342
vn -0.8770 0.4689 0.1047
vn -0.8458 -0.5238 0.1010
vn -0.8189 0.4635 0.3385
vn -0.7858 -0.5263 0.3249
vn -0.7073 0.4540 0.5419
vn -0.6728 -0.5305 0.5156
vn -0.5568 0.4433 0.7025
vn -0.5246 -0.5354 0.6619
vn -0.3819 0.4338 0.8161
vn -0.3568 -0.5397 0.7625
vn -0.1938 0.4275 0.8830
vn -0.1800 -0.5425 0.8205
vn -0.0000 0.4252 0.9051
vn -0.0000 -0.5435 0.8394
vn 0.1938 0.4275 0.8830
vn 0.1800 -0.5425 0.8205
vn 0.3819 0.4338 0.8161
vn 0.3568 -0.5397 0.7625
vn 0.5568 0.4433 0.7025
vn 0.5246 -0.5354 0.6619
vn 0.7073 0.4540 0.5419
vn 0.6728 -0.5305 0.5156
vn 0.8189 0.4635 0.3385
vn 0.7858 -0.5263 0.3249
vn 0.8770 0.4689 0.1047
vn 0.8458 -0.5238 0.1010
vn 0.8724 0.4685 -0.1392
vn 0.8411 -0.5240 -0.1342
vn 0.8059 0.4623 -0.3698
vn 0.7725 -0.5268 -0.3545
vn 0.6874 0.4526 -0.5680
vn 0.6530 -0.5314 -0.5396
vn 0.9440 0.3284 -0.0320
vn 0.9024 -0.4149 -0.1161
vn -0.4893 0.8104 0.3223
vn -0.0472 0.9982 -0.0359
vn -0.0401 0.9991 -0.0163
vn -0.0329 0.9994 -0.0045
vn -0.0323 0.9995 0.0033
vn -0.0389 0.9991 0.0141
vn -0.0467 0.9984 0.0326
vn -0.0485 0.9972 0.0571
vn -0.0404 0.9959 0.0815
vn -0.0229 0.9948 0.0992
vn -0.0000 0.9944 0.1056
vn 0.0229 0.9948 0.0992
vn 0.0404 0.9959 0.0815
vn 0.0485 0.9972 0.0571
vn 0.0467 0.9984 0.0326
vn 0.0389 0.9991 0.0141
vn 0.0323 0.9995 0.0033
vn 0.0329 0.9994 -0.0045
vn 0.0401 0.9991 -0.0163
vn 0.0472 0.9982 -0.0359
vn 0.4893 0.8104 0.3223
vn -0.0000 -0.7616 -0.6480
vn -0.0000 -0.4281 -0.9037
vn 0.1729 -0.4513 -0.8755
vn 0.1156 -0.7776 -0.6181
vn -0.0000 -0.1902 -0.9817
vn 0.1950 -0.0000 -0.9808
vn 0.1909 -0.2030 -0.9604
vn -0.0000 0.1902 -0.9817
vn -0.0000 0.4281 -0.9037
vn 0.1729 0.4513 -0.8755
vn 0.1909 0.2030 -0.9604
vn -0.0000 0.7616 -0.6480
vn 0.1156 0.7776 -0.6181
vn 0.2337 -0.8202 -0.5222
vn 0.4251 -0.2459 -0.8711
vn 0.3689 -0.5214 -0.7695
vn 0.4251 0.2459 -0.8711
vn 0.4398 -0.0000 -0.8981
vn 0.2337 0.8202 -0.5222
vn 0.3689 0.5214 -0.7695
vn 0.7341 0.3206 -0.5986
vn 0.7789 -0.0000 -0.6271
vn 0.3544 0.8750 -0.3298
vn 0.5949 0.6245 -0.5060
vn 0.5949 -0.6245 -0.5060
vn 0.3544 -0.8750 -0.3298
vn 0.7341 -0.3206 -0.5986
vn 0.7306 -0.6828 -0.0000
vn 0.4245 -0.9054 -0.0000
vn 0.9306 -0.3661 -0.0000
vn 0.7306 0.6828 -0.0000
vn 0.9306 0.3661 -0.0000
vn 0.4245 0.9054 -0.0000
vn 0.5949 0.6245 0.5060
vn 0.7341 0.3206 0.5986
vn 0.3544 0.8750 0.3298
vn 0.3544 -0.8750 0.3298
vn 0.7341 -0.3206 0.5986
vn 0.5949 -0.6245 0.5060
vn 0.7789 -0.0000 0.6271
vn 0.2337 -0.8202 0.5222
vn 0.4251 -0.2459 0.8711
vn 0.3689 -0.5214 0.7695
vn 0.4251 0.2459 0.8711
vn 0.4398 -0.0000 0.8981
vn 0.2337 0.8202 0.5222
vn 0.3689 0.5214 0.7695
vn 0.1156 0.7776 0.6181
vn 0.1729 0.4513 0.8755
vn 0.1729 -0.4513 0.8755
vn 0.1156 -0.7776 0.6181
vn 0.1950 -0.0000 0.9808
vn 0.1909 -0.2030 0.9604
vn 0.1909 0.2030 0.9604
vn -0.0000 -0.4281 0.9037
vn -0.0000 -0.7616 0.6480
vn -0.0000 -0.1902 0.9817
vn -0.0000 0.4281 0.9037
vn -0.0000 0.1902 0.9817
vn -0.0000 0.7616 0.6480
vn -0.1156 0.7776 0.6181
vn -0.1156 -0.7776 0.6181
vn -0.1909 -0.2030 0.9604
vn -0.1729 -0.4513 0.8755
vn -0.1909 0.2030 0.9604
vn -0.1950 -0.0000 0.9808
vn -0.1729 0.4513 0.8755
vn -0.4251 -0.2459 0.8711
vn -0.3689 -0.5214 0.7695
vn -0.4251 0.2459 0.8711
vn -0.4398 -0.0000 0.8981
vn -0.2337 0.8202 0.5222
vn -0.3689 0.5214 0.7695
vn -0.2337 -0.8202 0.5222
vn -0.5949 -0.6245 0.5060
vn -0.3544 -0.8750 0.3298
vn -0.7789 -0.0000 0.6271
vn -0.7341 -0.3206 0.5986
vn -0.5949 0.6245 0.5060
vn -0.7341 0.3206 0.5986
vn -0.3544 0.8750 0.3298
vn -0.9306 -0.3661 -0.0000
vn -0.7306 0.6828 -0.0000
vn -0.9306 0.3661 -0.0000
vn -0.4245 0.9054 -0.0000
vn -0.4245 -0.9054 -0.0000
vn -0.7306 -0.6828 -0.0000
vn -0.3544 -0.8750 -0.3298
vn -0.7341 -0.3206 -0.5986
vn -0.5949 -0.6245 -0.5060
vn -0.7341 0.3206 -0.5986
vn -0.7789 -0.0000 -0.6271
vn -0.3544 0.8750 -0.3298
vn -0.5949 0.6245 -0.5060
vn -0.4251 0.2459 -0.8711
vn -0.4398 -0.0000 -0.8981
vn -0.2337 0.8202 -0.5222
vn -0.3689 0.5214 -0.7695
vn -0.3689 -0.5214 -0.7695
vn -0.2337 -0.8202 -0.5222
vn -0.4251 -0.2459 -0.8711
vn -0.1729 -0.4513 -0.8755
vn -0.1156 -0.7776 -0.6181
vn -0.1950 -0.0000 -0.9808
vn -0.1909 -0.2030 -0.9604
vn -0.1729 0.4513 -0.8755
vn -0.1909 0.2030 -0.9604
vn -0.1156 0.7776 -0.6181
vn -0.0000 0.3095 -0.9509
vn 0.5079 0.3796 -0.7733
vn 0.5585 -0.0000 -0.8295
vn -0.0000 0.7014 -0.7128
vn 0.3295 0.7562 -0.5654
vn -0.0000 -0.7014 -0.7128
vn 0.3295 -0.7562 -0.5654
vn -0.0000 -0.3095 -0.9509
vn 0.5079 -0.3795 -0.7733
vn 0.5705 -0.8213 -0.0000
vn 0.8875 -0.4608 -0.0000
vn 0.5705 0.8213 -0.0000
vn 0.8875 0.4608 -0.0000
vn 0.3295 -0.7562 0.5654
vn 0.5585 -0.0000 0.8295
vn 0.5079 -0.3796 0.7733
vn 0.3295 0.7562 0.5654
vn 0.5079 0.3796 0.7733
vn -0.0000 -0.3095 0.9509
vn -0.0000 0.7014 0.7128
vn -0.0000 0.3095 0.9509
vn -0.0000 -0.7014 0.7128
vn -0.3295 0.7562 0.5654
vn -0.5079 0.3796 0.7733
vn -0.5079 -0.3795 0.7733
vn -0.3295 -0.7562 0.5654
vn -0.5585 -0.0000 0.8295
vn -0.8875 -0.4608 -0.0000
vn -0.5705 -0.8213 -0.0000
vn -0.8875 0.4608 -0.0000
vn -0.5705 0.8213 -0.0000
vn -0.5079 -0.3796 -0.7733
vn -0.3295 -0.7562 -0.5654
vn -0.5079 0.3796 -0.7733
vn -0.5585 -0.0000 -0.8295
vn -0.3295 0.7562 -0.5654
vn 0.5079 -0.3796 -0.7733
vn 0.5079 0.3795 -0.7733
vn 0.5704 -0.8213 -0.0000
vn 0.3295 0.7562 0.5653
vn 0.5079 0.3795 0.7733
vn -0.5079 -0.3796 0.7733
vn -0.5079 0.3795 0.7733
vn -0.5704 -0.8213 -0.0000
vn -0.5079 0.3795 -0.7733
vn 0.3295 -0.7562 -0.5653
vn -0.3295 -0.7562 0.5653
vn -0.0000 -0.6773 0.7357
vn 0.2036 -0.6767 0.7076
vn 0.2036 0.6767 0.7076
vn -0.0000 0.6773 0.7357
vn 0.3993 -0.6749 0.6205
vn 0.3993 0.6749 0.6205
vn 0.5724 -0.6725 0.4692
vn 0.5724 0.6725 0.4692
vn 0.6968 -0.6703 0.2553
vn 0.6968 0.6703 0.2553
vn 0.7429 -0.6694 -0.0000
vn 0.7429 0.6694 -0.0000
vn 0.6968 -0.6703 -0.2553
vn 0.6968 0.6703 -0.2553
vn 0.5724 -0.6725 -0.4692
vn 0.5724 0.6725 -0.4692
vn 0.3993 -0.6749 -0.6205
vn 0.3993 0.6749 -0.6205
vn 0.2036 -0.6767 -0.7076
vn 0.2036 0.6767 -0.7076
vn -0.0000 -0.6773 -0.7357
vn -0.0000 0.6773 -0.7357
vn -0.2036 -0.6767 -0.7076
vn -0.2036 0.6767 -0.7076
vn -0.3993 -0.6749 -0.6205
vn -0.3993 0.6749 -0.6205
vn -0.5724 -0.6725 -0.4692
vn -0.5724 0.6725 -0.4692
vn -0.6968 -0.6703 -0.2553
vn -0.6968 0.6703 -0.2553
vn -0.7429 -0.6694 -0.0000
vn -0.7429 0.6694 -0.0000
vn -0.6968 -0.6703 0.2553
vn -0.6968 0.6703 0.2553
vn -0.5724 -0.6725 0.4692
vn -0.5724 0.6725 0.4692
vn -0.3993 -0.6749 0.6205
vn -0.3993 0.6749 0.6205
vn -0.2036 -0.6767 0.7076
vn -0.2036 0.6767 0.7076
vn -0.0000 -0.7395 -0.6731
vn -0.0000 0.7395 -0.6731
vn -0.1857 0.7403 -0.6462
vn -0.1857 -0.7403 -0.6462
vn -0.3623 0.7423 -0.5636
vn -0.3623 -0.7423 -0.5636
vn -0.5153 0.7453 -0.4230
vn -0.5153 -0.7453 -0.4230
vn -0.6230 0.7481 -0.2286
vn -0.6230 -0.7481 -0.2286
vn -0.6623 0.7493 -0.0000
vn -0.6623 -0.7493 -0.0000
vn -0.6230 0.7481 0.2286
vn -0.6230 -0.7481 0.2286
vn -0.5153 0.7453 0.4230
vn -0.5153 -0.7453 0.4230
vn -0.3623 0.7423 0.5636
vn -0.3623 -0.7423 0.5636
vn -0.1857 0.7403 0.6462
vn -0.1857 -0.7403 0.6462
vn -0.0000 0.7395 0.6731
vn -0.0000 -0.7395 0.6731
vn 0.1857 0.7403 0.6462
vn 0.1857 -0.7403 0.6462
vn 0.3623 0.7423 0.5636
vn 0.3623 -0.7423 0.5636
vn 0.5153 0.7453 0.4230
vn 0.5153 -0.7453 0.4230
vn 0.6230 0.7481 0.2286
vn 0.6230 -0.7481 0.2286
vn 0.6623 0.7493 -0.0000
vn 0.6623 -0.7493 -0.0000
vn 0.6230 0.7481 -0.2286
vn 0.6230 -0.7481 -0.2286
vn 0.5153 0.7453 -0.4230
vn 0.5153 -0.7453 -0.4230
vn 0.3623 0.7423 -0.5636
vn 0.3623 -0.7423 -0.5636
vn 0.1857 0.7403 -0.6462
vn 0.1857 -0.7403 -0.6462
vn -0.5774 -0.5774 0.5774
vn -0.5774 0.5774 0.5774
vn -0.5774 0.5774 -0.5774
vn -0.5774 -0.5774 -0.5774
vn 0.5774 0.5774 -0.5774
vn 0.5774 -0.5774 -0.5774
vn 0.5774 0.5774 0.5774
vn 0.5774 -0.5774 0.5774
vn -0.0000 -0.6845 0.7290
vn 0.2057 -0.6841 0.6998
vn 0.2821 0.0195 0.9592
vn -0.0000 0.0193 0.9998
vn 0.4013 -0.6828 0.6105
vn 0.5495 0.0200 0.8352
vn 0.5710 -0.6810 0.4584
vn 0.7800 0.0206 0.6255
vn 0.6906 -0.6795 0.2478
vn 0.9411 0.0212 0.3374
vn 0.7343 -0.6788 -0.0000
vn 0.9998 0.0214 -0.0000
vn 0.6906 -0.6795 -0.2478
vn 0.9411 0.0212 -0.3374
vn 0.5710 -0.6810 -0.4584
vn 0.7800 0.0206 -0.6255
vn 0.4013 -0.6828 -0.6105
vn 0.5495 0.0200 -0.8352
vn 0.2057 -0.6841 -0.6998
vn 0.2821 0.0195 -0.9592
vn -0.0000 -0.6845 -0.7290
vn -0.0000 0.0193 -0.9998
vn -0.2057 -0.6841 -0.6998
vn -0.2821 0.0195 -0.9592
vn -0.4013 -0.6828 -0.6105
vn -0.5495 0.0200 -0.8352
vn -0.5710 -0.6810 -0.4584
vn -0.7800 0.0206 -0.6255
vn -0.6906 -0.6795 -0.2478
vn -0.9411 0.0212 -0.3374
vn -0.7343 -0.6788 -0.0000
vn -0.9998 0.0214 -0.0000
vn -0.6906 -0.6795 0.2478
vn -0.9411 0.0212 0.3374
vn -0.5710 -0.6810 0.4584
vn -0.7800 0.0206 0.6255
vn -0.4013 -0.6828 0.6105
vn -0.5495 0.0200 0.8352
vn -0.2057 -0.6841 0.6998
vn -0.2821 0.0195 0.9592
vn 0.1981 0.7109 0.6748
vn -0.0000 0.7111 0.7031
vn 0.3864 0.7102 0.5885
vn 0.5495 0.7093 0.4415
vn 0.6642 0.7084 0.2386
vn 0.7061 0.7081 -0.0000
vn 0.6642 0.7084 -0.2386
vn 0.5495 0.7093 -0.4415
vn 0.3864 0.7102 -0.5885
vn 0.1981 0.7109 -0.6748
vn -0.0000 0.7111 -0.7031
vn -0.1981 0.7109 -0.6748
vn -0.3864 0.7102 -0.5885
vn -0.5495 0.7093 -0.4415
vn -0.6642 0.7084 -0.2386
vn -0.7061 0.7081 -0.0000
vn -0.6642 0.7084 0.2386
vn -0.5495 0.7093 0.4415
vn -0.3864 0.7102 0.5885
vn -0.1981 0.7109 0.6748
vn -0.0000 -0.7323 -0.6810
vn -0.0000 -0.0193 -0.9998
vn -0.2819 -0.0195 -0.9593
vn -0.1917 -0.7329 -0.6528
vn -0.5491 -0.0200 -0.8355
vn -0.3725 -0.7344 -0.5673
vn -0.7795 -0.0206 -0.6260
vn -0.5271 -0.7366 -0.4237
vn -0.9410 -0.0212 -0.3379
vn -0.6344 -0.7387 -0.2280
vn -0.9998 -0.0214 -0.0000
vn -0.6732 -0.7395 -0.0000
vn -0.9410 -0.0212 0.3379
vn -0.6344 -0.7387 0.2280
vn -0.7795 -0.0206 0.6260
vn -0.5271 -0.7366 0.4237
vn -0.5491 -0.0200 0.8355
vn -0.3725 -0.7344 0.5673
vn -0.2819 -0.0195 0.9593
vn -0.1917 -0.7329 0.6528
vn -0.0000 -0.0193 0.9998
vn -0.0000 -0.7323 0.6810
vn 0.2819 -0.0195 0.9593
vn 0.1917 -0.7329 0.6528
vn 0.5491 -0.0200 0.8355
vn 0.3725 -0.7344 0.5673
vn 0.7795 -0.0206 0.6260
vn 0.5271 -0.7366 0.4237
vn 0.9410 -0.0212 0.3379
vn 0.6344 -0.7387 0.2280
vn 0.9998 -0.0214 -0.0000
vn 0.6732 -0.7395 -0.0000
vn 0.9410 -0.0212 -0.3379
vn 0.6344 -0.7387 -0.2280
vn 0.7795 -0.0206 -0.6260
vn 0.5271 -0.7366 -0.4237
vn 0.5491 -0.0200 -0.8355
vn 0.3725 -0.7344 -0.5673
vn 0.2819 -0.0195 -0.9593
vn 0.1917 -0.7329 -0.6528
vn -0.0000 0.7041 -0.7101
vn -0.1999 0.7044 -0.6811
vn -0.3890 0.7052 -0.5927
vn -0.5515 0.7065 -0.4435
vn -0.6648 0.7077 -0.2391
vn -0.7060 0.7082 -0.0000
vn -0.6648 0.7077 0.2391
vn -0.5515 0.7065 0.4435
vn -0.3890 0.7052 0.5927
vn -0.1999 0.7044 0.6811
vn -0.0000 0.7041 0.7101
vn 0.1999 0.7044 0.6811
vn 0.3890 0.7052 0.5927
vn 0.5515 0.7065 0.4435
vn 0.6648 0.7077 0.2391
vn 0.7060 0.7082 -0.0000
vn 0.6648 0.7077 -0.2391
vn 0.5515 0.7065 -0.4435
vn 0.3890 0.7052 -0.5927
vn 0.1999 0.7044 -0.6811
vn -0.0000 -0.6873 0.7264
vn 0.3632 -0.6873 0.6290
vn 0.3931 0.6179 0.6810
vn -0.0000 0.6179 0.7863
vn 0.6290 -0.6873 0.3632
vn 0.6809 0.6179 0.3931
vn 0.7264 -0.6873 -0.0000
vn 0.7863 0.6179 -0.0000
vn 0.6290 -0.6873 -0.3632
vn 0.6809 0.6179 -0.3931
vn 0.3632 -0.6873 -0.6290
vn 0.3931 0.6179 -0.6810
vn -0.0000 -0.6873 -0.7264
vn -0.0000 0.6179 -0.7863
vn -0.3632 -0.6873 -0.6290
vn -0.3931 0.6179 -0.6810
vn -0.6290 -0.6873 -0.3632
vn -0.6809 0.6179 -0.3931
vn -0.7264 -0.6873 -0.0000
vn -0.7863 0.6179 -0.0000
vn -0.6290 -0.6873 0.3632
vn -0.6809 0.6179 0.3931
vn -0.3632 -0.6873 0.6290
vn -0.3931 0.6179 0.6810
vn -0.0000 -0.7346 -0.6785
vn -0.0000 0.8035 -0.5954
vn -0.2977 0.8035 -0.5156
vn -0.3392 -0.7346 -0.5876
vn -0.5156 0.8035 -0.2977
vn -0.5876 -0.7346 -0.3392
vn -0.5954 0.8035 -0.0000
vn -0.6785 -0.7346 -0.0000
vn -0.5156 0.8035 0.2977
vn -0.5876 -0.7346 0.3392
vn -0.2977 0.8035 0.5156
vn -0.3392 -0.7346 0.5876
vn -0.0000 0.8035 0.5954
vn -0.0000 -0.7346 0.6785
vn 0.2977 0.8035 0.5156
vn 0.3392 -0.7346 0.5876
vn 0.5156 0.8035 0.2977
vn 0.5876 -0.7346 0.3392
vn 0.5954 0.8035 -0.0000
vn 0.6785 -0.7346 -0.0000
vn 0.5156 0.8035 -0.2977
vn 0.5876 -0.7346 -0.3392
vn 0.2977 0.8035 -0.5156
vn 0.3392 -0.7346 -0.5876
vn -0.0000 -0.6532 0.7572
vn 0.3786 -0.6532 0.6557
vn 0.3786 0.6532 0.6557
vn -0.0000 0.6532 0.7572
vn 0.6557 -0.6532 0.3786
vn 0.6557 0.6532 0.3786
vn 0.7572 -0.6532 -0.0000
vn 0.7572 0.6532 -0.0000
vn 0.6557 -0.6532 -0.3786
vn 0.6557 0.6532 -0.3786
vn 0.3786 -0.6532 -0.6557
vn 0.3786 0.6532 -0.6557
vn -0.0000 -0.6532 -0.7572
vn -0.0000 0.6532 -0.7572
vn -0.3786 -0.6532 -0.6557
vn -0.3786 0.6532 -0.6557
vn -0.6557 -0.6532 -0.3786
vn -0.6557 0.6532 -0.3786
vn -0.7572 -0.6532 -0.0000
vn -0.7572 0.6532 -0.0000
vn -0.6557 -0.6532 0.3786
vn -0.6557 0.6532 0.3786
vn -0.3786 -0.6532 0.6557
vn -0.3786 0.6532 0.6557
vn -0.0000 -0.7703 -0.6377
vn -0.0000 0.7703 -0.6377
vn -0.3189 0.7703 -0.5523
vn -0.3189 -0.7703 -0.5523
vn -0.5523 0.7703 -0.3189
vn -0.5523 -0.7703 -0.3189
vn -0.6377 0.7703 -0.0000
vn -0.6377 -0.7703 -0.0000
vn -0.5523 0.7703 0.3189
vn -0.5523 -0.7703 0.3189
vn -0.3189 0.7703 0.5523
vn -0.3189 -0.7703 0.5523
vn -0.0000 0.7703 0.6377
vn -0.0000 -0.7703 0.6377
vn 0.3189 0.7703 0.5523
vn 0.3189 -0.7703 0.5523
vn 0.5523 0.7703 0.3189
vn 0.5523 -0.7703 0.3189
vn 0.6377 0.7703 -0.0000
vn 0.6377 -0.7703 -0.0000
vn 0.5523 0.7703 -0.3189
vn 0.5523 -0.7703 -0.3189
vn 0.3189 0.7703 -0.5523
vn 0.3189 -0.7703 -0.5523
vn -0.0000 -0.8252 -0.5648
vn 0.1913 -0.8400 -0.5078
vn -0.0000 -0.5221 -0.8529
vn -0.0000 -0.2455 -0.9694
vn 0.3607 -0.2643 -0.8944
vn 0.3083 -0.5502 -0.7760
vn -0.0000 0.2455 -0.9694
vn 0.3607 0.2643 -0.8944
vn 0.3751 -0.0000 -0.9270
vn -0.0000 0.5221 -0.8529
vn -0.0000 0.8252 -0.5648
vn 0.1913 0.8400 -0.5078
vn 0.3083 0.5502 -0.7760
vn 0.3646 0.8733 -0.3231
vn 0.6051 0.6163 -0.5040
vn 0.6051 -0.6163 -0.5040
vn 0.3646 -0.8733 -0.3231
vn 0.7791 -0.0000 -0.6269
vn 0.7378 -0.3126 -0.5982
vn 0.7378 0.3126 -0.5982
vn 0.7552 -0.6555 -0.0000
vn 0.4497 -0.8932 -0.0000
vn 0.9393 -0.3430 -0.0000
vn 0.7552 0.6555 -0.0000
vn 0.9393 0.3430 -0.0000
vn 0.4497 0.8932 -0.0000
vn 0.3646 0.8733 0.3231
vn 0.3646 -0.8733 0.3231
vn 0.7378 -0.3126 0.5982
vn 0.6051 -0.6163 0.5040
vn 0.7378 0.3126 0.5982
vn 0.7791 -0.0000 0.6269
vn 0.6051 0.6163 0.5040
vn 0.3607 -0.2643 0.8944
vn 0.3083 -0.5502 0.7760
vn 0.3607 0.2643 0.8944
vn 0.3751 -0.0000 0.9270
vn 0.1913 0.8400 0.5078
vn 0.3083 0.5502 0.7760
vn 0.1913 -0.8400 0.5078
vn -0.0000 -0.5221 0.8529
vn -0.0000 -0.8252 0.5648
vn -0.0000 -0.2455 0.9694
vn -0.0000 0.5221 0.8529
vn -0.0000 0.2455 0.9694
vn -0.0000 0.8252 0.5648
vn -0.3751 -0.0000 0.9270
vn -0.3607 -0.2643 0.8944
vn -0.3083 0.5502 0.7760
vn -0.3607 0.2643 0.8944
vn -0.1913 0.8400 0.5078
vn -0.1913 -0.8400 0.5078
vn -0.3083 -0.5502 0.7760
vn -0.3646 -0.8733 0.3231
vn -0.7378 -0.3126 0.5982
vn -0.6051 -0.6163 0.5040
vn -0.7378 0.3126 0.5982
vn -0.7791 -0.0000 0.6269
vn -0.3646 0.8733 0.3231
vn -0.6051 0.6163 0.5040
vn -0.9393 0.3430 -0.0000
vn -0.4497 0.8932 -0.0000
vn -0.7552 0.6555 -0.0000
vn -0.7552 -0.6555 -0.0000
vn -0.4497 -0.8932 -0.0000
vn -0.9393 -0.3430 -0.0000
vn -0.6051 -0.6163 -0.5040
vn -0.3646 -0.8733 -0.3231
vn -0.7791 -0.0000 -0.6269
vn -0.7378 -0.3126 -0.5982
vn -0.6051 0.6163 -0.5040
vn -0.7378 0.3126 -0.5982
vn -0.3646 0.8733 -0.3231
vn -0.3083 0.5502 -0.7760
vn -0.3607 0.2643 -0.8944
vn -0.1913 0.8400 -0.5078
vn -0.1913 -0.8400 -0.5078
vn -0.3607 -0.2643 -0.8944
vn -0.3083 -0.5502 -0.7760
vn -0.3751 -0.0000 -0.9270
vn -0.0000 -0.8438 -0.5367
vn -0.0000 -0.4791 -0.8778
vn 0.5159 -0.4791 -0.7101
vn 0.3155 -0.8438 -0.4342
vn -0.0000 0.4791 -0.8778
vn 0.5159 0.4791 -0.7101
vn 0.5878 -0.0000 -0.8090
vn -0.0000 0.8438 -0.5367
vn 0.3155 0.8438 -0.4342
vn 0.5104 0.8438 -0.1659
vn 0.5104 -0.8438 -0.1659
vn 0.9511 -0.0000 -0.3090
vn 0.8348 -0.4791 -0.2712
vn 0.8348 0.4791 -0.2712
vn 0.5104 -0.8438 0.1659
vn 0.9511 -0.0000 0.3090
vn 0.8348 -0.4791 0.2712
vn 0.5104 0.8438 0.1659
vn 0.8348 0.4791 0.2712
vn 0.3155 -0.8438 0.4342
vn 0.5878 -0.0000 0.8090
vn 0.5159 -0.4791 0.7101
vn 0.3155 0.8438 0.4342
vn 0.5159 0.4791 0.7101
vn -0.0000 -0.8438 0.5367
vn -0.0000 -0.4791 0.8778
vn -0.0000 0.8438 0.5367
vn -0.0000 0.4791 0.8778
vn -0.5878 -0.0000 0.8090
vn -0.5159 -0.4791 0.7101
vn -0.3155 0.8438 0.4342
vn -0.5159 0.4791 0.7101
vn -0.3155 -0.8438 0.4342
vn -0.5104 0.8438 0.1659
vn -0.8348 0.4791 0.2712
vn -0.8348 -0.4791 0.2712
vn -0.5104 -0.8438 0.1659
vn -0.9511 -0.0000 0.3090
vn -0.8348 -0.4791 -0.2712
vn -0.5104 -0.8438 -0.1659
vn -0.8348 0.4791 -0.2712
vn -0.9511 -0.0000 -0.3090
vn -0.5104 0.8438 -0.1659
vn -0.5159 -0.4791 -0.7101
vn -0.3155 -0.8438 -0.4342
vn -0.5159 0.4791 -0.7101
vn -0.5878 -0.0000 -0.8090
vn -0.3155 0.8438 -0.4342
vn 0.1989 0.6122 -0.7653
vn -0.1989 -0.6122 -0.7653
vn -0.6267 -0.4732 -0.6191
vn -0.2289 0.7512 -0.6191
vn -0.8911 -0.3873 -0.2365
vn -0.4933 0.8371 -0.2365
vn -0.8911 -0.3873 0.2365
vn -0.4933 0.8371 0.2365
vn -0.6267 -0.4732 0.6191
vn -0.2289 0.7512 0.6191
vn -0.1989 -0.6122 0.7653
vn 0.1989 0.6122 0.7653
vn 0.2289 -0.7512 0.6191
vn 0.6267 0.4732 0.6191
vn 0.4933 -0.8371 0.2365
vn 0.8911 0.3873 0.2365
vn 0.4933 -0.8371 -0.2365
vn 0.8911 0.3873 -0.2365
vn 0.2289 -0.7512 -0.6191
vn 0.6267 0.4732 -0.6191
vn 0.2019 0.6213 -0.7572
vn -0.2019 -0.6213 -0.7572
vn -0.5619 -0.5043 -0.6557
vn -0.1582 0.7382 -0.6557
vn -0.8255 -0.4186 -0.3786
vn -0.4218 0.8239 -0.3786
vn -0.9220 -0.3873 -0.0000
vn -0.5182 0.8552 -0.0000
vn -0.8255 -0.4186 0.3786
vn -0.4218 0.8239 0.3786
vn -0.5619 -0.5043 0.6557
vn -0.1582 0.7382 0.6557
vn -0.2019 -0.6213 0.7572
vn 0.2019 0.6213 0.7572
vn 0.1582 -0.7382 0.6557
vn 0.5619 0.5043 0.6557
vn 0.4218 -0.8239 0.3786
vn 0.8255 0.4186 0.3786
vn 0.5182 -0.8552 -0.0000
vn 0.9220 0.3873 -0.0000
vn 0.4218 -0.8239 -0.3786
vn 0.8255 0.4186 -0.3786
vn 0.1582 -0.7382 -0.6557
vn 0.5619 0.5043 -0.6557
vn -0.0000 -0.8248 -0.5654
vn -0.0000 -0.5204 -0.8539
vn 0.2851 -0.5533 -0.7827
vn 0.1743 -0.8417 -0.5109
vn -0.0000 -0.2443 -0.9697
vn 0.3492 -0.0000 -0.9371
vn 0.3353 -0.2663 -0.9037
vn -0.0000 0.2443 -0.9697
vn -0.0000 0.5204 -0.8539
vn 0.2851 0.5533 -0.7827
vn 0.3353 0.2663 -0.9037
vn -0.0000 0.8248 -0.5654
vn 0.1743 0.8417 -0.5109
vn 0.5735 0.6332 -0.5198
vn 0.7118 0.3265 -0.6219
vn 0.3384 0.8808 -0.3313
vn 0.3384 -0.8808 -0.3313
vn 0.7118 -0.3265 -0.6219
vn 0.5735 -0.6332 -0.5198
vn 0.7566 -0.0000 -0.6539
vn 0.4252 -0.9051 -0.0000
vn 0.9307 -0.3658 -0.0000
vn 0.7310 -0.6823 -0.0000
vn 0.9307 0.3658 -0.0000
vn 0.4252 0.9051 -0.0000
vn 0.7310 0.6823 -0.0000
vn 0.3384 0.8808 0.3313
vn 0.5735 0.6332 0.5198
vn 0.5735 -0.6332 0.5198
vn 0.3384 -0.8808 0.3313
vn 0.7566 -0.0000 0.6539
vn 0.7118 -0.3265 0.6219
vn 0.7118 0.3265 0.6219
vn 0.2851 -0.5533 0.7827
vn 0.1743 -0.8417 0.5109
vn 0.3492 -0.0000 0.9371
vn 0.3353 -0.2663 0.9037
vn 0.2851 0.5533 0.7827
vn 0.3353 0.2663 0.9037
vn 0.1743 0.8417 0.5109
vn -0.0000 0.8248 0.5654
vn -0.0000 -0.8248 0.5654
vn -0.0000 -0.2443 0.9697
vn -0.0000 -0.5204 0.8539
vn -0.0000 0.2443 0.9697
vn -0.0000 0.5204 0.8539
vn -0.3353 -0.2663 0.9037
vn -0.2851 -0.5533 0.7827
vn -0.3353 0.2663 0.9037
vn -0.3492 -0.0000 0.9371
vn -0.1743 0.8417 0.5109
vn -0.2851 0.5533 0.7827
vn -0.1743 -0.8417 0.5109
vn -0.5735 -0.6332 0.5198
vn -0.3384 -0.8808 0.3313
vn -0.7566 -0.0000 0.6539
vn -0.7118 -0.3265 0.6219
vn -0.5735 0.6332 0.5198
vn -0.7118 0.3265 0.6219
vn -0.3384 0.8808 0.3313
vn -0.9307 -0.3658 -0.0000
vn -0.7310 0.6823 -0.0000
vn -0.9307 0.3658 -0.0000
vn -0.4252 0.9051 -0.0000
vn -0.4252 -0.9051 -0.0000
vn -0.7310 -0.6823 -0.0000
vn -0.3384 -0.8808 -0.3313
vn -0.7118 -0.3265 -0.6219
vn -0.5735 -0.6332 -0.5198
vn -0.7118 0.3265 -0.6219
vn -0.7566 -0.0000 -0.6539
vn -0.3384 0.8808 -0.3313
vn -0.5735 0.6332 -0.5198
vn -0.3353 0.2663 -0.9037
vn -0.3492 -0.0000 -0.9371
vn -0.1743 0.8417 -0.5109
vn -0.2851 0.5533 -0.7827
vn -0.2851 -0.5533 -0.7827
vn -0.1743 -0.8417 -0.5109
vn -0.3353 -0.2663 -0.9037
vn 0.1885 0.5801 -0.7924
vn -0.1885 -0.5801 -0.7924
vn -0.8412 -0.3681 -0.3962
vn -0.4642 0.7922 -0.3962
vn -0.8412 -0.3681 0.3962
vn -0.4642 0.7922 0.3962
vn -0.1885 -0.5801 0.7924
vn 0.1885 0.5801 0.7924
vn 0.4642 -0.7922 0.3962
vn 0.8412 0.3681 0.3962
vn 0.4642 -0.7922 -0.3962
vn 0.8412 0.3681 -0.3962
vn -0.0000 0.4671 -0.8842
vn 0.7657 0.4671 -0.4421
vn -0.0000 0.8295 -0.5585
vn 0.4837 0.8295 -0.2793
vn -0.0000 -0.8295 -0.5585
vn 0.4837 -0.8295 -0.2793
vn -0.0000 -0.4671 -0.8842
vn 0.7657 -0.4671 -0.4421
vn 0.4837 -0.8295 0.2793
vn 0.7657 -0.4671 0.4421
vn 0.4837 0.8295 0.2793
vn 0.7657 0.4671 0.4421
vn -0.0000 -0.8295 0.5585
vn -0.0000 -0.4671 0.8842
vn -0.0000 0.8295 0.5585
vn -0.0000 0.4671 0.8842
vn -0.7657 -0.4671 0.4421
vn -0.4837 0.8295 0.2793
vn -0.7657 0.4671 0.4421
vn -0.4837 -0.8295 0.2793
vn -0.4837 0.8295 -0.2793
vn -0.7657 0.4671 -0.4421
vn -0.7657 -0.4671 -0.4421
vn -0.4837 -0.8295 -0.2793
vn 0.8633 0.0634 -0.5008
vn -0.1565 -0.5109 -0.8453
vn -0.5528 0.1746 -0.8148
vn 0.4669 0.7489 -0.4703
vn -0.9062 0.3984 -0.1418
vn 0.1135 0.9726 0.2027
vn -0.8633 -0.0634 0.5008
vn 0.1565 0.5109 0.8453
vn -0.4669 -0.7489 0.4703
vn 0.5528 -0.1746 0.8148
vn -0.1135 -0.9726 -0.2027
vn 0.9062 -0.3984 0.1418
vn -0.1989 0.6122 -0.7653
vn 0.1989 -0.6122 -0.7653
vn -0.2289 -0.7512 -0.6191
vn -0.6267 0.4732 -0.6191
vn -0.4933 -0.8371 -0.2365
vn -0.8911 0.3873 -0.2365
vn -0.4933 -0.8371 0.2365
vn -0.8911 0.3873 0.2365
vn -0.2289 -0.7512 0.6191
vn -0.6267 0.4732 0.6191
vn 0.1989 -0.6122 0.7653
vn -0.1989 0.6122 0.7653
vn 0.6267 -0.4732 0.6191
vn 0.2289 0.7512 0.6191
vn 0.8911 -0.3873 0.2365
vn 0.4933 0.8371 0.2365
vn 0.8911 -0.3873 -0.2365
vn 0.4933 0.8371 -0.2365
vn 0.6267 -0.4732 -0.6191
vn 0.2289 0.7512 -0.6191
vn -0.2019 0.6213 -0.7572
vn 0.2019 -0.6213 -0.7572
vn -0.1582 -0.7382 -0.6557
vn -0.5619 0.5043 -0.6557
vn -0.4218 -0.8239 -0.3786
vn -0.8255 0.4186 -0.3786
vn -0.5182 -0.8552 -0.0000
vn -0.9220 0.3873 -0.0000
vn -0.4218 -0.8239 0.3786
vn -0.8255 0.4186 0.3786
vn -0.1582 -0.7382 0.6557
vn -0.5619 0.5043 0.6557
vn 0.2019 -0.6213 0.7572
vn -0.2019 0.6213 0.7572
vn 0.5619 -0.5043 0.6557
vn 0.1582 0.7382 0.6557
vn 0.8255 -0.4186 0.3786
vn 0.4218 0.8239 0.3786
vn 0.9220 -0.3873 -0.0000
vn 0.5182 0.8552 -0.0000
vn 0.8255 -0.4186 -0.3786
vn 0.4218 0.8239 -0.3786
vn 0.5619 -0.5043 -0.6557
vn 0.1582 0.7382 -0.6557
vn -0.1885 0.5801 -0.7924
vn 0.1885 -0.5801 -0.7924
vn -0.4642 -0.7922 -0.3962
vn -0.8412 0.3681 -0.3962
vn -0.4642 -0.7922 0.3962
vn -0.8412 0.3681 0.3962
vn 0.1885 -0.5801 0.7924
vn -0.1885 0.5801 0.7924
vn 0.8412 -0.3681 0.3962
vn 0.4642 0.7922 0.3962
vn 0.8412 -0.3681 -0.3962
vn 0.4642 0.7922 -0.3962
vn -0.8633 0.0634 -0.5008
vn 0.1565 -0.5109 -0.8453
vn 0.1135 -0.9726 -0.2027
vn -0.9062 -0.3984 0.1418
vn 0.4669 -0.7489 0.4703
vn -0.5528 -0.1746 0.8148
vn 0.8633 -0.0634 0.5008
vn -0.1565 0.5109 0.8453
vn 0.9062 0.3984 -0.1418
vn -0.1135 0.9726 0.2027
vn 0.5528 0.1746 -0.8148
vn -0.4669 0.7489 -0.4703
vn 0.0931 0.6369 -0.7653
vn -0.0931 -0.6369 -0.7653
vn -0.5382 -0.5719 -0.6191
vn -0.3520 0.7020 -0.6191
vn -0.8133 -0.5317 -0.2365
vn -0.6271 0.7422 -0.2365
vn -0.8133 -0.5317 0.2365
vn -0.6271 0.7422 0.2365
vn -0.5382 -0.5719 0.6191
vn -0.3520 0.7020 0.6191
vn -0.0931 -0.6369 0.7653
vn 0.0931 0.6369 0.7653
vn 0.3520 -0.7020 0.6191
vn 0.5382 0.5719 0.6191
vn 0.6271 -0.7422 0.2365
vn 0.8133 0.5317 0.2365
vn 0.6271 -0.7422 -0.2365
vn 0.8133 0.5317 -0.2365
vn 0.3520 -0.7020 -0.6191
vn 0.5382 0.5719 -0.6191
vn 0.0927 0.6370 -0.7653
vn -0.0927 -0.6370 -0.7653
vn -0.5378 -0.5723 -0.6191
vn -0.3525 0.7018 -0.6191
vn -0.8129 -0.5323 -0.2365
vn -0.6276 0.7418 -0.2365
vn -0.8129 -0.5323 0.2365
vn -0.6276 0.7418 0.2365
vn -0.5378 -0.5723 0.6191
vn -0.3525 0.7018 0.6191
vn -0.0927 -0.6370 0.7653
vn 0.0927 0.6370 0.7653
vn 0.3525 -0.7018 0.6191
vn 0.5378 0.5723 0.6191
vn 0.6276 -0.7418 0.2365
vn 0.8129 0.5323 0.2365
vn 0.6276 -0.7418 -0.2365
vn 0.8129 0.5323 -0.2365
vn 0.3525 -0.7018 -0.6191
vn 0.5378 0.5723 -0.6191
vn -0.0000 -0.9081 0.4188
vn 0.1508 -0.9039 0.4003
vn 0.3156 -0.3628 0.8768
vn -0.0000 -0.3668 0.9303
vn 0.2906 -0.8926 0.3447
vn 0.5865 -0.3515 0.7297
vn 0.4055 -0.8782 0.2537
vn 0.7862 -0.3371 0.5179
vn 0.4811 -0.8663 0.1345
vn 0.9055 -0.3278 0.2693
vn 0.5074 -0.8617 -0.0000
vn 0.9428 -0.3332 0.0053
vn 0.4811 -0.8663 -0.1345
vn 0.8982 -0.3571 -0.2564
vn 0.4055 -0.8782 -0.2537
vn 0.7728 -0.3940 -0.4975
vn 0.2906 -0.8926 -0.3447
vn 0.5712 -0.4321 -0.6979
vn 0.1508 -0.9039 -0.4003
vn 0.3052 -0.4598 -0.8340
vn -0.0000 -0.9081 -0.4188
vn -0.0000 -0.4698 -0.8828
vn -0.1508 -0.9039 -0.4003
vn -0.3052 -0.4598 -0.8340
vn -0.2906 -0.8926 -0.3447
vn -0.5712 -0.4321 -0.6979
vn -0.4055 -0.8782 -0.2537
vn -0.7728 -0.3940 -0.4975
vn -0.4811 -0.8663 -0.1345
vn -0.8982 -0.3571 -0.2564
vn -0.5074 -0.8617 -0.0000
vn -0.9428 -0.3332 0.0053
vn -0.4811 -0.8663 0.1345
vn -0.9055 -0.3278 0.2693
vn -0.4055 -0.8782 0.2537
vn -0.7862 -0.3371 0.5179
vn -0.2906 -0.8926 0.3447
vn -0.5865 -0.3515 0.7297
vn -0.1508 -0.9039 0.4003
vn -0.3156 -0.3628 0.8768
vn 0.3146 0.3720 0.8733
vn -0.0000 0.3844 0.9232
vn 0.5897 0.3354 0.7346
vn 0.8010 0.2778 0.5304
vn 0.9366 0.2072 0.2825
vn 0.9905 0.1371 0.0094
vn 0.9590 0.0810 -0.2716
vn 0.8395 0.0458 -0.5415
vn 0.6306 0.0292 -0.7756
vn 0.3407 0.0241 -0.9399
vn -0.0000 0.0232 -0.9997
vn -0.3407 0.0241 -0.9399
vn -0.6306 0.0292 -0.7756
vn -0.8395 0.0458 -0.5415
vn -0.9590 0.0810 -0.2716
vn -0.9905 0.1371 0.0094
vn -0.9366 0.2072 0.2825
vn -0.8010 0.2778 0.5304
vn -0.5897 0.3354 0.7346
vn -0.3146 0.3720 0.8733
vn 0.2310 0.7272 0.6464
vn -0.0000 0.7408 0.6717
vn 0.4543 0.6868 0.5675
vn 0.6540 0.6228 0.4295
vn 0.8055 0.5446 0.2337
vn 0.8845 0.4664 -0.0062
vn 0.8762 0.4012 -0.2672
vn 0.7749 0.3557 -0.5226
vn 0.5830 0.3300 -0.7424
vn 0.3144 0.3192 -0.8940
vn -0.0000 0.3167 -0.9485
vn -0.3144 0.3192 -0.8940
vn -0.5830 0.3300 -0.7424
vn -0.7749 0.3557 -0.5226
vn -0.8762 0.4012 -0.2672
vn -0.8845 0.4664 -0.0062
vn -0.8055 0.5446 0.2337
vn -0.6540 0.6228 0.4295
vn -0.4543 0.6868 0.5675
vn -0.2310 0.7272 0.6464
vn 0.2538 0.6065 0.7534
vn -0.0000 0.6182 0.7860
vn 0.4935 0.5725 0.6548
vn 0.7004 0.5193 0.4898
vn 0.8510 0.4537 0.2645
vn 0.9227 0.3855 -0.0037
vn 0.9010 0.3247 -0.2878
vn 0.7834 0.2776 -0.5560
vn 0.5791 0.2462 -0.7772
vn 0.3080 0.2290 -0.9234
vn -0.0000 0.2235 -0.9747
vn -0.3080 0.2290 -0.9234
vn -0.5791 0.2462 -0.7772
vn -0.7834 0.2776 -0.5560
vn -0.9010 0.3247 -0.2878
vn -0.9227 0.3855 -0.0037
vn -0.8510 0.4537 0.2645
vn -0.7004 0.5193 0.4898
vn -0.4935 0.5725 0.6548
vn -0.2538 0.6065 0.7534
vn 0.2838 -0.4667 0.8377
vn -0.0000 -0.4584 0.8887
vn 0.5277 -0.4894 0.6943
vn 0.7029 -0.5211 0.4842
vn 0.7970 -0.5547 0.2389
vn 0.8118 -0.5838 -0.0135
vn 0.7551 -0.6050 -0.2526
vn 0.6352 -0.6179 -0.4634
vn 0.4604 -0.6240 -0.6314
vn 0.2424 -0.6261 -0.7411
vn -0.0000 -0.6265 -0.7794
vn -0.2424 -0.6261 -0.7411
vn -0.4604 -0.6240 -0.6314
vn -0.6352 -0.6179 -0.4634
vn -0.7551 -0.6050 -0.2526
vn -0.8118 -0.5838 -0.0135
vn -0.7970 -0.5547 0.2389
vn -0.7029 -0.5211 0.4842
vn -0.5277 -0.4894 0.6943
vn -0.2838 -0.4667 0.8377
vn 0.2537 -0.5708 0.7809
vn -0.0000 -0.5708 0.8211
vn 0.4826 -0.5708 0.6643
vn 0.6643 -0.5708 0.4826
vn 0.7809 -0.5708 0.2537
vn 0.8211 -0.5708 -0.0000
vn 0.7809 -0.5708 -0.2537
vn 0.6643 -0.5708 -0.4826
vn 0.4826 -0.5708 -0.6643
vn 0.2537 -0.5708 -0.7809
vn -0.0000 -0.5708 -0.8211
vn -0.2537 -0.5708 -0.7809
vn -0.4826 -0.5708 -0.6643
vn -0.6643 -0.5708 -0.4826
vn -0.7809 -0.5708 -0.2537
vn -0.8211 -0.5708 -0.0000
vn -0.7809 -0.5708 0.2537
vn -0.6643 -0.5708 0.4826
vn -0.4826 -0.5708 0.6643
vn -0.2537 -0.5708 0.7809
vn 0.2228 0.6930 0.6857
vn -0.0000 0.6930 0.7209
vn 0.4238 0.6930 0.5833
vn 0.5833 0.6930 0.4238
vn 0.6857 0.6930 0.2228
vn 0.7209 0.6930 -0.0000
vn 0.6857 0.6930 -0.2228
vn 0.5833 0.6930 -0.4238
vn 0.4238 0.6930 -0.5833
vn 0.2228 0.6930 -0.6857
vn -0.0000 0.6930 -0.7209
vn -0.2228 0.6930 -0.6857
vn -0.4238 0.6930 -0.5833
vn -0.5833 0.6930 -0.4238
vn -0.6857 0.6930 -0.2228
vn -0.7209 0.6930 -0.0000
vn -0.6857 0.6930 0.2228
vn -0.5833 0.6930 0.4238
vn -0.4238 0.6930 0.5833
vn -0.2228 0.6930 0.6857
vn -0.0931 0.6369 -0.7653
vn 0.0931 -0.6369 -0.7653
vn -0.3520 -0.7020 -0.6191
vn -0.5382 0.5719 -0.6191
vn -0.6271 -0.7422 -0.2365
vn -0.8133 0.5317 -0.2365
vn -0.6271 -0.7422 0.2365
vn -0.8133 0.5317 0.2365
vn -0.3520 -0.7020 0.6191
vn -0.5382 0.5719 0.6191
vn 0.0931 -0.6369 0.7653
vn -0.0931 0.6369 0.7653
vn 0.5382 -0.5719 0.6191
vn 0.3520 0.7020 0.6191
vn 0.8133 -0.5317 0.2365
vn 0.6271 0.7422 0.2365
vn 0.8133 -0.5317 -0.2365
vn 0.6271 0.7422 -0.2365
vn 0.5382 -0.5719 -0.6191
vn 0.3520 0.7020 -0.6191
vn -0.0927 0.6370 -0.7653
vn 0.0927 -0.6370 -0.7653
vn -0.3525 -0.7018 -0.6191
vn -0.5378 0.5723 -0.6191
vn -0.6276 -0.7418 -0.2365
vn -0.8129 0.5323 -0.2365
vn -0.6276 -0.7418 0.2365
vn -0.8129 0.5323 0.2365
vn -0.3525 -0.7018 0.6191
vn -0.5378 0.5723 0.6191
vn 0.0927 -0.6370 0.7653
vn -0.0927 0.6370 0.7653
vn 0.5378 -0.5723 0.6191
vn 0.3525 0.7018 0.6191
vn 0.8129 -0.5323 0.2365
vn 0.6276 0.7418 0.2365
vn 0.8129 -0.5323 -0.2365
vn 0.6276 0.7418 -0.2365
vn 0.5378 -0.5723 -0.6191
vn 0.3525 0.7018 -0.6191
vt 0.000000 0.000000
vt 1.000000 0.500000
vt 1.000000 1.000000
vt 0.900000 1.000000
vt 0.900000 0.500000
vt 0.800000 1.000000
vt 0.800000 0.500000
vt 0.700000 1.000000
vt 0.700000 0.500000
vt 0.600000 1.000000
vt 0.600000 0.500000
vt 0.500000 1.000000
vt 0.500000 0.500000
vt 0.400000 1.000000
vt 0.400000 0.500000
vt 0.300000 1.000000
vt 0.300000 0.500000
vt 0.200000 1.000000
vt 0.200000 0.500000
vt 0.391068 0.444164
vt 0.250000 0.490000
vt 0.108932 0.444164
vt 0.021746 0.324164
vt 0.021746 0.175836
vt 0.108932 0.055836
vt 0.250000 0.010000
vt 0.391068 0.055836
vt 0.478254 0.175836
vt 0.478254 0.324164
vt 0.100000 1.000000
vt 0.100000 0.500000
vt -0.000000 1.000000
vt -0.000000 0.500000
vt 0.750000 0.490000
vt 0.891068 0.444164
vt 0.978254 0.324164
vt 0.978254 0.175836
vt 0.891068 0.055836
vt 0.750000 0.010000
vt 0.608932 0.055836
vt 0.521746 0.175836
vt 0.521746 0.324164
vt 0.608932 0.444164
vt 0.833333 1.000000
vt 0.833333 0.500000
vt 0.666667 1.000000
vt 0.666667 0.500000
vt 0.500000 1.000000
vt 0.500000 0.500000
vt 0.333333 1.000000
vt 0.333333 0.500000
vt 0.457846 0.370000
vt 0.042154 0.370000
vt 0.042154 0.130000
vt 0.250000 0.010000
vt 0.457846 0.130000
vt 0.166667 1.000000
vt 0.166667 0.500000
vt -0.000000 1.000000
vt -0.000000 0.500000
vt 0.957846 0.370000
vt 0.957846 0.130000
vt 0.750000 0.010000
vt 0.542154 0.130000
vt 0.542154 0.370000
vt 0.583333 0.000000
vt 0.666667 0.250000
vt 0.500000 0.250000
vt 0.666667 0.500000
vt 0.666667 0.750000
vt 0.500000 0.750000
vt 0.500000 0.500000
vt 0.583333 1.000000
vt 0.416667 0.000000
vt 0.333333 0.250000
vt 0.333333 0.750000
vt 0.333333 0.500000
vt 0.416667 1.000000
vt 0.250000 0.000000
vt 0.166667 0.250000
vt 0.166667 0.750000
vt 0.166667 0.500000
vt 0.250000 1.000000
vt 0.083333 0.000000
vt 0.000000 0.250000
vt 0.000000 0.750000
vt 0.000000 0.500000
vt 0.083333 1.000000
vt 1.000000 0.750000
vt 0.916667 1.000000
vt 0.833333 0.750000
vt 0.916667 0.000000
vt 1.000000 0.250000
vt 0.833333 0.250000
vt 1.000000 0.500000
vt 0.750000 1.000000
vt 0.750000 0.000000
vt 0.666667 0.250000
vt 0.666667 0.500000
vt 0.666667 0.750000
vt 0.333333 0.500000
vt 0.250000 0.000000
vt 0.166667 0.250000
vt 0.166667 0.750000
vt 0.166667 0.500000
vt 0.250000 1.000000
vt 0.083333 0.000000
vt 0.000000 0.500000
vt 0.083333 1.000000
vt 1.000000 0.750000
vt 0.916667 1.000000
vt 0.833333 0.750000
vt 0.916667 0.000000
vt 1.000000 0.250000
vt 0.833333 0.250000
vt 0.833333 0.500000
vt 0.750000 1.000000
vt 0.750000 0.000000
vt 0.583333 1.000000
vt 0.583333 0.000000
vt 0.416667 1.000000
vt 0.416667 0.000000
vt 0.750000 0.125000
vt 0.750000 0.250000
vt 0.666667 0.125000
vt 0.750000 0.375000
vt 0.750000 0.500000
vt 0.666667 0.375000
vt 0.750000 0.625000
vt 0.750000 0.750000
vt 0.666667 0.625000
vt 0.750000 0.875000
vt 0.708333 1.000000
vt 0.666667 0.875000
vt 0.708333 0.000000
vt 0.625000 0.000000
vt 0.583333 0.125000
vt 0.583333 0.375000
vt 0.583333 0.250000
vt 0.583333 0.625000
vt 0.583333 0.500000
vt 0.583333 0.875000
vt 0.583333 0.750000
vt 0.625000 1.000000
vt 0.500000 0.625000
vt 0.500000 0.875000
vt 0.500000 0.125000
vt 0.500000 0.375000
vt 0.541667 1.000000
vt 0.541667 0.000000
vt 0.416667 0.250000
vt 0.416667 0.125000
vt 0.416667 0.500000
vt 0.416667 0.375000
vt 0.416667 0.750000
vt 0.416667 0.625000
vt 0.458333 1.000000
vt 0.416667 0.875000
vt 0.458333 0.000000
vt 0.333333 0.750000
vt 0.333333 0.625000
vt 0.375000 1.000000
vt 0.333333 0.875000
vt 0.375000 0.000000
vt 0.333333 0.125000
vt 0.333333 0.375000
vt 0.333333 0.250000
vt 0.333333 0.500000
vt 0.291667 0.000000
vt 0.250000 0.125000
vt 0.250000 0.375000
vt 0.250000 0.250000
vt 0.250000 0.625000
vt 0.250000 0.500000
vt 0.250000 0.875000
vt 0.250000 0.750000
vt 0.291667 1.000000
vt 0.166667 0.875000
vt 0.166667 0.125000
vt 0.166667 0.375000
vt 0.166667 0.625000
vt 0.208333 1.000000
vt 0.208333 0.000000
vt 0.083333 0.250000
vt 0.083333 0.125000
vt 0.083333 0.500000
vt 0.083333 0.375000
vt 0.083333 0.750000
vt 0.083333 0.625000
vt 0.125000 1.000000
vt 0.083333 0.875000
vt 0.125000 0.000000
vt 0.041667 1.000000
vt 0.000000 0.875000
vt 0.041667 0.000000
vt 0.000000 0.125000
vt 0.000000 0.375000
vt 0.000000 0.625000
vt 1.000000 0.375000
vt 0.916667 0.375000
vt 0.916667 0.250000
vt 1.000000 0.625000
vt 0.916667 0.625000
vt 0.916667 0.500000
vt 1.000000 0.875000
vt 0.916667 0.875000
vt 0.916667 0.750000
vt 1.000000 0.125000
vt 0.916667 0.125000
vt 0.958333 1.000000
vt 0.958333 0.000000
vt 0.833333 0.250000
vt 0.833333 0.125000
vt 0.833333 0.500000
vt 0.833333 0.375000
vt 0.833333 0.750000
vt 0.833333 0.625000
vt 0.875000 1.000000
vt 0.833333 0.875000
vt 0.875000 0.000000
vt 0.791667 1.000000
vt 0.791667 0.000000
vt 0.750000 0.125000
vt 0.750000 0.250000
vt 0.687500 0.250000
vt 0.687500 0.125000
vt 0.750000 0.500000
vt 0.687500 0.500000
vt 0.687500 0.375000
vt 0.750000 0.625000
vt 0.750000 0.750000
vt 0.687500 0.750000
vt 0.687500 0.625000
vt 0.750000 0.875000
vt 0.718750 1.000000
vt 0.687500 0.875000
vt 0.718750 0.000000
vt 0.656250 0.000000
vt 0.625000 0.125000
vt 0.625000 0.375000
vt 0.625000 0.250000
vt 0.625000 0.625000
vt 0.625000 0.500000
vt 0.625000 0.875000
vt 0.625000 0.750000
vt 0.656250 1.000000
vt 0.562500 0.625000
vt 0.562500 0.500000
vt 0.562500 0.875000
vt 0.562500 0.750000
vt 0.562500 0.250000
vt 0.562500 0.125000
vt 0.562500 0.375000
vt 0.593750 1.000000
vt 0.593750 0.000000
vt 0.500000 0.250000
vt 0.500000 0.125000
vt 0.500000 0.500000
vt 0.500000 0.375000
vt 0.500000 0.750000
vt 0.500000 0.625000
vt 0.531250 1.000000
vt 0.500000 0.875000
vt 0.531250 0.000000
vt 0.437500 0.750000
vt 0.437500 0.625000
vt 0.468750 1.000000
vt 0.437500 0.875000
vt 0.468750 0.000000
vt 0.437500 0.125000
vt 0.437500 0.375000
vt 0.437500 0.250000
vt 0.437500 0.500000
vt 0.406250 0.000000
vt 0.375000 0.125000
vt 0.375000 0.375000
vt 0.375000 0.250000
vt 0.375000 0.625000
vt 0.375000 0.500000
vt 0.375000 0.875000
vt 0.375000 0.750000
vt 0.406250 1.000000
vt 0.312500 0.875000
vt 0.312500 0.750000
vt 0.312500 0.250000
vt 0.312500 0.125000
vt 0.312500 0.500000
vt 0.312500 0.375000
vt 0.312500 0.625000
vt 0.343750 1.000000
vt 0.343750 0.000000
vt 0.250000 0.250000
vt 0.250000 0.125000
vt 0.250000 0.500000
vt 0.250000 0.375000
vt 0.250000 0.750000
vt 0.250000 0.625000
vt 0.281250 1.000000
vt 0.250000 0.875000
vt 0.281250 0.000000
vt 0.218750 1.000000
vt 0.187500 0.875000
vt 0.218750 0.000000
vt 0.187500 0.125000
vt 0.187500 0.375000
vt 0.187500 0.250000
vt 0.187500 0.625000
vt 0.187500 0.500000
vt 0.187500 0.750000
vt 0.125000 0.375000
vt 0.125000 0.250000
vt 0.125000 0.625000
vt 0.125000 0.500000
vt 0.125000 0.875000
vt 0.125000 0.750000
vt 0.125000 0.125000
vt 0.156250 1.000000
vt 0.156250 0.000000
vt 0.062500 0.250000
vt 0.062500 0.125000
vt 0.062500 0.500000
vt 0.062500 0.375000
vt 0.062500 0.750000
vt 0.062500 0.625000
vt 0.093750 1.000000
vt 0.062500 0.875000
vt 0.093750 0.000000
vt 0.000000 0.750000
vt 0.031250 1.000000
vt 0.031250 0.000000
vt 0.000000 0.125000
vt 0.968750 0.000000
vt 1.000000 0.125000
vt 0.937500 0.125000
vt 0.937500 0.375000
vt 0.937500 0.250000
vt 0.937500 0.625000
vt 0.937500 0.500000
vt 1.000000 0.750000
vt 0.937500 0.875000
vt 0.937500 0.750000
vt 0.968750 1.000000
vt 0.875000 0.625000
vt 0.875000 0.500000
vt 0.875000 0.875000
vt 0.875000 0.750000
vt 0.875000 0.250000
vt 0.875000 0.125000
vt 0.875000 0.375000
vt 0.906250 1.000000
vt 0.906250 0.000000
vt 0.812500 0.250000
vt 0.812500 0.125000
vt 0.812500 0.500000
vt 0.812500 0.375000
vt 0.812500 0.750000
vt 0.812500 0.625000
vt 0.843750 1.000000
vt 0.812500 0.875000
vt 0.843750 0.000000
vt 0.781250 1.000000
vt 0.781250 0.000000
vt 0.750000 0.500000
vt 0.750000 0.666667
vt 0.625000 0.666667
vt 0.750000 0.833333
vt 0.687500 1.000000
vt 0.625000 0.833333
vt 0.687500 0.000000
vt 0.750000 0.166667
vt 0.625000 0.166667
vt 0.750000 0.333333
vt 0.625000 0.333333
vt 0.562500 0.000000
vt 0.500000 0.166667
vt 0.500000 0.333333
vt 0.500000 0.833333
vt 0.500000 0.666667
vt 0.562500 1.000000
vt 0.437500 0.000000
vt 0.375000 0.166667
vt 0.375000 0.500000
vt 0.375000 0.333333
vt 0.375000 0.833333
vt 0.375000 0.666667
vt 0.437500 1.000000
vt 0.250000 0.333333
vt 0.250000 0.833333
vt 0.250000 0.666667
vt 0.250000 0.166667
vt 0.312500 1.000000
vt 0.312500 0.000000
vt 0.125000 0.833333
vt 0.125000 0.666667
vt 0.125000 0.333333
vt 0.125000 0.166667
vt 0.125000 0.500000
vt 0.187500 1.000000
vt 0.187500 0.000000
vt 0.000000 0.333333
vt 0.000000 0.166667
vt 0.000000 0.666667
vt 0.062500 1.000000
vt 0.000000 0.833333
vt 0.062500 0.000000
vt 1.000000 0.166667
vt 1.000000 0.333333
vt 0.875000 0.333333
vt 0.875000 0.166667
vt 1.000000 0.666667
vt 0.875000 0.666667
vt 0.875000 0.500000
vt 1.000000 0.833333
vt 0.937500 1.000000
vt 0.875000 0.833333
vt 0.937500 0.000000
vt 0.812500 1.000000
vt 0.812500 0.000000
vt 0.375000 0.250000
vt 0.375000 0.750000
vt 0.125000 0.750000
vt 0.875000 0.750000
vt 0.750000 0.250000
vt 0.750000 0.750000
vt 0.458333 1.000000
vt 0.458333 0.000000
vt 0.083333 0.375000
vt 0.083333 0.250000
vt 0.083333 0.625000
vt 0.083333 0.750000
vt 0.916667 0.750000
vt 0.833333 0.625000
vt 0.833333 0.375000
vt 0.700000 0.166667
vt 0.700000 0.333333
vt 0.600000 0.333333
vt 0.600000 0.166667
vt 0.700000 0.500000
vt 0.700000 0.666667
vt 0.600000 0.666667
vt 0.600000 0.500000
vt 0.700000 0.833333
vt 0.650000 1.000000
vt 0.600000 0.833333
vt 0.650000 0.000000
vt 0.550000 1.000000
vt 0.550000 0.000000
vt 0.500000 0.666667
vt 0.450000 0.000000
vt 0.400000 0.166667
vt 0.400000 0.500000
vt 0.400000 0.333333
vt 0.400000 0.833333
vt 0.400000 0.666667
vt 0.450000 1.000000
vt 0.350000 0.000000
vt 0.300000 0.166667
vt 0.300000 0.500000
vt 0.300000 0.333333
vt 0.300000 0.833333
vt 0.300000 0.666667
vt 0.350000 1.000000
vt 0.200000 0.166667
vt 0.200000 0.500000
vt 0.200000 0.333333
vt 0.200000 0.833333
vt 0.200000 0.666667
vt 0.100000 0.500000
vt 0.100000 0.333333
vt 0.100000 0.833333
vt 0.100000 0.666667
vt 0.100000 0.166667
vt 0.150000 1.000000
vt 0.150000 0.000000
vt 0.000000 0.666667
vt 0.050000 1.000000
vt 0.050000 0.000000
vt 1.000000 0.166667
vt 1.000000 0.333333
vt 0.900000 0.333333
vt 0.900000 0.166667
vt 1.000000 0.666667
vt 0.900000 0.666667
vt 1.000000 0.833333
vt 0.950000 1.000000
vt 0.900000 0.833333
vt 0.950000 0.000000
vt 0.800000 0.333333
vt 0.800000 0.166667
vt 0.800000 0.666667
vt 0.800000 0.500000
vt 0.850000 1.000000
vt 0.800000 0.833333
vt 0.850000 0.000000
vt 0.391068 0.444164
vt 0.108932 0.444164
vt 0.021746 0.324164
vt 0.021746 0.175836
vt 0.108932 0.055836
vt 0.391068 0.055836
vt 0.478254 0.175836
vt 0.478254 0.324164
vt 0.891068 0.444164
vt 0.978254 0.324164
vt 0.978254 0.175836
vt 0.891068 0.055836
vt 0.608932 0.055836
vt 0.521746 0.175836
vt 0.521746 0.324164
vt 0.608932 0.444164
vt 0.700000 0.666667
vt 0.600000 0.666667
vt 0.400000 0.666667
vt 0.300000 0.333333
vt 0.300000 0.666667
vt 0.200000 0.666667
vt 0.100000 0.666667
vt 1.000000 0.666667
vt 0.900000 0.666667
vt 0.800000 0.666667
vt 0.700000 0.833333
vt 0.600000 0.833333
vt 0.500000 0.833333
vt 0.400000 0.333333
vt 0.400000 0.666667
vt 0.400000 0.833333
vt 0.300000 0.666667
vt 0.350000 1.000000
vt 0.300000 0.833333
vt 0.350000 0.000000
vt 0.200000 0.833333
vt 0.100000 0.833333
vt 0.050000 0.000000
vt 0.000000 0.833333
vt 0.050000 1.000000
vt 0.900000 0.166667
vt 0.900000 0.500000
vt 0.900000 0.333333
vt 1.000000 0.833333
vt 0.900000 0.833333
vt 0.900000 0.666667
vt 0.800000 0.833333
vt 0.916667 0.500000
vt 0.833333 1.000000
vt 0.750000 1.000000
vt 0.750000 0.500000
vt 0.666667 1.000000
vt 0.583333 1.000000
vt 0.583333 0.500000
vt 0.500000 1.000000
vt 0.500000 0.500000
vt 0.416667 1.000000
vt 0.416667 0.500000
vt 0.333333 1.000000
vt 0.333333 0.500000
vt 0.250000 1.000000
vt 0.250000 0.500000
vt 0.166667 1.000000
vt 0.166667 0.500000
vt 0.370000 0.457846
vt 0.130000 0.457846
vt 0.042154 0.370000
vt 0.010000 0.250000
vt 0.042154 0.130000
vt 0.130000 0.042154
vt 0.370000 0.042154
vt 0.490000 0.250000
vt 0.083333 1.000000
vt 0.083333 0.500000
vt 0.000000 1.000000
vt 0.000000 0.500000
vt 0.870000 0.457846
vt 0.990000 0.250000
vt 0.870000 0.042154
vt 0.630000 0.042154
vt 0.510000 0.250000
vt 0.630000 0.457846
vt 0.666667 0.125000
vt 0.750000 0.375000
vt 0.583333 0.125000
vt 0.500000 0.125000
vt 0.416667 0.125000
vt 0.333333 0.125000
vt 0.333333 0.625000
vt 0.250000 0.125000
vt 0.250000 0.625000
vt 0.166667 0.625000
vt 0.166667 0.125000
vt 0.083333 0.125000
vt 0.083333 0.500000
vt 0.083333 0.625000
vt 0.000000 0.625000
vt 0.916667 0.125000
vt 1.000000 0.625000
vt 0.916667 0.625000
vt 0.833333 0.625000
vt 0.833333 0.125000
vt 0.666667 0.666667
vt 0.666667 0.833333
vt 0.666667 0.166667
vt 0.666667 0.333333
vt 0.416667 0.000000
vt 0.333333 0.166667
vt 0.333333 0.333333
vt 0.333333 0.833333
vt 0.333333 0.666667
vt 0.416667 1.000000
vt 0.166667 0.166667
vt 0.166667 0.333333
vt 0.166667 0.833333
vt 0.166667 0.666667
vt 0.000000 0.833333
vt 0.000000 0.166667
vt 1.000000 0.666667
vt 0.833333 0.833333
vt 0.833333 0.666667
vt 0.833333 0.333333
vt 0.833333 0.166667
vt 0.666667 0.833333
vt 0.333333 0.833333
vt 0.166667 0.166667
vt 0.166667 0.500000
vt 0.166667 0.833333
vt 0.000000 0.833333
vt 0.833333 0.333333
vt 1.000000 0.833333
vt 0.750000 1.000000
vt 0.750000 0.000000
vt 0.400000 0.666667
vt 0.150000 0.000000
vt 0.150000 1.000000
vt 0.900000 0.833333
vt 0.900000 0.666667
vt 0.021746 0.175836
vt 0.478254 0.175836
vt 0.978254 0.175836
vt 0.521746 0.175836
vt 0.400000 0.166667
vt 0.400000 0.500000
vt 0.400000 0.833333
s 1
usemtl Body
f 1/1/1 2/1/2 24/1/3 23/1/4
f 2/1/2 3/1/5 25/1/6 24/1/3
f 3/1/5 4/1/7 26/1/8 25/1/6
f 4/1/7 5/1/9 27/1/10 26/1/8
f 5/1/9 6/1/11 28/1/12 27/1/10
f 6/1/11 7/1/13 29/1/14 28/1/12
f 7/1/13 8/1/15 30/1/16 29/1/14
f 8/1/15 9/1/17 31/1/18 30/1/16
f 9/1/17 10/1/19 32/1/20 31/1/18
f 10/1/19 11/1/21 33/1/22 32/1/20
f 11/1/21 12/1/23 34/1/24 33/1/22
f 12/1/23 13/1/25 35/1/26 34/1/24
f 13/1/25 14/1/27 36/1/28 35/1/26
f 14/1/27 15/1/29 37/1/30 36/1/28
f 15/1/29 16/1/31 38/1/32 37/1/30
f 16/1/31 17/1/33 39/1/34 38/1/32
f 17/1/33 18/1/35 40/1/36 39/1/34
f 18/1/35 19/1/37 41/1/38 40/1/36
f 19/1/37 20/1/39 42/1/40 41/1/38
f 20/1/39 21/1/41 43/1/42 42/1/40
f 21/1/41 22/1/43 44/1/44 43/1/42
f 22/1/43 1/1/1 23/1/4 44/1/44
f 23/1/4 24/1/3 46/1/45 45/1/46
f 24/1/3 25/1/6 47/1/47 46/1/45
f 25/1/6 26/1/8 48/1/48 47/1/47
f 26/1/8 27/1/10 49/1/49 48/1/48
f 27/1/10 28/1/12 50/1/50 49/1/49
f 28/1/12 29/1/14 51/1/51 50/1/50
f 29/1/14 30/1/16 52/1/52 51/1/51
f 30/1/16 31/1/18 53/1/53 52/1/52
f 31/1/18 32/1/20 54/1/54 53/1/53
f 32/1/20 33/1/22 55/1/55 54/1/54
f 33/1/22 34/1/24 56/1/56 55/1/55
f 34/1/24 35/1/26 57/1/57 56/1/56
f 35/1/26 36/1/28 58/1/58 57/1/57
f 36/1/28 37/1/30 59/1/59 58/1/58
f 37/1/30 38/1/32 60/1/60 59/1/59
f 38/1/32 39/1/34 61/1/61 60/1/60
f 39/1/34 40/1/36 62/1/62 61/1/61
f 40/1/36 41/1/38 63/1/63 62/1/62
f 41/1/38 42/1/40 64/1/64 63/1/63
f 42/1/40 43/1/42 65/1/65 64/1/64
f 43/1/42 44/1/44 66/1/66 65/1/65
f 44/1/44 23/1/4 45/1/46 66/1/66
f 45/1/46 46/1/45 68/1/67 67/1/68
f 46/1/45 47/1/47 69/1/69 68/1/67
f 47/1/47 48/1/48 70/1/70 69/1/69
f 48/1/48 49/1/49 71/1/71 70/1/70
f 49/1/49 50/1/50 72/1/72 71/1/71
f 50/1/50 51/1/51 73/1/73 72/1/72
f 51/1/51 52/1/52 74/1/74 73/1/73
f 52/1/52 53/1/53 75/1/75 74/1/74
f 53/1/53 54/1/54 76/1/76 75/1/75
f 54/1/54 55/1/55 77/1/77 76/1/76
f 55/1/55 56/1/56 78/1/78 77/1/77
f 56/1/56 57/1/57 79/1/79 78/1/78
f 57/1/57 58/1/58 80/1/80 79/1/79
f 58/1/58 59/1/59 81/1/81 80/1/80
f 59/1/59 60/1/60 82/1/82 81/1/81
f 60/1/60 61/1/61 83/1/83 82/1/82
f 61/1/61 62/1/62 84/1/84 83/1/83
f 62/1/62 63/1/63 85/1/85 84/1/84
f 63/1/63 64/1/64 86/1/86 85/1/85
f 64/1/64 65/1/65 87/1/87 86/1/86
f 65/1/65 66/1/66 88/1/88 87/1/87
f 66/1/66 45/1/46 67/1/68 88/1/88
f 67/1/68 68/1/67 90/1/89 89/1/90
f 68/1/67 69/1/69 91/1/91 90/1/89
f 69/1/69 70/1/70 92/1/92 91/1/91
f 70/1/70 71/1/71 93/1/93 92/1/92
f 71/1/71 72/1/72 94/1/94 93/1/93
f 72/1/72 73/1/73 95/1/95 94/1/94
f 73/1/73 74/1/74 96/1/96 95/1/95
f 74/1/74 75/1/75 97/1/97 96/1/96
f 75/1/75 76/1/76 98/1/98 97/1/97
f 76/1/76 77/1/77 99/1/99 98/1/98
f 77/1/77 78/1/78 100/1/100 99/1/99
f 78/1/78 79/1/79 101/1/101 100/1/100
f 79/1/79 80/1/80 102/1/102 101/1/101
f 80/1/80 81/1/81 103/1/103 102/1/102
f 81/1/81 82/1/82 104/1/104 103/1/103
f 82/1/82 83/1/83 105/1/105 104/1/104
f 83/1/83 84/1/84 106/1/106 105/1/105
f 84/1/84 85/1/85 107/1/107 106/1/106
f 85/1/85 86/1/86 108/1/108 107/1/107
f 86/1/86 87/1/87 109/1/109 108/1/108
f 87/1/87 88/1/88 110/1/110 109/1/109
f 88/1/88 67/1/68 89/1/90 110/1/110
f 89/1/90 90/1/89 112/1/111 111/1/112
f 90/1/89 91/1/91 113/1/113 112/1/111
f 91/1/91 92/1/92 114/1/114 113/1/113
f 92/1/92 93/1/93 115/1/115 114/1/114
f 93/1/93 94/1/94 116/1/116 115/1/115
f 94/1/94 95/1/95 117/1/117 116/1/116
f 95/1/95 96/1/96 118/1/118 117/1/117
f 96/1/96 97/1/97 119/1/119 118/1/118
f 97/1/97 98/1/98 120/1/120 119/1/119
f 98/1/98 99/1/99 121/1/121 120/1/120
f 99/1/99 100/1/100 122/1/122 121/1/121
f 100/1/100 101/1/101 123/1/123 122/1/122
f 101/1/101 102/1/102 124/1/124 123/1/123
f 102/1/102 103/1/103 125/1/125 124/1/124
f 103/1/103 104/1/104 126/1/126 125/1/125
f 104/1/104 105/1/105 127/1/127 126/1/126
f 105/1/105 106/1/106 128/1/128 127/1/127
f 106/1/106 107/1/107 129/1/129 128/1/128
f 107/1/107 108/1/108 130/1/130 129/1/129
f 108/1/108 109/1/109 131/1/131 130/1/130
f 109/1/109 110/1/110 132/1/132 131/1/131
f 110/1/110 89/1/90 111/1/112 132/1/132
f 111/1/112 112/1/111 134/1/133 133/1/134
f 112/1/111 113/1/113 135/1/135 134/1/133
f 113/1/113 114/1/114 136/1/136 135/1/135
f 114/1/114 115/1/115 137/1/137 136/1/136
f 115/1/115 116/1/116 138/1/138 137/1/137
f 116/1/116 117/1/117 139/1/139 138/1/138
f 117/1/117 118/1/118 140/1/140 139/1/139
f 118/1/118 119/1/119 141/1/141 140/1/140
f 119/1/119 120/1/120 142/1/142 141/1/141
f 120/1/120 121/1/121 143/1/143 142/1/142
f 121/1/121 122/1/122 144/1/144 143/1/143
f 122/1/122 123/1/123 145/1/145 144/1/144
f 123/1/123 124/1/124 146/1/146 145/1/145
f 124/1/124 125/1/125 147/1/147 146/1/146
f 125/1/125 126/1/126 148/1/148 147/1/147
f 126/1/126 127/1/127 149/1/149 148/1/148
f 127/1/127 128/1/128 150/1/150 149/1/149
f 128/1/128 129/1/129 151/1/151 150/1/150
f 129/1/129 130/1/130 152/1/152 151/1/151
f 130/1/130 131/1/131 153/1/153 152/1/152
f 131/1/131 132/1/132 154/1/154 153/1/153
f 132/1/132 111/1/112 133/1/134 154/1/154
f 133/1/134 134/1/133 156/1/155 155/1/156
f 134/1/133 135/1/135 157/1/157 156/1/155
f 135/1/135 136/1/136 158/1/158 157/1/157
f 136/1/136 137/1/137 159/1/159 158/1/158
f 137/1/137 138/1/138 160/1/160 159/1/159
f 138/1/138 139/1/139 161/1/161 160/1/160
f 139/1/139 140/1/140 162/1/162 161/1/161
f 140/1/140 141/1/141 163/1/163 162/1/162
f 141/1/141 142/1/142 164/1/164 163/1/163
f 142/1/142 143/1/143 165/1/165 164/1/164
f 143/1/143 144/1/144 166/1/166 165/1/165
f 144/1/144 145/1/145 167/1/167 166/1/166
f 145/1/145 146/1/146 168/1/168 167/1/167
f 146/1/146 147/1/147 169/1/169 168/1/168
f 147/1/147 148/1/148 170/1/170 169/1/169
f 148/1/148 149/1/149 171/1/171 170/1/170
f 149/1/149 150/1/150 172/1/172 171/1/171
f 150/1/150 151/1/151 173/1/173 172/1/172
f 151/1/151 152/1/152 174/1/174 173/1/173
f 152/1/152 153/1/153 175/1/175 174/1/174
f 153/1/153 154/1/154 176/1/176 175/1/175
f 154/1/154 133/1/134 155/1/156 176/1/176
f 155/1/156 156/1/155 178/1/177 177/1/178
f 156/1/155 157/1/157 179/1/179 178/1/177
f 157/1/157 158/1/158 180/1/180 179/1/179
f 158/1/158 159/1/159 181/1/181 180/1/180
f 159/1/159 160/1/160 182/1/182 181/1/181
f 160/1/160 161/1/161 183/1/183 182/1/182
f 161/1/161 162/1/162 184/1/184 183/1/183
f 162/1/162 163/1/163 185/1/185 184/1/184
f 163/1/163 164/1/164 186/1/186 185/1/185
f 164/1/164 165/1/165 187/1/187 186/1/186
f 165/1/165 166/1/166 188/1/188 187/1/187
f 166/1/166 167/1/167 189/1/189 188/1/188
f 167/1/167 168/1/168 190/1/190 189/1/189
f 168/1/168 169/1/169 191/1/191 190/1/190
f 169/1/169 170/1/170 192/1/192 191/1/191
f 170/1/170 171/1/171 193/1/193 192/1/192
f 171/1/171 172/1/172 194/1/194 193/1/193
f 172/1/172 173/1/173 195/1/195 194/1/194
f 173/1/173 174/1/174 196/1/196 195/1/195
f 174/1/174 175/1/175 197/1/197 196/1/196
f 175/1/175 176/1/176 198/1/198 197/1/197
f 176/1/176 155/1/156 177/1/178 198/1/198
f 177/1/178 178/1/177 200/1/199 199/1/200
f 178/1/177 179/1/179 201/1/201 200/1/199
f 179/1/179 180/1/180 202/1/202 201/1/201
f 180/1/180 181/1/181 203/1/203 202/1/202
f 181/1/181 182/1/182 204/1/204 203/1/203
f 182/1/182 183/1/183 205/1/205 204/1/204
f 183/1/183 184/1/184 206/1/206 205/1/205
f 184/1/184 185/1/185 207/1/207 206/1/206
f 185/1/185 186/1/186 208/1/208 207/1/207
f 186/1/186 187/1/187 209/1/209 208/1/208
f 187/1/187 188/1/188 210/1/210 209/1/209
f 188/1/188 189/1/189 211/1/211 210/1/210
f 189/1/189 190/1/190 212/1/212 211/1/211
f 190/1/190 191/1/191 213/1/213 212/1/212
f 191/1/191 192/1/192 214/1/214 213/1/213
f 192/1/192 193/1/193 215/1/215 214/1/214
f 193/1/193 194/1/194 216/1/216 215/1/215
f 194/1/194 195/1/195 217/1/217 216/1/216
f 195/1/195 196/1/196 218/1/218 217/1/217
f 196/1/196 197/1/197 219/1/219 218/1/218
f 197/1/197 198/1/198 220/1/220 219/1/219
f 198/1/198 177/1/178 199/1/200 220/1/220
f 199/1/200 200/1/199 222/1/221 221/1/222
f 200/1/199 201/1/201 223/1/223 222/1/221
f 201/1/201 202/1/202 224/1/224 223/1/223
f 202/1/202 203/1/203 225/1/225 224/1/224
f 203/1/203 204/1/204 226/1/226 225/1/225
f 204/1/204 205/1/205 227/1/227 226/1/226
f 205/1/205 206/1/206 228/1/228 227/1/227
f 206/1/206 207/1/207 229/1/229 228/1/228
f 207/1/207 208/1/208 230/1/230 229/1/229
f 208/1/208 209/1/209 231/1/231 230/1/230
f 209/1/209 210/1/210 232/1/232 231/1/231
f 210/1/210 211/1/211 233/1/233 232/1/232
f 211/1/211 212/1/212 234/1/234 233/1/233
f 212/1/212 213/1/213 235/1/235 234/1/234
f 213/1/213 214/1/214 236/1/236 235/1/235
f 214/1/214 215/1/215 237/1/237 236/1/236
f 215/1/215 216/1/216 238/1/238 237/1/237
f 216/1/216 217/1/217 239/1/239 238/1/238
f 217/1/217 218/1/218 240/1/240 239/1/239
f 218/1/218 219/1/219 241/1/241 240/1/240
f 219/1/219 220/1/220 242/1/242 241/1/241
f 220/1/220 199/1/200 221/1/222 242/1/242
f 221/1/222 222/1/221 244/1/243 243/1/244
f 222/1/221 223/1/223 245/1/245 244/1/243
f 223/1/223 224/1/224 246/1/246 245/1/245
f 224/1/224 225/1/225 247/1/247 246/1/246
f 225/1/225 226/1/226 248/1/248 247/1/247
f 226/1/226 227/1/227 249/1/249 248/1/248
f 227/1/227 228/1/228 250/1/250 249/1/249
f 228/1/228 229/1/229 251/1/251 250/1/250
f 229/1/229 230/1/230 252/1/252 251/1/251
f 230/1/230 231/1/231 253/1/253 252/1/252
f 231/1/231 232/1/232 254/1/254 253/1/253
f 232/1/232 233/1/233 255/1/255 254/1/254
f 233/1/233 234/1/234 256/1/256 255/1/255
f 234/1/234 235/1/235 257/1/257 256/1/256
f 235/1/235 236/1/236 258/1/258 257/1/257
f 236/1/236 237/1/237 259/1/259 258/1/258
f 237/1/237 238/1/238 260/1/260 259/1/259
f 238/1/238 239/1/239 261/1/261 260/1/260
f 239/1/239 240/1/240 262/1/262 261/1/261
f 240/1/240 241/1/241 263/1/263 262/1/262
f 241/1/241 242/1/242 264/1/264 263/1/263
f 242/1/242 221/1/222 243/1/244 264/1/264
f 265/2/265 266/3/266 268/4/267 267/5/268
f 267/5/268 268/4/267 270/6/269 269/7/270
f 269/7/270 270/6/269 272/8/271 271/9/272
f 271/9/272 272/8/271 274/10/273 273/11/274
f 273/11/274 274/10/273 276/12/275 275/13/276
f 275/13/276 276/12/275 278/14/277 277/15/278
f 277/15/278 278/14/277 280/16/279 279/17/280
f 279/17/280 280/16/279 282/18/281 281/19/282
f 268/20/267 266/21/266 284/22/283 282/23/281 280/24/279 278/25/277 276/26/275 274/27/273 272/28/271 270/29/269
f 281/19/282 282/18/281 284/30/283 283/31/284
f 283/31/284 284/30/283 266/32/266 265/33/265
f 265/34/265 267/35/268 269/36/270 271/37/272 273/38/274 275/39/276 277/40/278 279/41/280 281/42/282 283/43/284
f 285/2/285 286/3/286 288/44/287 287/45/288
f 287/45/288 288/44/287 290/46/289 289/47/290
f 289/47/290 290/46/289 292/48/291 291/49/292
f 291/49/292 292/48/291 294/50/293 293/51/294
f 288/52/287 286/21/286 296/53/295 294/54/293 292/55/291 290/56/289
f 293/51/294 294/50/293 296/57/295 295/58/296
f 295/58/296 296/57/295 286/59/286 285/60/285
f 285/34/285 287/61/288 289/62/290 291/63/292 293/64/294 295/65/296
f 309/66/297 299/67/298 302/68/299
f 298/69/300 297/70/301 300/71/302 301/72/303
f 299/67/298 298/69/300 301/72/303 302/68/299
f 297/70/301 310/73/304 300/71/302
f 309/74/297 302/68/299 305/75/305
f 301/72/303 300/71/302 303/76/306 304/77/307
f 302/68/299 301/72/303 304/77/307 305/75/305
f 300/71/302 310/78/304 303/76/306
f 309/79/297 305/75/305 308/80/308
f 304/77/307 303/76/306 306/81/309 307/82/310
f 305/75/305 304/77/307 307/82/310 308/80/308
f 303/76/306 310/83/304 306/81/309
f 309/84/297 308/80/308 313/85/311
f 307/82/310 306/81/309 311/86/312 312/87/313
f 308/80/308 307/82/310 312/87/313 313/85/311
f 306/81/309 310/88/304 311/86/312
f 311/89/312 310/90/304 314/91/314
f 309/92/297 313/93/311 316/94/315
f 312/95/313 311/89/312 314/91/314 315/45/316
f 313/93/311 312/95/313 315/45/316 316/94/315
f 316/94/315 315/45/316 298/69/300 299/67/298
f 314/91/314 310/96/304 297/70/301
f 309/97/297 316/94/315 299/67/298
f 315/45/316 314/91/314 297/70/301 298/69/300
f 317/2/317 318/3/318 320/44/319 319/45/320
f 319/45/320 320/44/319 322/46/321 321/47/322
f 321/47/322 322/46/321 324/48/323 323/49/324
f 323/49/324 324/48/323 326/50/325 325/51/326
f 320/52/319 318/21/318 328/53/327 326/54/325 324/26/323 322/56/321
f 325/51/326 326/50/325 328/57/327 327/58/328
f 327/58/328 328/57/327 318/59/318 317/60/317
f 317/34/317 319/61/320 321/62/322 323/39/324 325/64/326 327/65/328
f 341/66/297 331/98/298 334/68/299
f 330/99/300 329/100/301 332/71/302 333/72/303
f 331/98/298 330/99/300 333/72/303 334/68/299
f 329/100/301 342/73/304 332/71/302
f 341/74/297 334/68/299 337/75/305
f 333/72/303 332/71/302 335/76/306 336/101/307
f 334/68/299 333/72/303 336/101/307 337/75/305
f 332/71/302 342/78/304 335/76/306
f 341/102/297 337/75/305 340/103/308
f 336/101/307 335/76/306 338/104/309 339/105/310
f 337/75/305 336/101/307 339/105/310 340/103/308
f 335/76/306 342/106/304 338/104/309
f 341/107/297 340/103/308 345/85/311
f 339/105/310 338/104/309 343/86/312 344/108/313
f 340/103/308 339/105/310 344/108/313 345/85/311
f 338/104/309 342/109/304 343/86/312
f 343/110/312 342/111/304 346/112/314
f 341/113/297 345/114/311 348/115/315
f 344/2/313 343/110/312 346/112/314 347/116/316
f 345/114/311 344/2/313 347/116/316 348/115/315
f 348/115/315 347/116/316 330/99/300 331/98/298
f 346/112/314 342/117/304 329/100/301
f 341/118/297 348/115/315 331/98/298
f 347/116/316 346/112/314 329/100/301 330/99/300
f 349/2/329 350/3/330 352/44/331 351/45/332
f 351/45/332 352/44/331 354/46/333 353/47/334
f 353/47/334 354/46/333 356/48/335 355/49/336
f 355/49/336 356/48/335 358/50/337 357/51/338
f 352/52/331 350/21/330 360/53/339 358/54/337 356/26/335 354/56/333
f 357/51/338 358/50/337 360/57/339 359/58/340
f 359/58/340 360/57/339 350/59/330 349/60/329
f 349/34/329 351/61/332 353/62/334 355/39/336 357/64/338 359/65/340
f 363/67/298 362/69/300 365/72/303 366/68/299
f 361/70/301 374/119/304 364/71/302
f 373/120/297 363/67/298 366/68/299
f 362/69/300 361/70/301 364/71/302 365/72/303
f 364/71/302 374/121/304 367/76/306
f 373/122/297 366/68/299 369/75/305
f 365/72/303 364/71/302 367/76/306 368/77/307
f 366/68/299 365/72/303 368/77/307 369/75/305
f 369/75/305 368/77/307 371/82/310 372/80/308
f 367/76/306 374/83/304 370/81/309
f 373/79/297 369/75/305 372/80/308
f 368/77/307 367/76/306 370/81/309 371/82/310
f 372/80/308 371/82/310 376/87/313 377/85/311
f 370/81/309 374/88/304 375/86/312
f 373/84/297 372/80/308 377/85/311
f 371/82/310 370/81/309 375/86/312 376/87/313
f 377/93/311 376/95/313 379/45/316 380/94/315
f 375/89/312 374/90/304 378/91/314
f 373/92/297 377/93/311 380/94/315
f 376/95/313 375/89/312 378/91/314 379/45/316
f 380/94/315 379/45/316 362/69/300 363/67/298
f 378/91/314 374/96/304 361/70/301
f 373/97/297 380/94/315 363/67/298
f 379/45/316 378/91/314 361/70/301 362/69/300
f 553/1/423 554/1/424 572/1/425 571/1/426
f 554/1/424 555/1/427 573/1/428 572/1/425
f 555/1/427 556/1/429 574/1/430 573/1/428
f 556/1/429 557/1/431 575/1/432 574/1/430
f 557/1/431 558/1/433 576/1/434 575/1/432
f 558/1/433 559/1/435 577/1/436 576/1/434
f 559/1/435 560/1/437 578/1/438 577/1/436
f 560/1/437 561/1/439 579/1/440 578/1/438
f 561/1/439 562/1/441 580/1/442 579/1/440
f 562/1/441 563/1/443 581/1/444 580/1/442
f 563/1/443 564/1/445 582/1/446 581/1/444
f 564/1/445 565/1/447 583/1/448 582/1/446
f 565/1/447 566/1/449 584/1/450 583/1/448
f 566/1/449 567/1/451 585/1/452 584/1/450
f 567/1/451 568/1/453 586/1/454 585/1/452
f 568/1/453 569/1/455 587/1/456 586/1/454
f 569/1/455 570/1/457 588/1/458 587/1/456
f 570/1/457 553/1/423 571/1/426 588/1/458
f 571/1/426 572/1/425 590/1/459 589/1/460
f 572/1/425 573/1/428 591/1/461 590/1/459
f 573/1/428 574/1/430 592/1/462 591/1/461
f 574/1/430 575/1/432 593/1/463 592/1/462
f 575/1/432 576/1/434 594/1/464 593/1/463
f 576/1/434 577/1/436 595/1/465 594/1/464
f 577/1/436 578/1/438 596/1/466 595/1/465
f 578/1/438 579/1/440 597/1/467 596/1/466
f 579/1/440 580/1/442 598/1/468 597/1/467
f 580/1/442 581/1/444 599/1/469 598/1/468
f 581/1/444 582/1/446 600/1/470 599/1/469
f 582/1/446 583/1/448 601/1/471 600/1/470
f 583/1/448 584/1/450 602/1/472 601/1/471
f 584/1/450 585/1/452 603/1/473 602/1/472
f 585/1/452 586/1/454 604/1/474 603/1/473
f 586/1/454 587/1/456 605/1/475 604/1/474
f 587/1/456 588/1/458 606/1/476 605/1/475
f 588/1/458 571/1/426 589/1/460 606/1/476
f 589/1/460 590/1/459 608/1/477 607/1/478
f 590/1/459 591/1/461 609/1/479 608/1/477
f 591/1/461 592/1/462 610/1/480 609/1/479
f 592/1/462 593/1/463 611/1/481 610/1/480
f 593/1/463 594/1/464 612/1/482 611/1/481
f 594/1/464 595/1/465 613/1/483 612/1/482
f 595/1/465 596/1/466 614/1/484 613/1/483
f 596/1/466 597/1/467 615/1/485 614/1/484
f 597/1/467 598/1/468 616/1/486 615/1/485
f 598/1/468 599/1/469 617/1/487 616/1/486
f 599/1/469 600/1/470 618/1/488 617/1/487
f 600/1/470 601/1/471 619/1/489 618/1/488
f 601/1/471 602/1/472 620/1/490 619/1/489
f 602/1/472 603/1/473 621/1/491 620/1/490
f 603/1/473 604/1/474 622/1/492 621/1/491
f 604/1/474 605/1/475 623/1/493 622/1/492
f 605/1/475 606/1/476 624/1/494 623/1/493
f 606/1/476 589/1/460 607/1/478 624/1/494
f 607/1/478 608/1/477 626/1/495 625/1/496
f 608/1/477 609/1/479 627/1/497 626/1/495
f 609/1/479 610/1/480 628/1/498 627/1/497
f 610/1/480 611/1/481 629/1/499 628/1/498
f 611/1/481 612/1/482 630/1/500 629/1/499
f 612/1/482 613/1/483 631/1/501 630/1/500
f 613/1/483 614/1/484 632/1/502 631/1/501
f 614/1/484 615/1/485 633/1/503 632/1/502
f 615/1/485 616/1/486 634/1/504 633/1/503
f 616/1/486 617/1/487 635/1/505 634/1/504
f 617/1/487 618/1/488 636/1/506 635/1/505
f 618/1/488 619/1/489 637/1/507 636/1/506
f 619/1/489 620/1/490 638/1/508 637/1/507
f 620/1/490 621/1/491 639/1/509 638/1/508
f 621/1/491 622/1/492 640/1/510 639/1/509
f 622/1/492 623/1/493 641/1/511 640/1/510
f 623/1/493 624/1/494 642/1/512 641/1/511
f 624/1/494 607/1/478 625/1/496 642/1/512
f 643/1/297 554/1/424 553/1/423
f 643/1/297 555/1/427 554/1/424
f 643/1/297 556/1/429 555/1/427
f 643/1/297 557/1/431 556/1/429
f 643/1/297 558/1/433 557/1/431
f 643/1/297 559/1/435 558/1/433
f 643/1/297 560/1/437 559/1/435
f 643/1/297 561/1/439 560/1/437
f 643/1/297 562/1/441 561/1/439
f 643/1/297 563/1/443 562/1/441
f 643/1/297 564/1/445 563/1/443
f 643/1/297 565/1/447 564/1/445
f 643/1/297 566/1/449 565/1/447
f 643/1/297 567/1/451 566/1/449
f 643/1/297 568/1/453 567/1/451
f 643/1/297 569/1/455 568/1/453
f 643/1/297 570/1/457 569/1/455
f 643/1/297 553/1/423 570/1/457
f 644/1/304 625/1/496 626/1/495
f 644/1/304 626/1/495 627/1/497
f 644/1/304 627/1/497 628/1/498
f 644/1/304 628/1/498 629/1/499
f 644/1/304 629/1/499 630/1/500
f 644/1/304 630/1/500 631/1/501
f 644/1/304 631/1/501 632/1/502
f 644/1/304 632/1/502 633/1/503
f 644/1/304 633/1/503 634/1/504
f 644/1/304 634/1/504 635/1/505
f 644/1/304 635/1/505 636/1/506
f 644/1/304 636/1/506 637/1/507
f 644/1/304 637/1/507 638/1/508
f 644/1/304 638/1/508 639/1/509
f 644/1/304 639/1/509 640/1/510
f 644/1/304 640/1/510 641/1/511
f 644/1/304 641/1/511 642/1/512
f 644/1/304 642/1/512 625/1/496
f 1144/363/300 1143/364/967 1106/365/968 1107/243/969
f 1142/366/970 1125/367/304 1105/368/971
f 1131/369/297 1146/370/972 1109/371/973
f 1145/372/974 1144/363/300 1107/243/969 1108/373/975
f 1143/364/967 1142/366/970 1105/368/971 1106/365/968
f 1146/370/972 1145/372/974 1108/373/975 1109/371/973
f 1131/374/297 1109/371/973 1114/375/976
f 1108/373/975 1107/243/969 1112/72/362 1113/376/977
f 1106/365/968 1105/368/971 1110/377/978 1111/378/979
f 1109/371/973 1108/373/975 1113/376/977 1114/375/976
f 1107/243/969 1106/365/968 1111/378/979 1112/72/362
f 1105/368/971 1125/379/304 1110/377/978
f 1131/380/297 1114/375/976 1119/381/980
f 1113/376/977 1112/72/362 1117/382/981 1118/383/982
f 1111/378/979 1110/377/978 1115/384/983 1116/385/984
f 1114/375/976 1113/376/977 1118/383/982 1119/381/980
f 1112/72/362 1111/378/979 1116/385/984 1117/382/981
f 1110/377/978 1125/386/304 1115/384/983
f 1118/383/982 1117/382/981 1122/174/310 1123/387/985
f 1116/385/984 1115/384/983 1120/388/986 1121/389/987
f 1119/381/980 1118/383/982 1123/387/985 1124/390/988
f 1117/382/981 1116/385/984 1121/389/987 1122/174/310
f 1115/384/983 1125/391/304 1120/388/986
f 1131/392/297 1119/381/980 1124/390/988
f 1121/389/987 1120/388/986 1126/393/989 1127/394/990
f 1124/390/988 1123/387/985 1129/395/991 1130/396/992
f 1122/174/310 1121/389/987 1127/394/990 1128/397/993
f 1120/388/986 1125/398/304 1126/393/989
f 1131/399/297 1124/390/988 1130/396/992
f 1123/387/985 1122/174/310 1128/397/993 1129/395/991
f 1130/396/992 1129/395/991 1135/400/994 1136/401/995
f 1128/397/993 1127/394/990 1133/402/996 1134/87/407
f 1126/393/989 1125/403/304 1132/404/997
f 1131/405/297 1130/396/992 1136/401/995
f 1129/395/991 1128/397/993 1134/87/407 1135/400/994
f 1127/394/990 1126/393/989 1132/404/997 1133/402/996
f 1136/406/995 1135/407/994 1140/408/998 1141/409/999
f 1134/2/407 1133/410/996 1138/411/1000 1139/412/1001
f 1132/413/997 1125/414/304 1137/415/1002
f 1131/416/297 1136/406/995 1141/409/999
f 1135/407/994 1134/2/407 1139/412/1001 1140/408/998
f 1133/410/996 1132/413/997 1137/415/1002 1138/411/1000
f 1141/409/999 1140/408/998 1145/372/974 1146/370/972
f 1139/412/1001 1138/411/1000 1143/364/967 1144/363/300
f 1137/415/1002 1125/417/304 1142/366/970
f 1131/418/297 1141/409/999 1146/370/972
f 1140/408/998 1139/412/1001 1144/363/300 1145/372/974
f 1138/411/1000 1137/415/1002 1142/366/970 1143/364/967
f 1187/372/974 1186/363/300 1149/243/969 1150/373/975
f 1185/364/967 1184/366/970 1147/368/971 1148/365/968
f 1188/370/972 1187/372/974 1150/373/975 1151/371/973
f 1186/363/300 1185/364/967 1148/365/968 1149/243/969
f 1184/366/970 1167/367/304 1147/368/971
f 1173/369/297 1188/370/972 1151/371/973
f 1151/371/973 1150/373/975 1155/376/977 1156/375/976
f 1149/243/969 1148/365/968 1153/378/979 1154/72/362
f 1147/368/971 1167/379/304 1152/377/978
f 1173/374/297 1151/371/973 1156/375/976
f 1150/373/975 1149/243/969 1154/72/362 1155/376/977
f 1148/365/968 1147/368/971 1152/377/978 1153/378/979
f 1156/375/976 1155/376/977 1160/383/982 1161/381/980
f 1154/72/362 1153/378/979 1158/385/984 1159/382/981
f 1152/377/978 1167/386/304 1157/384/983
f 1173/380/297 1156/375/976 1161/381/980
f 1155/376/977 1154/72/362 1159/382/981 1160/383/982
f 1153/378/979 1152/377/978 1157/384/983 1158/385/984
f 1161/381/980 1160/383/982 1165/387/985 1166/390/988
f 1159/382/981 1158/385/984 1163/389/987 1164/174/310
f 1157/384/983 1167/391/304 1162/388/986
f 1173/392/297 1161/381/980 1166/390/988
f 1160/383/982 1159/382/981 1164/174/310 1165/387/985
f 1158/385/984 1157/384/983 1162/388/986 1163/389/987
f 1164/174/310 1163/389/987 1169/394/990 1170/397/993
f 1162/388/986 1167/398/304 1168/393/989
f 1173/399/297 1166/390/988 1172/396/992
f 1165/387/985 1164/174/310 1170/397/993 1171/395/991
f 1163/389/987 1162/388/986 1168/393/989 1169/394/990
f 1166/390/988 1165/387/985 1171/395/991 1172/396/992
f 1168/393/989 1167/403/304 1174/404/997
f 1173/405/297 1172/396/992 1178/401/995
f 1171/395/991 1170/397/993 1176/87/407 1177/400/994
f 1169/394/990 1168/393/989 1174/404/997 1175/402/996
f 1172/396/992 1171/395/991 1177/400/994 1178/401/995
f 1170/397/993 1169/394/990 1175/402/996 1176/87/407
f 1173/416/297 1178/406/995 1183/409/999
f 1177/407/994 1176/2/407 1181/412/1001 1182/408/998
f 1175/410/996 1174/413/997 1179/415/1002 1180/411/1000
f 1178/406/995 1177/407/994 1182/408/998 1183/409/999
f 1176/2/407 1175/410/996 1180/411/1000 1181/412/1001
f 1174/413/997 1167/414/304 1179/415/1002
f 1173/418/297 1183/409/999 1188/370/972
f 1182/408/998 1181/412/1001 1186/363/300 1187/372/974
f 1180/411/1000 1179/415/1002 1184/366/970 1185/364/967
f 1183/409/999 1182/408/998 1187/372/974 1188/370/972
f 1181/412/1001 1180/411/1000 1185/364/967 1186/363/300
f 1179/415/1002 1167/417/304 1184/366/970
f 1340/366/970 1323/367/304 1303/368/971
f 1329/369/297 1344/370/972 1307/371/973
f 1343/372/974 1342/363/300 1305/243/969 1306/373/1003
f 1341/364/967 1340/366/970 1303/368/971 1304/365/1004
f 1344/370/972 1343/372/974 1306/373/1003 1307/371/973
f 1342/363/300 1341/364/967 1304/365/1004 1305/243/969
f 1329/374/297 1307/371/973 1312/375/1005
f 1306/373/1003 1305/243/969 1310/72/362 1311/376/977
f 1304/365/1004 1303/368/971 1308/377/978 1309/378/979
f 1307/371/973 1306/373/1003 1311/376/977 1312/375/1005
f 1305/243/969 1304/365/1004 1309/378/979 1310/72/362
f 1303/368/971 1323/379/304 1308/377/978
f 1311/376/977 1310/72/362 1315/382/981 1316/383/982
f 1309/378/979 1308/377/978 1313/384/1006 1314/385/1007
f 1312/375/1005 1311/376/977 1316/383/982 1317/381/980
f 1310/72/362 1309/378/979 1314/385/1007 1315/382/981
f 1308/377/978 1323/386/304 1313/384/1006
f 1329/380/297 1312/375/1005 1317/381/980
f 1314/385/1007 1313/384/1006 1318/388/986 1319/389/987
f 1317/381/980 1316/383/982 1321/387/985 1322/390/988
f 1315/382/981 1314/385/1007 1319/389/987 1320/174/310
f 1313/384/1006 1323/391/304 1318/388/986
f 1329/392/297 1317/381/980 1322/390/988
f 1316/383/982 1315/382/981 1320/174/310 1321/387/985
f 1322/390/988 1321/387/985 1327/395/1008 1328/396/992
f 1320/174/310 1319/389/987 1325/394/1009 1326/397/993
f 1318/388/986 1323/398/304 1324/393/989
f 1329/399/297 1322/390/988 1328/396/992
f 1321/387/985 1320/174/310 1326/397/993 1327/395/1008
f 1319/389/987 1318/388/986 1324/393/989 1325/394/1009
f 1328/396/992 1327/395/1008 1333/400/994 1334/401/1010
f 1326/397/993 1325/394/1009 1331/402/996 1332/87/407
f 1324/393/989 1323/403/304 1330/404/997
f 1329/405/297 1328/396/992 1334/401/1010
f 1327/395/1008 1326/397/993 1332/87/407 1333/400/994
f 1325/394/1009 1324/393/989 1330/404/997 1331/402/996
f 1334/406/1010 1333/407/994 1338/408/998 1339/409/999
f 1332/2/407 1331/410/996 1336/411/1011 1337/412/1001
f 1330/413/997 1323/414/304 1335/415/1002
f 1329/416/297 1334/406/1010 1339/409/999
f 1333/407/994 1332/2/407 1337/412/1001 1338/408/998
f 1331/410/996 1330/413/997 1335/415/1002 1336/411/1011
f 1339/409/999 1338/408/998 1343/372/974 1344/370/972
f 1337/412/1001 1336/411/1011 1341/364/967 1342/363/300
f 1335/415/1002 1323/417/304 1340/366/970
f 1329/418/297 1339/409/999 1344/370/972
f 1338/408/998 1337/412/1001 1342/363/300 1343/372/974
f 1336/411/1011 1335/415/1002 1340/366/970 1341/364/967
f 1382/366/970 1365/367/304 1345/368/971
f 1371/369/297 1386/370/972 1349/371/973
f 1385/372/974 1384/363/300 1347/243/969 1348/373/1003
f 1383/364/967 1382/366/970 1345/368/971 1346/365/1004
f 1386/370/972 1385/372/974 1348/373/1003 1349/371/973
f 1384/363/300 1383/364/967 1346/365/1004 1347/243/969
f 1371/374/297 1349/371/973 1354/375/1005
f 1348/373/1003 1347/243/969 1352/72/362 1353/376/977
f 1346/365/1004 1345/368/971 1350/377/978 1351/378/979
f 1349/371/973 1348/373/1003 1353/376/977 1354/375/1005
f 1347/243/969 1346/365/1004 1351/378/979 1352/72/362
f 1345/368/971 1365/379/304 1350/377/978
f 1353/376/977 1352/72/362 1357/382/981 1358/383/982
f 1351/378/979 1350/377/978 1355/384/1006 1356/385/1007
f 1354/375/1005 1353/376/977 1358/383/982 1359/381/980
f 1352/72/362 1351/378/979 1356/385/1007 1357/382/981
f 1350/377/978 1365/386/304 1355/384/1006
f 1371/380/297 1354/375/1005 1359/381/980
f 1356/385/1007 1355/384/1006 1360/388/986 1361/389/987
f 1359/381/980 1358/383/982 1363/387/985 1364/390/988
f 1357/382/981 1356/385/1007 1361/389/987 1362/174/310
f 1355/384/1006 1365/391/304 1360/388/986
f 1371/392/297 1359/381/980 1364/390/988
f 1358/383/982 1357/382/981 1362/174/310 1363/387/985
f 1364/390/988 1363/387/985 1369/395/1008 1370/396/992
f 1362/174/310 1361/389/987 1367/394/1009 1368/397/993
f 1360/388/986 1365/398/304 1366/393/989
f 1371/399/297 1364/390/988 1370/396/992
f 1363/387/985 1362/174/310 1368/397/993 1369/395/1008
f 1361/389/987 1360/388/986 1366/393/989 1367/394/1009
f 1370/396/992 1369/395/1008 1375/400/994 1376/401/1010
f 1368/397/993 1367/394/1009 1373/402/996 1374/87/407
f 1366/393/989 1365/403/304 1372/404/997
f 1371/405/297 1370/396/992 1376/401/1010
f 1369/395/1008 1368/397/993 1374/87/407 1375/400/994
f 1367/394/1009 1366/393/989 1372/404/997 1373/402/996
f 1376/406/1010 1375/407/994 1380/408/998 1381/409/999
f 1374/2/407 1373/410/996 1378/411/1011 1379/412/1001
f 1372/413/997 1365/414/304 1377/415/1002
f 1371/416/297 1376/406/1010 1381/409/999
f 1375/407/994 1374/2/407 1379/412/1001 1380/408/998
f 1373/410/996 1372/413/997 1377/415/1002 1378/411/1011
f 1381/409/999 1380/408/998 1385/372/974 1386/370/972
f 1379/412/1001 1378/411/1011 1383/364/967 1384/363/300
f 1377/415/1002 1365/417/304 1382/366/970
f 1371/418/297 1381/409/999 1386/370/972
f 1380/408/998 1379/412/1001 1384/363/300 1385/372/974
f 1378/411/1011 1377/415/1002 1382/366/970 1383/364/967
f 1542/370/972 1541/372/974 1504/373/975 1505/371/1012
f 1540/363/300 1539/364/967 1502/365/1004 1503/243/969
f 1538/366/970 1521/367/304 1501/368/971
f 1527/369/297 1542/370/972 1505/371/1012
f 1541/372/974 1540/363/300 1503/243/969 1504/373/975
f 1539/364/967 1538/366/970 1501/368/971 1502/365/1004
f 1503/243/969 1502/365/1004 1507/378/979 1508/72/362
f 1501/368/971 1521/379/304 1506/377/978
f 1527/374/297 1505/371/1012 1510/375/976
f 1504/373/975 1503/243/969 1508/72/362 1509/376/977
f 1502/365/1004 1501/368/971 1506/377/978 1507/378/979
f 1505/371/1012 1504/373/975 1509/376/977 1510/375/976
f 1506/377/978 1521/386/304 1511/384/1006
f 1527/380/297 1510/375/976 1515/381/980
f 1509/376/977 1508/72/362 1513/382/981 1514/383/982
f 1507/378/979 1506/377/978 1511/384/1006 1512/385/1007
f 1510/375/976 1509/376/977 1514/383/982 1515/381/980
f 1508/72/362 1507/378/979 1512/385/1007 1513/382/981
f 1527/392/297 1515/381/980 1520/390/988
f 1514/383/982 1513/382/981 1518/174/310 1519/387/985
f 1512/385/1007 1511/384/1006 1516/388/986 1517/389/987
f 1515/381/980 1514/383/982 1519/387/985 1520/390/988
f 1513/382/981 1512/385/1007 1517/389/987 1518/174/310
f 1511/384/1006 1521/391/304 1516/388/986
f 1527/399/297 1520/390/988 1526/396/1013
f 1519/387/985 1518/174/310 1524/397/993 1525/395/991
f 1517/389/987 1516/388/986 1522/393/989 1523/394/1009
f 1520/390/988 1519/387/985 1525/395/991 1526/396/1013
f 1518/174/310 1517/389/987 1523/394/1009 1524/397/993
f 1516/388/986 1521/398/304 1522/393/989
f 1527/405/297 1526/396/1013 1532/401/995
f 1525/395/991 1524/397/993 1530/87/407 1531/400/994
f 1523/394/1009 1522/393/989 1528/404/997 1529/402/996
f 1526/396/1013 1525/395/991 1531/400/994 1532/401/995
f 1524/397/993 1523/394/1009 1529/402/996 1530/87/407
f 1522/393/989 1521/403/304 1528/404/997
f 1531/407/994 1530/2/407 1535/412/1001 1536/408/998
f 1529/410/996 1528/413/997 1533/415/1002 1534/411/1011
f 1532/406/995 1531/407/994 1536/408/998 1537/409/999
f 1530/2/407 1529/410/996 1534/411/1011 1535/412/1001
f 1528/413/997 1521/414/304 1533/415/1002
f 1527/416/297 1532/406/995 1537/409/999
f 1534/411/1011 1533/415/1002 1538/366/970 1539/364/967
f 1537/409/999 1536/408/998 1541/372/974 1542/370/972
f 1535/412/1001 1534/411/1011 1539/364/967 1540/363/300
f 1533/415/1002 1521/417/304 1538/366/970
f 1527/418/297 1537/409/999 1542/370/972
f 1536/408/998 1535/412/1001 1540/363/300 1541/372/974
f 1569/369/297 1584/370/972 1547/371/1012
f 1583/372/974 1582/363/300 1545/243/969 1546/373/975
f 1581/364/967 1580/366/970 1543/368/971 1544/365/1004
f 1584/370/972 1583/372/974 1546/373/975 1547/371/1012
f 1582/363/300 1581/364/967 1544/365/1004 1545/243/969
f 1580/366/970 1563/367/304 1543/368/971
f 1546/373/975 1545/243/969 1550/72/362 1551/376/977
f 1544/365/1004 1543/368/971 1548/377/978 1549/378/979
f 1547/371/1012 1546/373/975 1551/376/977 1552/375/976
f 1545/243/969 1544/365/1004 1549/378/979 1550/72/362
f 1543/368/971 1563/379/304 1548/377/978
f 1569/374/297 1547/371/1012 1552/375/976
f 1549/378/979 1548/377/978 1553/384/983 1554/385/1007
f 1552/375/976 1551/376/977 1556/383/982 1557/381/980
f 1550/72/362 1549/378/979 1554/385/1007 1555/382/981
f 1548/377/978 1563/386/304 1553/384/983
f 1569/380/297 1552/375/976 1557/381/980
f 1551/376/977 1550/72/362 1555/382/981 1556/383/982
f 1557/381/980 1556/383/982 1561/387/985 1562/390/988
f 1555/382/981 1554/385/1007 1559/389/987 1560/174/310
f 1553/384/983 1563/391/304 1558/388/986
f 1569/392/297 1557/381/980 1562/390/988
f 1556/383/982 1555/382/981 1560/174/310 1561/387/985
f 1554/385/1007 1553/384/983 1558/388/986 1559/389/987
f 1562/390/988 1561/387/985 1567/395/991 1568/396/1013
f 1560/174/310 1559/389/987 1565/394/1009 1566/397/993
f 1558/388/986 1563/398/304 1564/393/989
f 1569/399/297 1562/390/988 1568/396/1013
f 1561/387/985 1560/174/310 1566/397/993 1567/395/991
f 1559/389/987 1558/388/986 1564/393/989 1565/394/1009
f 1568/396/1013 1567/395/991 1573/400/994 1574/401/995
f 1566/397/993 1565/394/1009 1571/402/996 1572/87/407
f 1564/393/989 1563/403/304 1570/404/997
f 1569/405/297 1568/396/1013 1574/401/995
f 1567/395/991 1566/397/993 1572/87/407 1573/400/994
f 1565/394/1009 1564/393/989 1570/404/997 1571/402/996
f 1574/406/995 1573/407/994 1578/408/998 1579/409/999
f 1572/2/407 1571/410/996 1576/411/1011 1577/412/1001
f 1570/413/997 1563/414/304 1575/415/1002
f 1569/416/297 1574/406/995 1579/409/999
f 1573/407/994 1572/2/407 1577/412/1001 1578/408/998
f 1571/410/996 1570/413/997 1575/415/1002 1576/411/1011
f 1577/412/1001 1576/411/1011 1581/364/967 1582/363/300
f 1575/415/1002 1563/417/304 1580/366/970
f 1569/418/297 1579/409/999 1584/370/972
f 1578/408/998 1577/412/1001 1582/363/300 1583/372/974
f 1576/411/1011 1575/415/1002 1580/366/970 1581/364/967
f 1579/409/999 1578/408/998 1583/372/974 1584/370/972
f 2138/434/1398 2137/435/1399 2090/436/1400 2091/437/1401
f 2136/438/300 2135/439/1402 2088/440/1403 2089/441/1404
f 2134/442/1405 2112/443/304 2087/444/1406
f 2123/445/297 2138/434/1398 2091/437/1401
f 2137/435/1399 2136/438/300 2089/441/1404 2090/436/1400
f 2135/439/1402 2134/442/1405 2087/444/1406 2088/440/1403
f 2087/444/1406 2112/446/304 2092/377/1407
f 2123/447/297 2091/437/1401 2096/375/1408
f 2090/436/1400 2089/441/1404 2094/72/1409 2095/376/1410
f 2088/440/1403 2087/444/1406 2092/377/1407 2093/448/1411
f 2091/437/1401 2090/436/1400 2095/376/1410 2096/375/1408
f 2089/441/1404 2088/440/1403 2093/448/1411 2094/72/1409
f 2123/449/297 2096/375/1408 2101/450/1412
f 2095/376/1410 2094/72/1409 2099/451/1413 2100/452/1414
f 2093/448/1411 2092/377/1407 2097/453/1415 2098/454/1416
f 2096/375/1408 2095/376/1410 2100/452/1414 2101/450/1412
f 2094/72/1409 2093/448/1411 2098/454/1416 2099/451/1413
f 2092/377/1407 2112/455/304 2097/453/1415
f 2123/456/297 2101/450/1412 2106/457/1417
f 2100/452/1414 2099/451/1413 2104/458/1418 2105/459/1419
f 2098/454/1416 2097/453/1415 2102/460/1420 2103/461/1421
f 2101/450/1412 2100/452/1414 2105/459/1419 2106/457/1417
f 2099/451/1413 2098/454/1416 2103/461/1421 2104/458/1418
f 2097/453/1415 2112/462/304 2102/460/1420
f 2123/79/297 2106/457/1417 2111/463/1422
f 2105/459/1419 2104/458/1418 2109/464/310 2110/465/1423
f 2103/461/1421 2102/460/1420 2107/466/1424 2108/467/1425
f 2106/457/1417 2105/459/1419 2110/465/1423 2111/463/1422
f 2104/458/1418 2103/461/1421 2108/467/1425 2109/464/310
f 2102/460/1420 2112/83/304 2107/466/1424
f 2110/465/1423 2109/464/310 2115/468/1426 2116/469/1427
f 2108/467/1425 2107/466/1424 2113/470/1428 2114/471/1429
f 2111/463/1422 2110/465/1423 2116/469/1427 2117/472/1430
f 2109/464/310 2108/467/1425 2114/471/1429 2115/468/1426
f 2107/466/1424 2112/473/304 2113/470/1428
f 2123/474/297 2111/463/1422 2117/472/1430
f 2114/471/1429 2113/470/1428 2118/404/1431 2119/475/1432
f 2117/472/1430 2116/469/1427 2121/400/1433 2122/401/1434
f 2115/468/1426 2114/471/1429 2119/475/1432 2120/87/1435
f 2113/470/1428 2112/476/304 2118/404/1431
f 2123/477/297 2117/472/1430 2122/401/1434
f 2116/469/1427 2115/468/1426 2120/87/1435 2121/400/1433
f 2122/478/1434 2121/479/1433 2127/480/1436 2128/481/1437
f 2120/95/1435 2119/482/1432 2125/483/1438 2126/5/1439
f 2118/484/1431 2112/485/304 2124/486/1440
f 2123/487/297 2122/478/1434 2128/481/1437
f 2121/479/1433 2120/95/1435 2126/5/1439 2127/480/1436
f 2119/482/1432 2118/484/1431 2124/486/1440 2125/483/1438
f 2128/481/1437 2127/480/1436 2132/488/1441 2133/489/1442
f 2126/5/1439 2125/483/1438 2130/490/1443 2131/491/1444
f 2124/486/1440 2112/492/304 2129/493/1445
f 2123/494/297 2128/481/1437 2133/489/1442
f 2127/480/1436 2126/5/1439 2131/491/1444 2132/488/1441
f 2125/483/1438 2124/486/1440 2129/493/1445 2130/490/1443
f 2133/489/1442 2132/488/1441 2137/435/1399 2138/434/1398
f 2131/491/1444 2130/490/1443 2135/439/1402 2136/438/300
f 2129/493/1445 2112/96/304 2134/442/1405
f 2123/97/297 2133/489/1442 2138/434/1398
f 2132/488/1441 2131/491/1444 2136/438/300 2137/435/1399
f 2130/490/1443 2129/493/1445 2134/442/1405 2135/439/1402
f 2139/2/1446 2140/3/1447 2142/4/1448 2141/5/1449
f 2141/5/1449 2142/4/1448 2144/6/1450 2143/7/1451
f 2143/7/1451 2144/6/1450 2146/8/1452 2145/9/1453
f 2145/9/1453 2146/8/1452 2148/10/1454 2147/11/1455
f 2147/11/1455 2148/10/1454 2150/12/1456 2149/13/1457
f 2149/13/1457 2150/12/1456 2152/14/1458 2151/15/1459
f 2151/15/1459 2152/14/1458 2154/16/1460 2153/17/1461
f 2153/17/1461 2154/16/1460 2156/18/1462 2155/19/1463
f 2142/495/1448 2140/21/1447 2158/496/1464 2156/497/1462 2154/498/1460 2152/499/1458 2150/26/1456 2148/500/1454 2146/501/1452 2144/502/1450
f 2155/19/1463 2156/18/1462 2158/30/1464 2157/31/1465
f 2157/31/1465 2158/30/1464 2140/32/1447 2139/33/1446
f 2139/34/1446 2141/503/1449 2143/504/1451 2145/505/1453 2147/506/1455 2149/39/1457 2151/507/1459 2153/508/1461 2155/509/1463 2157/510/1465
f 2210/434/1398 2209/435/1399 2162/436/1400 2163/437/1401
f 2208/438/300 2207/511/1402 2160/512/1403 2161/441/1404
f 2206/442/1405 2184/443/304 2159/444/1406
f 2195/445/297 2210/434/1398 2163/437/1401
f 2209/435/1399 2208/438/300 2161/441/1404 2162/436/1400
f 2207/511/1402 2206/442/1405 2159/444/1406 2160/512/1403
f 2159/444/1406 2184/446/304 2164/377/1407
f 2195/447/297 2163/437/1401 2168/375/1408
f 2162/436/1400 2161/441/1404 2166/72/1409 2167/376/1410
f 2160/512/1403 2159/444/1406 2164/377/1407 2165/378/1411
f 2163/437/1401 2162/436/1400 2167/376/1410 2168/375/1408
f 2161/441/1404 2160/512/1403 2165/378/1411 2166/72/1409
f 2195/449/297 2168/375/1408 2173/450/1412
f 2167/376/1410 2166/72/1409 2171/451/1413 2172/452/1414
f 2165/378/1411 2164/377/1407 2169/453/1415 2170/513/1416
f 2168/375/1408 2167/376/1410 2172/452/1414 2173/450/1412
f 2166/72/1409 2165/378/1411 2170/513/1416 2171/451/1413
f 2164/377/1407 2184/455/304 2169/453/1415
f 2195/456/297 2173/450/1412 2178/457/1417
f 2172/452/1414 2171/451/1413 2176/458/1418 2177/514/1419
f 2170/513/1416 2169/453/1415 2174/460/1420 2175/515/1421
f 2173/450/1412 2172/452/1414 2177/514/1419 2178/457/1417
f 2171/451/1413 2170/513/1416 2175/515/1421 2176/458/1418
f 2169/453/1415 2184/462/304 2174/460/1420
f 2195/79/297 2178/457/1417 2183/463/1422
f 2177/514/1419 2176/458/1418 2181/464/310 2182/465/1423
f 2175/515/1421 2174/460/1420 2179/466/1424 2180/516/1425
f 2178/457/1417 2177/514/1419 2182/465/1423 2183/463/1422
f 2176/458/1418 2175/515/1421 2180/516/1425 2181/464/310
f 2174/460/1420 2184/83/304 2179/466/1424
f 2182/465/1423 2181/464/310 2187/468/1426 2188/469/1427
f 2180/516/1425 2179/466/1424 2185/470/1428 2186/517/1429
f 2183/463/1422 2182/465/1423 2188/469/1427 2189/472/1430
f 2181/464/310 2180/516/1425 2186/517/1429 2187/468/1426
f 2179/466/1424 2184/473/304 2185/470/1428
f 2195/474/297 2183/463/1422 2189/472/1430
f 2186/517/1429 2185/470/1428 2190/404/1431 2191/402/1432
f 2189/472/1430 2188/469/1427 2193/400/1433 2194/401/1434
f 2187/468/1426 2186/517/1429 2191/402/1432 2192/87/1435
f 2185/470/1428 2184/476/304 2190/404/1431
f 2195/477/297 2189/472/1430 2194/401/1434
f 2188/469/1427 2187/468/1426 2192/87/1435 2193/400/1433
f 2194/478/1434 2193/479/1433 2199/480/1436 2200/481/1437
f 2192/95/1435 2191/518/1432 2197/519/1438 2198/5/1439
f 2190/484/1431 2184/485/304 2196/486/1440
f 2195/487/297 2194/478/1434 2200/481/1437
f 2193/479/1433 2192/95/1435 2198/5/1439 2199/480/1436
f 2191/518/1432 2190/484/1431 2196/486/1440 2197/519/1438
f 2200/481/1437 2199/480/1436 2204/488/1441 2205/489/1442
f 2198/5/1439 2197/519/1438 2202/520/1443 2203/491/1444
f 2196/486/1440 2184/492/304 2201/493/1445
f 2195/494/297 2200/481/1437 2205/489/1442
f 2199/480/1436 2198/5/1439 2203/491/1444 2204/488/1441
f 2197/519/1438 2196/486/1440 2201/493/1445 2202/520/1443
f 2205/489/1442 2204/488/1441 2209/435/1399 2210/434/1398
f 2203/491/1444 2202/520/1443 2207/511/1402 2208/438/300
f 2201/493/1445 2184/96/304 2206/442/1405
f 2195/97/297 2205/489/1442 2210/434/1398
f 2204/488/1441 2203/491/1444 2208/438/300 2209/435/1399
f 2202/520/1443 2201/493/1445 2206/442/1405 2207/511/1402
f 2261/435/1399 2260/438/300 2213/441/1404 2214/436/1400
f 2259/511/1402 2258/442/1405 2211/444/1406 2212/512/1403
f 2262/434/1398 2261/435/1399 2214/436/1400 2215/437/1401
f 2260/438/300 2259/511/1402 2212/512/1403 2213/441/1404
f 2258/442/1405 2236/443/304 2211/444/1406
f 2247/445/297 2262/434/1398 2215/437/1401
f 2215/437/1401 2214/436/1400 2219/376/1410 2220/375/1408
f 2213/441/1404 2212/512/1403 2217/378/1411 2218/72/1409
f 2211/444/1406 2236/446/304 2216/377/1407
f 2247/447/297 2215/437/1401 2220/375/1408
f 2214/436/1400 2213/441/1404 2218/72/1409 2219/376/1410
f 2212/512/1403 2211/444/1406 2216/377/1407 2217/378/1411
f 2220/375/1408 2219/376/1410 2224/452/1414 2225/450/1412
f 2218/72/1409 2217/378/1411 2222/513/1416 2223/451/1413
f 2216/377/1407 2236/455/304 2221/453/1415
f 2247/449/297 2220/375/1408 2225/450/1412
f 2219/376/1410 2218/72/1409 2223/451/1413 2224/452/1414
f 2217/378/1411 2216/377/1407 2221/453/1415 2222/513/1416
f 2225/450/1412 2224/452/1414 2229/514/1419 2230/457/1417
f 2223/451/1413 2222/513/1416 2227/515/1421 2228/458/1418
f 2221/453/1415 2236/462/304 2226/460/1420
f 2247/456/297 2225/450/1412 2230/457/1417
f 2224/452/1414 2223/451/1413 2228/458/1418 2229/514/1419
f 2222/513/1416 2221/453/1415 2226/460/1420 2227/515/1421
f 2228/458/1418 2227/515/1421 2232/516/1425 2233/464/310
f 2226/460/1420 2236/83/304 2231/466/1424
f 2247/79/297 2230/457/1417 2235/463/1422
f 2229/514/1419 2228/458/1418 2233/464/310 2234/465/1423
f 2227/515/1421 2226/460/1420 2231/466/1424 2232/516/1425
f 2230/457/1417 2229/514/1419 2234/465/1423 2235/463/1422
f 2231/466/1424 2236/473/304 2237/470/1428
f 2247/474/297 2235/463/1422 2241/472/1430
f 2234/465/1423 2233/464/310 2239/468/1426 2240/469/1427
f 2232/516/1425 2231/466/1424 2237/470/1428 2238/517/1429
f 2235/463/1422 2234/465/1423 2240/469/1427 2241/472/1430
f 2233/464/310 2232/516/1425 2238/517/1429 2239/468/1426
f 2247/477/297 2241/472/1430 2246/401/1434
f 2240/469/1427 2239/468/1426 2244/87/1435 2245/400/1433
f 2238/517/1429 2237/470/1428 2242/404/1431 2243/402/1432
f 2241/472/1430 2240/469/1427 2245/400/1433 2246/401/1434
f 2239/468/1426 2238/517/1429 2243/402/1432 2244/87/1435
f 2237/470/1428 2236/476/304 2242/404/1431
f 2247/487/297 2246/478/1434 2252/481/1437
f 2245/479/1433 2244/95/1435 2250/5/1439 2251/480/1436
f 2243/518/1432 2242/484/1431 2248/486/1440 2249/519/1438
f 2246/478/1434 2245/479/1433 2251/480/1436 2252/481/1437
f 2244/95/1435 2243/518/1432 2249/519/1438 2250/5/1439
f 2242/484/1431 2236/485/304 2248/486/1440
f 2247/494/297 2252/481/1437 2257/489/1442
f 2251/480/1436 2250/5/1439 2255/491/1444 2256/488/1441
f 2249/519/1438 2248/486/1440 2253/493/1445 2254/520/1443
f 2252/481/1437 2251/480/1436 2256/488/1441 2257/489/1442
f 2250/5/1439 2249/519/1438 2254/520/1443 2255/491/1444
f 2248/486/1440 2236/492/304 2253/493/1445
f 2256/488/1441 2255/491/1444 2260/438/300 2261/435/1399
f 2254/520/1443 2253/493/1445 2258/442/1405 2259/511/1402
f 2257/489/1442 2256/488/1441 2261/435/1399 2262/434/1398
f 2255/491/1444 2254/520/1443 2259/511/1402 2260/438/300
f 2253/493/1445 2236/96/304 2258/442/1405
f 2247/97/297 2257/489/1442 2262/434/1398
f 2263/2/1446 2264/3/1447 2266/4/1448 2265/5/1449
f 2265/5/1449 2266/4/1448 2268/6/1450 2267/7/1451
f 2267/7/1451 2268/6/1450 2270/8/1452 2269/9/1453
f 2269/9/1453 2270/8/1452 2272/10/1454 2271/11/1455
f 2271/11/1455 2272/10/1454 2274/12/1456 2273/13/1457
f 2273/13/1457 2274/12/1456 2276/14/1458 2275/15/1459
f 2275/15/1459 2276/14/1458 2278/16/1460 2277/17/1461
f 2277/17/1461 2278/16/1460 2280/18/1462 2279/19/1463
f 2266/20/1448 2264/21/1447 2282/22/1464 2280/23/1462 2278/24/1460 2276/25/1458 2274/55/1456 2272/27/1454 2270/28/1452 2268/29/1450
f 2279/19/1463 2280/18/1462 2282/30/1464 2281/31/1465
f 2281/31/1465 2282/30/1464 2264/32/1447 2263/33/1446
f 2263/34/1446 2265/35/1449 2267/36/1451 2269/37/1453 2271/38/1455 2273/63/1457 2275/40/1459 2277/41/1461 2279/42/1463 2281/43/1465
f 2333/435/1399 2332/438/300 2285/441/1404 2286/436/1400
f 2331/511/1402 2330/521/1405 2283/522/1406 2284/512/1403
f 2334/434/1398 2333/435/1399 2286/436/1400 2287/437/1401
f 2332/438/300 2331/511/1402 2284/512/1403 2285/441/1404
f 2330/521/1405 2313/443/304 2283/522/1406
f 2319/445/297 2334/434/1398 2287/437/1401
f 2287/437/1401 2286/436/1400 2291/376/1410 2292/375/1408
f 2285/441/1404 2284/512/1403 2289/378/1411 2290/72/1409
f 2283/522/1406 2313/446/304 2288/523/1407
f 2319/447/297 2287/437/1401 2292/375/1408
f 2286/436/1400 2285/441/1404 2290/72/1409 2291/376/1410
f 2284/512/1403 2283/522/1406 2288/523/1407 2289/378/1411
f 2292/375/1408 2291/376/1410 2296/524/1414 2297/450/1412
f 2290/72/1409 2289/378/1411 2294/525/1416 2295/451/1413
f 2288/523/1407 2313/455/304 2293/526/1415
f 2319/449/297 2292/375/1408 2297/450/1412
f 2291/376/1410 2290/72/1409 2295/451/1413 2296/524/1414
f 2289/378/1411 2288/523/1407 2293/526/1415 2294/525/1416
f 2297/450/1412 2296/524/1414 2301/459/1419 2302/457/1417
f 2295/451/1413 2294/525/1416 2299/527/1421 2300/458/1418
f 2293/526/1415 2313/528/304 2298/529/1420
f 2319/530/297 2297/450/1412 2302/457/1417
f 2296/524/1414 2295/451/1413 2300/458/1418 2301/459/1419
f 2294/525/1416 2293/526/1415 2298/529/1420 2299/527/1421
f 2300/458/1418 2299/527/1421 2304/516/1425 2305/464/310
f 2298/529/1420 2313/83/304 2303/531/1424
f 2319/79/297 2302/457/1417 2307/463/1422
f 2301/459/1419 2300/458/1418 2305/464/310 2306/465/1423
f 2299/527/1421 2298/529/1420 2303/531/1424 2304/516/1425
f 2302/457/1417 2301/459/1419 2306/465/1423 2307/463/1422
f 2303/531/1424 2313/473/304 2308/532/1428
f 2319/474/297 2307/463/1422 2312/472/1430
f 2306/465/1423 2305/464/310 2310/468/1426 2311/469/1427
f 2304/516/1425 2303/531/1424 2308/532/1428 2309/517/1429
f 2307/463/1422 2306/465/1423 2311/469/1427 2312/472/1430
f 2305/464/310 2304/516/1425 2309/517/1429 2310/468/1426
f 2319/533/297 2312/472/1430 2318/401/1434
f 2311/469/1427 2310/468/1426 2316/87/1435 2317/400/1433
f 2309/517/1429 2308/532/1428 2314/534/1431 2315/402/1432
f 2312/472/1430 2311/469/1427 2317/400/1433 2318/401/1434
f 2310/468/1426 2309/517/1429 2315/402/1432 2316/87/1435
f 2308/532/1428 2313/535/304 2314/534/1431
f 2319/487/297 2318/478/1434 2324/536/1437
f 2317/479/1433 2316/95/1435 2322/537/1439 2323/538/1436
f 2315/518/1432 2314/539/1431 2320/540/1440 2321/541/1438
f 2318/478/1434 2317/479/1433 2323/538/1436 2324/536/1437
f 2316/95/1435 2315/518/1432 2321/541/1438 2322/537/1439
f 2314/539/1431 2313/485/304 2320/540/1440
f 2319/494/297 2324/536/1437 2329/489/1442
f 2323/538/1436 2322/537/1439 2327/491/1444 2328/488/1441
f 2321/541/1438 2320/540/1440 2325/542/1445 2326/520/1443
f 2324/536/1437 2323/538/1436 2328/488/1441 2329/489/1442
f 2322/537/1439 2321/541/1438 2326/520/1443 2327/491/1444
f 2320/540/1440 2313/492/304 2325/542/1445
f 2328/488/1441 2327/491/1444 2332/438/300 2333/435/1399
f 2326/520/1443 2325/542/1445 2330/521/1405 2331/511/1402
f 2329/489/1442 2328/488/1441 2333/435/1399 2334/434/1398
f 2327/491/1444 2326/520/1443 2331/511/1402 2332/438/300
f 2325/542/1445 2313/117/304 2330/521/1405
f 2319/118/297 2329/489/1442 2334/434/1398
f 2385/435/1399 2384/438/300 2337/441/1404 2338/436/1400
f 2383/511/1402 2382/521/1405 2335/522/1406 2336/512/1403
f 2386/434/1398 2385/435/1399 2338/436/1400 2339/437/1401
f 2384/438/300 2383/511/1402 2336/512/1403 2337/441/1404
f 2382/521/1405 2365/443/304 2335/522/1406
f 2371/445/297 2386/434/1398 2339/437/1401
f 2339/437/1401 2338/436/1400 2343/376/1410 2344/375/1408
f 2337/441/1404 2336/512/1403 2341/378/1411 2342/72/1409
f 2335/522/1406 2365/446/304 2340/523/1407
f 2371/447/297 2339/437/1401 2344/375/1408
f 2338/436/1400 2337/441/1404 2342/72/1409 2343/376/1410
f 2336/512/1403 2335/522/1406 2340/523/1407 2341/378/1411
f 2344/375/1408 2343/376/1410 2348/524/1414 2349/450/1412
f 2342/72/1409 2341/378/1411 2346/525/1416 2347/451/1413
f 2340/523/1407 2365/455/304 2345/526/1415
f 2371/449/297 2344/375/1408 2349/450/1412
f 2343/376/1410 2342/72/1409 2347/451/1413 2348/524/1414
f 2341/378/1411 2340/523/1407 2345/526/1415 2346/525/1416
f 2349/450/1412 2348/524/1414 2353/459/1419 2354/457/1417
f 2347/451/1413 2346/525/1416 2351/527/1421 2352/458/1418
f 2345/526/1415 2365/528/304 2350/529/1420
f 2371/530/297 2349/450/1412 2354/457/1417
f 2348/524/1414 2347/451/1413 2352/458/1418 2353/459/1419
f 2346/525/1416 2345/526/1415 2350/529/1420 2351/527/1421
f 2352/458/1418 2351/527/1421 2356/516/1425 2357/464/310
f 2350/529/1420 2365/83/304 2355/531/1424
f 2371/79/297 2354/457/1417 2359/463/1422
f 2353/459/1419 2352/458/1418 2357/464/310 2358/465/1423
f 2351/527/1421 2350/529/1420 2355/531/1424 2356/516/1425
f 2354/457/1417 2353/459/1419 2358/465/1423 2359/463/1422
f 2355/531/1424 2365/473/304 2360/532/1428
f 2371/474/297 2359/463/1422 2364/472/1430
f 2358/465/1423 2357/464/310 2362/468/1426 2363/469/1427
f 2356/516/1425 2355/531/1424 2360/532/1428 2361/517/1429
f 2359/463/1422 2358/465/1423 2363/469/1427 2364/472/1430
f 2357/464/310 2356/516/1425 2361/517/1429 2362/468/1426
f 2371/533/297 2364/472/1430 2370/401/1434
f 2363/469/1427 2362/468/1426 2368/87/1435 2369/400/1433
f 2361/517/1429 2360/532/1428 2366/534/1431 2367/402/1432
f 2364/472/1430 2363/469/1427 2369/400/1433 2370/401/1434
f 2362/468/1426 2361/517/1429 2367/402/1432 2368/87/1435
f 2360/532/1428 2365/535/304 2366/534/1431
f 2371/487/297 2370/478/1434 2376/536/1437
f 2369/479/1433 2368/95/1435 2374/537/1439 2375/538/1436
f 2367/518/1432 2366/539/1431 2372/540/1440 2373/541/1438
f 2370/478/1434 2369/479/1433 2375/538/1436 2376/536/1437
f 2368/95/1435 2367/518/1432 2373/541/1438 2374/537/1439
f 2366/539/1431 2365/485/304 2372/540/1440
f 2371/494/297 2376/536/1437 2381/489/1442
f 2375/538/1436 2374/537/1439 2379/491/1444 2380/488/1441
f 2373/541/1438 2372/540/1440 2377/542/1445 2378/520/1443
f 2376/536/1437 2375/538/1436 2380/488/1441 2381/489/1442
f 2374/537/1439 2373/541/1438 2378/520/1443 2379/491/1444
f 2372/540/1440 2365/492/304 2377/542/1445
f 2380/488/1441 2379/491/1444 2384/438/300 2385/435/1399
f 2378/520/1443 2377/542/1445 2382/521/1405 2383/511/1402
f 2381/489/1442 2380/488/1441 2385/435/1399 2386/434/1398
f 2379/491/1444 2378/520/1443 2383/511/1402 2384/438/300
f 2377/542/1445 2365/117/304 2382/521/1405
f 2371/118/297 2381/489/1442 2386/434/1398
f 2926/438/300 2925/439/1402 2878/440/1403 2879/441/1404
f 2924/442/1405 2902/443/304 2877/444/1406
f 2913/445/297 2928/434/1398 2881/437/1401
f 2927/435/1399 2926/438/300 2879/441/1404 2880/436/1400
f 2925/439/1402 2924/442/1405 2877/444/1406 2878/440/1403
f 2928/434/1398 2927/435/1399 2880/436/1400 2881/437/1401
f 2913/447/297 2881/437/1401 2886/375/1408
f 2880/436/1400 2879/441/1404 2884/72/1409 2885/376/1410
f 2878/440/1403 2877/444/1406 2882/377/1407 2883/448/1411
f 2881/437/1401 2880/436/1400 2885/376/1410 2886/375/1408
f 2879/441/1404 2878/440/1403 2883/448/1411 2884/72/1409
f 2877/444/1406 2902/446/304 2882/377/1407
f 2913/449/297 2886/375/1408 2891/450/1412
f 2885/376/1410 2884/72/1409 2889/451/1413 2890/452/1414
f 2883/448/1411 2882/377/1407 2887/453/1415 2888/454/1416
f 2886/375/1408 2885/376/1410 2890/452/1414 2891/450/1412
f 2884/72/1409 2883/448/1411 2888/454/1416 2889/451/1413
f 2882/377/1407 2902/455/304 2887/453/1415
f 2890/452/1414 2889/451/1413 2894/458/1418 2895/459/1419
f 2888/454/1416 2887/453/1415 2892/460/1420 2893/461/1421
f 2891/450/1412 2890/452/1414 2895/459/1419 2896/457/1417
f 2889/451/1413 2888/454/1416 2893/461/1421 2894/458/1418
f 2887/453/1415 2902/462/304 2892/460/1420
f 2913/456/297 2891/450/1412 2896/457/1417
f 2893/461/1421 2892/460/1420 2897/466/1424 2898/467/1425
f 2896/457/1417 2895/459/1419 2900/465/1423 2901/463/1422
f 2894/458/1418 2893/461/1421 2898/467/1425 2899/464/310
f 2892/460/1420 2902/83/304 2897/466/1424
f 2913/79/297 2896/457/1417 2901/463/1422
f 2895/459/1419 2894/458/1418 2899/464/310 2900/465/1423
f 2901/463/1422 2900/465/1423 2906/469/1427 2907/472/1430
f 2899/464/310 2898/467/1425 2904/471/1429 2905/468/1426
f 2897/466/1424 2902/473/304 2903/470/1428
f 2913/474/297 2901/463/1422 2907/472/1430
f 2900/465/1423 2899/464/310 2905/468/1426 2906/469/1427
f 2898/467/1425 2897/466/1424 2903/470/1428 2904/471/1429
f 2907/472/1430 2906/469/1427 2911/400/1433 2912/401/1434
f 2905/468/1426 2904/471/1429 2909/475/1432 2910/87/1435
f 2903/470/1428 2902/476/304 2908/404/1431
f 2913/477/297 2907/472/1430 2912/401/1434
f 2906/469/1427 2905/468/1426 2910/87/1435 2911/400/1433
f 2904/471/1429 2903/470/1428 2908/404/1431 2909/475/1432
f 2912/478/1434 2911/479/1433 2917/480/1436 2918/481/1437
f 2910/95/1435 2909/482/1432 2915/483/1438 2916/5/1439
f 2908/484/1431 2902/485/304 2914/486/1440
f 2913/487/297 2912/478/1434 2918/481/1437
f 2911/479/1433 2910/95/1435 2916/5/1439 2917/480/1436
f 2909/482/1432 2908/484/1431 2914/486/1440 2915/483/1438
f 2918/481/1437 2917/480/1436 2922/488/1441 2923/489/1442
f 2916/5/1439 2915/483/1438 2920/490/1443 2921/491/1444
f 2914/486/1440 2902/492/304 2919/493/1445
f 2913/494/297 2918/481/1437 2923/489/1442
f 2917/480/1436 2916/5/1439 2921/491/1444 2922/488/1441
f 2915/483/1438 2914/486/1440 2919/493/1445 2920/490/1443
f 2921/491/1444 2920/490/1443 2925/439/1402 2926/438/300
f 2919/493/1445 2902/96/304 2924/442/1405
f 2913/97/297 2923/489/1442 2928/434/1398
f 2922/488/1441 2921/491/1444 2926/438/300 2927/435/1399
f 2920/490/1443 2919/493/1445 2924/442/1405 2925/439/1402
f 2923/489/1442 2922/488/1441 2927/435/1399 2928/434/1398
f 2929/2/1618 2930/3/1619 2932/4/1620 2931/5/1621
f 2931/5/1621 2932/4/1620 2934/6/1622 2933/7/1623
f 2933/7/1623 2934/6/1622 2936/8/1624 2935/9/1625
f 2935/9/1625 2936/8/1624 2938/10/1626 2937/11/1627
f 2937/11/1627 2938/10/1626 2940/12/1628 2939/13/1629
f 2939/13/1629 2940/12/1628 2942/14/1630 2941/15/1631
f 2941/15/1631 2942/14/1630 2944/16/1632 2943/17/1633
f 2943/17/1633 2944/16/1632 2946/18/1634 2945/19/1635
f 2932/495/1620 2930/21/1619 2948/496/1636 2946/497/1634 2944/498/1632 2942/499/1630 2940/26/1628 2938/500/1626 2936/501/1624 2934/502/1622
f 2945/19/1635 2946/18/1634 2948/30/1636 2947/31/1637
f 2947/31/1637 2948/30/1636 2930/32/1619 2929/33/1618
f 2929/34/1618 2931/503/1621 2933/504/1623 2935/505/1625 2937/506/1627 2939/39/1629 2941/507/1631 2943/508/1633 2945/509/1635 2947/510/1637
f 3000/434/1398 2999/435/1399 2952/436/1400 2953/437/1401
f 2998/438/300 2997/511/1402 2950/512/1403 2951/441/1404
f 2996/442/1405 2974/443/304 2949/444/1406
f 2985/445/297 3000/434/1398 2953/437/1401
f 2999/435/1399 2998/438/300 2951/441/1404 2952/436/1400
f 2997/511/1402 2996/442/1405 2949/444/1406 2950/512/1403
f 2951/441/1404 2950/512/1403 2955/378/1411 2956/72/1409
f 2949/444/1406 2974/446/304 2954/377/1407
f 2985/447/297 2953/437/1401 2958/375/1408
f 2952/436/1400 2951/441/1404 2956/72/1409 2957/376/1410
f 2950/512/1403 2949/444/1406 2954/377/1407 2955/378/1411
f 2953/437/1401 2952/436/1400 2957/376/1410 2958/375/1408
f 2954/377/1407 2974/455/304 2959/453/1415
f 2985/449/297 2958/375/1408 2963/450/1412
f 2957/376/1410 2956/72/1409 2961/451/1413 2962/452/1414
f 2955/378/1411 2954/377/1407 2959/453/1415 2960/513/1416
f 2958/375/1408 2957/376/1410 2962/452/1414 2963/450/1412
f 2956/72/1409 2955/378/1411 2960/513/1416 2961/451/1413
f 2985/456/297 2963/450/1412 2968/457/1417
f 2962/452/1414 2961/451/1413 2966/458/1418 2967/514/1419
f 2960/513/1416 2959/453/1415 2964/460/1420 2965/515/1421
f 2963/450/1412 2962/452/1414 2967/514/1419 2968/457/1417
f 2961/451/1413 2960/513/1416 2965/515/1421 2966/458/1418
f 2959/453/1415 2974/462/304 2964/460/1420
f 2985/79/297 2968/457/1417 2973/463/1422
f 2967/514/1419 2966/458/1418 2971/464/310 2972/465/1423
f 2965/515/1421 2964/460/1420 2969/466/1424 2970/516/1425
f 2968/457/1417 2967/514/1419 2972/465/1423 2973/463/1422
f 2966/458/1418 2965/515/1421 2970/516/1425 2971/464/310
f 2964/460/1420 2974/83/304 2969/466/1424
f 2985/474/297 2973/463/1422 2979/472/1430
f 2972/465/1423 2971/464/310 2977/468/1426 2978/469/1427
f 2970/516/1425 2969/466/1424 2975/470/1428 2976/517/1429
f 2973/463/1422 2972/465/1423 2978/469/1427 2979/472/1430
f 2971/464/310 2970/516/1425 2976/517/1429 2977/468/1426
f 2969/466/1424 2974/473/304 2975/470/1428
f 2978/469/1427 2977/468/1426 2982/87/1435 2983/400/1433
f 2976/517/1429 2975/470/1428 2980/404/1431 2981/402/1432
f 2979/472/1430 2978/469/1427 2983/400/1433 2984/401/1434
f 2977/468/1426 2976/517/1429 2981/402/1432 2982/87/1435
f 2975/470/1428 2974/476/304 2980/404/1431
f 2985/477/297 2979/472/1430 2984/401/1434
f 2981/518/1432 2980/484/1431 2986/486/1440 2987/519/1438
f 2984/478/1434 2983/479/1433 2989/480/1436 2990/481/1437
f 2982/95/1435 2981/518/1432 2987/519/1438 2988/5/1439
f 2980/484/1431 2974/485/304 2986/486/1440
f 2985/487/297 2984/478/1434 2990/481/1437
f 2983/479/1433 2982/95/1435 2988/5/1439 2989/480/1436
f 2990/481/1437 2989/480/1436 2994/488/1441 2995/489/1442
f 2988/5/1439 2987/519/1438 2992/520/1443 2993/491/1444
f 2986/486/1440 2974/492/304 2991/493/1445
f 2985/494/297 2990/481/1437 2995/489/1442
f 2989/480/1436 2988/5/1439 2993/491/1444 2994/488/1441
f 2987/519/1438 2986/486/1440 2991/493/1445 2992/520/1443
f 2995/489/1442 2994/488/1441 2999/435/1399 3000/434/1398
f 2993/491/1444 2992/520/1443 2997/511/1402 2998/438/300
f 2991/493/1445 2974/96/304 2996/442/1405
f 2985/97/297 2995/489/1442 3000/434/1398
f 2994/488/1441 2993/491/1444 2998/438/300 2999/435/1399
f 2992/520/1443 2991/493/1445 2996/442/1405 2997/511/1402
f 3052/434/1398 3051/435/1399 3004/436/1400 3005/437/1401
f 3050/438/300 3049/511/1402 3002/512/1403 3003/441/1404
f 3048/442/1405 3026/443/304 3001/444/1406
f 3037/445/297 3052/434/1398 3005/437/1401
f 3051/435/1399 3050/438/300 3003/441/1404 3004/436/1400
f 3049/511/1402 3048/442/1405 3001/444/1406 3002/512/1403
f 3003/441/1404 3002/512/1403 3007/378/1411 3008/72/1409
f 3001/444/1406 3026/446/304 3006/377/1407
f 3037/447/297 3005/437/1401 3010/375/1408
f 3004/436/1400 3003/441/1404 3008/72/1409 3009/376/1410
f 3002/512/1403 3001/444/1406 3006/377/1407 3007/378/1411
f 3005/437/1401 3004/436/1400 3009/376/1410 3010/375/1408
f 3006/377/1407 3026/455/304 3011/453/1415
f 3037/449/297 3010/375/1408 3015/450/1412
f 3009/376/1410 3008/72/1409 3013/451/1413 3014/452/1414
f 3007/378/1411 3006/377/1407 3011/453/1415 3012/513/1416
f 3010/375/1408 3009/376/1410 3014/452/1414 3015/450/1412
f 3008/72/1409 3007/378/1411 3012/513/1416 3013/451/1413
f 3037/456/297 3015/450/1412 3020/457/1417
f 3014/452/1414 3013/451/1413 3018/458/1418 3019/514/1419
f 3012/513/1416 3011/453/1415 3016/460/1420 3017/515/1421
f 3015/450/1412 3014/452/1414 3019/514/1419 3020/457/1417
f 3013/451/1413 3012/513/1416 3017/515/1421 3018/458/1418
f 3011/453/1415 3026/462/304 3016/460/1420
f 3037/79/297 3020/457/1417 3025/463/1422
f 3019/514/1419 3018/458/1418 3023/464/310 3024/465/1423
f 3017/515/1421 3016/460/1420 3021/466/1424 3022/516/1425
f 3020/457/1417 3019/514/1419 3024/465/1423 3025/463/1422
f 3018/458/1418 3017/515/1421 3022/516/1425 3023/464/310
f 3016/460/1420 3026/83/304 3021/466/1424
f 3037/474/297 3025/463/1422 3031/472/1430
f 3024/465/1423 3023/464/310 3029/468/1426 3030/469/1427
f 3022/516/1425 3021/466/1424 3027/470/1428 3028/517/1429
f 3025/463/1422 3024/465/1423 3030/469/1427 3031/472/1430
f 3023/464/310 3022/516/1425 3028/517/1429 3029/468/1426
f 3021/466/1424 3026/473/304 3027/470/1428
f 3030/469/1427 3029/468/1426 3034/87/1435 3035/400/1433
f 3028/517/1429 3027/470/1428 3032/404/1431 3033/402/1432
f 3031/472/1430 3030/469/1427 3035/400/1433 3036/401/1434
f 3029/468/1426 3028/517/1429 3033/402/1432 3034/87/1435
f 3027/470/1428 3026/476/304 3032/404/1431
f 3037/477/297 3031/472/1430 3036/401/1434
f 3033/518/1432 3032/484/1431 3038/486/1440 3039/519/1438
f 3036/478/1434 3035/479/1433 3041/480/1436 3042/481/1437
f 3034/95/1435 3033/518/1432 3039/519/1438 3040/5/1439
f 3032/484/1431 3026/485/304 3038/486/1440
f 3037/487/297 3036/478/1434 3042/481/1437
f 3035/479/1433 3034/95/1435 3040/5/1439 3041/480/1436
f 3042/481/1437 3041/480/1436 3046/488/1441 3047/489/1442
f 3040/5/1439 3039/519/1438 3044/520/1443 3045/491/1444
f 3038/486/1440 3026/492/304 3043/493/1445
f 3037/494/297 3042/481/1437 3047/489/1442
f 3041/480/1436 3040/5/1439 3045/491/1444 3046/488/1441
f 3039/519/1438 3038/486/1440 3043/493/1445 3044/520/1443
f 3047/489/1442 3046/488/1441 3051/435/1399 3052/434/1398
f 3045/491/1444 3044/520/1443 3049/511/1402 3050/438/300
f 3043/493/1445 3026/96/304 3048/442/1405
f 3037/97/297 3047/489/1442 3052/434/1398
f 3046/488/1441 3045/491/1444 3050/438/300 3051/435/1399
f 3044/520/1443 3043/493/1445 3048/442/1405 3049/511/1402
f 3053/2/1618 3054/3/1619 3056/4/1620 3055/5/1621
f 3055/5/1621 3056/4/1620 3058/6/1622 3057/7/1623
f 3057/7/1623 3058/6/1622 3060/8/1624 3059/9/1625
f 3059/9/1625 3060/8/1624 3062/10/1626 3061/11/1627
f 3061/11/1627 3062/10/1626 3064/12/1628 3063/13/1629
f 3063/13/1629 3064/12/1628 3066/14/1630 3065/15/1631
f 3065/15/1631 3066/14/1630 3068/16/1632 3067/17/1633
f 3067/17/1633 3068/16/1632 3070/18/1634 3069/19/1635
f 3056/20/1620 3054/21/1619 3072/22/1636 3070/23/1634 3068/24/1632 3066/25/1630 3064/55/1628 3062/27/1626 3060/28/1624 3058/29/1622
f 3069/19/1635 3070/18/1634 3072/30/1636 3071/31/1637
f 3071/31/1637 3072/30/1636 3054/32/1619 3053/33/1618
f 3053/34/1618 3055/35/1621 3057/36/1623 3059/37/1625 3061/38/1627 3063/63/1629 3065/40/1631 3067/41/1633 3069/42/1635 3071/43/1637
f 3120/521/1405 3103/443/304 3073/522/1406
f 3109/445/297 3124/434/1398 3077/437/1401
f 3123/435/1399 3122/438/300 3075/441/1404 3076/436/1400
f 3121/511/1402 3120/521/1405 3073/522/1406 3074/512/1403
f 3124/434/1398 3123/435/1399 3076/436/1400 3077/437/1401
f 3122/438/300 3121/511/1402 3074/512/1403 3075/441/1404
f 3109/447/297 3077/437/1401 3082/375/1408
f 3076/436/1400 3075/441/1404 3080/72/1409 3081/376/1410
f 3074/512/1403 3073/522/1406 3078/523/1407 3079/378/1411
f 3077/437/1401 3076/436/1400 3081/376/1410 3082/375/1408
f 3075/441/1404 3074/512/1403 3079/378/1411 3080/72/1409
f 3073/522/1406 3103/446/304 3078/523/1407
f 3081/376/1410 3080/72/1409 3085/451/1413 3086/524/1414
f 3079/378/1411 3078/523/1407 3083/526/1415 3084/525/1416
f 3082/375/1408 3081/376/1410 3086/524/1414 3087/450/1412
f 3080/72/1409 3079/378/1411 3084/525/1416 3085/451/1413
f 3078/523/1407 3103/455/304 3083/526/1415
f 3109/449/297 3082/375/1408 3087/450/1412
f 3084/525/1416 3083/526/1415 3088/529/1420 3089/527/1421
f 3087/450/1412 3086/524/1414 3091/459/1419 3092/457/1417
f 3085/451/1413 3084/525/1416 3089/527/1421 3090/458/1418
f 3083/526/1415 3103/528/304 3088/529/1420
f 3109/530/297 3087/450/1412 3092/457/1417
f 3086/524/1414 3085/451/1413 3090/458/1418 3091/459/1419
f 3092/457/1417 3091/459/1419 3096/465/1423 3097/463/1422
f 3090/458/1418 3089/527/1421 3094/516/1425 3095/464/310
f 3088/529/1420 3103/83/304 3093/531/1424
f 3109/79/297 3092/457/1417 3097/463/1422
f 3091/459/1419 3090/458/1418 3095/464/310 3096/465/1423
f 3089/527/1421 3088/529/1420 3093/531/1424 3094/516/1425
f 3097/463/1422 3096/465/1423 3101/469/1427 3102/472/1430
f 3095/464/310 3094/516/1425 3099/517/1429 3100/468/1426
f 3093/531/1424 3103/473/304 3098/532/1428
f 3109/474/297 3097/463/1422 3102/472/1430
f 3096/465/1423 3095/464/310 3100/468/1426 3101/469/1427
f 3094/516/1425 3093/531/1424 3098/532/1428 3099/517/1429
f 3102/472/1430 3101/469/1427 3107/400/1433 3108/401/1434
f 3100/468/1426 3099/517/1429 3105/402/1432 3106/87/1435
f 3098/532/1428 3103/535/304 3104/534/1431
f 3109/533/297 3102/472/1430 3108/401/1434
f 3101/469/1427 3100/468/1426 3106/87/1435 3107/400/1433
f 3099/517/1429 3098/532/1428 3104/534/1431 3105/402/1432
f 3108/478/1434 3107/479/1433 3113/538/1436 3114/536/1437
f 3106/95/1435 3105/518/1432 3111/541/1438 3112/537/1439
f 3104/539/1431 3103/485/304 3110/540/1440
f 3109/487/297 3108/478/1434 3114/536/1437
f 3107/479/1433 3106/95/1435 3112/537/1439 3113/538/1436
f 3105/518/1432 3104/539/1431 3110/540/1440 3111/541/1438
f 3112/537/1439 3111/541/1438 3116/520/1443 3117/491/1444
f 3110/540/1440 3103/492/304 3115/542/1445
f 3109/494/297 3114/536/1437 3119/489/1442
f 3113/538/1436 3112/537/1439 3117/491/1444 3118/488/1441
f 3111/541/1438 3110/540/1440 3115/542/1445 3116/520/1443
f 3114/536/1437 3113/538/1436 3118/488/1441 3119/489/1442
f 3115/542/1445 3103/117/304 3120/521/1405
f 3109/118/297 3119/489/1442 3124/434/1398
f 3118/488/1441 3117/491/1444 3122/438/300 3123/435/1399
f 3116/520/1443 3115/542/1445 3120/521/1405 3121/511/1402
f 3119/489/1442 3118/488/1441 3123/435/1399 3124/434/1398
f 3117/491/1444 3116/520/1443 3121/511/1402 3122/438/300
f 3176/434/1398 3175/435/1399 3128/436/1400 3129/437/1401
f 3174/438/300 3173/511/1402 3126/512/1403 3127/441/1404
f 3172/521/1405 3155/443/304 3125/522/1406
f 3161/445/297 3176/434/1398 3129/437/1401
f 3175/435/1399 3174/438/300 3127/441/1404 3128/436/1400
f 3173/511/1402 3172/521/1405 3125/522/1406 3126/512/1403
f 3127/441/1404 3126/512/1403 3131/378/1411 3132/72/1409
f 3125/522/1406 3155/446/304 3130/523/1407
f 3161/447/297 3129/437/1401 3134/375/1408
f 3128/436/1400 3127/441/1404 3132/72/1409 3133/376/1410
f 3126/512/1403 3125/522/1406 3130/523/1407 3131/378/1411
f 3129/437/1401 3128/436/1400 3133/376/1410 3134/375/1408
f 3130/523/1407 3155/455/304 3135/526/1415
f 3161/449/297 3134/375/1408 3139/450/1412
f 3133/376/1410 3132/72/1409 3137/451/1413 3138/524/1414
f 3131/378/1411 3130/523/1407 3135/526/1415 3136/525/1416
f 3134/375/1408 3133/376/1410 3138/524/1414 3139/450/1412
f 3132/72/1409 3131/378/1411 3136/525/1416 3137/451/1413
f 3161/530/297 3139/450/1412 3144/457/1417
f 3138/524/1414 3137/451/1413 3142/458/1418 3143/459/1419
f 3136/525/1416 3135/526/1415 3140/529/1420 3141/527/1421
f 3139/450/1412 3138/524/1414 3143/459/1419 3144/457/1417
f 3137/451/1413 3136/525/1416 3141/527/1421 3142/458/1418
f 3135/526/1415 3155/528/304 3140/529/1420
f 3161/79/297 3144/457/1417 3149/463/1422
f 3143/459/1419 3142/458/1418 3147/464/310 3148/465/1423
f 3141/527/1421 3140/529/1420 3145/531/1424 3146/516/1425
f 3144/457/1417 3143/459/1419 3148/465/1423 3149/463/1422
f 3142/458/1418 3141/527/1421 3146/516/1425 3147/464/310
f 3140/529/1420 3155/83/304 3145/531/1424
f 3161/474/297 3149/463/1422 3154/472/1430
f 3148/465/1423 3147/464/310 3152/468/1426 3153/469/1427
f 3146/516/1425 3145/531/1424 3150/532/1428 3151/517/1429
f 3149/463/1422 3148/465/1423 3153/469/1427 3154/472/1430
f 3147/464/310 3146/516/1425 3151/517/1429 3152/468/1426
f 3145/531/1424 3155/473/304 3150/532/1428
f 3153/469/1427 3152/468/1426 3158/87/1435 3159/400/1433
f 3151/517/1429 3150/532/1428 3156/534/1431 3157/402/1432
f 3154/472/1430 3153/469/1427 3159/400/1433 3160/401/1434
f 3152/468/1426 3151/517/1429 3157/402/1432 3158/87/1435
f 3150/532/1428 3155/535/304 3156/534/1431
f 3161/533/297 3154/472/1430 3160/401/1434
f 3157/518/1432 3156/539/1431 3162/540/1440 3163/541/1438
f 3160/478/1434 3159/479/1433 3165/538/1436 3166/536/1437
f 3158/95/1435 3157/518/1432 3163/541/1438 3164/537/1439
f 3156/539/1431 3155/485/304 3162/540/1440
f 3161/487/297 3160/478/1434 3166/536/1437
f 3159/479/1433 3158/95/1435 3164/537/1439 3165/538/1436
f 3166/536/1437 3165/538/1436 3170/488/1441 3171/489/1442
f 3164/537/1439 3163/541/1438 3168/520/1443 3169/491/1444
f 3162/540/1440 3155/492/304 3167/542/1445
f 3161/494/297 3166/536/1437 3171/489/1442
f 3165/538/1436 3164/537/1439 3169/491/1444 3170/488/1441
f 3163/541/1438 3162/540/1440 3167/542/1445 3168/520/1443
f 3171/489/1442 3170/488/1441 3175/435/1399 3176/434/1398
f 3169/491/1444 3168/520/1443 3173/511/1402 3174/438/300
f 3167/542/1445 3155/117/304 3172/521/1405
f 3161/118/297 3171/489/1442 3176/434/1398
f 3170/488/1441 3169/491/1444 3174/438/300 3175/435/1399
f 3168/520/1443 3167/542/1445 3172/521/1405 3173/511/1402
f 3667/2/1686 3668/3/1687 3670/4/1688 3669/5/1689
f 3669/5/1689 3670/4/1688 3672/6/1690 3671/7/1691
f 3671/7/1691 3672/6/1690 3674/8/1692 3673/9/1693
f 3673/9/1693 3674/8/1692 3676/10/1694 3675/11/1695
f 3675/11/1695 3676/10/1694 3678/12/1696 3677/13/1697
f 3677/13/1697 3678/12/1696 3680/14/1698 3679/15/1699
f 3679/15/1699 3680/14/1698 3682/16/1700 3681/17/1701
f 3681/17/1701 3682/16/1700 3684/18/1702 3683/19/1703
f 3670/495/1688 3668/21/1687 3686/496/1704 3684/497/1702 3682/498/1700 3680/499/1698 3678/26/1696 3676/500/1694 3674/501/1692 3672/502/1690
f 3683/19/1703 3684/18/1702 3686/30/1704 3685/31/1705
f 3685/31/1705 3686/30/1704 3668/32/1687 3667/33/1686
f 3667/34/1686 3669/503/1689 3671/504/1691 3673/505/1693 3675/506/1695 3677/39/1697 3679/507/1699 3681/508/1701 3683/509/1703 3685/510/1705
f 3738/434/1398 3737/435/1399 3690/436/1400 3691/437/1401
f 3736/438/300 3735/439/1402 3688/440/1403 3689/441/1404
f 3734/442/1405 3717/443/304 3687/444/1406
f 3723/445/297 3738/434/1398 3691/437/1401
f 3737/435/1399 3736/438/300 3689/441/1404 3690/436/1400
f 3735/439/1402 3734/442/1405 3687/444/1406 3688/440/1403
f 3689/441/1404 3688/440/1403 3693/448/1411 3694/72/1409
f 3687/444/1406 3717/446/304 3692/377/1407
f 3723/447/297 3691/437/1401 3696/375/1408
f 3690/436/1400 3689/441/1404 3694/72/1409 3695/376/1410
f 3688/440/1403 3687/444/1406 3692/377/1407 3693/448/1411
f 3691/437/1401 3690/436/1400 3695/376/1410 3696/375/1408
f 3692/377/1407 3717/455/304 3697/453/1415
f 3723/449/297 3696/375/1408 3701/450/1412
f 3695/376/1410 3694/72/1409 3699/451/1413 3700/524/1414
f 3693/448/1411 3692/377/1407 3697/453/1415 3698/629/1416
f 3696/375/1408 3695/376/1410 3700/524/1414 3701/450/1412
f 3694/72/1409 3693/448/1411 3698/629/1416 3699/451/1413
f 3723/530/297 3701/450/1412 3706/457/1417
f 3700/524/1414 3699/451/1413 3704/458/1418 3705/459/1419
f 3698/629/1416 3697/453/1415 3702/460/1420 3703/461/1421
f 3701/450/1412 3700/524/1414 3705/459/1419 3706/457/1417
f 3699/451/1413 3698/629/1416 3703/461/1421 3704/458/1418
f 3697/453/1415 3717/528/304 3702/460/1420
f 3723/79/297 3706/457/1417 3711/463/1422
f 3705/459/1419 3704/458/1418 3709/464/310 3710/465/1423
f 3703/461/1421 3702/460/1420 3707/466/1424 3708/467/1425
f 3706/457/1417 3705/459/1419 3710/465/1423 3711/463/1422
f 3704/458/1418 3703/461/1421 3708/467/1425 3709/464/310
f 3702/460/1420 3717/83/304 3707/466/1424
f 3723/630/297 3711/463/1422 3716/472/1430
f 3710/465/1423 3709/464/310 3714/468/1426 3715/469/1427
f 3708/467/1425 3707/466/1424 3712/470/1428 3713/471/1429
f 3711/463/1422 3710/465/1423 3715/469/1427 3716/472/1430
f 3709/464/310 3708/467/1425 3713/471/1429 3714/468/1426
f 3707/466/1424 3717/631/304 3712/470/1428
f 3715/469/1427 3714/468/1426 3720/87/1435 3721/400/1433
f 3713/471/1429 3712/470/1428 3718/404/1431 3719/475/1432
f 3716/472/1430 3715/469/1427 3721/400/1433 3722/401/1434
f 3714/468/1426 3713/471/1429 3719/475/1432 3720/87/1435
f 3712/470/1428 3717/476/304 3718/404/1431
f 3723/477/297 3716/472/1430 3722/401/1434
f 3719/482/1432 3718/484/1431 3724/632/1440 3725/633/1438
f 3722/478/1434 3721/479/1433 3727/538/1436 3728/536/1437
f 3720/95/1435 3719/482/1432 3725/633/1438 3726/537/1439
f 3718/484/1431 3717/485/304 3724/632/1440
f 3723/487/297 3722/478/1434 3728/536/1437
f 3721/479/1433 3720/95/1435 3726/537/1439 3727/538/1436
f 3728/536/1437 3727/538/1436 3732/488/1441 3733/489/1442
f 3726/537/1439 3725/633/1438 3730/490/1443 3731/491/1444
f 3724/632/1440 3717/492/304 3729/493/1445
f 3723/494/297 3728/536/1437 3733/489/1442
f 3727/538/1436 3726/537/1439 3731/491/1444 3732/488/1441
f 3725/633/1438 3724/632/1440 3729/493/1445 3730/490/1443
f 3733/489/1442 3732/488/1441 3737/435/1399 3738/434/1398
f 3731/491/1444 3730/490/1443 3735/439/1402 3736/438/300
f 3729/493/1445 3717/117/304 3734/442/1405
f 3723/118/297 3733/489/1442 3738/434/1398
f 3732/488/1441 3731/491/1444 3736/438/300 3737/435/1399
f 3730/490/1443 3729/493/1445 3734/442/1405 3735/439/1402
f 3789/435/1399 3788/438/300 3741/441/1404 3742/436/1400
f 3787/439/1402 3786/442/1405 3739/444/1406 3740/440/1403
f 3790/434/1398 3789/435/1399 3742/436/1400 3743/437/1401
f 3788/438/300 3787/439/1402 3740/440/1403 3741/441/1404
f 3786/442/1405 3769/443/304 3739/444/1406
f 3775/445/297 3790/434/1398 3743/437/1401
f 3743/437/1401 3742/436/1400 3747/376/1410 3748/375/1408
f 3741/441/1404 3740/440/1403 3745/448/1411 3746/72/1409
f 3739/444/1406 3769/446/304 3744/377/1407
f 3775/447/297 3743/437/1401 3748/375/1408
f 3742/436/1400 3741/441/1404 3746/72/1409 3747/376/1410
f 3740/440/1403 3739/444/1406 3744/377/1407 3745/448/1411
f 3748/375/1408 3747/376/1410 3752/524/1414 3753/450/1412
f 3746/72/1409 3745/448/1411 3750/629/1416 3751/451/1413
f 3744/377/1407 3769/455/304 3749/453/1415
f 3775/449/297 3748/375/1408 3753/450/1412
f 3747/376/1410 3746/72/1409 3751/451/1413 3752/524/1414
f 3745/448/1411 3744/377/1407 3749/453/1415 3750/629/1416
f 3753/450/1412 3752/524/1414 3757/459/1419 3758/457/1417
f 3751/451/1413 3750/629/1416 3755/461/1421 3756/458/1418
f 3749/453/1415 3769/528/304 3754/460/1420
f 3775/530/297 3753/450/1412 3758/457/1417
f 3752/524/1414 3751/451/1413 3756/458/1418 3757/459/1419
f 3750/629/1416 3749/453/1415 3754/460/1420 3755/461/1421
f 3756/458/1418 3755/461/1421 3760/467/1425 3761/464/310
f 3754/460/1420 3769/83/304 3759/466/1424
f 3775/79/297 3758/457/1417 3763/463/1422
f 3757/459/1419 3756/458/1418 3761/464/310 3762/465/1423
f 3755/461/1421 3754/460/1420 3759/466/1424 3760/467/1425
f 3758/457/1417 3757/459/1419 3762/465/1423 3763/463/1422
f 3759/466/1424 3769/631/304 3764/470/1428
f 3775/630/297 3763/463/1422 3768/472/1430
f 3762/465/1423 3761/464/310 3766/468/1426 3767/469/1427
f 3760/467/1425 3759/466/1424 3764/470/1428 3765/471/1429
f 3763/463/1422 3762/465/1423 3767/469/1427 3768/472/1430
f 3761/464/310 3760/467/1425 3765/471/1429 3766/468/1426
f 3775/477/297 3768/472/1430 3774/401/1434
f 3767/469/1427 3766/468/1426 3772/87/1435 3773/400/1433
f 3765/471/1429 3764/470/1428 3770/404/1431 3771/475/1432
f 3768/472/1430 3767/469/1427 3773/400/1433 3774/401/1434
f 3766/468/1426 3765/471/1429 3771/475/1432 3772/87/1435
f 3764/470/1428 3769/476/304 3770/404/1431
f 3775/487/297 3774/478/1434 3780/536/1437
f 3773/479/1433 3772/95/1435 3778/537/1439 3779/538/1436
f 3771/482/1432 3770/484/1431 3776/632/1440 3777/633/1438
f 3774/478/1434 3773/479/1433 3779/538/1436 3780/536/1437
f 3772/95/1435 3771/482/1432 3777/633/1438 3778/537/1439
f 3770/484/1431 3769/485/304 3776/632/1440
f 3775/494/297 3780/536/1437 3785/489/1442
f 3779/538/1436 3778/537/1439 3783/491/1444 3784/488/1441
f 3777/633/1438 3776/632/1440 3781/493/1445 3782/490/1443
f 3780/536/1437 3779/538/1436 3784/488/1441 3785/489/1442
f 3778/537/1439 3777/633/1438 3782/490/1443 3783/491/1444
f 3776/632/1440 3769/492/304 3781/493/1445
f 3784/488/1441 3783/491/1444 3788/438/300 3789/435/1399
f 3782/490/1443 3781/493/1445 3786/442/1405 3787/439/1402
f 3785/489/1442 3784/488/1441 3789/435/1399 3790/434/1398
f 3783/491/1444 3782/490/1443 3787/439/1402 3788/438/300
f 3781/493/1445 3769/117/304 3786/442/1405
f 3775/118/297 3785/489/1442 3790/434/1398
f 3791/2/1706 3792/3/1707 3794/4/1708 3793/5/1709
f 3793/5/1709 3794/4/1708 3796/6/1710 3795/7/1711
f 3795/7/1711 3796/6/1710 3798/8/1712 3797/9/1713
f 3797/9/1713 3798/8/1712 3800/10/1714 3799/11/1715
f 3799/11/1715 3800/10/1714 3802/12/1716 3801/13/1717
f 3801/13/1717 3802/12/1716 3804/14/1718 3803/15/1719
f 3803/15/1719 3804/14/1718 3806/16/1720 3805/17/1721
f 3805/17/1721 3806/16/1720 3808/18/1722 3807/19/1723
f 3794/20/1708 3792/21/1707 3810/22/1724 3808/23/1722 3806/634/1720 3804/25/1718 3802/26/1716 3800/27/1714 3798/635/1712 3796/29/1710
f 3807/19/1723 3808/18/1722 3810/30/1724 3809/31/1725
f 3809/31/1725 3810/30/1724 3792/32/1707 3791/33/1706
f 3791/34/1706 3793/35/1709 3795/36/1711 3797/636/1713 3799/38/1715 3801/39/1717 3803/40/1719 3805/637/1721 3807/42/1723 3809/43/1725
f 3861/435/1399 3860/438/300 3813/441/1404 3814/436/1400
f 3859/439/1402 3858/442/1405 3811/444/1406 3812/440/1403
f 3862/434/1398 3861/435/1399 3814/436/1400 3815/437/1401
f 3860/438/300 3859/439/1402 3812/440/1403 3813/441/1404
f 3858/442/1405 3841/443/304 3811/444/1406
f 3847/445/297 3862/434/1398 3815/437/1401
f 3815/437/1401 3814/436/1400 3819/376/1410 3820/375/1408
f 3813/441/1404 3812/440/1403 3817/448/1411 3818/72/1409
f 3811/444/1406 3841/446/304 3816/377/1407
f 3847/447/297 3815/437/1401 3820/375/1408
f 3814/436/1400 3813/441/1404 3818/72/1409 3819/376/1410
f 3812/440/1403 3811/444/1406 3816/377/1407 3817/448/1411
f 3820/375/1408 3819/376/1410 3824/524/1414 3825/638/1412
f 3818/72/1409 3817/448/1411 3822/629/1416 3823/639/1413
f 3816/377/1407 3841/455/304 3821/640/1415
f 3847/449/297 3820/375/1408 3825/638/1412
f 3819/376/1410 3818/72/1409 3823/639/1413 3824/524/1414
f 3817/448/1411 3816/377/1407 3821/640/1415 3822/629/1416
f 3825/638/1412 3824/524/1414 3829/459/1419 3830/457/1417
f 3823/639/1413 3822/629/1416 3827/461/1421 3828/458/1418
f 3821/640/1415 3841/528/304 3826/460/1420
f 3847/530/297 3825/638/1412 3830/457/1417
f 3824/524/1414 3823/639/1413 3828/458/1418 3829/459/1419
f 3822/629/1416 3821/640/1415 3826/460/1420 3827/461/1421
f 3828/458/1418 3827/461/1421 3832/467/1425 3833/464/310
f 3826/460/1420 3841/106/304 3831/466/1424
f 3847/102/297 3830/457/1417 3835/463/1422
f 3829/459/1419 3828/458/1418 3833/464/310 3834/465/1423
f 3827/461/1421 3826/460/1420 3831/466/1424 3832/467/1425
f 3830/457/1417 3829/459/1419 3834/465/1423 3835/463/1422
f 3831/466/1424 3841/631/304 3836/470/1428
f 3847/630/297 3835/463/1422 3840/472/1430
f 3834/465/1423 3833/464/310 3838/468/1426 3839/469/1427
f 3832/467/1425 3831/466/1424 3836/470/1428 3837/471/1429
f 3835/463/1422 3834/465/1423 3839/469/1427 3840/472/1430
f 3833/464/310 3832/467/1425 3837/471/1429 3838/468/1426
f 3847/477/297 3840/472/1430 3846/401/1434
f 3839/469/1427 3838/468/1426 3844/87/1435 3845/400/1433
f 3837/471/1429 3836/470/1428 3842/404/1431 3843/475/1432
f 3840/472/1430 3839/469/1427 3845/400/1433 3846/401/1434
f 3838/468/1426 3837/471/1429 3843/475/1432 3844/87/1435
f 3836/470/1428 3841/476/304 3842/404/1431
f 3847/487/297 3846/478/1434 3852/536/1437
f 3845/479/1433 3844/95/1435 3850/537/1439 3851/538/1436
f 3843/482/1432 3842/484/1431 3848/632/1440 3849/633/1438
f 3846/478/1434 3845/479/1433 3851/538/1436 3852/536/1437
f 3844/95/1435 3843/482/1432 3849/633/1438 3850/537/1439
f 3842/484/1431 3841/485/304 3848/632/1440
f 3847/494/297 3852/536/1437 3857/489/1442
f 3851/538/1436 3850/537/1439 3855/491/1444 3856/488/1441
f 3849/633/1438 3848/632/1440 3853/493/1445 3854/490/1443
f 3852/536/1437 3851/538/1436 3856/488/1441 3857/489/1442
f 3850/537/1439 3849/633/1438 3854/490/1443 3855/491/1444
f 3848/632/1440 3841/492/304 3853/493/1445
f 3856/488/1441 3855/491/1444 3860/438/300 3861/435/1399
f 3854/490/1443 3853/493/1445 3858/442/1405 3859/439/1402
f 3857/489/1442 3856/488/1441 3861/435/1399 3862/434/1398
f 3855/491/1444 3854/490/1443 3859/439/1402 3860/438/300
f 3853/493/1445 3841/117/304 3858/442/1405
f 3847/118/297 3857/489/1442 3862/434/1398
f 3910/442/1405 3893/443/304 3863/444/1406
f 3899/445/297 3914/434/1398 3867/437/1401
f 3913/435/1399 3912/438/300 3865/441/1404 3866/436/1400
f 3911/439/1402 3910/442/1405 3863/444/1406 3864/440/1403
f 3914/434/1398 3913/435/1399 3866/436/1400 3867/437/1401
f 3912/438/300 3911/439/1402 3864/440/1403 3865/441/1404
f 3899/447/297 3867/437/1401 3872/375/1408
f 3866/436/1400 3865/441/1404 3870/72/1409 3871/376/1410
f 3864/440/1403 3863/444/1406 3868/377/1407 3869/448/1411
f 3867/437/1401 3866/436/1400 3871/376/1410 3872/375/1408
f 3865/441/1404 3864/440/1403 3869/448/1411 3870/72/1409
f 3863/444/1406 3893/446/304 3868/377/1407
f 3871/376/1410 3870/72/1409 3875/639/1413 3876/524/1414
f 3869/448/1411 3868/377/1407 3873/640/1415 3874/629/1416
f 3872/375/1408 3871/376/1410 3876/524/1414 3877/638/1412
f 3870/72/1409 3869/448/1411 3874/629/1416 3875/639/1413
f 3868/377/1407 3893/455/304 3873/640/1415
f 3899/449/297 3872/375/1408 3877/638/1412
f 3874/629/1416 3873/640/1415 3878/460/1420 3879/461/1421
f 3877/638/1412 3876/524/1414 3881/459/1419 3882/457/1417
f 3875/639/1413 3874/629/1416 3879/461/1421 3880/458/1418
f 3873/640/1415 3893/528/304 3878/460/1420
f 3899/530/297 3877/638/1412 3882/457/1417
f 3876/524/1414 3875/639/1413 3880/458/1418 3881/459/1419
f 3882/457/1417 3881/459/1419 3886/465/1423 3887/463/1422
f 3880/458/1418 3879/461/1421 3884/467/1425 3885/464/310
f 3878/460/1420 3893/106/304 3883/466/1424
f 3899/102/297 3882/457/1417 3887/463/1422
f 3881/459/1419 3880/458/1418 3885/464/310 3886/465/1423
f 3879/461/1421 3878/460/1420 3883/466/1424 3884/467/1425
f 3887/463/1422 3886/465/1423 3891/469/1427 3892/472/1430
f 3885/464/310 3884/467/1425 3889/471/1429 3890/468/1426
f 3883/466/1424 3893/631/304 3888/470/1428
f 3899/630/297 3887/463/1422 3892/472/1430
f 3886/465/1423 3885/464/310 3890/468/1426 3891/469/1427
f 3884/467/1425 3883/466/1424 3888/470/1428 3889/471/1429
f 3892/472/1430 3891/469/1427 3897/400/1433 3898/401/1434
f 3890/468/1426 3889/471/1429 3895/475/1432 3896/87/1435
f 3888/470/1428 3893/476/304 3894/404/1431
f 3899/477/297 3892/472/1430 3898/401/1434
f 3891/469/1427 3890/468/1426 3896/87/1435 3897/400/1433
f 3889/471/1429 3888/470/1428 3894/404/1431 3895/475/1432
f 3898/478/1434 3897/479/1433 3903/538/1436 3904/536/1437
f 3896/95/1435 3895/482/1432 3901/633/1438 3902/537/1439
f 3894/484/1431 3893/485/304 3900/632/1440
f 3899/487/297 3898/478/1434 3904/536/1437
f 3897/479/1433 3896/95/1435 3902/537/1439 3903/538/1436
f 3895/482/1432 3894/484/1431 3900/632/1440 3901/633/1438
f 3902/537/1439 3901/633/1438 3906/490/1443 3907/491/1444
f 3900/632/1440 3893/492/304 3905/493/1445
f 3899/494/297 3904/536/1437 3909/489/1442
f 3903/538/1436 3902/537/1439 3907/491/1444 3908/488/1441
f 3901/633/1438 3900/632/1440 3905/493/1445 3906/490/1443
f 3904/536/1437 3903/538/1436 3908/488/1441 3909/489/1442
f 3905/493/1445 3893/117/304 3910/442/1405
f 3899/118/297 3909/489/1442 3914/434/1398
f 3908/488/1441 3907/491/1444 3912/438/300 3913/435/1399
f 3906/490/1443 3905/493/1445 3910/442/1405 3911/439/1402
f 3909/489/1442 3908/488/1441 3913/435/1399 3914/434/1398
f 3907/491/1444 3906/490/1443 3911/439/1402 3912/438/300
f 4077/2/1886 4078/3/1887 4080/4/1888 4079/5/1889
f 4079/5/1889 4080/4/1888 4082/6/1890 4081/7/1891
f 4081/7/1891 4082/6/1890 4084/8/1892 4083/9/1893
f 4083/9/1893 4084/8/1892 4086/10/1894 4085/11/1895
f 4085/11/1895 4086/10/1894 4088/12/1896 4087/13/1897
f 4087/13/1897 4088/12/1896 4090/14/1898 4089/15/1899
f 4089/15/1899 4090/14/1898 4092/16/1900 4091/17/1901
f 4091/17/1901 4092/16/1900 4094/18/1902 4093/19/1903
f 4080/495/1888 4078/21/1887 4096/496/1904 4094/497/1902 4092/498/1900 4090/499/1898 4088/26/1896 4086/500/1894 4084/501/1892 4082/502/1890
f 4093/19/1903 4094/18/1902 4096/30/1904 4095/31/1905
f 4095/31/1905 4096/30/1904 4078/32/1887 4077/33/1886
f 4077/34/1886 4079/503/1889 4081/504/1891 4083/505/1893 4085/506/1895 4087/39/1897 4089/507/1899 4091/508/1901 4093/509/1903 4095/510/1905
f 4133/445/297 4148/434/1398 4101/437/1401
f 4147/435/1399 4146/438/300 4099/441/1404 4100/436/1400
f 4145/439/1402 4144/442/1405 4097/444/1406 4098/440/1403
f 4148/434/1398 4147/435/1399 4100/436/1400 4101/437/1401
f 4146/438/300 4145/439/1402 4098/440/1403 4099/441/1404
f 4144/442/1405 4127/443/304 4097/444/1406
f 4101/437/1401 4100/436/1400 4105/376/1410 4106/375/1408
f 4099/441/1404 4098/440/1403 4103/448/1411 4104/72/1409
f 4097/444/1406 4127/446/304 4102/377/1407
f 4133/447/297 4101/437/1401 4106/375/1408
f 4100/436/1400 4099/441/1404 4104/72/1409 4105/376/1410
f 4098/440/1403 4097/444/1406 4102/377/1407 4103/448/1411
f 4106/375/1408 4105/376/1410 4110/524/1414 4111/450/1412
f 4104/72/1409 4103/448/1411 4108/629/1416 4109/451/1413
f 4102/377/1407 4127/455/304 4107/453/1415
f 4133/449/297 4106/375/1408 4111/450/1412
f 4105/376/1410 4104/72/1409 4109/451/1413 4110/524/1414
f 4103/448/1411 4102/377/1407 4107/453/1415 4108/629/1416
f 4111/450/1412 4110/524/1414 4115/459/1419 4116/457/1417
f 4109/451/1413 4108/629/1416 4113/461/1421 4114/458/1418
f 4107/453/1415 4127/528/304 4112/460/1420
f 4133/530/297 4111/450/1412 4116/457/1417
f 4110/524/1414 4109/451/1413 4114/458/1418 4115/459/1419
f 4108/629/1416 4107/453/1415 4112/460/1420 4113/461/1421
f 4116/457/1417 4115/459/1419 4120/465/1423 4121/463/1422
f 4114/458/1418 4113/461/1421 4118/467/1425 4119/464/310
f 4112/460/1420 4127/83/304 4117/466/1424
f 4133/79/297 4116/457/1417 4121/463/1422
f 4115/459/1419 4114/458/1418 4119/464/310 4120/465/1423
f 4113/461/1421 4112/460/1420 4117/466/1424 4118/467/1425
f 4119/464/310 4118/467/1425 4123/471/1429 4124/468/1426
f 4117/466/1424 4127/631/304 4122/470/1428
f 4133/630/297 4121/463/1422 4126/472/1430
f 4120/465/1423 4119/464/310 4124/468/1426 4125/469/1427
f 4118/467/1425 4117/466/1424 4122/470/1428 4123/471/1429
f 4121/463/1422 4120/465/1423 4125/469/1427 4126/472/1430
f 4122/470/1428 4127/476/304 4128/404/1431
f 4133/477/297 4126/472/1430 4132/401/1434
f 4125/469/1427 4124/468/1426 4130/87/1435 4131/400/1433
f 4123/471/1429 4122/470/1428 4128/404/1431 4129/475/1432
f 4126/472/1430 4125/469/1427 4131/400/1433 4132/401/1434
f 4124/468/1426 4123/471/1429 4129/475/1432 4130/87/1435
f 4133/487/297 4132/478/1434 4138/536/1437
f 4131/479/1433 4130/95/1435 4136/537/1439 4137/538/1436
f 4129/482/1432 4128/484/1431 4134/632/1440 4135/633/1438
f 4132/478/1434 4131/479/1433 4137/538/1436 4138/536/1437
f 4130/95/1435 4129/482/1432 4135/633/1438 4136/537/1439
f 4128/484/1431 4127/485/304 4134/632/1440
f 4133/494/297 4138/536/1437 4143/489/1442
f 4137/538/1436 4136/537/1439 4141/491/1444 4142/488/1441
f 4135/633/1438 4134/632/1440 4139/493/1445 4140/490/1443
f 4138/536/1437 4137/538/1436 4142/488/1441 4143/489/1442
f 4136/537/1439 4135/633/1438 4140/490/1443 4141/491/1444
f 4134/632/1440 4127/492/304 4139/493/1445
f 4133/118/297 4143/489/1442 4148/434/1398
f 4142/488/1441 4141/491/1444 4146/438/300 4147/435/1399
f 4140/490/1443 4139/493/1445 4144/442/1405 4145/439/1402
f 4143/489/1442 4142/488/1441 4147/435/1399 4148/434/1398
f 4141/491/1444 4140/490/1443 4145/439/1402 4146/438/300
f 4139/493/1445 4127/117/304 4144/442/1405
f 4200/434/1398 4199/435/1399 4152/436/1400 4153/437/1401
f 4198/438/300 4197/439/1402 4150/440/1403 4151/441/1404
f 4196/442/1405 4179/443/304 4149/444/1406
f 4185/445/297 4200/434/1398 4153/437/1401
f 4199/435/1399 4198/438/300 4151/441/1404 4152/436/1400
f 4197/439/1402 4196/442/1405 4149/444/1406 4150/440/1403
f 4149/444/1406 4179/446/304 4154/377/1407
f 4185/447/297 4153/437/1401 4158/375/1408
f 4152/436/1400 4151/441/1404 4156/72/1409 4157/376/1410
f 4150/440/1403 4149/444/1406 4154/377/1407 4155/448/1411
f 4153/437/1401 4152/436/1400 4157/376/1410 4158/375/1408
f 4151/441/1404 4150/440/1403 4155/448/1411 4156/72/1409
f 4185/449/297 4158/375/1408 4163/450/1412
f 4157/376/1410 4156/72/1409 4161/451/1413 4162/524/1414
f 4155/448/1411 4154/377/1407 4159/453/1415 4160/629/1416
f 4158/375/1408 4157/376/1410 4162/524/1414 4163/450/1412
f 4156/72/1409 4155/448/1411 4160/629/1416 4161/451/1413
f 4154/377/1407 4179/455/304 4159/453/1415
f 4185/530/297 4163/450/1412 4168/457/1417
f 4162/524/1414 4161/451/1413 4166/458/1418 4167/459/1419
f 4160/629/1416 4159/453/1415 4164/460/1420 4165/461/1421
f 4163/450/1412 4162/524/1414 4167/459/1419 4168/457/1417
f 4161/451/1413 4160/629/1416 4165/461/1421 4166/458/1418
f 4159/453/1415 4179/528/304 4164/460/1420
f 4185/79/297 4168/457/1417 4173/463/1422
f 4167/459/1419 4166/458/1418 4171/464/310 4172/465/1423
f 4165/461/1421 4164/460/1420 4169/466/1424 4170/467/1425
f 4168/457/1417 4167/459/1419 4172/465/1423 4173/463/1422
f 4166/458/1418 4165/461/1421 4170/467/1425 4171/464/310
f 4164/460/1420 4179/83/304 4169/466/1424
f 4172/465/1423 4171/464/310 4176/468/1426 4177/469/1427
f 4170/467/1425 4169/466/1424 4174/470/1428 4175/471/1429
f 4173/463/1422 4172/465/1423 4177/469/1427 4178/472/1430
f 4171/464/310 4170/467/1425 4175/471/1429 4176/468/1426
f 4169/466/1424 4179/631/304 4174/470/1428
f 4185/630/297 4173/463/1422 4178/472/1430
f 4175/471/1429 4174/470/1428 4180/404/1431 4181/475/1432
f 4178/472/1430 4177/469/1427 4183/400/1433 4184/401/1434
f 4176/468/1426 4175/471/1429 4181/475/1432 4182/87/1435
f 4174/470/1428 4179/476/304 4180/404/1431
f 4185/477/297 4178/472/1430 4184/401/1434
f 4177/469/1427 4176/468/1426 4182/87/1435 4183/400/1433
f 4184/478/1434 4183/479/1433 4189/538/1436 4190/536/1437
f 4182/95/1435 4181/482/1432 4187/633/1438 4188/537/1439
f 4180/484/1431 4179/485/304 4186/632/1440
f 4185/487/297 4184/478/1434 4190/536/1437
f 4183/479/1433 4182/95/1435 4188/537/1439 4189/538/1436
f 4181/482/1432 4180/484/1431 4186/632/1440 4187/633/1438
f 4190/536/1437 4189/538/1436 4194/488/1441 4195/489/1442
f 4188/537/1439 4187/633/1438 4192/490/1443 4193/491/1444
f 4186/632/1440 4179/492/304 4191/493/1445
f 4185/494/297 4190/536/1437 4195/489/1442
f 4189/538/1436 4188/537/1439 4193/491/1444 4194/488/1441
f 4187/633/1438 4186/632/1440 4191/493/1445 4192/490/1443
f 4195/489/1442 4194/488/1441 4199/435/1399 4200/434/1398
f 4193/491/1444 4192/490/1443 4197/439/1402 4198/438/300
f 4191/493/1445 4179/117/304 4196/442/1405
f 4185/118/297 4195/489/1442 4200/434/1398
f 4194/488/1441 4193/491/1444 4198/438/300 4199/435/1399
f 4192/490/1443 4191/493/1445 4196/442/1405 4197/439/1402
f 4201/2/1906 4202/3/1907 4204/4/1908 4203/5/1909
f 4203/5/1909 4204/4/1908 4206/6/1910 4205/7/1911
f 4205/7/1911 4206/6/1910 4208/8/1912 4207/9/1913
f 4207/9/1913 4208/8/1912 4210/10/1914 4209/11/1915
f 4209/11/1915 4210/10/1914 4212/12/1916 4211/13/1917
f 4211/13/1917 4212/12/1916 4214/14/1918 4213/15/1919
f 4213/15/1919 4214/14/1918 4216/16/1920 4215/17/1921
f 4215/17/1921 4216/16/1920 4218/18/1922 4217/19/1923
f 4204/20/1908 4202/21/1907 4220/22/1924 4218/23/1922 4216/634/1920 4214/25/1918 4212/26/1916 4210/27/1914 4208/635/1912 4206/29/1910
f 4217/19/1923 4218/18/1922 4220/30/1924 4219/31/1925
f 4219/31/1925 4220/30/1924 4202/32/1907 4201/33/1906
f 4201/34/1906 4203/35/1909 4205/36/1911 4207/636/1913 4209/38/1915 4211/39/1917 4213/40/1919 4215/637/1921 4217/42/1923 4219/43/1925
f 4257/445/297 4272/434/1398 4225/437/1401
f 4271/435/1399 4270/438/300 4223/441/1404 4224/436/1400
f 4269/439/1402 4268/442/1405 4221/444/1406 4222/440/1403
f 4272/434/1398 4271/435/1399 4224/436/1400 4225/437/1401
f 4270/438/300 4269/439/1402 4222/440/1403 4223/441/1404
f 4268/442/1405 4251/443/304 4221/444/1406
f 4222/440/1403 4221/444/1406 4226/377/1407 4227/448/1411
f 4225/437/1401 4224/436/1400 4229/376/1410 4230/375/1408
f 4223/441/1404 4222/440/1403 4227/448/1411 4228/72/1409
f 4221/444/1406 4251/446/304 4226/377/1407
f 4257/447/297 4225/437/1401 4230/375/1408
f 4224/436/1400 4223/441/1404 4228/72/1409 4229/376/1410
f 4230/375/1408 4229/376/1410 4234/524/1414 4235/638/1412
f 4228/72/1409 4227/448/1411 4232/629/1416 4233/639/1413
f 4226/377/1407 4251/455/304 4231/640/1415
f 4257/449/297 4230/375/1408 4235/638/1412
f 4229/376/1410 4228/72/1409 4233/639/1413 4234/524/1414
f 4227/448/1411 4226/377/1407 4231/640/1415 4232/629/1416
f 4235/638/1412 4234/524/1414 4239/459/1419 4240/457/1417
f 4233/639/1413 4232/629/1416 4237/461/1421 4238/458/1418
f 4231/640/1415 4251/528/304 4236/460/1420
f 4257/530/297 4235/638/1412 4240/457/1417
f 4234/524/1414 4233/639/1413 4238/458/1418 4239/459/1419
f 4232/629/1416 4231/640/1415 4236/460/1420 4237/461/1421
f 4240/457/1417 4239/459/1419 4244/465/1423 4245/463/1422
f 4238/458/1418 4237/461/1421 4242/467/1425 4243/464/310
f 4236/460/1420 4251/106/304 4241/466/1424
f 4257/102/297 4240/457/1417 4245/463/1422
f 4239/459/1419 4238/458/1418 4243/464/310 4244/465/1423
f 4237/461/1421 4236/460/1420 4241/466/1424 4242/467/1425
f 4245/463/1422 4244/465/1423 4249/469/1427 4250/472/1430
f 4243/464/310 4242/467/1425 4247/471/1429 4248/468/1426
f 4241/466/1424 4251/631/304 4246/470/1428
f 4257/630/297 4245/463/1422 4250/472/1430
f 4244/465/1423 4243/464/310 4248/468/1426 4249/469/1427
f 4242/467/1425 4241/466/1424 4246/470/1428 4247/471/1429
f 4248/468/1426 4247/471/1429 4253/475/1432 4254/87/1435
f 4246/470/1428 4251/476/304 4252/404/1431
f 4257/477/297 4250/472/1430 4256/401/1434
f 4249/469/1427 4248/468/1426 4254/87/1435 4255/400/1433
f 4247/471/1429 4246/470/1428 4252/404/1431 4253/475/1432
f 4250/472/1430 4249/469/1427 4255/400/1433 4256/401/1434
f 4252/484/1431 4251/485/304 4258/632/1440
f 4257/487/297 4256/478/1434 4262/536/1437
f 4255/479/1433 4254/95/1435 4260/537/1439 4261/538/1436
f 4253/482/1432 4252/484/1431 4258/632/1440 4259/633/1438
f 4256/478/1434 4255/479/1433 4261/538/1436 4262/536/1437
f 4254/95/1435 4253/482/1432 4259/633/1438 4260/537/1439
f 4257/494/297 4262/536/1437 4267/489/1442
f 4261/538/1436 4260/537/1439 4265/491/1444 4266/488/1441
f 4259/633/1438 4258/632/1440 4263/493/1445 4264/490/1443
f 4262/536/1437 4261/538/1436 4266/488/1441 4267/489/1442
f 4260/537/1439 4259/633/1438 4264/490/1443 4265/491/1444
f 4258/632/1440 4251/492/304 4263/493/1445
f 4257/118/297 4267/489/1442 4272/434/1398
f 4266/488/1441 4265/491/1444 4270/438/300 4271/435/1399
f 4264/490/1443 4263/493/1445 4268/442/1405 4269/439/1402
f 4267/489/1442 4266/488/1441 4271/435/1399 4272/434/1398
f 4265/491/1444 4264/490/1443 4269/439/1402 4270/438/300
f 4263/493/1445 4251/117/304 4268/442/1405
f 4322/438/300 4321/439/1402 4274/440/1403 4275/441/1404
f 4320/442/1405 4303/443/304 4273/444/1406
f 4309/445/297 4324/434/1398 4277/437/1401
f 4323/435/1399 4322/438/300 4275/441/1404 4276/436/1400
f 4321/439/1402 4320/442/1405 4273/444/1406 4274/440/1403
f 4324/434/1398 4323/435/1399 4276/436/1400 4277/437/1401
f 4309/447/297 4277/437/1401 4282/375/1408
f 4276/436/1400 4275/441/1404 4280/72/1409 4281/376/1410
f 4274/440/1403 4273/444/1406 4278/377/1407 4279/448/1411
f 4277/437/1401 4276/436/1400 4281/376/1410 4282/375/1408
f 4275/441/1404 4274/440/1403 4279/448/1411 4280/72/1409
f 4273/444/1406 4303/446/304 4278/377/1407
f 4309/449/297 4282/375/1408 4287/638/1412
f 4281/376/1410 4280/72/1409 4285/639/1413 4286/524/1414
f 4279/448/1411 4278/377/1407 4283/640/1415 4284/629/1416
f 4282/375/1408 4281/376/1410 4286/524/1414 4287/638/1412
f 4280/72/1409 4279/448/1411 4284/629/1416 4285/639/1413
f 4278/377/1407 4303/455/304 4283/640/1415
f 4286/524/1414 4285/639/1413 4290/458/1418 4291/459/1419
f 4284/629/1416 4283/640/1415 4288/460/1420 4289/461/1421
f 4287/638/1412 4286/524/1414 4291/459/1419 4292/457/1417
f 4285/639/1413 4284/629/1416 4289/461/1421 4290/458/1418
f 4283/640/1415 4303/528/304 4288/460/1420
f 4309/530/297 4287/638/1412 4292/457/1417
f 4289/461/1421 4288/460/1420 4293/466/1424 4294/467/1425
f 4292/457/1417 4291/459/1419 4296/465/1423 4297/463/1422
f 4290/458/1418 4289/461/1421 4294/467/1425 4295/464/310
f 4288/460/1420 4303/106/304 4293/466/1424
f 4309/102/297 4292/457/1417 4297/463/1422
f 4291/459/1419 4290/458/1418 4295/464/310 4296/465/1423
f 4297/463/1422 4296/465/1423 4301/469/1427 4302/472/1430
f 4295/464/310 4294/467/1425 4299/471/1429 4300/468/1426
f 4293/466/1424 4303/631/304 4298/470/1428
f 4309/630/297 4297/463/1422 4302/472/1430
f 4296/465/1423 4295/464/310 4300/468/1426 4301/469/1427
f 4294/467/1425 4293/466/1424 4298/470/1428 4299/471/1429
f 4302/472/1430 4301/469/1427 4307/400/1433 4308/401/1434
f 4300/468/1426 4299/471/1429 4305/475/1432 4306/87/1435
f 4298/470/1428 4303/476/304 4304/404/1431
f 4309/477/297 4302/472/1430 4308/401/1434
f 4301/469/1427 4300/468/1426 4306/87/1435 4307/400/1433
f 4299/471/1429 4298/470/1428 4304/404/1431 4305/475/1432
f 4308/478/1434 4307/479/1433 4313/538/1436 4314/536/1437
f 4306/95/1435 4305/482/1432 4311/633/1438 4312/537/1439
f 4304/484/1431 4303/485/304 4310/632/1440
f 4309/487/297 4308/478/1434 4314/536/1437
f 4307/479/1433 4306/95/1435 4312/537/1439 4313/538/1436
f 4305/482/1432 4304/484/1431 4310/632/1440 4311/633/1438
f 4314/536/1437 4313/538/1436 4318/488/1441 4319/489/1442
f 4312/537/1439 4311/633/1438 4316/490/1443 4317/491/1444
f 4310/632/1440 4303/492/304 4315/493/1445
f 4309/494/297 4314/536/1437 4319/489/1442
f 4313/538/1436 4312/537/1439 4317/491/1444 4318/488/1441
f 4311/633/1438 4310/632/1440 4315/493/1445 4316/490/1443
f 4317/491/1444 4316/490/1443 4321/439/1402 4322/438/300
f 4315/493/1445 4303/117/304 4320/442/1405
f 4309/118/297 4319/489/1442 4324/434/1398
f 4318/488/1441 4317/491/1444 4322/438/300 4323/435/1399
f 4316/490/1443 4315/493/1445 4320/442/1405 4321/439/1402
f 4319/489/1442 4318/488/1441 4323/435/1399 4324/434/1398
usemtl Eye
f 465/123/341 464/124/342 387/67/343 388/125/344
f 381/126/345 463/127/300 385/69/346 386/128/347
f 462/129/348 461/130/349 383/70/350 384/131/351
f 460/132/352 438/133/304 382/134/353
f 466/135/297 465/123/341 388/125/344
f 464/124/342 381/126/345 386/128/347 387/67/343
f 463/127/300 462/129/348 384/131/351 385/69/346
f 461/130/349 460/132/352 382/134/353 383/70/350
f 466/136/297 388/125/344 395/137/354
f 387/67/343 386/128/347 393/138/355 394/139/356
f 385/69/346 384/131/351 391/140/357 392/141/358
f 383/70/350 382/134/353 389/142/359 390/143/360
f 388/125/344 387/67/343 394/139/356 395/137/354
f 386/128/347 385/69/346 392/141/358 393/138/355
f 384/131/351 383/70/350 390/143/360 391/140/357
f 382/134/353 438/144/304 389/142/359
f 392/141/358 391/140/357 398/145/361 399/72/362
f 390/143/360 389/142/359 396/146/363 397/71/364
f 395/137/354 394/139/356 401/68/365 402/147/366
f 393/138/355 392/141/358 399/72/362 400/148/367
f 391/140/357 390/143/360 397/71/364 398/145/361
f 389/142/359 438/149/304 396/146/363
f 466/150/297 395/137/354 402/147/366
f 394/139/356 393/138/355 400/148/367 401/68/365
f 402/147/366 401/68/365 408/151/368 409/152/369
f 400/148/367 399/72/362 406/153/370 407/154/371
f 398/145/361 397/71/364 404/155/372 405/156/373
f 396/146/363 438/157/304 403/158/374
f 466/159/297 402/147/366 409/152/369
f 401/68/365 400/148/367 407/154/371 408/151/368
f 399/72/362 398/145/361 405/156/373 406/153/370
f 397/71/364 396/146/363 403/158/374 404/155/372
f 405/156/373 404/155/372 411/160/375 412/161/376
f 403/158/374 438/162/304 410/163/377
f 466/164/297 409/152/369 416/165/378
f 408/151/368 407/154/371 414/166/379 415/167/380
f 406/153/370 405/156/373 412/161/376 413/168/381
f 404/155/372 403/158/374 410/163/377 411/160/375
f 409/152/369 408/151/368 415/167/380 416/165/378
f 407/154/371 406/153/370 413/168/381 414/166/379
f 466/169/297 416/165/378 423/170/382
f 415/167/380 414/166/379 421/171/383 422/172/384
f 413/168/381 412/161/376 419/173/385 420/174/310
f 411/160/375 410/163/377 417/175/386 418/176/387
f 416/165/378 415/167/380 422/172/384 423/170/382
f 414/166/379 413/168/381 420/174/310 421/171/383
f 412/161/376 411/160/375 418/176/387 419/173/385
f 410/163/377 438/177/304 417/175/386
f 418/176/387 417/175/386 424/178/388 425/81/389
f 423/170/382 422/172/384 429/80/390 430/179/391
f 421/171/383 420/174/310 427/82/392 428/180/393
f 419/173/385 418/176/387 425/81/389 426/181/394
f 417/175/386 438/182/304 424/178/388
f 466/183/297 423/170/382 430/179/391
f 422/172/384 421/171/383 428/180/393 429/80/390
f 420/174/310 419/173/385 426/181/394 427/82/392
f 430/179/391 429/80/390 436/184/395 437/185/396
f 428/180/393 427/82/392 434/186/397 435/187/398
f 426/181/394 425/81/389 432/188/399 433/189/400
f 424/178/388 438/190/304 431/191/401
f 466/192/297 430/179/391 437/185/396
f 429/80/390 428/180/393 435/187/398 436/184/395
f 427/82/392 426/181/394 433/189/400 434/186/397
f 425/81/389 424/178/388 431/191/401 432/188/399
f 431/191/401 438/193/304 439/194/402
f 466/195/297 437/185/396 445/196/403
f 436/184/395 435/187/398 443/197/404 444/85/405
f 434/186/397 433/189/400 441/198/406 442/87/407
f 432/188/399 431/191/401 439/194/402 440/86/408
f 437/185/396 436/184/395 444/85/405 445/196/403
f 435/187/398 434/186/397 442/87/407 443/197/404
f 433/189/400 432/188/399 440/86/408 441/198/406
f 444/114/405 443/199/404 450/200/409 451/201/410
f 442/2/407 441/202/406 448/203/411 449/204/412
f 440/110/408 439/205/402 446/206/413 447/207/414
f 445/208/403 444/114/405 451/201/410 452/209/415
f 443/199/404 442/2/407 449/204/412 450/200/409
f 441/202/406 440/110/408 447/207/414 448/203/411
f 439/205/402 438/210/304 446/206/413
f 466/211/297 445/208/403 452/209/415
f 452/209/415 451/201/410 458/212/416 459/213/417
f 450/200/409 449/204/412 456/214/418 457/215/419
f 448/203/411 447/207/414 454/216/420 455/217/421
f 446/206/413 438/218/304 453/219/422
f 466/220/297 452/209/415 459/213/417
f 451/201/410 450/200/409 457/215/419 458/212/416
f 449/204/412 448/203/411 455/217/421 456/214/418
f 447/207/414 446/206/413 453/219/422 454/216/420
f 457/215/419 456/214/418 463/127/300 381/126/345
f 455/217/421 454/216/420 461/130/349 462/129/348
f 453/219/422 438/221/304 460/132/352
f 466/222/297 459/213/417 465/123/341
f 458/212/416 457/215/419 381/126/345 464/124/342
f 456/214/418 455/217/421 462/129/348 463/127/300
f 454/216/420 453/219/422 460/132/352 461/130/349
f 459/213/417 458/212/416 464/124/342 465/123/341
f 552/135/297 551/123/341 474/125/344
f 550/124/342 467/126/345 472/128/347 473/67/343
f 549/127/300 548/129/348 470/131/351 471/69/346
f 547/130/349 546/132/352 468/134/353 469/70/350
f 551/123/341 550/124/342 473/67/343 474/125/344
f 467/126/345 549/127/300 471/69/346 472/128/347
f 548/129/348 547/130/349 469/70/350 470/131/351
f 546/132/352 524/133/304 468/134/353
f 474/125/344 473/67/343 480/139/356 481/137/354
f 472/128/347 471/69/346 478/141/358 479/138/355
f 470/131/351 469/70/350 476/143/360 477/140/357
f 468/134/353 524/144/304 475/142/359
f 552/136/297 474/125/344 481/137/354
f 473/67/343 472/128/347 479/138/355 480/139/356
f 471/69/346 470/131/351 477/140/357 478/141/358
f 469/70/350 468/134/353 475/142/359 476/143/360
f 479/138/355 478/141/358 485/72/362 486/148/367
f 477/140/357 476/143/360 483/71/364 484/145/361
f 475/142/359 524/149/304 482/146/363
f 552/150/297 481/137/354 488/147/366
f 480/139/356 479/138/355 486/148/367 487/68/365
f 478/141/358 477/140/357 484/145/361 485/72/362
f 476/143/360 475/142/359 482/146/363 483/71/364
f 481/137/354 480/139/356 487/68/365 488/147/366
f 552/159/297 488/147/366 495/152/369
f 487/68/365 486/148/367 493/154/371 494/151/368
f 485/72/362 484/145/361 491/156/373 492/153/370
f 483/71/364 482/146/363 489/158/374 490/155/372
f 488/147/366 487/68/365 494/151/368 495/152/369
f 486/148/367 485/72/362 492/153/370 493/154/371
f 484/145/361 483/71/364 490/155/372 491/156/373
f 482/146/363 524/157/304 489/158/374
f 492/153/370 491/156/373 498/161/376 499/168/381
f 490/155/372 489/158/374 496/163/377 497/160/375
f 495/152/369 494/151/368 501/167/380 502/165/378
f 493/154/371 492/153/370 499/168/381 500/166/379
f 491/156/373 490/155/372 497/160/375 498/161/376
f 489/158/374 524/162/304 496/163/377
f 552/164/297 495/152/369 502/165/378
f 494/151/368 493/154/371 500/166/379 501/167/380
f 502/165/378 501/167/380 508/172/384 509/170/382
f 500/166/379 499/168/381 506/174/310 507/171/383
f 498/161/376 497/160/375 504/176/387 505/173/385
f 496/163/377 524/177/304 503/175/386
f 552/169/297 502/165/378 509/170/382
f 501/167/380 500/166/379 507/171/383 508/172/384
f 499/168/381 498/161/376 505/173/385 506/174/310
f 497/160/375 496/163/377 503/175/386 504/176/387
f 505/173/385 504/176/387 511/81/389 512/181/394
f 503/175/386 524/182/304 510/178/388
f 552/183/297 509/170/382 516/179/391
f 508/172/384 507/171/383 514/180/393 515/80/390
f 506/174/310 505/173/385 512/181/394 513/82/392
f 504/176/387 503/175/386 510/178/388 511/81/389
f 509/170/382 508/172/384 515/80/390 516/179/391
f 507/171/383 506/174/310 513/82/392 514/180/393
f 552/192/297 516/179/391 523/185/396
f 515/80/390 514/180/393 521/187/398 522/184/395
f 513/82/392 512/181/394 519/189/400 520/186/397
f 511/81/389 510/178/388 517/191/401 518/188/399
f 516/179/391 515/80/390 522/184/395 523/185/396
f 514/180/393 513/82/392 520/186/397 521/187/398
f 512/181/394 511/81/389 518/188/399 519/189/400
f 510/178/388 524/190/304 517/191/401
f 518/188/399 517/191/401 525/194/402 526/86/408
f 523/185/396 522/184/395 530/85/405 531/196/403
f 521/187/398 520/186/397 528/87/407 529/197/404
f 519/189/400 518/188/399 526/86/408 527/198/406
f 517/191/401 524/193/304 525/194/402
f 552/195/297 523/185/396 531/196/403
f 522/184/395 521/187/398 529/197/404 530/85/405
f 520/186/397 519/189/400 527/198/406 528/87/407
f 531/208/403 530/114/405 537/201/410 538/209/415
f 529/199/404 528/2/407 535/204/412 536/200/409
f 527/202/406 526/110/408 533/207/414 534/203/411
f 525/205/402 524/210/304 532/206/413
f 552/211/297 531/208/403 538/209/415
f 530/114/405 529/199/404 536/200/409 537/201/410
f 528/2/407 527/202/406 534/203/411 535/204/412
f 526/110/408 525/205/402 532/206/413 533/207/414
f 532/206/413 524/218/304 539/219/422
f 552/220/297 538/209/415 545/213/417
f 537/201/410 536/200/409 543/215/419 544/212/416
f 535/204/412 534/203/411 541/217/421 542/214/418
f 533/207/414 532/206/413 539/219/422 540/216/420
f 538/209/415 537/201/410 544/212/416 545/213/417
f 536/200/409 535/204/412 542/214/418 543/215/419
f 534/203/411 533/207/414 540/216/420 541/217/421
f 544/212/416 543/215/419 467/126/345 550/124/342
f 542/214/418 541/217/421 548/129/348 549/127/300
f 540/216/420 539/219/422 546/132/352 547/130/349
f 545/213/417 544/212/416 550/124/342 551/123/341
f 543/215/419 542/214/418 549/127/300 467/126/345
f 541/217/421 540/216/420 547/130/349 548/129/348
f 539/219/422 524/221/304 546/132/352
f 552/222/297 545/213/417 551/123/341
usemtl Vest
f 645/1/513 646/1/514 668/1/515 667/1/516
f 646/1/514 647/1/517 669/1/518 668/1/515
f 647/1/517 648/1/519 670/1/520 669/1/518
f 648/1/519 649/1/521 671/1/522 670/1/520
f 649/1/521 650/1/523 672/1/524 671/1/522
f 650/1/523 651/1/525 673/1/526 672/1/524
f 651/1/525 652/1/527 674/1/528 673/1/526
f 652/1/527 653/1/529 675/1/530 674/1/528
f 653/1/529 654/1/531 676/1/532 675/1/530
f 654/1/531 655/1/533 677/1/534 676/1/532
f 655/1/533 656/1/535 678/1/536 677/1/534
f 656/1/535 657/1/537 679/1/538 678/1/536
f 657/1/537 658/1/539 680/1/540 679/1/538
f 658/1/539 659/1/541 681/1/542 680/1/540
f 659/1/541 660/1/543 682/1/544 681/1/542
f 660/1/543 661/1/545 683/1/546 682/1/544
f 661/1/545 662/1/547 684/1/548 683/1/546
f 662/1/547 663/1/549 685/1/550 684/1/548
f 663/1/549 664/1/551 686/1/552 685/1/550
f 664/1/551 665/1/553 687/1/554 686/1/552
f 665/1/553 666/1/555 688/1/556 687/1/554
f 666/1/555 645/1/513 667/1/516 688/1/556
f 667/1/516 668/1/515 690/1/557 689/1/558
f 668/1/515 669/1/518 691/1/559 690/1/557
f 669/1/518 670/1/520 692/1/560 691/1/559
f 670/1/520 671/1/522 693/1/561 692/1/560
f 671/1/522 672/1/524 694/1/562 693/1/561
f 672/1/524 673/1/526 695/1/563 694/1/562
f 673/1/526 674/1/528 696/1/564 695/1/563
f 674/1/528 675/1/530 697/1/565 696/1/564
f 675/1/530 676/1/532 698/1/566 697/1/565
f 676/1/532 677/1/534 699/1/567 698/1/566
f 677/1/534 678/1/536 700/1/568 699/1/567
f 678/1/536 679/1/538 701/1/569 700/1/568
f 679/1/538 680/1/540 702/1/570 701/1/569
f 680/1/540 681/1/542 703/1/571 702/1/570
f 681/1/542 682/1/544 704/1/572 703/1/571
f 682/1/544 683/1/546 705/1/573 704/1/572
f 683/1/546 684/1/548 706/1/574 705/1/573
f 684/1/548 685/1/550 707/1/575 706/1/574
f 685/1/550 686/1/552 708/1/576 707/1/575
f 686/1/552 687/1/554 709/1/577 708/1/576
f 687/1/554 688/1/556 710/1/578 709/1/577
f 688/1/556 667/1/516 689/1/558 710/1/578
f 689/1/558 690/1/557 712/1/579 711/1/580
f 690/1/557 691/1/559 713/1/581 712/1/579
f 691/1/559 692/1/560 714/1/582 713/1/581
f 692/1/560 693/1/561 715/1/583 714/1/582
f 693/1/561 694/1/562 716/1/584 715/1/583
f 694/1/562 695/1/563 717/1/585 716/1/584
f 695/1/563 696/1/564 718/1/586 717/1/585
f 696/1/564 697/1/565 719/1/587 718/1/586
f 697/1/565 698/1/566 720/1/588 719/1/587
f 698/1/566 699/1/567 721/1/589 720/1/588
f 699/1/567 700/1/568 722/1/590 721/1/589
f 700/1/568 701/1/569 723/1/591 722/1/590
f 701/1/569 702/1/570 724/1/592 723/1/591
f 702/1/570 703/1/571 725/1/593 724/1/592
f 703/1/571 704/1/572 726/1/594 725/1/593
f 704/1/572 705/1/573 727/1/595 726/1/594
f 705/1/573 706/1/574 728/1/596 727/1/595
f 706/1/574 707/1/575 729/1/597 728/1/596
f 707/1/575 708/1/576 730/1/598 729/1/597
f 708/1/576 709/1/577 731/1/599 730/1/598
f 709/1/577 710/1/578 732/1/600 731/1/599
f 710/1/578 689/1/558 711/1/580 732/1/600
f 711/1/580 712/1/579 734/1/601 733/1/602
f 712/1/579 713/1/581 735/1/603 734/1/601
f 713/1/581 714/1/582 736/1/604 735/1/603
f 714/1/582 715/1/583 737/1/605 736/1/604
f 715/1/583 716/1/584 738/1/606 737/1/605
f 716/1/584 717/1/585 739/1/607 738/1/606
f 717/1/585 718/1/586 740/1/608 739/1/607
f 718/1/586 719/1/587 741/1/609 740/1/608
f 719/1/587 720/1/588 742/1/610 741/1/609
f 720/1/588 721/1/589 743/1/611 742/1/610
f 721/1/589 722/1/590 744/1/612 743/1/611
f 722/1/590 723/1/591 745/1/613 744/1/612
f 723/1/591 724/1/592 746/1/614 745/1/613
f 724/1/592 725/1/593 747/1/615 746/1/614
f 725/1/593 726/1/594 748/1/616 747/1/615
f 726/1/594 727/1/595 749/1/617 748/1/616
f 727/1/595 728/1/596 750/1/618 749/1/617
f 728/1/596 729/1/597 751/1/619 750/1/618
f 729/1/597 730/1/598 752/1/620 751/1/619
f 730/1/598 731/1/599 753/1/621 752/1/620
f 731/1/599 732/1/600 754/1/622 753/1/621
f 732/1/600 711/1/580 733/1/602 754/1/622
f 755/1/623 777/1/624 778/1/625 756/1/626
f 756/1/626 778/1/625 779/1/627 757/1/628
f 757/1/628 779/1/627 780/1/629 758/1/630
f 758/1/630 780/1/629 781/1/631 759/1/632
f 759/1/632 781/1/631 782/1/633 760/1/634
f 760/1/634 782/1/633 783/1/635 761/1/636
f 761/1/636 783/1/635 784/1/637 762/1/638
f 762/1/638 784/1/637 785/1/639 763/1/640
f 763/1/640 785/1/639 786/1/641 764/1/642
f 764/1/642 786/1/641 787/1/643 765/1/644
f 765/1/644 787/1/643 788/1/645 766/1/646
f 766/1/646 788/1/645 789/1/647 767/1/648
f 767/1/648 789/1/647 790/1/649 768/1/650
f 768/1/650 790/1/649 791/1/651 769/1/652
f 769/1/652 791/1/651 792/1/653 770/1/654
f 770/1/654 792/1/653 793/1/655 771/1/656
f 771/1/656 793/1/655 794/1/657 772/1/658
f 772/1/658 794/1/657 795/1/659 773/1/660
f 773/1/660 795/1/659 796/1/661 774/1/662
f 774/1/662 796/1/661 797/1/663 775/1/664
f 775/1/664 797/1/663 798/1/665 776/1/666
f 776/1/666 798/1/665 777/1/624 755/1/623
f 777/1/624 799/1/667 800/1/668 778/1/625
f 778/1/625 800/1/668 801/1/669 779/1/627
f 779/1/627 801/1/669 802/1/670 780/1/629
f 780/1/629 802/1/670 803/1/671 781/1/631
f 781/1/631 803/1/671 804/1/672 782/1/633
f 782/1/633 804/1/672 805/1/673 783/1/635
f 783/1/635 805/1/673 806/1/674 784/1/637
f 784/1/637 806/1/674 807/1/675 785/1/639
f 785/1/639 807/1/675 808/1/676 786/1/641
f 786/1/641 808/1/676 809/1/677 787/1/643
f 787/1/643 809/1/677 810/1/678 788/1/645
f 788/1/645 810/1/678 811/1/679 789/1/647
f 789/1/647 811/1/679 812/1/680 790/1/649
f 790/1/649 812/1/680 813/1/681 791/1/651
f 791/1/651 813/1/681 814/1/682 792/1/653
f 792/1/653 814/1/682 815/1/683 793/1/655
f 793/1/655 815/1/683 816/1/684 794/1/657
f 794/1/657 816/1/684 817/1/685 795/1/659
f 795/1/659 817/1/685 818/1/686 796/1/661
f 796/1/661 818/1/686 819/1/687 797/1/663
f 797/1/663 819/1/687 820/1/688 798/1/665
f 798/1/665 820/1/688 799/1/667 777/1/624
f 799/1/667 821/1/689 822/1/690 800/1/668
f 800/1/668 822/1/690 823/1/691 801/1/669
f 801/1/669 823/1/691 824/1/692 802/1/670
f 802/1/670 824/1/692 825/1/693 803/1/671
f 803/1/671 825/1/693 826/1/694 804/1/672
f 804/1/672 826/1/694 827/1/695 805/1/673
f 805/1/673 827/1/695 828/1/696 806/1/674
f 806/1/674 828/1/696 829/1/697 807/1/675
f 807/1/675 829/1/697 830/1/698 808/1/676
f 808/1/676 830/1/698 831/1/699 809/1/677
f 809/1/677 831/1/699 832/1/700 810/1/678
f 810/1/678 832/1/700 833/1/701 811/1/679
f 811/1/679 833/1/701 834/1/702 812/1/680
f 812/1/680 834/1/702 835/1/703 813/1/681
f 813/1/681 835/1/703 836/1/704 814/1/682
f 814/1/682 836/1/704 837/1/705 815/1/683
f 815/1/683 837/1/705 838/1/706 816/1/684
f 816/1/684 838/1/706 839/1/707 817/1/685
f 817/1/685 839/1/707 840/1/708 818/1/686
f 818/1/686 840/1/708 841/1/709 819/1/687
f 819/1/687 841/1/709 842/1/710 820/1/688
f 820/1/688 842/1/710 821/1/689 799/1/667
f 821/1/689 843/1/711 844/1/712 822/1/690
f 822/1/690 844/1/712 845/1/713 823/1/691
f 823/1/691 845/1/713 846/1/714 824/1/692
f 824/1/692 846/1/714 847/1/715 825/1/693
f 825/1/693 847/1/715 848/1/716 826/1/694
f 826/1/694 848/1/716 849/1/717 827/1/695
f 827/1/695 849/1/717 850/1/718 828/1/696
f 828/1/696 850/1/718 851/1/719 829/1/697
f 829/1/697 851/1/719 852/1/720 830/1/698
f 830/1/698 852/1/720 853/1/721 831/1/699
f 831/1/699 853/1/721 854/1/722 832/1/700
f 832/1/700 854/1/722 855/1/723 833/1/701
f 833/1/701 855/1/723 856/1/724 834/1/702
f 834/1/702 856/1/724 857/1/725 835/1/703
f 835/1/703 857/1/725 858/1/726 836/1/704
f 836/1/704 858/1/726 859/1/727 837/1/705
f 837/1/705 859/1/727 860/1/728 838/1/706
f 838/1/706 860/1/728 861/1/729 839/1/707
f 839/1/707 861/1/729 862/1/730 840/1/708
f 840/1/708 862/1/730 863/1/731 841/1/709
f 841/1/709 863/1/731 864/1/732 842/1/710
f 842/1/710 864/1/732 843/1/711 821/1/689
f 646/1/514 645/1/513 755/1/623 756/1/626
f 648/1/519 647/1/517 757/1/628 758/1/630
f 650/1/523 649/1/521 759/1/632 760/1/634
f 652/1/527 651/1/525 761/1/636 762/1/638
f 654/1/531 653/1/529 763/1/640 764/1/642
f 656/1/535 655/1/533 765/1/644 766/1/646
f 658/1/539 657/1/537 767/1/648 768/1/650
f 660/1/543 659/1/541 769/1/652 770/1/654
f 662/1/547 661/1/545 771/1/656 772/1/658
f 664/1/551 663/1/549 773/1/660 774/1/662
f 666/1/555 665/1/553 775/1/664 776/1/666
f 733/1/602 734/1/601 844/1/712 843/1/711
f 735/1/603 736/1/604 846/1/714 845/1/713
f 737/1/605 738/1/606 848/1/716 847/1/715
f 739/1/607 740/1/608 850/1/718 849/1/717
f 741/1/609 742/1/610 852/1/720 851/1/719
f 743/1/611 744/1/612 854/1/722 853/1/721
f 745/1/613 746/1/614 856/1/724 855/1/723
f 747/1/615 748/1/616 858/1/726 857/1/725
f 749/1/617 750/1/618 860/1/728 859/1/727
f 645/1/513 666/1/555 776/1/666 755/1/623
f 751/1/619 752/1/620 862/1/730 861/1/729
f 753/1/621 754/1/622 864/1/732 863/1/731
f 754/1/622 733/1/602 843/1/711 864/1/732
f 647/1/517 646/1/514 756/1/626 757/1/628
f 649/1/521 648/1/519 758/1/630 759/1/632
f 651/1/525 650/1/523 760/1/634 761/1/636
f 653/1/529 652/1/527 762/1/638 763/1/640
f 655/1/533 654/1/531 764/1/642 765/1/644
f 657/1/537 656/1/535 766/1/646 767/1/648
f 659/1/541 658/1/539 768/1/650 769/1/652
f 661/1/545 660/1/543 770/1/654 771/1/656
f 663/1/549 662/1/547 772/1/658 773/1/660
f 665/1/553 664/1/551 774/1/662 775/1/664
f 734/1/601 735/1/603 845/1/713 844/1/712
f 736/1/604 737/1/605 847/1/715 846/1/714
f 738/1/606 739/1/607 849/1/717 848/1/716
f 740/1/608 741/1/609 851/1/719 850/1/718
f 742/1/610 743/1/611 853/1/721 852/1/720
f 744/1/612 745/1/613 855/1/723 854/1/722
f 746/1/614 747/1/615 857/1/725 856/1/724
f 748/1/616 749/1/617 859/1/727 858/1/726
f 750/1/618 751/1/619 861/1/729 860/1/728
f 752/1/620 753/1/621 863/1/731 862/1/730
f 865/1/733 866/1/734 887/1/735 886/1/736
f 866/1/734 867/1/737 888/1/738 887/1/735
f 867/1/737 868/1/739 889/1/740 888/1/738
f 868/1/739 869/1/741 890/1/742 889/1/740
f 869/1/741 870/1/743 891/1/744 890/1/742
f 870/1/743 871/1/745 892/1/746 891/1/744
f 871/1/745 872/1/747 893/1/748 892/1/746
f 872/1/747 873/1/749 894/1/750 893/1/748
f 873/1/749 874/1/751 895/1/752 894/1/750
f 874/1/751 875/1/753 896/1/754 895/1/752
f 875/1/753 876/1/755 897/1/756 896/1/754
f 876/1/755 877/1/757 898/1/758 897/1/756
f 877/1/757 878/1/759 899/1/760 898/1/758
f 878/1/759 879/1/761 900/1/762 899/1/760
f 879/1/761 880/1/763 901/1/764 900/1/762
f 880/1/763 881/1/765 902/1/766 901/1/764
f 881/1/765 882/1/767 903/1/768 902/1/766
f 882/1/767 883/1/769 904/1/770 903/1/768
f 883/1/769 884/1/771 905/1/772 904/1/770
f 884/1/771 885/1/773 906/1/774 905/1/772
f 886/1/736 887/1/735 908/1/775 907/1/776
f 887/1/735 888/1/738 909/1/777 908/1/775
f 888/1/738 889/1/740 910/1/778 909/1/777
f 889/1/740 890/1/742 911/1/779 910/1/778
f 890/1/742 891/1/744 912/1/780 911/1/779
f 891/1/744 892/1/746 913/1/781 912/1/780
f 892/1/746 893/1/748 914/1/782 913/1/781
f 893/1/748 894/1/750 915/1/783 914/1/782
f 894/1/750 895/1/752 916/1/784 915/1/783
f 895/1/752 896/1/754 917/1/785 916/1/784
f 896/1/754 897/1/756 918/1/786 917/1/785
f 897/1/756 898/1/758 919/1/787 918/1/786
f 898/1/758 899/1/760 920/1/788 919/1/787
f 899/1/760 900/1/762 921/1/789 920/1/788
f 900/1/762 901/1/764 922/1/790 921/1/789
f 901/1/764 902/1/766 923/1/791 922/1/790
f 902/1/766 903/1/768 924/1/792 923/1/791
f 903/1/768 904/1/770 925/1/793 924/1/792
f 904/1/770 905/1/772 926/1/794 925/1/793
f 905/1/772 906/1/774 927/1/795 926/1/794
f 928/1/796 949/1/797 950/1/798 929/1/799
f 929/1/799 950/1/798 951/1/800 930/1/801
f 930/1/801 951/1/800 952/1/802 931/1/803
f 931/1/803 952/1/802 953/1/804 932/1/805
f 932/1/805 953/1/804 954/1/806 933/1/807
f 933/1/807 954/1/806 955/1/808 934/1/809
f 934/1/809 955/1/808 956/1/810 935/1/811
f 935/1/811 956/1/810 957/1/812 936/1/813
f 936/1/813 957/1/812 958/1/814 937/1/815
f 937/1/815 958/1/814 959/1/816 938/1/817
f 938/1/817 959/1/816 960/1/818 939/1/819
f 939/1/819 960/1/818 961/1/820 940/1/821
f 940/1/821 961/1/820 962/1/822 941/1/823
f 941/1/823 962/1/822 963/1/824 942/1/825
f 942/1/825 963/1/824 964/1/826 943/1/827
f 943/1/827 964/1/826 965/1/828 944/1/829
f 944/1/829 965/1/828 966/1/830 945/1/831
f 945/1/831 966/1/830 967/1/832 946/1/833
f 946/1/833 967/1/832 968/1/834 947/1/835
f 947/1/835 968/1/834 969/1/836 948/1/837
f 949/1/797 970/1/838 971/1/839 950/1/798
f 950/1/798 971/1/839 972/1/840 951/1/800
f 951/1/800 972/1/840 973/1/841 952/1/802
f 952/1/802 973/1/841 974/1/842 953/1/804
f 953/1/804 974/1/842 975/1/843 954/1/806
f 954/1/806 975/1/843 976/1/844 955/1/808
f 955/1/808 976/1/844 977/1/845 956/1/810
f 956/1/810 977/1/845 978/1/846 957/1/812
f 957/1/812 978/1/846 979/1/847 958/1/814
f 958/1/814 979/1/847 980/1/848 959/1/816
f 959/1/816 980/1/848 981/1/849 960/1/818
f 960/1/818 981/1/849 982/1/850 961/1/820
f 961/1/820 982/1/850 983/1/851 962/1/822
f 962/1/822 983/1/851 984/1/852 963/1/824
f 963/1/824 984/1/852 985/1/853 964/1/826
f 964/1/826 985/1/853 986/1/854 965/1/828
f 965/1/828 986/1/854 987/1/855 966/1/830
f 966/1/830 987/1/855 988/1/856 967/1/832
f 967/1/832 988/1/856 989/1/857 968/1/834
f 968/1/834 989/1/857 990/1/858 969/1/836
f 866/1/734 865/1/733 928/1/796 929/1/799
f 867/1/737 866/1/734 929/1/799 930/1/801
f 868/1/739 867/1/737 930/1/801 931/1/803
f 869/1/741 868/1/739 931/1/803 932/1/805
f 870/1/743 869/1/741 932/1/805 933/1/807
f 871/1/745 870/1/743 933/1/807 934/1/809
f 872/1/747 871/1/745 934/1/809 935/1/811
f 873/1/749 872/1/747 935/1/811 936/1/813
f 874/1/751 873/1/749 936/1/813 937/1/815
f 875/1/753 874/1/751 937/1/815 938/1/817
f 876/1/755 875/1/753 938/1/817 939/1/819
f 877/1/757 876/1/755 939/1/819 940/1/821
f 878/1/759 877/1/757 940/1/821 941/1/823
f 879/1/761 878/1/759 941/1/823 942/1/825
f 880/1/763 879/1/761 942/1/825 943/1/827
f 881/1/765 880/1/763 943/1/827 944/1/829
f 882/1/767 881/1/765 944/1/829 945/1/831
f 883/1/769 882/1/767 945/1/831 946/1/833
f 884/1/771 883/1/769 946/1/833 947/1/835
f 865/1/733 886/1/736 949/1/797 928/1/796
f 906/1/774 885/1/773 948/1/837 969/1/836
f 886/1/736 907/1/776 970/1/838 949/1/797
f 908/1/775 909/1/777 972/1/840 971/1/839
f 909/1/777 910/1/778 973/1/841 972/1/840
f 910/1/778 911/1/779 974/1/842 973/1/841
f 911/1/779 912/1/780 975/1/843 974/1/842
f 912/1/780 913/1/781 976/1/844 975/1/843
f 925/1/793 926/1/794 989/1/857 988/1/856
f 926/1/794 927/1/795 990/1/858 989/1/857
f 913/1/781 914/1/782 977/1/845 976/1/844
f 927/1/795 906/1/774 969/1/836 990/1/858
f 915/1/783 916/1/784 979/1/847 978/1/846
f 916/1/784 917/1/785 980/1/848 979/1/847
f 914/1/782 915/1/783 978/1/846 977/1/845
f 917/1/785 918/1/786 981/1/849 980/1/848
f 918/1/786 919/1/787 982/1/850 981/1/849
f 919/1/787 920/1/788 983/1/851 982/1/850
f 920/1/788 921/1/789 984/1/852 983/1/851
f 907/1/776 908/1/775 971/1/839 970/1/838
f 921/1/789 922/1/790 985/1/853 984/1/852
f 924/1/792 925/1/793 988/1/856 987/1/855
f 922/1/790 923/1/791 986/1/854 985/1/853
f 923/1/791 924/1/792 987/1/855 986/1/854
f 885/1/773 884/1/771 947/1/835 948/1/837
usemtl Button
f 993/223/859 1104/224/860 999/225/861 1000/226/862
f 992/126/863 1103/227/300 997/228/864 998/229/865
f 991/230/866 1102/231/867 995/232/868 996/233/869
f 1101/234/870 1051/235/304 994/236/871
f 1050/237/297 993/223/859 1000/226/862
f 1104/224/860 992/126/863 998/229/865 999/225/861
f 1103/227/300 991/230/866 996/233/869 997/228/864
f 1102/231/867 1101/234/870 994/236/871 995/232/868
f 1050/238/297 1000/226/862 1007/239/872
f 999/225/861 998/229/865 1005/240/873 1006/241/874
f 997/228/864 996/233/869 1003/242/875 1004/243/876
f 995/232/868 994/236/871 1001/244/877 1002/245/878
f 1000/226/862 999/225/861 1006/241/874 1007/239/872
f 998/229/865 997/228/864 1004/243/876 1005/240/873
f 996/233/869 995/232/868 1002/245/878 1003/242/875
f 994/236/871 1051/246/304 1001/244/877
f 1004/243/876 1003/242/875 1010/247/879 1011/248/880
f 1002/245/878 1001/244/877 1008/249/881 1009/250/882
f 1007/239/872 1006/241/874 1013/251/883 1014/252/884
f 1005/240/873 1004/243/876 1011/248/880 1012/253/885
f 1003/242/875 1002/245/878 1009/250/882 1010/247/879
f 1001/244/877 1051/254/304 1008/249/881
f 1050/255/297 1007/239/872 1014/252/884
f 1006/241/874 1005/240/873 1012/253/885 1013/251/883
f 1014/252/884 1013/251/883 1020/256/886 1021/257/887
f 1012/253/885 1011/248/880 1018/258/362 1019/259/888
f 1010/247/879 1009/250/882 1016/260/889 1017/261/890
f 1008/249/881 1051/262/304 1015/263/891
f 1050/264/297 1014/252/884 1021/257/887
f 1013/251/883 1012/253/885 1019/259/888 1020/256/886
f 1011/248/880 1010/247/879 1017/261/890 1018/258/362
f 1009/250/882 1008/249/881 1015/263/891 1016/260/889
f 1017/261/890 1016/260/889 1023/265/892 1024/266/893
f 1015/263/891 1051/267/304 1022/268/894
f 1050/269/297 1021/257/887 1028/270/895
f 1020/256/886 1019/259/888 1026/271/896 1027/272/897
f 1018/258/362 1017/261/890 1024/266/893 1025/273/898
f 1016/260/889 1015/263/891 1022/268/894 1023/265/892
f 1021/257/887 1020/256/886 1027/272/897 1028/270/895
f 1019/259/888 1018/258/362 1025/273/898 1026/271/896
f 1050/274/297 1028/270/895 1035/275/899
f 1027/272/897 1026/271/896 1033/276/900 1034/277/901
f 1025/273/898 1024/266/893 1031/278/902 1032/279/903
f 1023/265/892 1022/268/894 1029/280/904 1030/281/905
f 1028/270/895 1027/272/897 1034/277/901 1035/275/899
f 1026/271/896 1025/273/898 1032/279/903 1033/276/900
f 1024/266/893 1023/265/892 1030/281/905 1031/278/902
f 1022/268/894 1051/282/304 1029/280/904
f 1030/281/905 1029/280/904 1036/283/906 1037/284/907
f 1035/275/899 1034/277/901 1041/285/908 1042/286/909
f 1033/276/900 1032/279/903 1039/287/910 1040/288/911
f 1031/278/902 1030/281/905 1037/284/907 1038/289/912
f 1029/280/904 1051/290/304 1036/283/906
f 1050/291/297 1035/275/899 1042/286/909
f 1034/277/901 1033/276/900 1040/288/911 1041/285/908
f 1032/279/903 1031/278/902 1038/289/912 1039/287/910
f 1042/286/909 1041/285/908 1048/292/913 1049/293/914
f 1040/288/911 1039/287/910 1046/294/310 1047/295/915
f 1038/289/912 1037/284/907 1044/296/916 1045/297/917
f 1036/283/906 1051/298/304 1043/299/918
f 1050/300/297 1042/286/909 1049/293/914
f 1041/285/908 1040/288/911 1047/295/915 1048/292/913
f 1039/287/910 1038/289/912 1045/297/917 1046/294/310
f 1037/284/907 1036/283/906 1043/299/918 1044/296/916
f 1043/299/918 1051/301/304 1052/302/919
f 1050/303/297 1049/293/914 1058/304/920
f 1048/292/913 1047/295/915 1056/305/921 1057/306/922
f 1046/294/310 1045/297/917 1054/307/923 1055/308/924
f 1044/296/916 1043/299/918 1052/302/919 1053/309/925
f 1049/293/914 1048/292/913 1057/306/922 1058/304/920
f 1047/295/915 1046/294/310 1055/308/924 1056/305/921
f 1045/297/917 1044/296/916 1053/309/925 1054/307/923
f 1057/306/922 1056/305/921 1063/310/926 1064/311/927
f 1055/308/924 1054/307/923 1061/312/928 1062/313/929
f 1053/309/925 1052/302/919 1059/314/930 1060/315/931
f 1058/304/920 1057/306/922 1064/311/927 1065/316/932
f 1056/305/921 1055/308/924 1062/313/929 1063/310/926
f 1054/307/923 1053/309/925 1060/315/931 1061/312/928
f 1052/302/919 1051/317/304 1059/314/930
f 1050/318/297 1058/304/920 1065/316/932
f 1065/316/932 1064/311/927 1071/319/933 1072/320/934
f 1063/310/926 1062/313/929 1069/321/935 1070/322/936
f 1061/312/928 1060/315/931 1067/323/937 1068/324/938
f 1059/314/930 1051/325/304 1066/326/939
f 1050/327/297 1065/316/932 1072/320/934
f 1064/311/927 1063/310/926 1070/322/936 1071/319/933
f 1062/313/929 1061/312/928 1068/324/938 1069/321/935
f 1060/315/931 1059/314/930 1066/326/939 1067/323/937
f 1070/322/936 1069/321/935 1076/87/407 1077/197/940
f 1068/324/938 1067/323/937 1074/328/941 1075/198/942
f 1066/326/939 1051/329/304 1073/194/943
f 1050/330/297 1072/320/934 1079/331/944
f 1071/319/933 1070/322/936 1077/197/940 1078/85/945
f 1069/321/935 1068/324/938 1075/198/942 1076/87/407
f 1067/323/937 1066/326/939 1073/194/943 1074/328/941
f 1072/320/934 1071/319/933 1078/85/945 1079/331/944
f 1050/332/297 1079/333/944 1086/334/946
f 1078/114/945 1077/199/940 1084/335/947 1085/336/948
f 1076/2/407 1075/202/942 1082/337/949 1083/338/950
f 1074/339/941 1073/205/943 1080/340/951 1081/341/952
f 1079/333/944 1078/114/945 1085/336/948 1086/334/946
f 1077/199/940 1076/2/407 1083/338/950 1084/335/947
f 1075/202/942 1074/339/941 1081/341/952 1082/337/949
f 1073/205/943 1051/342/304 1080/340/951
f 1083/338/950 1082/337/949 1089/343/953 1090/344/954
f 1081/341/952 1080/340/951 1087/345/955 1088/346/956
f 1086/334/946 1085/336/948 1092/347/957 1093/348/958
f 1084/335/947 1083/338/950 1090/344/954 1091/349/959
f 1082/337/949 1081/341/952 1088/346/956 1089/343/953
f 1080/340/951 1051/350/304 1087/345/955
f 1050/351/297 1086/334/946 1093/348/958
f 1085/336/948 1084/335/947 1091/349/959 1092/347/957
f 1093/348/958 1092/347/957 1099/352/960 1100/353/961
f 1091/349/959 1090/344/954 1097/354/962 1098/355/963
f 1089/343/953 1088/346/956 1095/356/964 1096/357/965
f 1087/345/955 1051/358/304 1094/359/966
f 1050/360/297 1093/348/958 1100/353/961
f 1092/347/957 1091/349/959 1098/355/963 1099/352/960
f 1090/344/954 1089/343/953 1096/357/965 1097/354/962
f 1088/346/956 1087/345/955 1094/359/966 1095/356/964
f 1096/357/965 1095/356/964 1102/231/867 991/230/866
f 1094/359/966 1051/361/304 1101/234/870
f 1050/362/297 1100/353/961 993/223/859
f 1099/352/960 1098/355/963 992/126/863 1104/224/860
f 1097/354/962 1096/357/965 991/230/866 1103/227/300
f 1095/356/964 1094/359/966 1101/234/870 1102/231/867
f 1100/353/961 1099/352/960 1104/224/860 993/223/859
f 1098/355/963 1097/354/962 1103/227/300 992/126/863
f 1302/224/860 1190/126/863 1196/229/865 1197/225/861
f 1301/227/300 1189/230/866 1194/233/869 1195/228/864
f 1300/231/867 1299/234/870 1192/236/871 1193/232/868
f 1191/223/859 1302/224/860 1197/225/861 1198/226/862
f 1190/126/863 1301/227/300 1195/228/864 1196/229/865
f 1189/230/866 1300/231/867 1193/232/868 1194/233/869
f 1299/234/870 1249/235/304 1192/236/871
f 1248/237/297 1191/223/859 1198/226/862
f 1198/226/862 1197/225/861 1204/241/874 1205/239/872
f 1196/229/865 1195/228/864 1202/243/876 1203/240/873
f 1194/233/869 1193/232/868 1200/245/878 1201/242/875
f 1192/236/871 1249/246/304 1199/244/877
f 1248/238/297 1198/226/862 1205/239/872
f 1197/225/861 1196/229/865 1203/240/873 1204/241/874
f 1195/228/864 1194/233/869 1201/242/875 1202/243/876
f 1193/232/868 1192/236/871 1199/244/877 1200/245/878
f 1201/242/875 1200/245/878 1207/250/882 1208/247/879
f 1199/244/877 1249/254/304 1206/249/881
f 1248/255/297 1205/239/872 1212/252/884
f 1204/241/874 1203/240/873 1210/253/885 1211/251/883
f 1202/243/876 1201/242/875 1208/247/879 1209/248/880
f 1200/245/878 1199/244/877 1206/249/881 1207/250/882
f 1205/239/872 1204/241/874 1211/251/883 1212/252/884
f 1203/240/873 1202/243/876 1209/248/880 1210/253/885
f 1248/264/297 1212/252/884 1219/257/887
f 1211/251/883 1210/253/885 1217/259/888 1218/256/886
f 1209/248/880 1208/247/879 1215/261/890 1216/258/362
f 1207/250/882 1206/249/881 1213/263/891 1214/260/889
f 1212/252/884 1211/251/883 1218/256/886 1219/257/887
f 1210/253/885 1209/248/880 1216/258/362 1217/259/888
f 1208/247/879 1207/250/882 1214/260/889 1215/261/890
f 1206/249/881 1249/262/304 1213/263/891
f 1214/260/889 1213/263/891 1220/268/894 1221/265/892
f 1219/257/887 1218/256/886 1225/272/897 1226/270/895
f 1217/259/888 1216/258/362 1223/273/898 1224/271/896
f 1215/261/890 1214/260/889 1221/265/892 1222/266/893
f 1213/263/891 1249/267/304 1220/268/894
f 1248/269/297 1219/257/887 1226/270/895
f 1218/256/886 1217/259/888 1224/271/896 1225/272/897
f 1216/258/362 1215/261/890 1222/266/893 1223/273/898
f 1226/270/895 1225/272/897 1232/277/901 1233/275/899
f 1224/271/896 1223/273/898 1230/279/903 1231/276/900
f 1222/266/893 1221/265/892 1228/281/905 1229/278/902
f 1220/268/894 1249/282/304 1227/280/904
f 1248/274/297 1226/270/895 1233/275/899
f 1225/272/897 1224/271/896 1231/276/900 1232/277/901
f 1223/273/898 1222/266/893 1229/278/902 1230/279/903
f 1221/265/892 1220/268/894 1227/280/904 1228/281/905
f 1227/280/904 1249/290/304 1234/283/906
f 1248/291/297 1233/275/899 1240/286/909
f 1232/277/901 1231/276/900 1238/288/911 1239/285/908
f 1230/279/903 1229/278/902 1236/289/912 1237/287/910
f 1228/281/905 1227/280/904 1234/283/906 1235/284/907
f 1233/275/899 1232/277/901 1239/285/908 1240/286/909
f 1231/276/900 1230/279/903 1237/287/910 1238/288/911
f 1229/278/902 1228/281/905 1235/284/907 1236/289/912
f 1239/285/908 1238/288/911 1245/295/915 1246/292/913
f 1237/287/910 1236/289/912 1243/297/917 1244/294/310
f 1235/284/907 1234/283/906 1241/299/918 1242/296/916
f 1240/286/909 1239/285/908 1246/292/913 1247/293/914
f 1238/288/911 1237/287/910 1244/294/310 1245/295/915
f 1236/289/912 1235/284/907 1242/296/916 1243/297/917
f 1234/283/906 1249/298/304 1241/299/918
f 1248/300/297 1240/286/909 1247/293/914
f 1247/293/914 1246/292/913 1255/306/922 1256/304/920
f 1245/295/915 1244/294/310 1253/308/924 1254/305/921
f 1243/297/917 1242/296/916 1251/309/925 1252/307/923
f 1241/299/918 1249/301/304 1250/302/919
f 1248/303/297 1247/293/914 1256/304/920
f 1246/292/913 1245/295/915 1254/305/921 1255/306/922
f 1244/294/310 1243/297/917 1252/307/923 1253/308/924
f 1242/296/916 1241/299/918 1250/302/919 1251/309/925
f 1254/305/921 1253/308/924 1260/313/929 1261/310/926
f 1252/307/923 1251/309/925 1258/315/931 1259/312/928
f 1250/302/919 1249/317/304 1257/314/930
f 1248/318/297 1256/304/920 1263/316/932
f 1255/306/922 1254/305/921 1261/310/926 1262/311/927
f 1253/308/924 1252/307/923 1259/312/928 1260/313/929
f 1251/309/925 1250/302/919 1257/314/930 1258/315/931
f 1256/304/920 1255/306/922 1262/311/927 1263/316/932
f 1248/327/297 1263/316/932 1270/320/934
f 1262/311/927 1261/310/926 1268/322/936 1269/319/933
f 1260/313/929 1259/312/928 1266/324/938 1267/321/935
f 1258/315/931 1257/314/930 1264/326/939 1265/323/937
f 1263/316/932 1262/311/927 1269/319/933 1270/320/934
f 1261/310/926 1260/313/929 1267/321/935 1268/322/936
f 1259/312/928 1258/315/931 1265/323/937 1266/324/938
f 1257/314/930 1249/325/304 1264/326/939
f 1267/321/935 1266/324/938 1273/198/942 1274/87/407
f 1265/323/937 1264/326/939 1271/194/943 1272/328/941
f 1270/320/934 1269/319/933 1276/85/945 1277/331/944
f 1268/322/936 1267/321/935 1274/87/407 1275/197/940
f 1266/324/938 1265/323/937 1272/328/941 1273/198/942
f 1264/326/939 1249/329/304 1271/194/943
f 1248/330/297 1270/320/934 1277/331/944
f 1269/319/933 1268/322/936 1275/197/940 1276/85/945
f 1277/333/944 1276/114/945 1283/336/948 1284/334/946
f 1275/199/940 1274/2/407 1281/338/950 1282/335/947
f 1273/202/942 1272/339/941 1279/341/952 1280/337/949
f 1271/205/943 1249/342/304 1278/340/951
f 1248/332/297 1277/333/944 1284/334/946
f 1276/114/945 1275/199/940 1282/335/947 1283/336/948
f 1274/2/407 1273/202/942 1280/337/949 1281/338/950
f 1272/339/941 1271/205/943 1278/340/951 1279/341/952
f 1280/337/949 1279/341/952 1286/346/956 1287/343/953
f 1278/340/951 1249/350/304 1285/345/955
f 1248/351/297 1284/334/946 1291/348/958
f 1283/336/948 1282/335/947 1289/349/959 1290/347/957
f 1281/338/950 1280/337/949 1287/343/953 1288/344/954
f 1279/341/952 1278/340/951 1285/345/955 1286/346/956
f 1284/334/946 1283/336/948 1290/347/957 1291/348/958
f 1282/335/947 1281/338/950 1288/344/954 1289/349/959
f 1248/360/297 1291/348/958 1298/353/961
f 1290/347/957 1289/349/959 1296/355/963 1297/352/960
f 1288/344/954 1287/343/953 1294/357/965 1295/354/962
f 1286/346/956 1285/345/955 1292/359/966 1293/356/964
f 1291/348/958 1290/347/957 1297/352/960 1298/353/961
f 1289/349/959 1288/344/954 1295/354/962 1296/355/963
f 1287/343/953 1286/346/956 1293/356/964 1294/357/965
f 1285/345/955 1249/358/304 1292/359/966
f 1293/356/964 1292/359/966 1299/234/870 1300/231/867
f 1298/353/961 1297/352/960 1302/224/860 1191/223/859
f 1296/355/963 1295/354/962 1301/227/300 1190/126/863
f 1294/357/965 1293/356/964 1300/231/867 1189/230/866
f 1292/359/966 1249/361/304 1299/234/870
f 1248/362/297 1298/353/961 1191/223/859
f 1297/352/960 1296/355/963 1190/126/863 1302/224/860
f 1295/354/962 1294/357/965 1189/230/866 1301/227/300
f 1387/230/866 1498/231/867 1391/232/868 1392/233/869
f 1497/234/870 1447/235/304 1390/236/871
f 1446/237/297 1389/223/859 1396/226/862
f 1500/224/860 1388/126/863 1394/229/865 1395/225/861
f 1499/227/300 1387/230/866 1392/233/869 1393/228/864
f 1498/231/867 1497/234/870 1390/236/871 1391/232/868
f 1389/223/859 1500/224/860 1395/225/861 1396/226/862
f 1388/126/863 1499/227/300 1393/228/864 1394/229/865
f 1395/225/861 1394/229/865 1401/240/873 1402/241/874
f 1393/228/864 1392/233/869 1399/242/875 1400/243/876
f 1391/232/868 1390/236/871 1397/244/877 1398/245/878
f 1396/226/862 1395/225/861 1402/241/874 1403/239/872
f 1394/229/865 1393/228/864 1400/243/876 1401/240/873
f 1392/233/869 1391/232/868 1398/245/878 1399/242/875
f 1390/236/871 1447/246/304 1397/244/877
f 1446/238/297 1396/226/862 1403/239/872
f 1403/239/872 1402/241/874 1409/251/883 1410/252/884
f 1401/240/873 1400/243/876 1407/248/880 1408/253/885
f 1399/242/875 1398/245/878 1405/250/882 1406/247/879
f 1397/244/877 1447/254/304 1404/249/881
f 1446/255/297 1403/239/872 1410/252/884
f 1402/241/874 1401/240/873 1408/253/885 1409/251/883
f 1400/243/876 1399/242/875 1406/247/879 1407/248/880
f 1398/245/878 1397/244/877 1404/249/881 1405/250/882
f 1408/253/885 1407/248/880 1414/258/362 1415/259/888
f 1406/247/879 1405/250/882 1412/260/889 1413/261/890
f 1404/249/881 1447/262/304 1411/263/891
f 1446/264/297 1410/252/884 1417/257/887
f 1409/251/883 1408/253/885 1415/259/888 1416/256/886
f 1407/248/880 1406/247/879 1413/261/890 1414/258/362
f 1405/250/882 1404/249/881 1411/263/891 1412/260/889
f 1410/252/884 1409/251/883 1416/256/886 1417/257/887
f 1446/269/297 1417/257/887 1424/270/895
f 1416/256/886 1415/259/888 1422/271/896 1423/272/897
f 1414/258/362 1413/261/890 1420/266/893 1421/273/898
f 1412/260/889 1411/263/891 1418/268/894 1419/265/892
f 1417/257/887 1416/256/886 1423/272/897 1424/270/895
f 1415/259/888 1414/258/362 1421/273/898 1422/271/896
f 1413/261/890 1412/260/889 1419/265/892 1420/266/893
f 1411/263/891 1447/267/304 1418/268/894
f 1421/273/898 1420/266/893 1427/278/902 1428/279/903
f 1419/265/892 1418/268/894 1425/280/904 1426/281/905
f 1424/270/895 1423/272/897 1430/277/901 1431/275/899
f 1422/271/896 1421/273/898 1428/279/903 1429/276/900
f 1420/266/893 1419/265/892 1426/281/905 1427/278/902
f 1418/268/894 1447/282/304 1425/280/904
f 1446/274/297 1424/270/895 1431/275/899
f 1423/272/897 1422/271/896 1429/276/900 1430/277/901
f 1431/275/899 1430/277/901 1437/285/908 1438/286/909
f 1429/276/900 1428/279/903 1435/287/910 1436/288/911
f 1427/278/902 1426/281/905 1433/284/907 1434/289/912
f 1425/280/904 1447/290/304 1432/283/906
f 1446/291/297 1431/275/899 1438/286/909
f 1430/277/901 1429/276/900 1436/288/911 1437/285/908
f 1428/279/903 1427/278/902 1434/289/912 1435/287/910
f 1426/281/905 1425/280/904 1432/283/906 1433/284/907
f 1434/289/912 1433/284/907 1440/296/916 1441/297/917
f 1432/283/906 1447/298/304 1439/299/918
f 1446/300/297 1438/286/909 1445/293/914
f 1437/285/908 1436/288/911 1443/295/915 1444/292/913
f 1435/287/910 1434/289/912 1441/297/917 1442/294/310
f 1433/284/907 1432/283/906 1439/299/918 1440/296/916
f 1438/286/909 1437/285/908 1444/292/913 1445/293/914
f 1436/288/911 1435/287/910 1442/294/310 1443/295/915
f 1446/303/297 1445/293/914 1454/304/920
f 1444/292/913 1443/295/915 1452/305/921 1453/306/922
f 1442/294/310 1441/297/917 1450/307/923 1451/308/924
f 1440/296/916 1439/299/918 1448/302/919 1449/309/925
f 1445/293/914 1444/292/913 1453/306/922 1454/304/920
f 1443/295/915 1442/294/310 1451/308/924 1452/305/921
f 1441/297/917 1440/296/916 1449/309/925 1450/307/923
f 1439/299/918 1447/301/304 1448/302/919
f 1449/309/925 1448/302/919 1455/314/930 1456/315/931
f 1454/304/920 1453/306/922 1460/311/927 1461/316/932
f 1452/305/921 1451/308/924 1458/313/929 1459/310/926
f 1450/307/923 1449/309/925 1456/315/931 1457/312/928
f 1448/302/919 1447/317/304 1455/314/930
f 1446/318/297 1454/304/920 1461/316/932
f 1453/306/922 1452/305/921 1459/310/926 1460/311/927
f 1451/308/924 1450/307/923 1457/312/928 1458/313/929
f 1461/316/932 1460/311/927 1467/319/933 1468/320/934
f 1459/310/926 1458/313/929 1465/321/935 1466/322/936
f 1457/312/928 1456/315/931 1463/323/937 1464/324/938
f 1455/314/930 1447/325/304 1462/326/939
f 1446/327/297 1461/316/932 1468/320/934
f 1460/311/927 1459/310/926 1466/322/936 1467/319/933
f 1458/313/929 1457/312/928 1464/324/938 1465/321/935
f 1456/315/931 1455/314/930 1462/326/939 1463/323/937
f 1462/326/939 1447/329/304 1469/194/943
f 1446/330/297 1468/320/934 1475/331/944
f 1467/319/933 1466/322/936 1473/197/940 1474/85/945
f 1465/321/935 1464/324/938 1471/198/942 1472/87/407
f 1463/323/937 1462/326/939 1469/194/943 1470/328/941
f 1468/320/934 1467/319/933 1474/85/945 1475/331/944
f 1466/322/936 1465/321/935 1472/87/407 1473/197/940
f 1464/324/938 1463/323/937 1470/328/941 1471/198/942
f 1474/114/945 1473/199/940 1480/335/947 1481/336/948
f 1472/2/407 1471/202/942 1478/337/949 1479/338/950
f 1470/339/941 1469/205/943 1476/340/951 1477/341/952
f 1475/333/944 1474/114/945 1481/336/948 1482/334/946
f 1473/199/940 1472/2/407 1479/338/950 1480/335/947
f 1471/202/942 1470/339/941 1477/341/952 1478/337/949
f 1469/205/943 1447/342/304 1476/340/951
f 1446/332/297 1475/333/944 1482/334/946
f 1482/334/946 1481/336/948 1488/347/957 1489/348/958
f 1480/335/947 1479/338/950 1486/344/954 1487/349/959
f 1478/337/949 1477/341/952 1484/346/956 1485/343/953
f 1476/340/951 1447/350/304 1483/345/955
f 1446/351/297 1482/334/946 1489/348/958
f 1481/336/948 1480/335/947 1487/349/959 1488/347/957
f 1479/338/950 1478/337/949 1485/343/953 1486/344/954
f 1477/341/952 1476/340/951 1483/345/955 1484/346/956
f 1487/349/959 1486/344/954 1493/354/962 1494/355/963
f 1485/343/953 1484/346/956 1491/356/964 1492/357/965
f 1483/345/955 1447/358/304 1490/359/966
f 1446/360/297 1489/348/958 1496/353/961
f 1488/347/957 1487/349/959 1494/355/963 1495/352/960
f 1486/344/954 1485/343/953 1492/357/965 1493/354/962
f 1484/346/956 1483/345/955 1490/359/966 1491/356/964
f 1489/348/958 1488/347/957 1495/352/960 1496/353/961
f 1446/362/297 1496/353/961 1389/223/859
f 1495/352/960 1494/355/963 1388/126/863 1500/224/860
f 1493/354/962 1492/357/965 1387/230/866 1499/227/300
f 1491/356/964 1490/359/966 1497/234/870 1498/231/867
f 1496/353/961 1495/352/960 1500/224/860 1389/223/859
f 1494/355/963 1493/354/962 1499/227/300 1388/126/863
f 1492/357/965 1491/356/964 1498/231/867 1387/230/866
f 1490/359/966 1447/361/304 1497/234/870
f 1665/164/1094 1666/136/1095 1668/241/1096 1667/419/1097
f 1667/419/1097 1668/241/1096 1672/243/1098 1671/382/1099
f 1671/382/1099 1672/243/1098 1670/245/1100 1669/420/1101
f 1669/420/1101 1670/245/1100 1666/144/1095 1665/162/1094
f 1667/397/1097 1671/382/1099 1669/420/1101 1665/421/1094
f 1672/243/1098 1668/412/1096 1666/422/1095 1670/245/1100
usemtl Leather
f 1585/1/1014 1586/1/1015 1606/1/1016 1605/1/1017
f 1586/1/1015 1587/1/1018 1607/1/1019 1606/1/1016
f 1587/1/1018 1588/1/1020 1608/1/1021 1607/1/1019
f 1588/1/1020 1589/1/1022 1609/1/1023 1608/1/1021
f 1589/1/1022 1590/1/1024 1610/1/1025 1609/1/1023
f 1590/1/1024 1591/1/1026 1611/1/1027 1610/1/1025
f 1591/1/1026 1592/1/1028 1612/1/1029 1611/1/1027
f 1592/1/1028 1593/1/1030 1613/1/1031 1612/1/1029
f 1593/1/1030 1594/1/1032 1614/1/1033 1613/1/1031
f 1594/1/1032 1595/1/1034 1615/1/1035 1614/1/1033
f 1595/1/1034 1596/1/1036 1616/1/1037 1615/1/1035
f 1596/1/1036 1597/1/1038 1617/1/1039 1616/1/1037
f 1597/1/1038 1598/1/1040 1618/1/1041 1617/1/1039
f 1598/1/1040 1599/1/1042 1619/1/1043 1618/1/1041
f 1599/1/1042 1600/1/1044 1620/1/1045 1619/1/1043
f 1600/1/1044 1601/1/1046 1621/1/1047 1620/1/1045
f 1601/1/1046 1602/1/1048 1622/1/1049 1621/1/1047
f 1602/1/1048 1603/1/1050 1623/1/1051 1622/1/1049
f 1603/1/1050 1604/1/1052 1624/1/1053 1623/1/1051
f 1604/1/1052 1585/1/1014 1605/1/1017 1624/1/1053
f 1625/1/1054 1645/1/1055 1646/1/1056 1626/1/1057
f 1626/1/1057 1646/1/1056 1647/1/1058 1627/1/1059
f 1627/1/1059 1647/1/1058 1648/1/1060 1628/1/1061
f 1628/1/1061 1648/1/1060 1649/1/1062 1629/1/1063
f 1629/1/1063 1649/1/1062 1650/1/1064 1630/1/1065
f 1630/1/1065 1650/1/1064 1651/1/1066 1631/1/1067
f 1631/1/1067 1651/1/1066 1652/1/1068 1632/1/1069
f 1632/1/1069 1652/1/1068 1653/1/1070 1633/1/1071
f 1633/1/1071 1653/1/1070 1654/1/1072 1634/1/1073
f 1634/1/1073 1654/1/1072 1655/1/1074 1635/1/1075
f 1635/1/1075 1655/1/1074 1656/1/1076 1636/1/1077
f 1636/1/1077 1656/1/1076 1657/1/1078 1637/1/1079
f 1637/1/1079 1657/1/1078 1658/1/1080 1638/1/1081
f 1638/1/1081 1658/1/1080 1659/1/1082 1639/1/1083
f 1639/1/1083 1659/1/1082 1660/1/1084 1640/1/1085
f 1640/1/1085 1660/1/1084 1661/1/1086 1641/1/1087
f 1641/1/1087 1661/1/1086 1662/1/1088 1642/1/1089
f 1642/1/1089 1662/1/1088 1663/1/1090 1643/1/1091
f 1643/1/1091 1663/1/1090 1664/1/1092 1644/1/1093
f 1644/1/1093 1664/1/1092 1645/1/1055 1625/1/1054
f 1586/1/1015 1585/1/1014 1625/1/1054 1626/1/1057
f 1587/1/1018 1586/1/1015 1626/1/1057 1627/1/1059
f 1588/1/1020 1587/1/1018 1627/1/1059 1628/1/1061
f 1589/1/1022 1588/1/1020 1628/1/1061 1629/1/1063
f 1590/1/1024 1589/1/1022 1629/1/1063 1630/1/1065
f 1591/1/1026 1590/1/1024 1630/1/1065 1631/1/1067
f 1592/1/1028 1591/1/1026 1631/1/1067 1632/1/1069
f 1593/1/1030 1592/1/1028 1632/1/1069 1633/1/1071
f 1594/1/1032 1593/1/1030 1633/1/1071 1634/1/1073
f 1605/1/1017 1606/1/1016 1646/1/1056 1645/1/1055
f 1596/1/1036 1595/1/1034 1635/1/1075 1636/1/1077
f 1598/1/1040 1597/1/1038 1637/1/1079 1638/1/1081
f 1599/1/1042 1598/1/1040 1638/1/1081 1639/1/1083
f 1600/1/1044 1599/1/1042 1639/1/1083 1640/1/1085
f 1601/1/1046 1600/1/1044 1640/1/1085 1641/1/1087
f 1602/1/1048 1601/1/1046 1641/1/1087 1642/1/1089
f 1603/1/1050 1602/1/1048 1642/1/1089 1643/1/1091
f 1604/1/1052 1603/1/1050 1643/1/1091 1644/1/1093
f 1606/1/1016 1607/1/1019 1647/1/1058 1646/1/1056
f 1607/1/1019 1608/1/1021 1648/1/1060 1647/1/1058
f 1617/1/1039 1618/1/1041 1658/1/1080 1657/1/1078
f 1608/1/1021 1609/1/1023 1649/1/1062 1648/1/1060
f 1616/1/1037 1617/1/1039 1657/1/1078 1656/1/1076
f 1618/1/1041 1619/1/1043 1659/1/1082 1658/1/1080
f 1609/1/1023 1610/1/1025 1650/1/1064 1649/1/1062
f 1619/1/1043 1620/1/1045 1660/1/1084 1659/1/1082
f 1615/1/1035 1616/1/1037 1656/1/1076 1655/1/1074
f 1610/1/1025 1611/1/1027 1651/1/1066 1650/1/1064
f 1620/1/1045 1621/1/1047 1661/1/1086 1660/1/1084
f 1611/1/1027 1612/1/1029 1652/1/1068 1651/1/1066
f 1621/1/1047 1622/1/1049 1662/1/1088 1661/1/1086
f 1585/1/1014 1604/1/1052 1644/1/1093 1625/1/1054
f 1612/1/1029 1613/1/1031 1653/1/1070 1652/1/1068
f 1622/1/1049 1623/1/1051 1663/1/1090 1662/1/1088
f 1597/1/1038 1596/1/1036 1636/1/1077 1637/1/1079
f 1613/1/1031 1614/1/1033 1654/1/1072 1653/1/1070
f 1623/1/1051 1624/1/1053 1664/1/1092 1663/1/1090
f 1595/1/1034 1594/1/1032 1634/1/1073 1635/1/1075
f 1624/1/1053 1605/1/1017 1645/1/1055 1664/1/1092
f 1614/1/1033 1615/1/1035 1655/1/1074 1654/1/1072
f 2036/135/297 2070/123/1318 1993/125/1319
f 2069/423/1320 2068/126/1321 1991/128/1322 1992/67/1323
f 1986/363/300 2067/230/1324 1989/131/1325 1990/69/1326
f 1985/424/1327 2066/132/1328 1987/134/1329 1988/70/1330
f 2070/123/1318 2069/423/1320 1992/67/1323 1993/125/1319
f 2068/126/1321 1986/363/300 1990/69/1326 1991/128/1322
f 2067/230/1324 1985/424/1327 1988/70/1330 1989/131/1325
f 2066/132/1328 2037/133/304 1987/134/1329
f 1988/70/1330 1987/134/1329 1994/142/1331 1995/143/1332
f 1993/125/1319 1992/67/1323 1999/139/1333 2000/137/1334
f 1991/128/1322 1990/69/1326 1997/141/1335 1998/138/1336
f 1989/131/1325 1988/70/1330 1995/143/1332 1996/140/1337
f 1987/134/1329 2037/144/304 1994/142/1331
f 2036/136/297 1993/125/1319 2000/137/1334
f 1992/67/1323 1991/128/1322 1998/138/1336 1999/139/1333
f 1990/69/1326 1989/131/1325 1996/140/1337 1997/141/1335
f 2000/137/1334 1999/139/1333 2006/68/1338 2007/147/1339
f 1998/138/1336 1997/141/1335 2004/72/362 2005/148/1340
f 1996/140/1337 1995/143/1332 2002/71/1341 2003/145/1342
f 1994/142/1331 2037/149/304 2001/146/1343
f 2036/150/297 2000/137/1334 2007/147/1339
f 1999/139/1333 1998/138/1336 2005/148/1340 2006/68/1338
f 1997/141/1335 1996/140/1337 2003/145/1342 2004/72/362
f 1995/143/1332 1994/142/1331 2001/146/1343 2002/71/1341
f 2001/146/1343 2037/425/304 2008/158/1344
f 2036/426/297 2007/147/1339 2014/152/1345
f 2006/68/1338 2005/148/1340 2012/154/1346 2013/151/1347
f 2004/72/362 2003/145/1342 2010/156/1348 2011/153/1349
f 2002/71/1341 2001/146/1343 2008/158/1344 2009/155/1350
f 2007/147/1339 2006/68/1338 2013/151/1347 2014/152/1345
f 2005/148/1340 2004/72/362 2011/153/1349 2012/154/1346
f 2003/145/1342 2002/71/1341 2009/155/1350 2010/156/1348
f 2013/151/1347 2012/154/1346 2019/166/1351 2020/167/1352
f 2011/153/1349 2010/156/1348 2017/161/1353 2018/168/1354
f 2009/155/1350 2008/158/1344 2015/163/1355 2016/160/1356
f 2014/152/1345 2013/151/1347 2020/167/1352 2021/165/1357
f 2012/154/1346 2011/153/1349 2018/168/1354 2019/166/1351
f 2010/156/1348 2009/155/1350 2016/160/1356 2017/161/1353
f 2008/158/1344 2037/162/304 2015/163/1355
f 2036/164/297 2014/152/1345 2021/165/1357
f 2021/165/1357 2020/167/1352 2027/172/1358 2028/170/1359
f 2019/166/1351 2018/168/1354 2025/174/310 2026/171/1360
f 2017/161/1353 2016/160/1356 2023/176/1361 2024/173/1362
f 2015/163/1355 2037/177/304 2022/175/1363
f 2036/169/297 2021/165/1357 2028/170/1359
f 2020/167/1352 2019/166/1351 2026/171/1360 2027/172/1358
f 2018/168/1354 2017/161/1353 2024/173/1362 2025/174/310
f 2016/160/1356 2015/163/1355 2022/175/1363 2023/176/1361
f 2026/171/1360 2025/174/310 2032/82/1364 2033/180/1365
f 2024/173/1362 2023/176/1361 2030/81/1366 2031/181/1367
f 2022/175/1363 2037/182/304 2029/178/1368
f 2036/183/297 2028/170/1359 2035/179/1369
f 2027/172/1358 2026/171/1360 2033/180/1365 2034/80/1370
f 2025/174/310 2024/173/1362 2031/181/1367 2032/82/1364
f 2023/176/1361 2022/175/1363 2029/178/1368 2030/81/1366
f 2028/170/1359 2027/172/1358 2034/80/1370 2035/179/1369
f 2036/192/297 2035/179/1369 2044/185/1371
f 2034/80/1370 2033/180/1365 2042/427/1372 2043/428/1373
f 2032/82/1364 2031/181/1367 2040/429/1374 2041/186/1375
f 2030/81/1366 2029/178/1368 2038/191/1376 2039/430/1377
f 2035/179/1369 2034/80/1370 2043/428/1373 2044/185/1371
f 2033/180/1365 2032/82/1364 2041/186/1375 2042/427/1372
f 2031/181/1367 2030/81/1366 2039/430/1377 2040/429/1374
f 2029/178/1368 2037/190/304 2038/191/1376
f 2041/186/1375 2040/429/1374 2047/198/1378 2048/87/407
f 2039/430/1377 2038/191/1376 2045/194/1379 2046/86/1380
f 2044/185/1371 2043/428/1373 2050/85/1381 2051/196/1382
f 2042/427/1372 2041/186/1375 2048/87/407 2049/197/1383
f 2040/429/1374 2039/430/1377 2046/86/1380 2047/198/1378
f 2038/191/1376 2037/193/304 2045/194/1379
f 2036/195/297 2044/185/1371 2051/196/1382
f 2043/428/1373 2042/427/1372 2049/197/1383 2050/85/1381
f 2051/208/1382 2050/114/1381 2057/201/1384 2058/209/1385
f 2049/199/1383 2048/2/407 2055/204/1386 2056/200/1387
f 2047/202/1378 2046/110/1380 2053/431/1388 2054/203/1389
f 2045/205/1379 2037/210/304 2052/206/1390
f 2036/211/297 2051/208/1382 2058/209/1385
f 2050/114/1381 2049/199/1383 2056/200/1387 2057/201/1384
f 2048/2/407 2047/202/1378 2054/203/1389 2055/204/1386
f 2046/110/1380 2045/205/1379 2052/206/1390 2053/431/1388
f 2054/203/1389 2053/431/1388 2060/112/1391 2061/432/1392
f 2052/206/1390 2037/218/304 2059/219/1393
f 2036/220/297 2058/209/1385 2065/213/1394
f 2057/201/1384 2056/200/1387 2063/433/1395 2064/115/1396
f 2055/204/1386 2054/203/1389 2061/432/1392 2062/214/1397
f 2053/431/1388 2052/206/1390 2059/219/1393 2060/112/1391
f 2058/209/1385 2057/201/1384 2064/115/1396 2065/213/1394
f 2056/200/1387 2055/204/1386 2062/214/1397 2063/433/1395
f 2036/222/297 2065/213/1394 2070/123/1318
f 2064/115/1396 2063/433/1395 2068/126/1321 2069/423/1320
f 2062/214/1397 2061/432/1392 2067/230/1324 1986/363/300
f 2060/112/1391 2059/219/1393 2066/132/1328 1985/424/1327
f 2065/213/1394 2064/115/1396 2069/423/1320 2070/123/1318
f 2063/433/1395 2062/214/1397 1986/363/300 2068/126/1321
f 2061/432/1392 2060/112/1391 1985/424/1327 2067/230/1324
f 2059/219/1393 2037/221/304 2066/132/1328
f 2071/164/1094 2072/136/1095 2074/241/1096 2073/419/1097
f 2073/419/1097 2074/241/1096 2078/243/1098 2077/382/1099
f 2077/382/1099 2078/243/1098 2076/245/1100 2075/420/1101
f 2075/420/1101 2076/245/1100 2072/144/1095 2071/162/1094
f 2073/397/1097 2077/382/1099 2075/420/1101 2071/421/1094
f 2078/243/1098 2074/412/1096 2072/422/1095 2076/245/1100
f 2079/164/1094 2080/136/1095 2082/241/1096 2081/419/1097
f 2081/419/1097 2082/241/1096 2086/243/1098 2085/382/1099
f 2085/382/1099 2086/243/1098 2084/245/1100 2083/420/1101
f 2083/420/1101 2084/245/1100 2080/144/1095 2079/162/1094
f 2081/397/1097 2085/382/1099 2083/420/1101 2079/421/1094
f 2086/243/1098 2082/412/1096 2080/422/1095 2084/245/1100
usemtl Shorts
f 1673/1/1102 1674/1/1103 1694/1/1104 1693/1/1105
f 1674/1/1103 1675/1/1106 1695/1/1107 1694/1/1104
f 1675/1/1106 1676/1/1108 1696/1/1109 1695/1/1107
f 1676/1/1108 1677/1/1110 1697/1/1111 1696/1/1109
f 1677/1/1110 1678/1/1112 1698/1/1113 1697/1/1111
f 1678/1/1112 1679/1/1114 1699/1/1115 1698/1/1113
f 1679/1/1114 1680/1/1116 1700/1/1117 1699/1/1115
f 1680/1/1116 1681/1/1118 1701/1/1119 1700/1/1117
f 1681/1/1118 1682/1/1120 1702/1/1121 1701/1/1119
f 1682/1/1120 1683/1/1122 1703/1/1123 1702/1/1121
f 1683/1/1122 1684/1/1124 1704/1/1125 1703/1/1123
f 1684/1/1124 1685/1/1126 1705/1/1127 1704/1/1125
f 1685/1/1126 1686/1/1128 1706/1/1129 1705/1/1127
f 1686/1/1128 1687/1/1130 1707/1/1131 1706/1/1129
f 1687/1/1130 1688/1/1132 1708/1/1133 1707/1/1131
f 1688/1/1132 1689/1/1134 1709/1/1135 1708/1/1133
f 1689/1/1134 1690/1/1136 1710/1/1137 1709/1/1135
f 1690/1/1136 1691/1/1138 1711/1/1139 1710/1/1137
f 1691/1/1138 1692/1/1140 1712/1/1141 1711/1/1139
f 1692/1/1140 1673/1/1102 1693/1/1105 1712/1/1141
f 1693/1/1105 1694/1/1104 1714/1/1142 1713/1/1143
f 1694/1/1104 1695/1/1107 1715/1/1144 1714/1/1142
f 1695/1/1107 1696/1/1109 1716/1/1145 1715/1/1144
f 1696/1/1109 1697/1/1111 1717/1/1146 1716/1/1145
f 1697/1/1111 1698/1/1113 1718/1/1147 1717/1/1146
f 1698/1/1113 1699/1/1115 1719/1/1148 1718/1/1147
f 1699/1/1115 1700/1/1117 1720/1/1149 1719/1/1148
f 1700/1/1117 1701/1/1119 1721/1/1150 1720/1/1149
f 1701/1/1119 1702/1/1121 1722/1/1151 1721/1/1150
f 1702/1/1121 1703/1/1123 1723/1/1152 1722/1/1151
f 1703/1/1123 1704/1/1125 1724/1/1153 1723/1/1152
f 1704/1/1125 1705/1/1127 1725/1/1154 1724/1/1153
f 1705/1/1127 1706/1/1129 1726/1/1155 1725/1/1154
f 1706/1/1129 1707/1/1131 1727/1/1156 1726/1/1155
f 1707/1/1131 1708/1/1133 1728/1/1157 1727/1/1156
f 1708/1/1133 1709/1/1135 1729/1/1158 1728/1/1157
f 1709/1/1135 1710/1/1137 1730/1/1159 1729/1/1158
f 1710/1/1137 1711/1/1139 1731/1/1160 1730/1/1159
f 1711/1/1139 1712/1/1141 1732/1/1161 1731/1/1160
f 1712/1/1141 1693/1/1105 1713/1/1143 1732/1/1161
f 1733/1/1162 1753/1/1163 1754/1/1164 1734/1/1165
f 1734/1/1165 1754/1/1164 1755/1/1166 1735/1/1167
f 1735/1/1167 1755/1/1166 1756/1/1168 1736/1/1169
f 1736/1/1169 1756/1/1168 1757/1/1170 1737/1/1171
f 1737/1/1171 1757/1/1170 1758/1/1172 1738/1/1173
f 1738/1/1173 1758/1/1172 1759/1/1174 1739/1/1175
f 1739/1/1175 1759/1/1174 1760/1/1176 1740/1/1177
f 1740/1/1177 1760/1/1176 1761/1/1178 1741/1/1179
f 1741/1/1179 1761/1/1178 1762/1/1180 1742/1/1181
f 1742/1/1181 1762/1/1180 1763/1/1182 1743/1/1183
f 1743/1/1183 1763/1/1182 1764/1/1184 1744/1/1185
f 1744/1/1185 1764/1/1184 1765/1/1186 1745/1/1187
f 1745/1/1187 1765/1/1186 1766/1/1188 1746/1/1189
f 1746/1/1189 1766/1/1188 1767/1/1190 1747/1/1191
f 1747/1/1191 1767/1/1190 1768/1/1192 1748/1/1193
f 1748/1/1193 1768/1/1192 1769/1/1194 1749/1/1195
f 1749/1/1195 1769/1/1194 1770/1/1196 1750/1/1197
f 1750/1/1197 1770/1/1196 1771/1/1198 1751/1/1199
f 1751/1/1199 1771/1/1198 1772/1/1200 1752/1/1201
f 1752/1/1201 1772/1/1200 1753/1/1163 1733/1/1162
f 1753/1/1163 1773/1/1202 1774/1/1203 1754/1/1164
f 1754/1/1164 1774/1/1203 1775/1/1204 1755/1/1166
f 1755/1/1166 1775/1/1204 1776/1/1205 1756/1/1168
f 1756/1/1168 1776/1/1205 1777/1/1206 1757/1/1170
f 1757/1/1170 1777/1/1206 1778/1/1207 1758/1/1172
f 1758/1/1172 1778/1/1207 1779/1/1208 1759/1/1174
f 1759/1/1174 1779/1/1208 1780/1/1209 1760/1/1176
f 1760/1/1176 1780/1/1209 1781/1/1210 1761/1/1178
f 1761/1/1178 1781/1/1210 1782/1/1211 1762/1/1180
f 1762/1/1180 1782/1/1211 1783/1/1212 1763/1/1182
f 1763/1/1182 1783/1/1212 1784/1/1213 1764/1/1184
f 1764/1/1184 1784/1/1213 1785/1/1214 1765/1/1186
f 1765/1/1186 1785/1/1214 1786/1/1215 1766/1/1188
f 1766/1/1188 1786/1/1215 1787/1/1216 1767/1/1190
f 1767/1/1190 1787/1/1216 1788/1/1217 1768/1/1192
f 1768/1/1192 1788/1/1217 1789/1/1218 1769/1/1194
f 1769/1/1194 1789/1/1218 1790/1/1219 1770/1/1196
f 1770/1/1196 1790/1/1219 1791/1/1220 1771/1/1198
f 1771/1/1198 1791/1/1220 1792/1/1221 1772/1/1200
f 1772/1/1200 1792/1/1221 1773/1/1202 1753/1/1163
f 1674/1/1103 1673/1/1102 1733/1/1162 1734/1/1165
f 1675/1/1106 1674/1/1103 1734/1/1165 1735/1/1167
f 1676/1/1108 1675/1/1106 1735/1/1167 1736/1/1169
f 1677/1/1110 1676/1/1108 1736/1/1169 1737/1/1171
f 1678/1/1112 1677/1/1110 1737/1/1171 1738/1/1173
f 1679/1/1114 1678/1/1112 1738/1/1173 1739/1/1175
f 1680/1/1116 1679/1/1114 1739/1/1175 1740/1/1177
f 1681/1/1118 1680/1/1116 1740/1/1177 1741/1/1179
f 1682/1/1120 1681/1/1118 1741/1/1179 1742/1/1181
f 1684/1/1124 1683/1/1122 1743/1/1183 1744/1/1185
f 1685/1/1126 1684/1/1124 1744/1/1185 1745/1/1187
f 1686/1/1128 1685/1/1126 1745/1/1187 1746/1/1189
f 1687/1/1130 1686/1/1128 1746/1/1189 1747/1/1191
f 1688/1/1132 1687/1/1130 1747/1/1191 1748/1/1193
f 1689/1/1134 1688/1/1132 1748/1/1193 1749/1/1195
f 1690/1/1136 1689/1/1134 1749/1/1195 1750/1/1197
f 1691/1/1138 1690/1/1136 1750/1/1197 1751/1/1199
f 1692/1/1140 1691/1/1138 1751/1/1199 1752/1/1201
f 1717/1/1146 1718/1/1147 1778/1/1207 1777/1/1206
f 1718/1/1147 1719/1/1148 1779/1/1208 1778/1/1207
f 1713/1/1143 1714/1/1142 1774/1/1203 1773/1/1202
f 1719/1/1148 1720/1/1149 1780/1/1209 1779/1/1208
f 1673/1/1102 1692/1/1140 1752/1/1201 1733/1/1162
f 1732/1/1161 1713/1/1143 1773/1/1202 1792/1/1221
f 1720/1/1149 1721/1/1150 1781/1/1210 1780/1/1209
f 1721/1/1150 1722/1/1151 1782/1/1211 1781/1/1210
f 1683/1/1122 1682/1/1120 1742/1/1181 1743/1/1183
f 1716/1/1145 1717/1/1146 1777/1/1206 1776/1/1205
f 1722/1/1151 1723/1/1152 1783/1/1212 1782/1/1211
f 1723/1/1152 1724/1/1153 1784/1/1213 1783/1/1212
f 1714/1/1142 1715/1/1144 1775/1/1204 1774/1/1203
f 1724/1/1153 1725/1/1154 1785/1/1214 1784/1/1213
f 1725/1/1154 1726/1/1155 1786/1/1215 1785/1/1214
f 1726/1/1155 1727/1/1156 1787/1/1216 1786/1/1215
f 1727/1/1156 1728/1/1157 1788/1/1217 1787/1/1216
f 1728/1/1157 1729/1/1158 1789/1/1218 1788/1/1217
f 1715/1/1144 1716/1/1145 1776/1/1205 1775/1/1204
f 1729/1/1158 1730/1/1159 1790/1/1219 1789/1/1218
f 1730/1/1159 1731/1/1160 1791/1/1220 1790/1/1219
f 1731/1/1160 1732/1/1161 1792/1/1221 1791/1/1220
f 1793/1/1222 1794/1/1223 1806/1/1224 1805/1/1225
f 1794/1/1223 1795/1/1226 1807/1/1227 1806/1/1224
f 1795/1/1226 1796/1/1228 1808/1/1229 1807/1/1227
f 1796/1/1228 1797/1/1230 1809/1/1231 1808/1/1229
f 1797/1/1230 1798/1/1232 1810/1/1233 1809/1/1231
f 1798/1/1232 1799/1/1234 1811/1/1235 1810/1/1233
f 1799/1/1234 1800/1/1236 1812/1/1237 1811/1/1235
f 1800/1/1236 1801/1/1238 1813/1/1239 1812/1/1237
f 1801/1/1238 1802/1/1240 1814/1/1241 1813/1/1239
f 1802/1/1240 1803/1/1242 1815/1/1243 1814/1/1241
f 1803/1/1242 1804/1/1244 1816/1/1245 1815/1/1243
f 1804/1/1244 1793/1/1222 1805/1/1225 1816/1/1245
f 1817/1/1246 1829/1/1247 1830/1/1248 1818/1/1249
f 1818/1/1249 1830/1/1248 1831/1/1250 1819/1/1251
f 1819/1/1251 1831/1/1250 1832/1/1252 1820/1/1253
f 1820/1/1253 1832/1/1252 1833/1/1254 1821/1/1255
f 1821/1/1255 1833/1/1254 1834/1/1256 1822/1/1257
f 1822/1/1257 1834/1/1256 1835/1/1258 1823/1/1259
f 1823/1/1259 1835/1/1258 1836/1/1260 1824/1/1261
f 1824/1/1261 1836/1/1260 1837/1/1262 1825/1/1263
f 1825/1/1263 1837/1/1262 1838/1/1264 1826/1/1265
f 1826/1/1265 1838/1/1264 1839/1/1266 1827/1/1267
f 1827/1/1267 1839/1/1266 1840/1/1268 1828/1/1269
f 1828/1/1269 1840/1/1268 1829/1/1247 1817/1/1246
f 1794/1/1223 1793/1/1222 1817/1/1246 1818/1/1249
f 1795/1/1226 1794/1/1223 1818/1/1249 1819/1/1251
f 1796/1/1228 1795/1/1226 1819/1/1251 1820/1/1253
f 1797/1/1230 1796/1/1228 1820/1/1253 1821/1/1255
f 1798/1/1232 1797/1/1230 1821/1/1255 1822/1/1257
f 1799/1/1234 1798/1/1232 1822/1/1257 1823/1/1259
f 1800/1/1236 1799/1/1234 1823/1/1259 1824/1/1261
f 1801/1/1238 1800/1/1236 1824/1/1261 1825/1/1263
f 1802/1/1240 1801/1/1238 1825/1/1263 1826/1/1265
f 1803/1/1242 1802/1/1240 1826/1/1265 1827/1/1267
f 1804/1/1244 1803/1/1242 1827/1/1267 1828/1/1269
f 1808/1/1229 1809/1/1231 1833/1/1254 1832/1/1252
f 1813/1/1239 1814/1/1241 1838/1/1264 1837/1/1262
f 1814/1/1241 1815/1/1243 1839/1/1266 1838/1/1264
f 1805/1/1225 1806/1/1224 1830/1/1248 1829/1/1247
f 1815/1/1243 1816/1/1245 1840/1/1268 1839/1/1266
f 1806/1/1224 1807/1/1227 1831/1/1250 1830/1/1248
f 1793/1/1222 1804/1/1244 1828/1/1269 1817/1/1246
f 1807/1/1227 1808/1/1229 1832/1/1252 1831/1/1250
f 1816/1/1245 1805/1/1225 1829/1/1247 1840/1/1268
f 1809/1/1231 1810/1/1233 1834/1/1256 1833/1/1254
f 1810/1/1233 1811/1/1235 1835/1/1258 1834/1/1256
f 1811/1/1235 1812/1/1237 1836/1/1260 1835/1/1258
f 1812/1/1237 1813/1/1239 1837/1/1262 1836/1/1260
f 1841/1/1270 1842/1/1271 1854/1/1272 1853/1/1273
f 1842/1/1271 1843/1/1274 1855/1/1275 1854/1/1272
f 1843/1/1274 1844/1/1276 1856/1/1277 1855/1/1275
f 1844/1/1276 1845/1/1278 1857/1/1279 1856/1/1277
f 1845/1/1278 1846/1/1280 1858/1/1281 1857/1/1279
f 1846/1/1280 1847/1/1282 1859/1/1283 1858/1/1281
f 1847/1/1282 1848/1/1284 1860/1/1285 1859/1/1283
f 1848/1/1284 1849/1/1286 1861/1/1287 1860/1/1285
f 1849/1/1286 1850/1/1288 1862/1/1289 1861/1/1287
f 1850/1/1288 1851/1/1290 1863/1/1291 1862/1/1289
f 1851/1/1290 1852/1/1292 1864/1/1293 1863/1/1291
f 1852/1/1292 1841/1/1270 1853/1/1273 1864/1/1293
f 1865/1/1294 1877/1/1295 1878/1/1296 1866/1/1297
f 1866/1/1297 1878/1/1296 1879/1/1298 1867/1/1299
f 1867/1/1299 1879/1/1298 1880/1/1300 1868/1/1301
f 1868/1/1301 1880/1/1300 1881/1/1302 1869/1/1303
f 1869/1/1303 1881/1/1302 1882/1/1304 1870/1/1305
f 1870/1/1305 1882/1/1304 1883/1/1306 1871/1/1307
f 1871/1/1307 1883/1/1306 1884/1/1308 1872/1/1309
f 1872/1/1309 1884/1/1308 1885/1/1310 1873/1/1311
f 1873/1/1311 1885/1/1310 1886/1/1312 1874/1/1313
f 1874/1/1313 1886/1/1312 1887/1/1314 1875/1/1315
f 1875/1/1315 1887/1/1314 1888/1/1316 1876/1/1317
f 1876/1/1317 1888/1/1316 1877/1/1295 1865/1/1294
f 1842/1/1271 1841/1/1270 1865/1/1294 1866/1/1297
f 1843/1/1274 1842/1/1271 1866/1/1297 1867/1/1299
f 1844/1/1276 1843/1/1274 1867/1/1299 1868/1/1301
f 1845/1/1278 1844/1/1276 1868/1/1301 1869/1/1303
f 1846/1/1280 1845/1/1278 1869/1/1303 1870/1/1305
f 1847/1/1282 1846/1/1280 1870/1/1305 1871/1/1307
f 1848/1/1284 1847/1/1282 1871/1/1307 1872/1/1309
f 1849/1/1286 1848/1/1284 1872/1/1309 1873/1/1311
f 1850/1/1288 1849/1/1286 1873/1/1311 1874/1/1313
f 1851/1/1290 1850/1/1288 1874/1/1313 1875/1/1315
f 1852/1/1292 1851/1/1290 1875/1/1315 1876/1/1317
f 1856/1/1277 1857/1/1279 1881/1/1302 1880/1/1300
f 1861/1/1287 1862/1/1289 1886/1/1312 1885/1/1310
f 1862/1/1289 1863/1/1291 1887/1/1314 1886/1/1312
f 1853/1/1273 1854/1/1272 1878/1/1296 1877/1/1295
f 1863/1/1291 1864/1/1293 1888/1/1316 1887/1/1314
f 1854/1/1272 1855/1/1275 1879/1/1298 1878/1/1296
f 1841/1/1270 1852/1/1292 1876/1/1317 1865/1/1294
f 1855/1/1275 1856/1/1277 1880/1/1300 1879/1/1298
f 1864/1/1293 1853/1/1273 1877/1/1295 1888/1/1316
f 1857/1/1279 1858/1/1281 1882/1/1304 1881/1/1302
f 1858/1/1281 1859/1/1283 1883/1/1306 1882/1/1304
f 1859/1/1283 1860/1/1285 1884/1/1308 1883/1/1306
f 1860/1/1285 1861/1/1287 1885/1/1310 1884/1/1308
f 1889/1/1222 1890/1/1223 1902/1/1224 1901/1/1225
f 1890/1/1223 1891/1/1226 1903/1/1227 1902/1/1224
f 1891/1/1226 1892/1/1228 1904/1/1229 1903/1/1227
f 1892/1/1228 1893/1/1230 1905/1/1231 1904/1/1229
f 1893/1/1230 1894/1/1232 1906/1/1233 1905/1/1231
f 1894/1/1232 1895/1/1234 1907/1/1235 1906/1/1233
f 1895/1/1234 1896/1/1236 1908/1/1237 1907/1/1235
f 1896/1/1236 1897/1/1238 1909/1/1239 1908/1/1237
f 1897/1/1238 1898/1/1240 1910/1/1241 1909/1/1239
f 1898/1/1240 1899/1/1242 1911/1/1243 1910/1/1241
f 1899/1/1242 1900/1/1244 1912/1/1245 1911/1/1243
f 1900/1/1244 1889/1/1222 1901/1/1225 1912/1/1245
f 1913/1/1246 1925/1/1247 1926/1/1248 1914/1/1249
f 1914/1/1249 1926/1/1248 1927/1/1250 1915/1/1251
f 1915/1/1251 1927/1/1250 1928/1/1252 1916/1/1253
f 1916/1/1253 1928/1/1252 1929/1/1254 1917/1/1255
f 1917/1/1255 1929/1/1254 1930/1/1256 1918/1/1257
f 1918/1/1257 1930/1/1256 1931/1/1258 1919/1/1259
f 1919/1/1259 1931/1/1258 1932/1/1260 1920/1/1261
f 1920/1/1261 1932/1/1260 1933/1/1262 1921/1/1263
f 1921/1/1263 1933/1/1262 1934/1/1264 1922/1/1265
f 1922/1/1265 1934/1/1264 1935/1/1266 1923/1/1267
f 1923/1/1267 1935/1/1266 1936/1/1268 1924/1/1269
f 1924/1/1269 1936/1/1268 1925/1/1247 1913/1/1246
f 1890/1/1223 1889/1/1222 1913/1/1246 1914/1/1249
f 1891/1/1226 1890/1/1223 1914/1/1249 1915/1/1251
f 1892/1/1228 1891/1/1226 1915/1/1251 1916/1/1253
f 1893/1/1230 1892/1/1228 1916/1/1253 1917/1/1255
f 1894/1/1232 1893/1/1230 1917/1/1255 1918/1/1257
f 1895/1/1234 1894/1/1232 1918/1/1257 1919/1/1259
f 1896/1/1236 1895/1/1234 1919/1/1259 1920/1/1261
f 1897/1/1238 1896/1/1236 1920/1/1261 1921/1/1263
f 1898/1/1240 1897/1/1238 1921/1/1263 1922/1/1265
f 1899/1/1242 1898/1/1240 1922/1/1265 1923/1/1267
f 1900/1/1244 1899/1/1242 1923/1/1267 1924/1/1269
f 1904/1/1229 1905/1/1231 1929/1/1254 1928/1/1252
f 1909/1/1239 1910/1/1241 1934/1/1264 1933/1/1262
f 1910/1/1241 1911/1/1243 1935/1/1266 1934/1/1264
f 1901/1/1225 1902/1/1224 1926/1/1248 1925/1/1247
f 1911/1/1243 1912/1/1245 1936/1/1268 1935/1/1266
f 1902/1/1224 1903/1/1227 1927/1/1250 1926/1/1248
f 1889/1/1222 1900/1/1244 1924/1/1269 1913/1/1246
f 1903/1/1227 1904/1/1229 1928/1/1252 1927/1/1250
f 1912/1/1245 1901/1/1225 1925/1/1247 1936/1/1268
f 1905/1/1231 1906/1/1233 1930/1/1256 1929/1/1254
f 1906/1/1233 1907/1/1235 1931/1/1258 1930/1/1256
f 1907/1/1235 1908/1/1237 1932/1/1260 1931/1/1258
f 1908/1/1237 1909/1/1239 1933/1/1262 1932/1/1260
f 1937/1/1270 1938/1/1271 1950/1/1272 1949/1/1273
f 1938/1/1271 1939/1/1274 1951/1/1275 1950/1/1272
f 1939/1/1274 1940/1/1276 1952/1/1277 1951/1/1275
f 1940/1/1276 1941/1/1278 1953/1/1279 1952/1/1277
f 1941/1/1278 1942/1/1280 1954/1/1281 1953/1/1279
f 1942/1/1280 1943/1/1282 1955/1/1283 1954/1/1281
f 1943/1/1282 1944/1/1284 1956/1/1285 1955/1/1283
f 1944/1/1284 1945/1/1286 1957/1/1287 1956/1/1285
f 1945/1/1286 1946/1/1288 1958/1/1289 1957/1/1287
f 1946/1/1288 1947/1/1290 1959/1/1291 1958/1/1289
f 1947/1/1290 1948/1/1292 1960/1/1293 1959/1/1291
f 1948/1/1292 1937/1/1270 1949/1/1273 1960/1/1293
f 1961/1/1294 1973/1/1295 1974/1/1296 1962/1/1297
f 1962/1/1297 1974/1/1296 1975/1/1298 1963/1/1299
f 1963/1/1299 1975/1/1298 1976/1/1300 1964/1/1301
f 1964/1/1301 1976/1/1300 1977/1/1302 1965/1/1303
f 1965/1/1303 1977/1/1302 1978/1/1304 1966/1/1305
f 1966/1/1305 1978/1/1304 1979/1/1306 1967/1/1307
f 1967/1/1307 1979/1/1306 1980/1/1308 1968/1/1309
f 1968/1/1309 1980/1/1308 1981/1/1310 1969/1/1311
f 1969/1/1311 1981/1/1310 1982/1/1312 1970/1/1313
f 1970/1/1313 1982/1/1312 1983/1/1314 1971/1/1315
f 1971/1/1315 1983/1/1314 1984/1/1316 1972/1/1317
f 1972/1/1317 1984/1/1316 1973/1/1295 1961/1/1294
f 1938/1/1271 1937/1/1270 1961/1/1294 1962/1/1297
f 1939/1/1274 1938/1/1271 1962/1/1297 1963/1/1299
f 1940/1/1276 1939/1/1274 1963/1/1299 1964/1/1301
f 1941/1/1278 1940/1/1276 1964/1/1301 1965/1/1303
f 1942/1/1280 1941/1/1278 1965/1/1303 1966/1/1305
f 1943/1/1282 1942/1/1280 1966/1/1305 1967/1/1307
f 1944/1/1284 1943/1/1282 1967/1/1307 1968/1/1309
f 1945/1/1286 1944/1/1284 1968/1/1309 1969/1/1311
f 1946/1/1288 1945/1/1286 1969/1/1311 1970/1/1313
f 1947/1/1290 1946/1/1288 1970/1/1313 1971/1/1315
f 1948/1/1292 1947/1/1290 1971/1/1315 1972/1/1317
f 1952/1/1277 1953/1/1279 1977/1/1302 1976/1/1300
f 1957/1/1287 1958/1/1289 1982/1/1312 1981/1/1310
f 1958/1/1289 1959/1/1291 1983/1/1314 1982/1/1312
f 1949/1/1273 1950/1/1272 1974/1/1296 1973/1/1295
f 1959/1/1291 1960/1/1293 1984/1/1316 1983/1/1314
f 1950/1/1272 1951/1/1275 1975/1/1298 1974/1/1296
f 1937/1/1270 1948/1/1292 1972/1/1317 1961/1/1294
f 1951/1/1275 1952/1/1277 1976/1/1300 1975/1/1298
f 1960/1/1293 1949/1/1273 1973/1/1295 1984/1/1316
f 1953/1/1279 1954/1/1281 1978/1/1304 1977/1/1302
f 1954/1/1281 1955/1/1283 1979/1/1306 1978/1/1304
f 1955/1/1283 1956/1/1285 1980/1/1308 1979/1/1306
f 1956/1/1285 1957/1/1287 1981/1/1310 1980/1/1308
usemtl Glove
f 2387/2/1466 2388/3/1467 2390/90/1468 2389/543/1469
f 2389/543/1469 2390/90/1468 2392/544/1470 2391/116/1471
f 2391/116/1471 2392/544/1470 2394/545/1472 2393/546/1473
f 2393/546/1473 2394/545/1472 2396/547/1474 2395/99/1475
f 2395/99/1475 2396/547/1474 2398/548/1476 2397/549/1477
f 2397/549/1477 2398/548/1476 2400/550/1478 2399/551/1479
f 2399/551/1479 2400/550/1478 2402/552/1480 2401/553/1481
f 2401/553/1481 2402/552/1480 2404/554/1482 2403/555/1483
f 2403/555/1483 2404/554/1482 2406/556/1484 2405/557/1485
f 2405/557/1485 2406/556/1484 2408/558/1486 2407/559/1487
f 2390/560/1468 2388/21/1467 2410/561/1488 2408/562/1486 2406/563/1484 2404/564/1482 2402/565/1480 2400/26/1478 2398/566/1476 2396/56/1474 2394/567/1472 2392/52/1470
f 2407/559/1487 2408/558/1486 2410/568/1488 2409/569/1489
f 2409/569/1489 2410/568/1488 2388/570/1467 2387/571/1466
f 2387/34/1466 2389/572/1469 2391/61/1471 2393/573/1473 2395/62/1475 2397/574/1477 2399/39/1479 2401/575/1481 2403/64/1483 2405/576/1485 2407/65/1487 2409/577/1489
f 2412/223/1490 2496/423/1491 2418/67/1492 2419/578/1493
f 2495/579/1494 2494/363/300 2416/69/1495 2417/128/1496
f 2411/230/1497 2493/424/1498 2414/70/1499 2415/131/1500
f 2492/132/1501 2463/133/304 2413/134/1502
f 2455/135/297 2412/223/1490 2419/578/1493
f 2496/423/1491 2495/579/1494 2417/128/1496 2418/67/1492
f 2494/363/300 2411/230/1497 2415/131/1500 2416/69/1495
f 2493/424/1498 2492/132/1501 2413/134/1502 2414/70/1499
f 2415/131/1500 2414/70/1499 2421/143/1503 2422/140/1504
f 2413/134/1502 2463/144/304 2420/142/1505
f 2455/136/297 2419/578/1493 2426/580/1506
f 2418/67/1492 2417/128/1496 2424/138/1507 2425/139/1508
f 2416/69/1495 2415/131/1500 2422/140/1504 2423/141/1509
f 2414/70/1499 2413/134/1502 2420/142/1505 2421/143/1503
f 2419/578/1493 2418/67/1492 2425/139/1508 2426/580/1506
f 2417/128/1496 2416/69/1495 2423/141/1509 2424/138/1507
f 2455/150/297 2426/580/1506 2433/581/1510
f 2425/139/1508 2424/138/1507 2431/148/1511 2432/68/1512
f 2423/141/1509 2422/140/1504 2429/145/1513 2430/72/362
f 2421/143/1503 2420/142/1505 2427/146/1514 2428/71/1515
f 2426/580/1506 2425/139/1508 2432/68/1512 2433/581/1510
f 2424/138/1507 2423/141/1509 2430/72/362 2431/148/1511
f 2422/140/1504 2421/143/1503 2428/71/1515 2429/145/1513
f 2420/142/1505 2463/149/304 2427/146/1514
f 2428/71/1515 2427/146/1514 2434/158/1516 2435/155/1517
f 2433/581/1510 2432/68/1512 2439/151/1518 2440/582/1519
f 2431/148/1511 2430/72/362 2437/153/1520 2438/154/1521
f 2429/145/1513 2428/71/1515 2435/155/1517 2436/156/1522
f 2427/146/1514 2463/425/304 2434/158/1516
f 2455/426/297 2433/581/1510 2440/582/1519
f 2432/68/1512 2431/148/1511 2438/154/1521 2439/151/1518
f 2430/72/362 2429/145/1513 2436/156/1522 2437/153/1520
f 2440/582/1519 2439/151/1518 2446/167/1523 2447/583/1524
f 2438/154/1521 2437/153/1520 2444/168/1525 2445/166/1526
f 2436/156/1522 2435/155/1517 2442/160/1527 2443/584/1528
f 2434/158/1516 2463/162/304 2441/163/1529
f 2455/164/297 2440/582/1519 2447/583/1524
f 2439/151/1518 2438/154/1521 2445/166/1526 2446/167/1523
f 2437/153/1520 2436/156/1522 2443/584/1528 2444/168/1525
f 2435/155/1517 2434/158/1516 2441/163/1529 2442/160/1527
f 2441/163/1529 2463/177/304 2448/175/1530
f 2455/169/297 2447/583/1524 2454/585/1531
f 2446/167/1523 2445/166/1526 2452/171/1532 2453/172/1533
f 2444/168/1525 2443/584/1528 2450/586/1534 2451/174/310
f 2442/160/1527 2441/163/1529 2448/175/1530 2449/176/1535
f 2447/583/1524 2446/167/1523 2453/172/1533 2454/585/1531
f 2445/166/1526 2444/168/1525 2451/174/310 2452/171/1532
f 2443/584/1528 2442/160/1527 2449/176/1535 2450/586/1534
f 2453/172/1533 2452/171/1532 2460/180/1536 2461/80/1537
f 2451/174/310 2450/586/1534 2458/587/1538 2459/82/1539
f 2449/176/1535 2448/175/1530 2456/178/1540 2457/81/1541
f 2454/585/1531 2453/172/1533 2461/80/1537 2462/588/1542
f 2452/171/1532 2451/174/310 2459/82/1539 2460/180/1536
f 2450/586/1534 2449/176/1535 2457/81/1541 2458/587/1538
f 2448/175/1530 2463/182/304 2456/178/1540
f 2455/183/297 2454/585/1531 2462/588/1542
f 2462/588/1542 2461/80/1537 2469/428/1543 2470/589/1544
f 2460/180/1536 2459/82/1539 2467/590/1545 2468/187/1546
f 2458/587/1538 2457/81/1541 2465/430/1547 2466/591/1548
f 2456/178/1540 2463/190/304 2464/191/1549
f 2455/192/297 2462/588/1542 2470/589/1544
f 2461/80/1537 2460/180/1536 2468/187/1546 2469/428/1543
f 2459/82/1539 2458/587/1538 2466/591/1548 2467/590/1545
f 2457/81/1541 2456/178/1540 2464/191/1549 2465/430/1547
f 2468/187/1546 2467/590/1545 2474/87/407 2475/197/1550
f 2466/591/1548 2465/430/1547 2472/86/1551 2473/592/1552
f 2464/191/1549 2463/193/304 2471/194/1553
f 2455/195/297 2470/589/1544 2477/331/1554
f 2469/428/1543 2468/187/1546 2475/197/1550 2476/85/1555
f 2467/590/1545 2466/591/1548 2473/592/1552 2474/87/407
f 2465/430/1547 2464/191/1549 2471/194/1553 2472/86/1551
f 2470/589/1544 2469/428/1543 2476/85/1555 2477/331/1554
f 2455/211/297 2477/333/1554 2484/593/1556
f 2476/114/1555 2475/199/1550 2482/200/1557 2483/201/1558
f 2474/2/407 2473/594/1552 2480/595/1559 2481/204/1560
f 2472/110/1551 2471/205/1553 2478/206/1561 2479/431/1562
f 2477/333/1554 2476/114/1555 2483/201/1558 2484/593/1556
f 2475/199/1550 2474/2/407 2481/204/1560 2482/200/1557
f 2473/594/1552 2472/110/1551 2479/431/1562 2480/595/1559
f 2471/205/1553 2463/210/304 2478/206/1561
f 2481/204/1560 2480/595/1559 2487/596/1563 2488/116/1564
f 2479/431/1562 2478/206/1561 2485/219/1565 2486/112/1566
f 2484/593/1556 2483/201/1558 2490/115/1567 2491/597/1568
f 2482/200/1557 2481/204/1560 2488/116/1564 2489/215/1569
f 2480/595/1559 2479/431/1562 2486/112/1566 2487/596/1563
f 2478/206/1561 2463/218/304 2485/219/1565
f 2455/220/297 2484/593/1556 2491/597/1568
f 2483/201/1558 2482/200/1557 2489/215/1569 2490/115/1567
f 2491/597/1568 2490/115/1567 2496/423/1491 2412/223/1490
f 2489/215/1569 2488/116/1564 2494/363/300 2495/579/1494
f 2487/596/1563 2486/112/1566 2493/424/1498 2411/230/1497
f 2485/219/1565 2463/221/304 2492/132/1501
f 2455/222/297 2491/597/1568 2412/223/1490
f 2490/115/1567 2489/215/1569 2495/579/1494 2496/423/1491
f 2488/116/1564 2487/596/1563 2411/230/1497 2494/363/300
f 2486/112/1566 2485/219/1565 2492/132/1501 2493/424/1498
f 2497/2/1570 2498/3/1571 2500/44/1572 2499/45/1573
f 2499/45/1573 2500/44/1572 2502/46/1574 2501/47/1575
f 2501/47/1575 2502/46/1574 2504/48/1576 2503/49/1577
f 2503/49/1577 2504/48/1576 2506/50/1578 2505/51/1579
f 2500/52/1572 2498/21/1571 2508/562/1580 2506/564/1578 2504/55/1576 2502/56/1574
f 2505/51/1579 2506/50/1578 2508/57/1580 2507/58/1581
f 2507/58/1581 2508/57/1580 2498/59/1571 2497/60/1570
f 2497/34/1570 2499/61/1573 2501/62/1575 2503/63/1577 2505/64/1579 2507/65/1581
f 2511/99/300 2510/598/1582 2515/448/1583 2516/72/303
f 2509/599/1584 2529/73/304 2514/377/1585
f 2540/66/297 2513/600/1586 2518/375/1587
f 2512/601/1588 2511/99/300 2516/72/303 2517/376/1589
f 2510/598/1582 2509/599/1584 2514/377/1585 2515/448/1583
f 2513/600/1586 2512/601/1588 2517/376/1589 2518/375/1587
f 2540/602/297 2518/375/1587 2523/603/1590
f 2517/376/1589 2516/72/303 2521/101/307 2522/604/1591
f 2515/448/1583 2514/377/1585 2519/605/1592 2520/606/1593
f 2518/375/1587 2517/376/1589 2522/604/1591 2523/603/1590
f 2516/72/303 2515/448/1583 2520/606/1593 2521/101/307
f 2514/377/1585 2529/607/304 2519/605/1592
f 2540/102/297 2523/603/1590 2528/608/1594
f 2522/604/1591 2521/101/307 2526/105/310 2527/609/1595
f 2520/606/1593 2519/605/1592 2524/610/1596 2525/611/1597
f 2523/603/1590 2522/604/1591 2527/609/1595 2528/608/1594
f 2521/101/307 2520/606/1593 2525/611/1597 2526/105/310
f 2519/605/1592 2529/106/304 2524/610/1596
f 2527/609/1595 2526/105/310 2532/108/313 2533/400/1598
f 2525/611/1597 2524/610/1596 2530/612/1599 2531/475/1600
f 2528/608/1594 2527/609/1595 2533/400/1598 2534/613/1601
f 2526/105/310 2525/611/1597 2531/475/1600 2532/108/313
f 2524/610/1596 2529/109/304 2530/612/1599
f 2540/107/297 2528/608/1594 2534/613/1601
f 2531/614/1600 2530/413/1599 2535/615/1602 2536/616/1603
f 2534/406/1601 2533/407/1598 2538/617/1604 2539/618/1605
f 2532/2/313 2531/614/1600 2536/616/1603 2537/116/316
f 2530/413/1599 2529/111/304 2535/615/1602
f 2540/113/297 2534/406/1601 2539/618/1605
f 2533/407/1598 2532/2/313 2537/116/316 2538/617/1604
f 2539/618/1605 2538/617/1604 2512/601/1588 2513/600/1586
f 2537/116/316 2536/616/1603 2510/598/1582 2511/99/300
f 2535/615/1602 2529/117/304 2509/599/1584
f 2540/118/297 2539/618/1605 2513/600/1586
f 2538/617/1604 2537/116/316 2511/99/300 2512/601/1588
f 2536/616/1603 2535/615/1602 2509/599/1584 2510/598/1582
f 2572/66/297 2545/600/1586 2550/375/1587
f 2544/601/1588 2543/99/300 2548/72/303 2549/376/1589
f 2542/598/1582 2541/599/1584 2546/377/1585 2547/448/1583
f 2545/600/1586 2544/601/1588 2549/376/1589 2550/375/1587
f 2543/99/300 2542/598/1582 2547/448/1583 2548/72/303
f 2541/599/1584 2561/73/304 2546/377/1585
f 2547/448/1583 2546/377/1585 2551/605/1592 2552/606/1593
f 2550/375/1587 2549/376/1589 2554/604/1591 2555/603/1590
f 2548/72/303 2547/448/1583 2552/606/1593 2553/101/307
f 2546/377/1585 2561/607/304 2551/605/1592
f 2572/602/297 2550/375/1587 2555/603/1590
f 2549/376/1589 2548/72/303 2553/101/307 2554/604/1591
f 2555/603/1590 2554/604/1591 2559/609/1595 2560/608/1594
f 2553/101/307 2552/606/1593 2557/611/1597 2558/105/310
f 2551/605/1592 2561/106/304 2556/610/1596
f 2572/102/297 2555/603/1590 2560/608/1594
f 2554/604/1591 2553/101/307 2558/105/310 2559/609/1595
f 2552/606/1593 2551/605/1592 2556/610/1596 2557/611/1597
f 2560/608/1594 2559/609/1595 2565/400/1598 2566/613/1601
f 2558/105/310 2557/611/1597 2563/475/1600 2564/108/313
f 2556/610/1596 2561/109/304 2562/612/1599
f 2572/107/297 2560/608/1594 2566/613/1601
f 2559/609/1595 2558/105/310 2564/108/313 2565/400/1598
f 2557/611/1597 2556/610/1596 2562/612/1599 2563/475/1600
f 2566/406/1601 2565/407/1598 2570/617/1604 2571/618/1605
f 2564/2/313 2563/614/1600 2568/616/1603 2569/116/316
f 2562/413/1599 2561/111/304 2567/615/1602
f 2572/113/297 2566/406/1601 2571/618/1605
f 2565/407/1598 2564/2/313 2569/116/316 2570/617/1604
f 2563/614/1600 2562/413/1599 2567/615/1602 2568/616/1603
f 2571/618/1605 2570/617/1604 2544/601/1588 2545/600/1586
f 2569/116/316 2568/616/1603 2542/598/1582 2543/99/300
f 2567/615/1602 2561/117/304 2541/599/1584
f 2572/118/297 2571/618/1605 2545/600/1586
f 2570/617/1604 2569/116/316 2543/99/300 2544/601/1588
f 2568/616/1603 2567/615/1602 2541/599/1584 2542/598/1582
f 2573/2/1570 2574/3/1571 2576/44/1572 2575/45/1573
f 2575/45/1573 2576/44/1572 2578/46/1574 2577/47/1575
f 2577/47/1575 2578/46/1574 2580/48/1576 2579/49/1577
f 2579/49/1577 2580/48/1576 2582/50/1578 2581/51/1579
f 2576/52/1572 2574/21/1571 2584/562/1580 2582/564/1578 2580/55/1576 2578/56/1574
f 2581/51/1579 2582/50/1578 2584/57/1580 2583/58/1581
f 2583/58/1581 2584/57/1580 2574/59/1571 2573/60/1570
f 2573/34/1570 2575/61/1573 2577/62/1575 2579/63/1577 2581/64/1579 2583/65/1581
f 2589/600/1586 2588/601/1588 2593/376/1589 2594/375/1587
f 2587/99/300 2586/598/1582 2591/448/1583 2592/72/303
f 2585/599/1584 2605/73/304 2590/377/1585
f 2616/66/297 2589/600/1586 2594/375/1587
f 2588/601/1588 2587/99/300 2592/72/303 2593/376/1589
f 2586/598/1582 2585/599/1584 2590/377/1585 2591/448/1583
f 2594/375/1587 2593/376/1589 2598/604/1591 2599/603/1590
f 2592/72/303 2591/448/1583 2596/606/1593 2597/101/307
f 2590/377/1585 2605/607/304 2595/605/1592
f 2616/602/297 2594/375/1587 2599/603/1590
f 2593/376/1589 2592/72/303 2597/101/307 2598/604/1591
f 2591/448/1583 2590/377/1585 2595/605/1592 2596/606/1593
f 2597/101/307 2596/606/1593 2601/611/1597 2602/105/310
f 2595/605/1592 2605/106/304 2600/610/1596
f 2616/102/297 2599/603/1590 2604/608/1594
f 2598/604/1591 2597/101/307 2602/105/310 2603/609/1595
f 2596/606/1593 2595/605/1592 2600/610/1596 2601/611/1597
f 2599/603/1590 2598/604/1591 2603/609/1595 2604/608/1594
f 2600/610/1596 2605/109/304 2606/612/1599
f 2616/107/297 2604/608/1594 2610/613/1601
f 2603/609/1595 2602/105/310 2608/108/313 2609/400/1598
f 2601/611/1597 2600/610/1596 2606/612/1599 2607/475/1600
f 2604/608/1594 2603/609/1595 2609/400/1598 2610/613/1601
f 2602/105/310 2601/611/1597 2607/475/1600 2608/108/313
f 2616/113/297 2610/406/1601 2615/618/1605
f 2609/407/1598 2608/2/313 2613/116/316 2614/617/1604
f 2607/614/1600 2606/413/1599 2611/615/1602 2612/616/1603
f 2610/406/1601 2609/407/1598 2614/617/1604 2615/618/1605
f 2608/2/313 2607/614/1600 2612/616/1603 2613/116/316
f 2606/413/1599 2605/111/304 2611/615/1602
f 2616/118/297 2615/618/1605 2589/600/1586
f 2614/617/1604 2613/116/316 2587/99/300 2588/601/1588
f 2612/616/1603 2611/615/1602 2585/599/1584 2586/598/1582
f 2615/618/1605 2614/617/1604 2588/601/1588 2589/600/1586
f 2613/116/316 2612/616/1603 2586/598/1582 2587/99/300
f 2611/615/1602 2605/117/304 2585/599/1584
f 2648/66/297 2621/600/1586 2626/375/1587
f 2620/601/1588 2619/99/300 2624/72/303 2625/376/1589
f 2618/598/1582 2617/599/1584 2622/377/1585 2623/448/1583
f 2621/600/1586 2620/601/1588 2625/376/1589 2626/375/1587
f 2619/99/300 2618/598/1582 2623/448/1583 2624/72/303
f 2617/599/1584 2637/73/304 2622/377/1585
f 2625/376/1589 2624/72/303 2629/101/307 2630/604/1591
f 2623/448/1583 2622/377/1585 2627/605/1592 2628/606/1593
f 2626/375/1587 2625/376/1589 2630/604/1591 2631/603/1590
f 2624/72/303 2623/448/1583 2628/606/1593 2629/101/307
f 2622/377/1585 2637/607/304 2627/605/1592
f 2648/602/297 2626/375/1587 2631/603/1590
f 2628/606/1593 2627/605/1592 2632/610/1596 2633/611/1597
f 2631/603/1590 2630/604/1591 2635/609/1595 2636/608/1594
f 2629/101/307 2628/606/1593 2633/611/1597 2634/105/310
f 2627/605/1592 2637/106/304 2632/610/1596
f 2648/102/297 2631/603/1590 2636/608/1594
f 2630/604/1591 2629/101/307 2634/105/310 2635/609/1595
f 2636/608/1594 2635/609/1595 2641/400/1598 2642/613/1601
f 2634/105/310 2633/611/1597 2639/475/1600 2640/108/313
f 2632/610/1596 2637/109/304 2638/612/1599
f 2648/107/297 2636/608/1594 2642/613/1601
f 2635/609/1595 2634/105/310 2640/108/313 2641/400/1598
f 2633/611/1597 2632/610/1596 2638/612/1599 2639/475/1600
f 2642/406/1601 2641/407/1598 2646/617/1604 2647/618/1605
f 2640/2/313 2639/614/1600 2644/616/1603 2645/116/316
f 2638/413/1599 2637/111/304 2643/615/1602
f 2648/113/297 2642/406/1601 2647/618/1605
f 2641/407/1598 2640/2/313 2645/116/316 2646/617/1604
f 2639/614/1600 2638/413/1599 2643/615/1602 2644/616/1603
f 2647/618/1605 2646/617/1604 2620/601/1588 2621/600/1586
f 2645/116/316 2644/616/1603 2618/598/1582 2619/99/300
f 2643/615/1602 2637/117/304 2617/599/1584
f 2648/118/297 2647/618/1605 2621/600/1586
f 2646/617/1604 2645/116/316 2619/99/300 2620/601/1588
f 2644/616/1603 2643/615/1602 2617/599/1584 2618/598/1582
f 2649/2/1570 2650/3/1571 2652/44/1572 2651/45/1573
f 2651/45/1573 2652/44/1572 2654/46/1574 2653/47/1575
f 2653/47/1575 2654/46/1574 2656/48/1576 2655/49/1577
f 2655/49/1577 2656/48/1576 2658/50/1578 2657/51/1579
f 2652/52/1572 2650/21/1571 2660/562/1580 2658/564/1578 2656/55/1576 2654/56/1574
f 2657/51/1579 2658/50/1578 2660/57/1580 2659/58/1581
f 2659/58/1581 2660/57/1580 2650/59/1571 2649/60/1570
f 2649/34/1570 2651/61/1573 2653/62/1575 2655/63/1577 2657/64/1579 2659/65/1581
f 2662/598/1582 2661/599/1584 2666/377/1585 2667/448/1583
f 2665/600/1586 2664/601/1588 2669/376/1589 2670/375/1587
f 2663/99/300 2662/598/1582 2667/448/1583 2668/72/303
f 2661/599/1584 2681/73/304 2666/377/1585
f 2692/66/297 2665/600/1586 2670/375/1587
f 2664/601/1588 2663/99/300 2668/72/303 2669/376/1589
f 2670/375/1587 2669/376/1589 2674/604/1591 2675/603/1590
f 2668/72/303 2667/448/1583 2672/606/1593 2673/101/307
f 2666/377/1585 2681/607/304 2671/605/1592
f 2692/602/297 2670/375/1587 2675/603/1590
f 2669/376/1589 2668/72/303 2673/101/307 2674/604/1591
f 2667/448/1583 2666/377/1585 2671/605/1592 2672/606/1593
f 2675/603/1590 2674/604/1591 2679/609/1595 2680/608/1594
f 2673/101/307 2672/606/1593 2677/611/1597 2678/105/310
f 2671/605/1592 2681/106/304 2676/610/1596
f 2692/102/297 2675/603/1590 2680/608/1594
f 2674/604/1591 2673/101/307 2678/105/310 2679/609/1595
f 2672/606/1593 2671/605/1592 2676/610/1596 2677/611/1597
f 2678/105/310 2677/611/1597 2683/475/1600 2684/108/313
f 2676/610/1596 2681/109/304 2682/612/1599
f 2692/107/297 2680/608/1594 2686/613/1601
f 2679/609/1595 2678/105/310 2684/108/313 2685/400/1598
f 2677/611/1597 2676/610/1596 2682/612/1599 2683/475/1600
f 2680/608/1594 2679/609/1595 2685/400/1598 2686/613/1601
f 2682/413/1599 2681/111/304 2687/615/1602
f 2692/113/297 2686/406/1601 2691/618/1605
f 2685/407/1598 2684/2/313 2689/116/316 2690/617/1604
f 2683/614/1600 2682/413/1599 2687/615/1602 2688/616/1603
f 2686/406/1601 2685/407/1598 2690/617/1604 2691/618/1605
f 2684/2/313 2683/614/1600 2688/616/1603 2689/116/316
f 2692/118/297 2691/618/1605 2665/600/1586
f 2690/617/1604 2689/116/316 2663/99/300 2664/601/1588
f 2688/616/1603 2687/615/1602 2661/599/1584 2662/598/1582
f 2691/618/1605 2690/617/1604 2664/601/1588 2665/600/1586
f 2689/116/316 2688/616/1603 2662/598/1582 2663/99/300
f 2687/615/1602 2681/117/304 2661/599/1584
f 2695/99/300 2694/598/1582 2699/448/1583 2700/72/303
f 2693/599/1584 2713/73/304 2698/377/1585
f 2724/66/297 2697/600/1586 2702/375/1587
f 2696/601/1588 2695/99/300 2700/72/303 2701/376/1589
f 2694/598/1582 2693/599/1584 2698/377/1585 2699/448/1583
f 2697/600/1586 2696/601/1588 2701/376/1589 2702/375/1587
f 2724/602/297 2702/375/1587 2707/603/1590
f 2701/376/1589 2700/72/303 2705/101/307 2706/604/1591
f 2699/448/1583 2698/377/1585 2703/605/1592 2704/606/1593
f 2702/375/1587 2701/376/1589 2706/604/1591 2707/603/1590
f 2700/72/303 2699/448/1583 2704/606/1593 2705/101/307
f 2698/377/1585 2713/607/304 2703/605/1592
f 2724/102/297 2707/603/1590 2712/608/1594
f 2706/604/1591 2705/101/307 2710/105/310 2711/609/1595
f 2704/606/1593 2703/605/1592 2708/610/1596 2709/611/1597
f 2707/603/1590 2706/604/1591 2711/609/1595 2712/608/1594
f 2705/101/307 2704/606/1593 2709/611/1597 2710/105/310
f 2703/605/1592 2713/106/304 2708/610/1596
f 2711/609/1595 2710/105/310 2716/108/313 2717/400/1598
f 2709/611/1597 2708/610/1596 2714/612/1599 2715/475/1600
f 2712/608/1594 2711/609/1595 2717/400/1598 2718/613/1601
f 2710/105/310 2709/611/1597 2715/475/1600 2716/108/313
f 2708/610/1596 2713/109/304 2714/612/1599
f 2724/107/297 2712/608/1594 2718/613/1601
f 2715/614/1600 2714/413/1599 2719/615/1602 2720/616/1603
f 2718/406/1601 2717/407/1598 2722/617/1604 2723/618/1605
f 2716/2/313 2715/614/1600 2720/616/1603 2721/116/316
f 2714/413/1599 2713/111/304 2719/615/1602
f 2724/113/297 2718/406/1601 2723/618/1605
f 2717/407/1598 2716/2/313 2721/116/316 2722/617/1604
f 2723/618/1605 2722/617/1604 2696/601/1588 2697/600/1586
f 2721/116/316 2720/616/1603 2694/598/1582 2695/99/300
f 2719/615/1602 2713/117/304 2693/599/1584
f 2724/118/297 2723/618/1605 2697/600/1586
f 2722/617/1604 2721/116/316 2695/99/300 2696/601/1588
f 2720/616/1603 2719/615/1602 2693/599/1584 2694/598/1582
f 2725/2/1570 2726/3/1571 2728/44/1572 2727/45/1573
f 2727/45/1573 2728/44/1572 2730/46/1574 2729/47/1575
f 2729/47/1575 2730/46/1574 2732/48/1576 2731/49/1577
f 2731/49/1577 2732/48/1576 2734/50/1578 2733/51/1579
f 2728/52/1572 2726/21/1571 2736/562/1580 2734/564/1578 2732/55/1576 2730/56/1574
f 2733/51/1579 2734/50/1578 2736/57/1580 2735/58/1581
f 2735/58/1581 2736/57/1580 2726/59/1571 2725/60/1570
f 2725/34/1570 2727/61/1573 2729/62/1575 2731/63/1577 2733/64/1579 2735/65/1581
f 2768/66/297 2741/600/1586 2746/375/1587
f 2740/601/1588 2739/99/300 2744/72/303 2745/376/1589
f 2738/598/1582 2737/599/1584 2742/377/1585 2743/448/1583
f 2741/600/1586 2740/601/1588 2745/376/1589 2746/375/1587
f 2739/99/300 2738/598/1582 2743/448/1583 2744/72/303
f 2737/599/1584 2757/73/304 2742/377/1585
f 2745/376/1589 2744/72/303 2749/101/307 2750/604/1591
f 2743/448/1583 2742/377/1585 2747/605/1592 2748/606/1593
f 2746/375/1587 2745/376/1589 2750/604/1591 2751/603/1590
f 2744/72/303 2743/448/1583 2748/606/1593 2749/101/307
f 2742/377/1585 2757/607/304 2747/605/1592
f 2768/602/297 2746/375/1587 2751/603/1590
f 2748/606/1593 2747/605/1592 2752/610/1596 2753/611/1597
f 2751/603/1590 2750/604/1591 2755/609/1595 2756/608/1594
f 2749/101/307 2748/606/1593 2753/611/1597 2754/105/310
f 2747/605/1592 2757/106/304 2752/610/1596
f 2768/102/297 2751/603/1590 2756/608/1594
f 2750/604/1591 2749/101/307 2754/105/310 2755/609/1595
f 2756/608/1594 2755/609/1595 2761/400/1598 2762/613/1601
f 2754/105/310 2753/611/1597 2759/475/1600 2760/108/313
f 2752/610/1596 2757/109/304 2758/612/1599
f 2768/107/297 2756/608/1594 2762/613/1601
f 2755/609/1595 2754/105/310 2760/108/313 2761/400/1598
f 2753/611/1597 2752/610/1596 2758/612/1599 2759/475/1600
f 2762/406/1601 2761/407/1598 2766/617/1604 2767/618/1605
f 2760/2/313 2759/614/1600 2764/616/1603 2765/116/316
f 2758/413/1599 2757/111/304 2763/615/1602
f 2768/113/297 2762/406/1601 2767/618/1605
f 2761/407/1598 2760/2/313 2765/116/316 2766/617/1604
f 2759/614/1600 2758/413/1599 2763/615/1602 2764/616/1603
f 2767/618/1605 2766/617/1604 2740/601/1588 2741/600/1586
f 2765/116/316 2764/616/1603 2738/598/1582 2739/99/300
f 2763/615/1602 2757/117/304 2737/599/1584
f 2768/118/297 2767/618/1605 2741/600/1586
f 2766/617/1604 2765/116/316 2739/99/300 2740/601/1588
f 2764/616/1603 2763/615/1602 2737/599/1584 2738/598/1582
f 2800/66/297 2773/600/1586 2778/375/1587
f 2772/601/1588 2771/99/300 2776/72/303 2777/376/1589
f 2770/598/1582 2769/599/1584 2774/377/1585 2775/448/1583
f 2773/600/1586 2772/601/1588 2777/376/1589 2778/375/1587
f 2771/99/300 2770/598/1582 2775/448/1583 2776/72/303
f 2769/599/1584 2789/73/304 2774/377/1585
f 2775/448/1583 2774/377/1585 2779/605/1592 2780/606/1593
f 2778/375/1587 2777/376/1589 2782/604/1591 2783/603/1590
f 2776/72/303 2775/448/1583 2780/606/1593 2781/101/307
f 2774/377/1585 2789/607/304 2779/605/1592
f 2800/602/297 2778/375/1587 2783/603/1590
f 2777/376/1589 2776/72/303 2781/101/307 2782/604/1591
f 2783/603/1590 2782/604/1591 2787/609/1595 2788/608/1594
f 2781/101/307 2780/606/1593 2785/611/1597 2786/105/310
f 2779/605/1592 2789/106/304 2784/610/1596
f 2800/102/297 2783/603/1590 2788/608/1594
f 2782/604/1591 2781/101/307 2786/105/310 2787/609/1595
f 2780/606/1593 2779/605/1592 2784/610/1596 2785/611/1597
f 2788/608/1594 2787/609/1595 2793/400/1598 2794/613/1601
f 2786/105/310 2785/611/1597 2791/475/1600 2792/108/313
f 2784/610/1596 2789/109/304 2790/612/1599
f 2800/107/297 2788/608/1594 2794/613/1601
f 2787/609/1595 2786/105/310 2792/108/313 2793/400/1598
f 2785/611/1597 2784/610/1596 2790/612/1599 2791/475/1600
f 2794/406/1601 2793/407/1598 2798/617/1604 2799/618/1605
f 2792/2/313 2791/614/1600 2796/616/1603 2797/116/316
f 2790/413/1599 2789/111/304 2795/615/1602
f 2800/113/297 2794/406/1601 2799/618/1605
f 2793/407/1598 2792/2/313 2797/116/316 2798/617/1604
f 2791/614/1600 2790/413/1599 2795/615/1602 2796/616/1603
f 2799/618/1605 2798/617/1604 2772/601/1588 2773/600/1586
f 2797/116/316 2796/616/1603 2770/598/1582 2771/99/300
f 2795/615/1602 2789/117/304 2769/599/1584
f 2800/118/297 2799/618/1605 2773/600/1586
f 2798/617/1604 2797/116/316 2771/99/300 2772/601/1588
f 2796/616/1603 2795/615/1602 2769/599/1584 2770/598/1582
f 2801/2/1606 2802/3/1607 2804/44/1608 2803/45/1609
f 2803/45/1609 2804/44/1608 2806/46/1610 2805/47/1611
f 2805/47/1611 2806/46/1610 2808/48/1612 2807/49/1613
f 2807/49/1613 2808/48/1612 2810/50/1614 2809/51/1615
f 2804/52/1608 2802/21/1607 2812/562/1616 2810/564/1614 2808/55/1612 2806/56/1610
f 2809/51/1615 2810/50/1614 2812/57/1616 2811/58/1617
f 2811/58/1617 2812/57/1616 2802/59/1607 2801/60/1606
f 2801/34/1606 2803/61/1609 2805/62/1611 2807/63/1613 2809/64/1615 2811/65/1617
f 2817/600/1586 2816/601/1588 2821/376/1589 2822/375/1587
f 2815/99/300 2814/598/1582 2819/448/1583 2820/72/303
f 2813/619/1584 2833/73/304 2818/523/1585
f 2844/66/297 2817/600/1586 2822/375/1587
f 2816/601/1588 2815/99/300 2820/72/303 2821/376/1589
f 2814/598/1582 2813/619/1584 2818/523/1585 2819/448/1583
f 2818/523/1585 2833/607/304 2823/620/1592
f 2844/602/297 2822/375/1587 2827/603/1590
f 2821/376/1589 2820/72/303 2825/101/307 2826/604/1591
f 2819/448/1583 2818/523/1585 2823/620/1592 2824/606/1593
f 2822/375/1587 2821/376/1589 2826/604/1591 2827/603/1590
f 2820/72/303 2819/448/1583 2824/606/1593 2825/101/307
f 2844/102/297 2827/603/1590 2832/621/1594
f 2826/604/1591 2825/101/307 2830/622/310 2831/609/1595
f 2824/606/1593 2823/620/1592 2828/623/1596 2829/611/1597
f 2827/603/1590 2826/604/1591 2831/609/1595 2832/621/1594
f 2825/101/307 2824/606/1593 2829/611/1597 2830/622/310
f 2823/620/1592 2833/106/304 2828/623/1596
f 2844/107/297 2832/621/1594 2838/613/1601
f 2831/609/1595 2830/622/310 2836/108/313 2837/400/1598
f 2829/611/1597 2828/623/1596 2834/624/1599 2835/475/1600
f 2832/621/1594 2831/609/1595 2837/400/1598 2838/613/1601
f 2830/622/310 2829/611/1597 2835/475/1600 2836/108/313
f 2828/623/1596 2833/109/304 2834/624/1599
f 2844/113/297 2838/406/1601 2843/618/1605
f 2837/407/1598 2836/2/313 2841/116/316 2842/625/1604
f 2835/614/1600 2834/626/1599 2839/615/1602 2840/616/1603
f 2838/406/1601 2837/407/1598 2842/625/1604 2843/618/1605
f 2836/2/313 2835/614/1600 2840/616/1603 2841/116/316
f 2834/626/1599 2833/111/304 2839/615/1602
f 2842/625/1604 2841/116/316 2815/99/300 2816/601/1588
f 2840/616/1603 2839/615/1602 2813/619/1584 2814/598/1582
f 2843/618/1605 2842/625/1604 2816/601/1588 2817/600/1586
f 2841/116/316 2840/616/1603 2814/598/1582 2815/99/300
f 2839/615/1602 2833/627/304 2813/619/1584
f 2844/628/297 2843/618/1605 2817/600/1586
f 2849/600/1586 2848/601/1588 2853/376/1589 2854/375/1587
f 2847/99/300 2846/598/1582 2851/448/1583 2852/72/303
f 2845/619/1584 2865/73/304 2850/523/1585
f 2876/66/297 2849/600/1586 2854/375/1587
f 2848/601/1588 2847/99/300 2852/72/303 2853/376/1589
f 2846/598/1582 2845/619/1584 2850/523/1585 2851/448/1583
f 2852/72/303 2851/448/1583 2856/606/1593 2857/101/307
f 2850/523/1585 2865/607/304 2855/620/1592
f 2876/602/297 2854/375/1587 2859/603/1590
f 2853/376/1589 2852/72/303 2857/101/307 2858/604/1591
f 2851/448/1583 2850/523/1585 2855/620/1592 2856/606/1593
f 2854/375/1587 2853/376/1589 2858/604/1591 2859/603/1590
f 2855/620/1592 2865/106/304 2860/623/1596
f 2876/102/297 2859/603/1590 2864/621/1594
f 2858/604/1591 2857/101/307 2862/622/310 2863/609/1595
f 2856/606/1593 2855/620/1592 2860/623/1596 2861/611/1597
f 2859/603/1590 2858/604/1591 2863/609/1595 2864/621/1594
f 2857/101/307 2856/606/1593 2861/611/1597 2862/622/310
f 2876/107/297 2864/621/1594 2870/613/1601
f 2863/609/1595 2862/622/310 2868/108/313 2869/400/1598
f 2861/611/1597 2860/623/1596 2866/624/1599 2867/475/1600
f 2864/621/1594 2863/609/1595 2869/400/1598 2870/613/1601
f 2862/622/310 2861/611/1597 2867/475/1600 2868/108/313
f 2860/623/1596 2865/109/304 2866/624/1599
f 2876/113/297 2870/406/1601 2875/618/1605
f 2869/407/1598 2868/2/313 2873/116/316 2874/625/1604
f 2867/614/1600 2866/626/1599 2871/615/1602 2872/616/1603
f 2870/406/1601 2869/407/1598 2874/625/1604 2875/618/1605
f 2868/2/313 2867/614/1600 2872/616/1603 2873/116/316
f 2866/626/1599 2865/111/304 2871/615/1602
f 2876/628/297 2875/618/1605 2849/600/1586
f 2874/625/1604 2873/116/316 2847/99/300 2848/601/1588
f 2872/616/1603 2871/615/1602 2845/619/1584 2846/598/1582
f 2875/618/1605 2874/625/1604 2848/601/1588 2849/600/1586
f 2873/116/316 2872/616/1603 2846/598/1582 2847/99/300
f 2871/615/1602 2865/627/304 2845/619/1584
f 3177/2/1638 3178/3/1639 3180/90/1640 3179/543/1641
f 3179/543/1641 3180/90/1640 3182/544/1642 3181/116/1643
f 3181/116/1643 3182/544/1642 3184/545/1644 3183/546/1645
f 3183/546/1645 3184/545/1644 3186/547/1646 3185/99/1647
f 3185/99/1647 3186/547/1646 3188/548/1648 3187/549/1649
f 3187/549/1649 3188/548/1648 3190/550/1650 3189/551/1651
f 3189/551/1651 3190/550/1650 3192/552/1652 3191/553/1653
f 3191/553/1653 3192/552/1652 3194/554/1654 3193/555/1655
f 3193/555/1655 3194/554/1654 3196/556/1656 3195/557/1657
f 3195/557/1657 3196/556/1656 3198/558/1658 3197/559/1659
f 3180/560/1640 3178/21/1639 3200/561/1660 3198/562/1658 3196/563/1656 3194/564/1654 3192/565/1652 3190/26/1650 3188/566/1648 3186/56/1646 3184/567/1644 3182/52/1642
f 3197/559/1659 3198/558/1658 3200/568/1660 3199/569/1661
f 3199/569/1661 3200/568/1660 3178/570/1639 3177/571/1638
f 3177/34/1638 3179/572/1641 3181/61/1643 3183/573/1645 3185/62/1647 3187/574/1649 3189/39/1651 3191/575/1653 3193/64/1655 3195/576/1657 3197/65/1659 3199/577/1661
f 3282/132/1501 3253/133/304 3203/134/1502
f 3245/135/297 3202/223/1490 3209/578/1493
f 3286/423/1491 3285/579/1494 3207/128/1496 3208/67/1492
f 3284/363/300 3201/230/1497 3205/131/1500 3206/69/1495
f 3283/424/1498 3282/132/1501 3203/134/1502 3204/70/1499
f 3202/223/1490 3286/423/1491 3208/67/1492 3209/578/1493
f 3285/579/1494 3284/363/300 3206/69/1495 3207/128/1496
f 3201/230/1497 3283/424/1498 3204/70/1499 3205/131/1500
f 3206/69/1495 3205/131/1500 3212/140/1504 3213/141/1509
f 3204/70/1499 3203/134/1502 3210/142/1505 3211/143/1503
f 3209/578/1493 3208/67/1492 3215/139/1508 3216/580/1506
f 3207/128/1496 3206/69/1495 3213/141/1509 3214/138/1507
f 3205/131/1500 3204/70/1499 3211/143/1503 3212/140/1504
f 3203/134/1502 3253/144/304 3210/142/1505
f 3245/136/297 3209/578/1493 3216/580/1506
f 3208/67/1492 3207/128/1496 3214/138/1507 3215/139/1508
f 3216/580/1506 3215/139/1508 3222/68/1512 3223/581/1510
f 3214/138/1507 3213/141/1509 3220/72/362 3221/148/1511
f 3212/140/1504 3211/143/1503 3218/71/1515 3219/145/1513
f 3210/142/1505 3253/149/304 3217/146/1514
f 3245/150/297 3216/580/1506 3223/581/1510
f 3215/139/1508 3214/138/1507 3221/148/1511 3222/68/1512
f 3213/141/1509 3212/140/1504 3219/145/1513 3220/72/362
f 3211/143/1503 3210/142/1505 3217/146/1514 3218/71/1515
f 3219/145/1513 3218/71/1515 3225/155/1517 3226/156/1522
f 3217/146/1514 3253/425/304 3224/158/1516
f 3245/426/297 3223/581/1510 3230/582/1519
f 3222/68/1512 3221/148/1511 3228/154/1521 3229/151/1518
f 3220/72/362 3219/145/1513 3226/156/1522 3227/153/1520
f 3218/71/1515 3217/146/1514 3224/158/1516 3225/155/1517
f 3223/581/1510 3222/68/1512 3229/151/1518 3230/582/1519
f 3221/148/1511 3220/72/362 3227/153/1520 3228/154/1521
f 3245/164/297 3230/582/1519 3237/583/1524
f 3229/151/1518 3228/154/1521 3235/166/1526 3236/167/1523
f 3227/153/1520 3226/156/1522 3233/584/1528 3234/168/1525
f 3225/155/1517 3224/158/1516 3231/163/1529 3232/160/1527
f 3230/582/1519 3229/151/1518 3236/167/1523 3237/583/1524
f 3228/154/1521 3227/153/1520 3234/168/1525 3235/166/1526
f 3226/156/1522 3225/155/1517 3232/160/1527 3233/584/1528
f 3224/158/1516 3253/162/304 3231/163/1529
f 3232/160/1527 3231/163/1529 3238/175/1530 3239/176/1535
f 3237/583/1524 3236/167/1523 3243/172/1533 3244/585/1531
f 3235/166/1526 3234/168/1525 3241/174/310 3242/171/1532
f 3233/584/1528 3232/160/1527 3239/176/1535 3240/586/1534
f 3231/163/1529 3253/177/304 3238/175/1530
f 3245/169/297 3237/583/1524 3244/585/1531
f 3236/167/1523 3235/166/1526 3242/171/1532 3243/172/1533
f 3234/168/1525 3233/584/1528 3240/586/1534 3241/174/310
f 3244/585/1531 3243/172/1533 3251/80/1537 3252/588/1542
f 3242/171/1532 3241/174/310 3249/82/1539 3250/180/1536
f 3240/586/1534 3239/176/1535 3247/81/1541 3248/587/1538
f 3238/175/1530 3253/182/304 3246/178/1540
f 3245/183/297 3244/585/1531 3252/588/1542
f 3243/172/1533 3242/171/1532 3250/180/1536 3251/80/1537
f 3241/174/310 3240/586/1534 3248/587/1538 3249/82/1539
f 3239/176/1535 3238/175/1530 3246/178/1540 3247/81/1541
f 3246/178/1540 3253/190/304 3254/191/1549
f 3245/192/297 3252/588/1542 3260/589/1544
f 3251/80/1537 3250/180/1536 3258/187/1546 3259/428/1543
f 3249/82/1539 3248/587/1538 3256/591/1548 3257/590/1545
f 3247/81/1541 3246/178/1540 3254/191/1549 3255/430/1547
f 3252/588/1542 3251/80/1537 3259/428/1543 3260/589/1544
f 3250/180/1536 3249/82/1539 3257/590/1545 3258/187/1546
f 3248/587/1538 3247/81/1541 3255/430/1547 3256/591/1548
f 3259/428/1543 3258/187/1546 3265/197/1550 3266/85/1555
f 3257/590/1545 3256/591/1548 3263/592/1552 3264/87/407
f 3255/430/1547 3254/191/1549 3261/194/1553 3262/86/1551
f 3260/589/1544 3259/428/1543 3266/85/1555 3267/331/1554
f 3258/187/1546 3257/590/1545 3264/87/407 3265/197/1550
f 3256/591/1548 3255/430/1547 3262/86/1551 3263/592/1552
f 3254/191/1549 3253/193/304 3261/194/1553
f 3245/195/297 3260/589/1544 3267/331/1554
f 3267/333/1554 3266/114/1555 3273/201/1558 3274/593/1556
f 3265/199/1550 3264/2/407 3271/204/1560 3272/200/1557
f 3263/594/1552 3262/110/1551 3269/431/1562 3270/595/1559
f 3261/205/1553 3253/210/304 3268/206/1561
f 3245/211/297 3267/333/1554 3274/593/1556
f 3266/114/1555 3265/199/1550 3272/200/1557 3273/201/1558
f 3264/2/407 3263/594/1552 3270/595/1559 3271/204/1560
f 3262/110/1551 3261/205/1553 3268/206/1561 3269/431/1562
f 3272/200/1557 3271/204/1560 3278/116/1564 3279/215/1569
f 3270/595/1559 3269/431/1562 3276/112/1566 3277/596/1563
f 3268/206/1561 3253/218/304 3275/219/1565
f 3245/220/297 3274/593/1556 3281/597/1568
f 3273/201/1558 3272/200/1557 3279/215/1569 3280/115/1567
f 3271/204/1560 3270/595/1559 3277/596/1563 3278/116/1564
f 3269/431/1562 3268/206/1561 3275/219/1565 3276/112/1566
f 3274/593/1556 3273/201/1558 3280/115/1567 3281/597/1568
f 3245/222/297 3281/597/1568 3202/223/1490
f 3280/115/1567 3279/215/1569 3285/579/1494 3286/423/1491
f 3278/116/1564 3277/596/1563 3201/230/1497 3284/363/300
f 3276/112/1566 3275/219/1565 3282/132/1501 3283/424/1498
f 3281/597/1568 3280/115/1567 3286/423/1491 3202/223/1490
f 3279/215/1569 3278/116/1564 3284/363/300 3285/579/1494
f 3277/596/1563 3276/112/1566 3283/424/1498 3201/230/1497
f 3275/219/1565 3253/221/304 3282/132/1501
f 3287/2/1662 3288/3/1663 3290/44/1664 3289/45/1665
f 3289/45/1665 3290/44/1664 3292/46/1666 3291/47/1667
f 3291/47/1667 3292/46/1666 3294/48/1668 3293/49/1669
f 3293/49/1669 3294/48/1668 3296/50/1670 3295/51/1671
f 3290/52/1664 3288/21/1663 3298/562/1672 3296/564/1670 3294/55/1668 3292/56/1666
f 3295/51/1671 3296/50/1670 3298/57/1672 3297/58/1673
f 3297/58/1673 3298/57/1672 3288/59/1663 3287/60/1662
f 3287/34/1662 3289/61/1665 3291/62/1667 3293/63/1669 3295/64/1671 3297/65/1673
f 3330/66/297 3303/600/1586 3308/375/1587
f 3302/601/1588 3301/99/300 3306/72/303 3307/376/1589
f 3300/598/1582 3299/599/1584 3304/377/1585 3305/448/1583
f 3303/600/1586 3302/601/1588 3307/376/1589 3308/375/1587
f 3301/99/300 3300/598/1582 3305/448/1583 3306/72/303
f 3299/599/1584 3319/73/304 3304/377/1585
f 3307/376/1589 3306/72/303 3311/101/307 3312/604/1591
f 3305/448/1583 3304/377/1585 3309/605/1592 3310/606/1593
f 3308/375/1587 3307/376/1589 3312/604/1591 3313/603/1590
f 3306/72/303 3305/448/1583 3310/606/1593 3311/101/307
f 3304/377/1585 3319/607/304 3309/605/1592
f 3330/602/297 3308/375/1587 3313/603/1590
f 3310/606/1593 3309/605/1592 3314/610/1596 3315/611/1597
f 3313/603/1590 3312/604/1591 3317/609/1595 3318/608/1594
f 3311/101/307 3310/606/1593 3315/611/1597 3316/105/310
f 3309/605/1592 3319/106/304 3314/610/1596
f 3330/102/297 3313/603/1590 3318/608/1594
f 3312/604/1591 3311/101/307 3316/105/310 3317/609/1595
f 3318/608/1594 3317/609/1595 3323/400/1598 3324/613/1601
f 3316/105/310 3315/611/1597 3321/475/1600 3322/108/313
f 3314/610/1596 3319/109/304 3320/612/1599
f 3330/107/297 3318/608/1594 3324/613/1601
f 3317/609/1595 3316/105/310 3322/108/313 3323/400/1598
f 3315/611/1597 3314/610/1596 3320/612/1599 3321/475/1600
f 3324/406/1601 3323/407/1598 3328/617/1604 3329/618/1605
f 3322/2/313 3321/614/1600 3326/616/1603 3327/116/316
f 3320/413/1599 3319/111/304 3325/615/1602
f 3330/113/297 3324/406/1601 3329/618/1605
f 3323/407/1598 3322/2/313 3327/116/316 3328/617/1604
f 3321/614/1600 3320/413/1599 3325/615/1602 3326/616/1603
f 3329/618/1605 3328/617/1604 3302/601/1588 3303/600/1586
f 3327/116/316 3326/616/1603 3300/598/1582 3301/99/300
f 3325/615/1602 3319/117/304 3299/599/1584
f 3330/118/297 3329/618/1605 3303/600/1586
f 3328/617/1604 3327/116/316 3301/99/300 3302/601/1588
f 3326/616/1603 3325/615/1602 3299/599/1584 3300/598/1582
f 3362/66/297 3335/600/1586 3340/375/1587
f 3334/601/1588 3333/99/300 3338/72/303 3339/376/1589
f 3332/598/1582 3331/599/1584 3336/377/1585 3337/448/1583
f 3335/600/1586 3334/601/1588 3339/376/1589 3340/375/1587
f 3333/99/300 3332/598/1582 3337/448/1583 3338/72/303
f 3331/599/1584 3351/73/304 3336/377/1585
f 3340/375/1587 3339/376/1589 3344/604/1591 3345/603/1590
f 3338/72/303 3337/448/1583 3342/606/1593 3343/101/307
f 3336/377/1585 3351/607/304 3341/605/1592
f 3362/602/297 3340/375/1587 3345/603/1590
f 3339/376/1589 3338/72/303 3343/101/307 3344/604/1591
f 3337/448/1583 3336/377/1585 3341/605/1592 3342/606/1593
f 3345/603/1590 3344/604/1591 3349/609/1595 3350/608/1594
f 3343/101/307 3342/606/1593 3347/611/1597 3348/105/310
f 3341/605/1592 3351/106/304 3346/610/1596
f 3362/102/297 3345/603/1590 3350/608/1594
f 3344/604/1591 3343/101/307 3348/105/310 3349/609/1595
f 3342/606/1593 3341/605/1592 3346/610/1596 3347/611/1597
f 3350/608/1594 3349/609/1595 3355/400/1598 3356/613/1601
f 3348/105/310 3347/611/1597 3353/475/1600 3354/108/313
f 3346/610/1596 3351/109/304 3352/612/1599
f 3362/107/297 3350/608/1594 3356/613/1601
f 3349/609/1595 3348/105/310 3354/108/313 3355/400/1598
f 3347/611/1597 3346/610/1596 3352/612/1599 3353/475/1600
f 3356/406/1601 3355/407/1598 3360/617/1604 3361/618/1605
f 3354/2/313 3353/614/1600 3358/616/1603 3359/116/316
f 3352/413/1599 3351/111/304 3357/615/1602
f 3362/113/297 3356/406/1601 3361/618/1605
f 3355/407/1598 3354/2/313 3359/116/316 3360/617/1604
f 3353/614/1600 3352/413/1599 3357/615/1602 3358/616/1603
f 3359/116/316 3358/616/1603 3332/598/1582 3333/99/300
f 3357/615/1602 3351/117/304 3331/599/1584
f 3362/118/297 3361/618/1605 3335/600/1586
f 3360/617/1604 3359/116/316 3333/99/300 3334/601/1588
f 3358/616/1603 3357/615/1602 3331/599/1584 3332/598/1582
f 3361/618/1605 3360/617/1604 3334/601/1588 3335/600/1586
f 3363/2/1662 3364/3/1663 3366/44/1664 3365/45/1665
f 3365/45/1665 3366/44/1664 3368/46/1666 3367/47/1667
f 3367/47/1667 3368/46/1666 3370/48/1668 3369/49/1669
f 3369/49/1669 3370/48/1668 3372/50/1670 3371/51/1671
f 3366/52/1664 3364/21/1663 3374/562/1672 3372/564/1670 3370/55/1668 3368/56/1666
f 3371/51/1671 3372/50/1670 3374/57/1672 3373/58/1673
f 3373/58/1673 3374/57/1672 3364/59/1663 3363/60/1662
f 3363/34/1662 3365/61/1665 3367/62/1667 3369/63/1669 3371/64/1671 3373/65/1673
f 3379/600/1586 3378/601/1588 3383/376/1589 3384/375/1587
f 3377/99/300 3376/598/1582 3381/448/1583 3382/72/303
f 3375/599/1584 3395/73/304 3380/377/1585
f 3406/66/297 3379/600/1586 3384/375/1587
f 3378/601/1588 3377/99/300 3382/72/303 3383/376/1589
f 3376/598/1582 3375/599/1584 3380/377/1585 3381/448/1583
f 3382/72/303 3381/448/1583 3386/606/1593 3387/101/307
f 3380/377/1585 3395/607/304 3385/605/1592
f 3406/602/297 3384/375/1587 3389/603/1590
f 3383/376/1589 3382/72/303 3387/101/307 3388/604/1591
f 3381/448/1583 3380/377/1585 3385/605/1592 3386/606/1593
f 3384/375/1587 3383/376/1589 3388/604/1591 3389/603/1590
f 3385/605/1592 3395/106/304 3390/610/1596
f 3406/102/297 3389/603/1590 3394/608/1594
f 3388/604/1591 3387/101/307 3392/105/310 3393/609/1595
f 3386/606/1593 3385/605/1592 3390/610/1596 3391/611/1597
f 3389/603/1590 3388/604/1591 3393/609/1595 3394/608/1594
f 3387/101/307 3386/606/1593 3391/611/1597 3392/105/310
f 3406/107/297 3394/608/1594 3400/613/1601
f 3393/609/1595 3392/105/310 3398/108/313 3399/400/1598
f 3391/611/1597 3390/610/1596 3396/612/1599 3397/475/1600
f 3394/608/1594 3393/609/1595 3399/400/1598 3400/613/1601
f 3392/105/310 3391/611/1597 3397/475/1600 3398/108/313
f 3390/610/1596 3395/109/304 3396/612/1599
f 3406/113/297 3400/406/1601 3405/618/1605
f 3399/407/1598 3398/2/313 3403/116/316 3404/617/1604
f 3397/614/1600 3396/413/1599 3401/615/1602 3402/616/1603
f 3400/406/1601 3399/407/1598 3404/617/1604 3405/618/1605
f 3398/2/313 3397/614/1600 3402/616/1603 3403/116/316
f 3396/413/1599 3395/111/304 3401/615/1602
f 3406/118/297 3405/618/1605 3379/600/1586
f 3404/617/1604 3403/116/316 3377/99/300 3378/601/1588
f 3402/616/1603 3401/615/1602 3375/599/1584 3376/598/1582
f 3405/618/1605 3404/617/1604 3378/601/1588 3379/600/1586
f 3403/116/316 3402/616/1603 3376/598/1582 3377/99/300
f 3401/615/1602 3395/117/304 3375/599/1584
f 3411/600/1586 3410/601/1588 3415/376/1589 3416/375/1587
f 3409/99/300 3408/598/1582 3413/448/1583 3414/72/303
f 3407/599/1584 3427/73/304 3412/377/1585
f 3438/66/297 3411/600/1586 3416/375/1587
f 3410/601/1588 3409/99/300 3414/72/303 3415/376/1589
f 3408/598/1582 3407/599/1584 3412/377/1585 3413/448/1583
f 3416/375/1587 3415/376/1589 3420/604/1591 3421/603/1590
f 3414/72/303 3413/448/1583 3418/606/1593 3419/101/307
f 3412/377/1585 3427/607/304 3417/605/1592
f 3438/602/297 3416/375/1587 3421/603/1590
f 3415/376/1589 3414/72/303 3419/101/307 3420/604/1591
f 3413/448/1583 3412/377/1585 3417/605/1592 3418/606/1593
f 3419/101/307 3418/606/1593 3423/611/1597 3424/105/310
f 3417/605/1592 3427/106/304 3422/610/1596
f 3438/102/297 3421/603/1590 3426/608/1594
f 3420/604/1591 3419/101/307 3424/105/310 3425/609/1595
f 3418/606/1593 3417/605/1592 3422/610/1596 3423/611/1597
f 3421/603/1590 3420/604/1591 3425/609/1595 3426/608/1594
f 3422/610/1596 3427/109/304 3428/612/1599
f 3438/107/297 3426/608/1594 3432/613/1601
f 3425/609/1595 3424/105/310 3430/108/313 3431/400/1598
f 3423/611/1597 3422/610/1596 3428/612/1599 3429/475/1600
f 3426/608/1594 3425/609/1595 3431/400/1598 3432/613/1601
f 3424/105/310 3423/611/1597 3429/475/1600 3430/108/313
f 3438/113/297 3432/406/1601 3437/618/1605
f 3431/407/1598 3430/2/313 3435/116/316 3436/617/1604
f 3429/614/1600 3428/413/1599 3433/615/1602 3434/616/1603
f 3432/406/1601 3431/407/1598 3436/617/1604 3437/618/1605
f 3430/2/313 3429/614/1600 3434/616/1603 3435/116/316
f 3428/413/1599 3427/111/304 3433/615/1602
f 3438/118/297 3437/618/1605 3411/600/1586
f 3436/617/1604 3435/116/316 3409/99/300 3410/601/1588
f 3434/616/1603 3433/615/1602 3407/599/1584 3408/598/1582
f 3437/618/1605 3436/617/1604 3410/601/1588 3411/600/1586
f 3435/116/316 3434/616/1603 3408/598/1582 3409/99/300
f 3433/615/1602 3427/117/304 3407/599/1584
f 3439/2/1662 3440/3/1663 3442/44/1664 3441/45/1665
f 3441/45/1665 3442/44/1664 3444/46/1666 3443/47/1667
f 3443/47/1667 3444/46/1666 3446/48/1668 3445/49/1669
f 3445/49/1669 3446/48/1668 3448/50/1670 3447/51/1671
f 3442/52/1664 3440/21/1663 3450/562/1672 3448/564/1670 3446/55/1668 3444/56/1666
f 3447/51/1671 3448/50/1670 3450/57/1672 3449/58/1673
f 3449/58/1673 3450/57/1672 3440/59/1663 3439/60/1662
f 3439/34/1662 3441/61/1665 3443/62/1667 3445/63/1669 3447/64/1671 3449/65/1673
f 3482/66/297 3455/600/1586 3460/375/1587
f 3454/601/1588 3453/99/300 3458/72/303 3459/376/1589
f 3452/598/1582 3451/599/1584 3456/377/1585 3457/448/1583
f 3455/600/1586 3454/601/1588 3459/376/1589 3460/375/1587
f 3453/99/300 3452/598/1582 3457/448/1583 3458/72/303
f 3451/599/1584 3471/73/304 3456/377/1585
f 3459/376/1589 3458/72/303 3463/101/307 3464/604/1591
f 3457/448/1583 3456/377/1585 3461/605/1592 3462/606/1593
f 3460/375/1587 3459/376/1589 3464/604/1591 3465/603/1590
f 3458/72/303 3457/448/1583 3462/606/1593 3463/101/307
f 3456/377/1585 3471/607/304 3461/605/1592
f 3482/602/297 3460/375/1587 3465/603/1590
f 3462/606/1593 3461/605/1592 3466/610/1596 3467/611/1597
f 3465/603/1590 3464/604/1591 3469/609/1595 3470/608/1594
f 3463/101/307 3462/606/1593 3467/611/1597 3468/105/310
f 3461/605/1592 3471/106/304 3466/610/1596
f 3482/102/297 3465/603/1590 3470/608/1594
f 3464/604/1591 3463/101/307 3468/105/310 3469/609/1595
f 3470/608/1594 3469/609/1595 3475/400/1598 3476/613/1601
f 3468/105/310 3467/611/1597 3473/475/1600 3474/108/313
f 3466/610/1596 3471/109/304 3472/612/1599
f 3482/107/297 3470/608/1594 3476/613/1601
f 3469/609/1595 3468/105/310 3474/108/313 3475/400/1598
f 3467/611/1597 3466/610/1596 3472/612/1599 3473/475/1600
f 3476/406/1601 3475/407/1598 3480/617/1604 3481/618/1605
f 3474/2/313 3473/614/1600 3478/616/1603 3479/116/316
f 3472/413/1599 3471/111/304 3477/615/1602
f 3482/113/297 3476/406/1601 3481/618/1605
f 3475/407/1598 3474/2/313 3479/116/316 3480/617/1604
f 3473/614/1600 3472/413/1599 3477/615/1602 3478/616/1603
f 3481/618/1605 3480/617/1604 3454/601/1588 3455/600/1586
f 3479/116/316 3478/616/1603 3452/598/1582 3453/99/300
f 3477/615/1602 3471/117/304 3451/599/1584
f 3482/118/297 3481/618/1605 3455/600/1586
f 3480/617/1604 3479/116/316 3453/99/300 3454/601/1588
f 3478/616/1603 3477/615/1602 3451/599/1584 3452/598/1582
f 3514/66/297 3487/600/1586 3492/375/1587
f 3486/601/1588 3485/99/300 3490/72/303 3491/376/1589
f 3484/598/1582 3483/599/1584 3488/377/1585 3489/448/1583
f 3487/600/1586 3486/601/1588 3491/376/1589 3492/375/1587
f 3485/99/300 3484/598/1582 3489/448/1583 3490/72/303
f 3483/599/1584 3503/73/304 3488/377/1585
f 3492/375/1587 3491/376/1589 3496/604/1591 3497/603/1590
f 3490/72/303 3489/448/1583 3494/606/1593 3495/101/307
f 3488/377/1585 3503/607/304 3493/605/1592
f 3514/602/297 3492/375/1587 3497/603/1590
f 3491/376/1589 3490/72/303 3495/101/307 3496/604/1591
f 3489/448/1583 3488/377/1585 3493/605/1592 3494/606/1593
f 3497/603/1590 3496/604/1591 3501/609/1595 3502/608/1594
f 3495/101/307 3494/606/1593 3499/611/1597 3500/105/310
f 3493/605/1592 3503/106/304 3498/610/1596
f 3514/102/297 3497/603/1590 3502/608/1594
f 3496/604/1591 3495/101/307 3500/105/310 3501/609/1595
f 3494/606/1593 3493/605/1592 3498/610/1596 3499/611/1597
f 3502/608/1594 3501/609/1595 3507/400/1598 3508/613/1601
f 3500/105/310 3499/611/1597 3505/475/1600 3506/108/313
f 3498/610/1596 3503/109/304 3504/612/1599
f 3514/107/297 3502/608/1594 3508/613/1601
f 3501/609/1595 3500/105/310 3506/108/313 3507/400/1598
f 3499/611/1597 3498/610/1596 3504/612/1599 3505/475/1600
f 3508/406/1601 3507/407/1598 3512/617/1604 3513/618/1605
f 3506/2/313 3505/614/1600 3510/616/1603 3511/116/316
f 3504/413/1599 3503/111/304 3509/615/1602
f 3514/113/297 3508/406/1601 3513/618/1605
f 3507/407/1598 3506/2/313 3511/116/316 3512/617/1604
f 3505/614/1600 3504/413/1599 3509/615/1602 3510/616/1603
f 3511/116/316 3510/616/1603 3484/598/1582 3485/99/300
f 3509/615/1602 3503/117/304 3483/599/1584
f 3514/118/297 3513/618/1605 3487/600/1586
f 3512/617/1604 3511/116/316 3485/99/300 3486/601/1588
f 3510/616/1603 3509/615/1602 3483/599/1584 3484/598/1582
f 3513/618/1605 3512/617/1604 3486/601/1588 3487/600/1586
f 3515/2/1662 3516/3/1663 3518/44/1664 3517/45/1665
f 3517/45/1665 3518/44/1664 3520/46/1666 3519/47/1667
f 3519/47/1667 3520/46/1666 3522/48/1668 3521/49/1669
f 3521/49/1669 3522/48/1668 3524/50/1670 3523/51/1671
f 3518/52/1664 3516/21/1663 3526/562/1672 3524/564/1670 3522/55/1668 3520/56/1666
f 3523/51/1671 3524/50/1670 3526/57/1672 3525/58/1673
f 3525/58/1673 3526/57/1672 3516/59/1663 3515/60/1662
f 3515/34/1662 3517/61/1665 3519/62/1667 3521/63/1669 3523/64/1671 3525/65/1673
f 3558/66/297 3531/600/1586 3536/375/1587
f 3530/601/1588 3529/99/300 3534/72/303 3535/376/1589
f 3528/598/1582 3527/599/1584 3532/377/1585 3533/448/1583
f 3531/600/1586 3530/601/1588 3535/376/1589 3536/375/1587
f 3529/99/300 3528/598/1582 3533/448/1583 3534/72/303
f 3527/599/1584 3547/73/304 3532/377/1585
f 3536/375/1587 3535/376/1589 3540/604/1591 3541/603/1590
f 3534/72/303 3533/448/1583 3538/606/1593 3539/101/307
f 3532/377/1585 3547/607/304 3537/605/1592
f 3558/602/297 3536/375/1587 3541/603/1590
f 3535/376/1589 3534/72/303 3539/101/307 3540/604/1591
f 3533/448/1583 3532/377/1585 3537/605/1592 3538/606/1593
f 3541/603/1590 3540/604/1591 3545/609/1595 3546/608/1594
f 3539/101/307 3538/606/1593 3543/611/1597 3544/105/310
f 3537/605/1592 3547/106/304 3542/610/1596
f 3558/102/297 3541/603/1590 3546/608/1594
f 3540/604/1591 3539/101/307 3544/105/310 3545/609/1595
f 3538/606/1593 3537/605/1592 3542/610/1596 3543/611/1597
f 3546/608/1594 3545/609/1595 3551/400/1598 3552/613/1601
f 3544/105/310 3543/611/1597 3549/475/1600 3550/108/313
f 3542/610/1596 3547/109/304 3548/612/1599
f 3558/107/297 3546/608/1594 3552/613/1601
f 3545/609/1595 3544/105/310 3550/108/313 3551/400/1598
f 3543/611/1597 3542/610/1596 3548/612/1599 3549/475/1600
f 3552/406/1601 3551/407/1598 3556/617/1604 3557/618/1605
f 3550/2/313 3549/614/1600 3554/616/1603 3555/116/316
f 3548/413/1599 3547/111/304 3553/615/1602
f 3558/113/297 3552/406/1601 3557/618/1605
f 3551/407/1598 3550/2/313 3555/116/316 3556/617/1604
f 3549/614/1600 3548/413/1599 3553/615/1602 3554/616/1603
f 3555/116/316 3554/616/1603 3528/598/1582 3529/99/300
f 3553/615/1602 3547/117/304 3527/599/1584
f 3558/118/297 3557/618/1605 3531/600/1586
f 3556/617/1604 3555/116/316 3529/99/300 3530/601/1588
f 3554/616/1603 3553/615/1602 3527/599/1584 3528/598/1582
f 3557/618/1605 3556/617/1604 3530/601/1588 3531/600/1586
f 3563/600/1586 3562/601/1588 3567/376/1589 3568/375/1587
f 3561/99/300 3560/598/1582 3565/448/1583 3566/72/303
f 3559/599/1584 3579/73/304 3564/377/1585
f 3590/66/297 3563/600/1586 3568/375/1587
f 3562/601/1588 3561/99/300 3566/72/303 3567/376/1589
f 3560/598/1582 3559/599/1584 3564/377/1585 3565/448/1583
f 3590/602/297 3568/375/1587 3573/603/1590
f 3567/376/1589 3566/72/303 3571/101/307 3572/604/1591
f 3565/448/1583 3564/377/1585 3569/605/1592 3570/606/1593
f 3568/375/1587 3567/376/1589 3572/604/1591 3573/603/1590
f 3566/72/303 3565/448/1583 3570/606/1593 3571/101/307
f 3564/377/1585 3579/607/304 3569/605/1592
f 3590/102/297 3573/603/1590 3578/608/1594
f 3572/604/1591 3571/101/307 3576/105/310 3577/609/1595
f 3570/606/1593 3569/605/1592 3574/610/1596 3575/611/1597
f 3573/603/1590 3572/604/1591 3577/609/1595 3578/608/1594
f 3571/101/307 3570/606/1593 3575/611/1597 3576/105/310
f 3569/605/1592 3579/106/304 3574/610/1596
f 3590/107/297 3578/608/1594 3584/613/1601
f 3577/609/1595 3576/105/310 3582/108/313 3583/400/1598
f 3575/611/1597 3574/610/1596 3580/612/1599 3581/475/1600
f 3578/608/1594 3577/609/1595 3583/400/1598 3584/613/1601
f 3576/105/310 3575/611/1597 3581/475/1600 3582/108/313
f 3574/610/1596 3579/109/304 3580/612/1599
f 3583/407/1598 3582/2/313 3587/116/316 3588/617/1604
f 3581/614/1600 3580/413/1599 3585/615/1602 3586/616/1603
f 3584/406/1601 3583/407/1598 3588/617/1604 3589/618/1605
f 3582/2/313 3581/614/1600 3586/616/1603 3587/116/316
f 3580/413/1599 3579/111/304 3585/615/1602
f 3590/113/297 3584/406/1601 3589/618/1605
f 3586/616/1603 3585/615/1602 3559/599/1584 3560/598/1582
f 3589/618/1605 3588/617/1604 3562/601/1588 3563/600/1586
f 3587/116/316 3586/616/1603 3560/598/1582 3561/99/300
f 3585/615/1602 3579/117/304 3559/599/1584
f 3590/118/297 3589/618/1605 3563/600/1586
f 3588/617/1604 3587/116/316 3561/99/300 3562/601/1588
f 3591/2/1674 3592/3/1675 3594/44/1676 3593/45/1677
f 3593/45/1677 3594/44/1676 3596/46/1678 3595/47/1679
f 3595/47/1679 3596/46/1678 3598/48/1680 3597/49/1681
f 3597/49/1681 3598/48/1680 3600/50/1682 3599/51/1683
f 3594/52/1676 3592/21/1675 3602/562/1684 3600/564/1682 3598/55/1680 3596/56/1678
f 3599/51/1683 3600/50/1682 3602/57/1684 3601/58/1685
f 3601/58/1685 3602/57/1684 3592/59/1675 3591/60/1674
f 3591/34/1674 3593/61/1677 3595/62/1679 3597/63/1681 3599/64/1683 3601/65/1685
f 3634/66/297 3607/600/1586 3612/375/1587
f 3606/601/1588 3605/99/300 3610/72/303 3611/376/1589
f 3604/598/1582 3603/619/1584 3608/523/1585 3609/448/1583
f 3607/600/1586 3606/601/1588 3611/376/1589 3612/375/1587
f 3605/99/300 3604/598/1582 3609/448/1583 3610/72/303
f 3603/619/1584 3623/73/304 3608/523/1585
f 3609/448/1583 3608/523/1585 3613/620/1592 3614/606/1593
f 3612/375/1587 3611/376/1589 3616/604/1591 3617/603/1590
f 3610/72/303 3609/448/1583 3614/606/1593 3615/101/307
f 3608/523/1585 3623/607/304 3613/620/1592
f 3634/602/297 3612/375/1587 3617/603/1590
f 3611/376/1589 3610/72/303 3615/101/307 3616/604/1591
f 3617/603/1590 3616/604/1591 3621/609/1595 3622/621/1594
f 3615/101/307 3614/606/1593 3619/611/1597 3620/622/310
f 3613/620/1592 3623/106/304 3618/623/1596
f 3634/102/297 3617/603/1590 3622/621/1594
f 3616/604/1591 3615/101/307 3620/622/310 3621/609/1595
f 3614/606/1593 3613/620/1592 3618/623/1596 3619/611/1597
f 3622/621/1594 3621/609/1595 3627/400/1598 3628/613/1601
f 3620/622/310 3619/611/1597 3625/475/1600 3626/108/313
f 3618/623/1596 3623/109/304 3624/624/1599
f 3634/107/297 3622/621/1594 3628/613/1601
f 3621/609/1595 3620/622/310 3626/108/313 3627/400/1598
f 3619/611/1597 3618/623/1596 3624/624/1599 3625/475/1600
f 3628/406/1601 3627/407/1598 3632/625/1604 3633/618/1605
f 3626/2/313 3625/614/1600 3630/616/1603 3631/116/316
f 3624/626/1599 3623/111/304 3629/615/1602
f 3634/113/297 3628/406/1601 3633/618/1605
f 3627/407/1598 3626/2/313 3631/116/316 3632/625/1604
f 3625/614/1600 3624/626/1599 3629/615/1602 3630/616/1603
f 3633/618/1605 3632/625/1604 3606/601/1588 3607/600/1586
f 3631/116/316 3630/616/1603 3604/598/1582 3605/99/300
f 3629/615/1602 3623/627/304 3603/619/1584
f 3634/628/297 3633/618/1605 3607/600/1586
f 3632/625/1604 3631/116/316 3605/99/300 3606/601/1588
f 3630/616/1603 3629/615/1602 3603/619/1584 3604/598/1582
f 3639/600/1586 3638/601/1588 3643/376/1589 3644/375/1587
f 3637/99/300 3636/598/1582 3641/448/1583 3642/72/303
f 3635/619/1584 3655/73/304 3640/523/1585
f 3666/66/297 3639/600/1586 3644/375/1587
f 3638/601/1588 3637/99/300 3642/72/303 3643/376/1589
f 3636/598/1582 3635/619/1584 3640/523/1585 3641/448/1583
f 3640/523/1585 3655/607/304 3645/620/1592
f 3666/602/297 3644/375/1587 3649/603/1590
f 3643/376/1589 3642/72/303 3647/101/307 3648/604/1591
f 3641/448/1583 3640/523/1585 3645/620/1592 3646/606/1593
f 3644/375/1587 3643/376/1589 3648/604/1591 3649/603/1590
f 3642/72/303 3641/448/1583 3646/606/1593 3647/101/307
f 3666/102/297 3649/603/1590 3654/621/1594
f 3648/604/1591 3647/101/307 3652/622/310 3653/609/1595
f 3646/606/1593 3645/620/1592 3650/623/1596 3651/611/1597
f 3649/603/1590 3648/604/1591 3653/609/1595 3654/621/1594
f 3647/101/307 3646/606/1593 3651/611/1597 3652/622/310
f 3645/620/1592 3655/106/304 3650/623/1596
f 3666/107/297 3654/621/1594 3660/613/1601
f 3653/609/1595 3652/622/310 3658/108/313 3659/400/1598
f 3651/611/1597 3650/623/1596 3656/624/1599 3657/475/1600
f 3654/621/1594 3653/609/1595 3659/400/1598 3660/613/1601
f 3652/622/310 3651/611/1597 3657/475/1600 3658/108/313
f 3650/623/1596 3655/109/304 3656/624/1599
f 3666/113/297 3660/406/1601 3665/618/1605
f 3659/407/1598 3658/2/313 3663/116/316 3664/625/1604
f 3657/614/1600 3656/626/1599 3661/615/1602 3662/616/1603
f 3660/406/1601 3659/407/1598 3664/625/1604 3665/618/1605
f 3658/2/313 3657/614/1600 3662/616/1603 3663/116/316
f 3656/626/1599 3655/111/304 3661/615/1602
f 3664/625/1604 3663/116/316 3637/99/300 3638/601/1588
f 3662/616/1603 3661/615/1602 3635/619/1584 3636/598/1582
f 3665/618/1605 3664/625/1604 3638/601/1588 3639/600/1586
f 3663/116/316 3662/616/1603 3636/598/1582 3637/99/300
f 3661/615/1602 3655/627/304 3635/619/1584
f 3666/628/297 3665/618/1605 3639/600/1586
usemtl Boot
f 3915/1/1726 3916/1/1727 3936/1/1728 3935/1/1729
f 3916/1/1727 3917/1/1730 3937/1/1731 3936/1/1728
f 3917/1/1730 3918/1/1732 3938/1/1733 3937/1/1731
f 3918/1/1732 3919/1/1734 3939/1/1735 3938/1/1733
f 3919/1/1734 3920/1/1736 3940/1/1737 3939/1/1735
f 3920/1/1736 3921/1/1738 3941/1/1739 3940/1/1737
f 3921/1/1738 3922/1/1740 3942/1/1741 3941/1/1739
f 3922/1/1740 3923/1/1742 3943/1/1743 3942/1/1741
f 3923/1/1742 3924/1/1744 3944/1/1745 3943/1/1743
f 3924/1/1744 3925/1/1746 3945/1/1747 3944/1/1745
f 3925/1/1746 3926/1/1748 3946/1/1749 3945/1/1747
f 3926/1/1748 3927/1/1750 3947/1/1751 3946/1/1749
f 3927/1/1750 3928/1/1752 3948/1/1753 3947/1/1751
f 3928/1/1752 3929/1/1754 3949/1/1755 3948/1/1753
f 3929/1/1754 3930/1/1756 3950/1/1757 3949/1/1755
f 3930/1/1756 3931/1/1758 3951/1/1759 3950/1/1757
f 3931/1/1758 3932/1/1760 3952/1/1761 3951/1/1759
f 3932/1/1760 3933/1/1762 3953/1/1763 3952/1/1761
f 3933/1/1762 3934/1/1764 3954/1/1765 3953/1/1763
f 3934/1/1764 3915/1/1726 3935/1/1729 3954/1/1765
f 3935/1/1729 3936/1/1728 3956/1/1766 3955/1/1767
f 3936/1/1728 3937/1/1731 3957/1/1768 3956/1/1766
f 3937/1/1731 3938/1/1733 3958/1/1769 3957/1/1768
f 3938/1/1733 3939/1/1735 3959/1/1770 3958/1/1769
f 3939/1/1735 3940/1/1737 3960/1/1771 3959/1/1770
f 3940/1/1737 3941/1/1739 3961/1/1772 3960/1/1771
f 3941/1/1739 3942/1/1741 3962/1/1773 3961/1/1772
f 3942/1/1741 3943/1/1743 3963/1/1774 3962/1/1773
f 3943/1/1743 3944/1/1745 3964/1/1775 3963/1/1774
f 3944/1/1745 3945/1/1747 3965/1/1776 3964/1/1775
f 3945/1/1747 3946/1/1749 3966/1/1777 3965/1/1776
f 3946/1/1749 3947/1/1751 3967/1/1778 3966/1/1777
f 3947/1/1751 3948/1/1753 3968/1/1779 3967/1/1778
f 3948/1/1753 3949/1/1755 3969/1/1780 3968/1/1779
f 3949/1/1755 3950/1/1757 3970/1/1781 3969/1/1780
f 3950/1/1757 3951/1/1759 3971/1/1782 3970/1/1781
f 3951/1/1759 3952/1/1761 3972/1/1783 3971/1/1782
f 3952/1/1761 3953/1/1763 3973/1/1784 3972/1/1783
f 3953/1/1763 3954/1/1765 3974/1/1785 3973/1/1784
f 3954/1/1765 3935/1/1729 3955/1/1767 3974/1/1785
f 3955/1/1767 3956/1/1766 3976/1/1786 3975/1/1787
f 3956/1/1766 3957/1/1768 3977/1/1788 3976/1/1786
f 3957/1/1768 3958/1/1769 3978/1/1789 3977/1/1788
f 3958/1/1769 3959/1/1770 3979/1/1790 3978/1/1789
f 3959/1/1770 3960/1/1771 3980/1/1791 3979/1/1790
f 3960/1/1771 3961/1/1772 3981/1/1792 3980/1/1791
f 3961/1/1772 3962/1/1773 3982/1/1793 3981/1/1792
f 3962/1/1773 3963/1/1774 3983/1/1794 3982/1/1793
f 3963/1/1774 3964/1/1775 3984/1/1795 3983/1/1794
f 3964/1/1775 3965/1/1776 3985/1/1796 3984/1/1795
f 3965/1/1776 3966/1/1777 3986/1/1797 3985/1/1796
f 3966/1/1777 3967/1/1778 3987/1/1798 3986/1/1797
f 3967/1/1778 3968/1/1779 3988/1/1799 3987/1/1798
f 3968/1/1779 3969/1/1780 3989/1/1800 3988/1/1799
f 3969/1/1780 3970/1/1781 3990/1/1801 3989/1/1800
f 3970/1/1781 3971/1/1782 3991/1/1802 3990/1/1801
f 3971/1/1782 3972/1/1783 3992/1/1803 3991/1/1802
f 3972/1/1783 3973/1/1784 3993/1/1804 3992/1/1803
f 3973/1/1784 3974/1/1785 3994/1/1805 3993/1/1804
f 3974/1/1785 3955/1/1767 3975/1/1787 3994/1/1805
f 3975/1/1787 3976/1/1786 3996/1/1806 3995/1/1807
f 3976/1/1786 3977/1/1788 3997/1/1808 3996/1/1806
f 3977/1/1788 3978/1/1789 3998/1/1809 3997/1/1808
f 3978/1/1789 3979/1/1790 3999/1/1810 3998/1/1809
f 3979/1/1790 3980/1/1791 4000/1/1811 3999/1/1810
f 3980/1/1791 3981/1/1792 4001/1/1812 4000/1/1811
f 3981/1/1792 3982/1/1793 4002/1/1813 4001/1/1812
f 3982/1/1793 3983/1/1794 4003/1/1814 4002/1/1813
f 3983/1/1794 3984/1/1795 4004/1/1815 4003/1/1814
f 3984/1/1795 3985/1/1796 4005/1/1816 4004/1/1815
f 3985/1/1796 3986/1/1797 4006/1/1817 4005/1/1816
f 3986/1/1797 3987/1/1798 4007/1/1818 4006/1/1817
f 3987/1/1798 3988/1/1799 4008/1/1819 4007/1/1818
f 3988/1/1799 3989/1/1800 4009/1/1820 4008/1/1819
f 3989/1/1800 3990/1/1801 4010/1/1821 4009/1/1820
f 3990/1/1801 3991/1/1802 4011/1/1822 4010/1/1821
f 3991/1/1802 3992/1/1803 4012/1/1823 4011/1/1822
f 3992/1/1803 3993/1/1804 4013/1/1824 4012/1/1823
f 3993/1/1804 3994/1/1805 4014/1/1825 4013/1/1824
f 3994/1/1805 3975/1/1787 3995/1/1807 4014/1/1825
f 3995/1/1807 3996/1/1806 4016/1/1826 4015/1/1827
f 3996/1/1806 3997/1/1808 4017/1/1828 4016/1/1826
f 3997/1/1808 3998/1/1809 4018/1/1829 4017/1/1828
f 3998/1/1809 3999/1/1810 4019/1/1830 4018/1/1829
f 3999/1/1810 4000/1/1811 4020/1/1831 4019/1/1830
f 4000/1/1811 4001/1/1812 4021/1/1832 4020/1/1831
f 4001/1/1812 4002/1/1813 4022/1/1833 4021/1/1832
f 4002/1/1813 4003/1/1814 4023/1/1834 4022/1/1833
f 4003/1/1814 4004/1/1815 4024/1/1835 4023/1/1834
f 4004/1/1815 4005/1/1816 4025/1/1836 4024/1/1835
f 4005/1/1816 4006/1/1817 4026/1/1837 4025/1/1836
f 4006/1/1817 4007/1/1818 4027/1/1838 4026/1/1837
f 4007/1/1818 4008/1/1819 4028/1/1839 4027/1/1838
f 4008/1/1819 4009/1/1820 4029/1/1840 4028/1/1839
f 4009/1/1820 4010/1/1821 4030/1/1841 4029/1/1840
f 4010/1/1821 4011/1/1822 4031/1/1842 4030/1/1841
f 4011/1/1822 4012/1/1823 4032/1/1843 4031/1/1842
f 4012/1/1823 4013/1/1824 4033/1/1844 4032/1/1843
f 4013/1/1824 4014/1/1825 4034/1/1845 4033/1/1844
f 4014/1/1825 3995/1/1807 4015/1/1827 4034/1/1845
f 4015/1/1827 4016/1/1826 4036/1/1846 4035/1/1847
f 4016/1/1826 4017/1/1828 4037/1/1848 4036/1/1846
f 4017/1/1828 4018/1/1829 4038/1/1849 4037/1/1848
f 4018/1/1829 4019/1/1830 4039/1/1850 4038/1/1849
f 4019/1/1830 4020/1/1831 4040/1/1851 4039/1/1850
f 4020/1/1831 4021/1/1832 4041/1/1852 4040/1/1851
f 4021/1/1832 4022/1/1833 4042/1/1853 4041/1/1852
f 4022/1/1833 4023/1/1834 4043/1/1854 4042/1/1853
f 4023/1/1834 4024/1/1835 4044/1/1855 4043/1/1854
f 4024/1/1835 4025/1/1836 4045/1/1856 4044/1/1855
f 4025/1/1836 4026/1/1837 4046/1/1857 4045/1/1856
f 4026/1/1837 4027/1/1838 4047/1/1858 4046/1/1857
f 4027/1/1838 4028/1/1839 4048/1/1859 4047/1/1858
f 4028/1/1839 4029/1/1840 4049/1/1860 4048/1/1859
f 4029/1/1840 4030/1/1841 4050/1/1861 4049/1/1860
f 4030/1/1841 4031/1/1842 4051/1/1862 4050/1/1861
f 4031/1/1842 4032/1/1843 4052/1/1863 4051/1/1862
f 4032/1/1843 4033/1/1844 4053/1/1864 4052/1/1863
f 4033/1/1844 4034/1/1845 4054/1/1865 4053/1/1864
f 4034/1/1845 4015/1/1827 4035/1/1847 4054/1/1865
f 4035/1/1847 4036/1/1846 4056/1/1866 4055/1/1867
f 4036/1/1846 4037/1/1848 4057/1/1868 4056/1/1866
f 4037/1/1848 4038/1/1849 4058/1/1869 4057/1/1868
f 4038/1/1849 4039/1/1850 4059/1/1870 4058/1/1869
f 4039/1/1850 4040/1/1851 4060/1/1871 4059/1/1870
f 4040/1/1851 4041/1/1852 4061/1/1872 4060/1/1871
f 4041/1/1852 4042/1/1853 4062/1/1873 4061/1/1872
f 4042/1/1853 4043/1/1854 4063/1/1874 4062/1/1873
f 4043/1/1854 4044/1/1855 4064/1/1875 4063/1/1874
f 4044/1/1855 4045/1/1856 4065/1/1876 4064/1/1875
f 4045/1/1856 4046/1/1857 4066/1/1877 4065/1/1876
f 4046/1/1857 4047/1/1858 4067/1/1878 4066/1/1877
f 4047/1/1858 4048/1/1859 4068/1/1879 4067/1/1878
f 4048/1/1859 4049/1/1860 4069/1/1880 4068/1/1879
f 4049/1/1860 4050/1/1861 4070/1/1881 4069/1/1880
f 4050/1/1861 4051/1/1862 4071/1/1882 4070/1/1881
f 4051/1/1862 4052/1/1863 4072/1/1883 4071/1/1882
f 4052/1/1863 4053/1/1864 4073/1/1884 4072/1/1883
f 4053/1/1864 4054/1/1865 4074/1/1885 4073/1/1884
f 4054/1/1865 4035/1/1847 4055/1/1867 4074/1/1885
f 4075/1/297 3916/1/1727 3915/1/1726
f 4075/1/297 3917/1/1730 3916/1/1727
f 4075/1/297 3918/1/1732 3917/1/1730
f 4075/1/297 3919/1/1734 3918/1/1732
f 4075/1/297 3920/1/1736 3919/1/1734
f 4075/1/297 3921/1/1738 3920/1/1736
f 4075/1/297 3922/1/1740 3921/1/1738
f 4075/1/297 3923/1/1742 3922/1/1740
f 4075/1/297 3924/1/1744 3923/1/1742
f 4075/1/297 3925/1/1746 3924/1/1744
f 4075/1/297 3926/1/1748 3925/1/1746
f 4075/1/297 3927/1/1750 3926/1/1748
f 4075/1/297 3928/1/1752 3927/1/1750
f 4075/1/297 3929/1/1754 3928/1/1752
f 4075/1/297 3930/1/1756 3929/1/1754
f 4075/1/297 3931/1/1758 3930/1/1756
f 4075/1/297 3932/1/1760 3931/1/1758
f 4075/1/297 3933/1/1762 3932/1/1760
f 4075/1/297 3934/1/1764 3933/1/1762
f 4075/1/297 3915/1/1726 3934/1/1764
f 4076/1/304 4055/1/1867 4056/1/1866
f 4076/1/304 4056/1/1866 4057/1/1868
f 4076/1/304 4057/1/1868 4058/1/1869
f 4076/1/304 4058/1/1869 4059/1/1870
f 4076/1/304 4059/1/1870 4060/1/1871
f 4076/1/304 4060/1/1871 4061/1/1872
f 4076/1/304 4061/1/1872 4062/1/1873
f 4076/1/304 4062/1/1873 4063/1/1874
f 4076/1/304 4063/1/1874 4064/1/1875
f 4076/1/304 4064/1/1875 4065/1/1876
f 4076/1/304 4065/1/1876 4066/1/1877
f 4076/1/304 4066/1/1877 4067/1/1878
f 4076/1/304 4067/1/1878 4068/1/1879
f 4076/1/304 4068/1/1879 4069/1/1880
f 4076/1/304 4069/1/1880 4070/1/1881
f 4076/1/304 4070/1/1881 4071/1/1882
f 4076/1/304 4071/1/1882 4072/1/1883
f 4076/1/304 4072/1/1883 4073/1/1884
f 4076/1/304 4073/1/1884 4074/1/1885
f 4076/1/304 4074/1/1885 4055/1/1867
f 4325/1/1726 4326/1/1727 4346/1/1728 4345/1/1729
f 4326/1/1727 4327/1/1730 4347/1/1731 4346/1/1728
f 4327/1/1730 4328/1/1732 4348/1/1733 4347/1/1731
f 4328/1/1732 4329/1/1734 4349/1/1735 4348/1/1733
f 4329/1/1734 4330/1/1736 4350/1/1737 4349/1/1735
f 4330/1/1736 4331/1/1738 4351/1/1739 4350/1/1737
f 4331/1/1738 4332/1/1740 4352/1/1741 4351/1/1739
f 4332/1/1740 4333/1/1742 4353/1/1743 4352/1/1741
f 4333/1/1742 4334/1/1744 4354/1/1745 4353/1/1743
f 4334/1/1744 4335/1/1746 4355/1/1747 4354/1/1745
f 4335/1/1746 4336/1/1748 4356/1/1749 4355/1/1747
f 4336/1/1748 4337/1/1750 4357/1/1751 4356/1/1749
f 4337/1/1750 4338/1/1752 4358/1/1753 4357/1/1751
f 4338/1/1752 4339/1/1754 4359/1/1755 4358/1/1753
f 4339/1/1754 4340/1/1756 4360/1/1757 4359/1/1755
f 4340/1/1756 4341/1/1758 4361/1/1759 4360/1/1757
f 4341/1/1758 4342/1/1760 4362/1/1761 4361/1/1759
f 4342/1/1760 4343/1/1762 4363/1/1763 4362/1/1761
f 4343/1/1762 4344/1/1764 4364/1/1765 4363/1/1763
f 4344/1/1764 4325/1/1726 4345/1/1729 4364/1/1765
f 4345/1/1729 4346/1/1728 4366/1/1766 4365/1/1767
f 4346/1/1728 4347/1/1731 4367/1/1768 4366/1/1766
f 4347/1/1731 4348/1/1733 4368/1/1769 4367/1/1768
f 4348/1/1733 4349/1/1735 4369/1/1770 4368/1/1769
f 4349/1/1735 4350/1/1737 4370/1/1771 4369/1/1770
f 4350/1/1737 4351/1/1739 4371/1/1772 4370/1/1771
f 4351/1/1739 4352/1/1741 4372/1/1773 4371/1/1772
f 4352/1/1741 4353/1/1743 4373/1/1774 4372/1/1773
f 4353/1/1743 4354/1/1745 4374/1/1775 4373/1/1774
f 4354/1/1745 4355/1/1747 4375/1/1776 4374/1/1775
f 4355/1/1747 4356/1/1749 4376/1/1777 4375/1/1776
f 4356/1/1749 4357/1/1751 4377/1/1778 4376/1/1777
f 4357/1/1751 4358/1/1753 4378/1/1779 4377/1/1778
f 4358/1/1753 4359/1/1755 4379/1/1780 4378/1/1779
f 4359/1/1755 4360/1/1757 4380/1/1781 4379/1/1780
f 4360/1/1757 4361/1/1759 4381/1/1782 4380/1/1781
f 4361/1/1759 4362/1/1761 4382/1/1783 4381/1/1782
f 4362/1/1761 4363/1/1763 4383/1/1784 4382/1/1783
f 4363/1/1763 4364/1/1765 4384/1/1785 4383/1/1784
f 4364/1/1765 4345/1/1729 4365/1/1767 4384/1/1785
f 4365/1/1767 4366/1/1766 4386/1/1786 4385/1/1787
f 4366/1/1766 4367/1/1768 4387/1/1788 4386/1/1786
f 4367/1/1768 4368/1/1769 4388/1/1789 4387/1/1788
f 4368/1/1769 4369/1/1770 4389/1/1790 4388/1/1789
f 4369/1/1770 4370/1/1771 4390/1/1791 4389/1/1790
f 4370/1/1771 4371/1/1772 4391/1/1792 4390/1/1791
f 4371/1/1772 4372/1/1773 4392/1/1793 4391/1/1792
f 4372/1/1773 4373/1/1774 4393/1/1794 4392/1/1793
f 4373/1/1774 4374/1/1775 4394/1/1795 4393/1/1794
f 4374/1/1775 4375/1/1776 4395/1/1796 4394/1/1795
f 4375/1/1776 4376/1/1777 4396/1/1797 4395/1/1796
f 4376/1/1777 4377/1/1778 4397/1/1798 4396/1/1797
f 4377/1/1778 4378/1/1779 4398/1/1799 4397/1/1798
f 4378/1/1779 4379/1/1780 4399/1/1800 4398/1/1799
f 4379/1/1780 4380/1/1781 4400/1/1801 4399/1/1800
f 4380/1/1781 4381/1/1782 4401/1/1802 4400/1/1801
f 4381/1/1782 4382/1/1783 4402/1/1803 4401/1/1802
f 4382/1/1783 4383/1/1784 4403/1/1804 4402/1/1803
f 4383/1/1784 4384/1/1785 4404/1/1805 4403/1/1804
f 4384/1/1785 4365/1/1767 4385/1/1787 4404/1/1805
f 4385/1/1787 4386/1/1786 4406/1/1806 4405/1/1807
f 4386/1/1786 4387/1/1788 4407/1/1808 4406/1/1806
f 4387/1/1788 4388/1/1789 4408/1/1809 4407/1/1808
f 4388/1/1789 4389/1/1790 4409/1/1810 4408/1/1809
f 4389/1/1790 4390/1/1791 4410/1/1811 4409/1/1810
f 4390/1/1791 4391/1/1792 4411/1/1812 4410/1/1811
f 4391/1/1792 4392/1/1793 4412/1/1813 4411/1/1812
f 4392/1/1793 4393/1/1794 4413/1/1814 4412/1/1813
f 4393/1/1794 4394/1/1795 4414/1/1815 4413/1/1814
f 4394/1/1795 4395/1/1796 4415/1/1816 4414/1/1815
f 4395/1/1796 4396/1/1797 4416/1/1817 4415/1/1816
f 4396/1/1797 4397/1/1798 4417/1/1818 4416/1/1817
f 4397/1/1798 4398/1/1799 4418/1/1819 4417/1/1818
f 4398/1/1799 4399/1/1800 4419/1/1820 4418/1/1819
f 4399/1/1800 4400/1/1801 4420/1/1821 4419/1/1820
f 4400/1/1801 4401/1/1802 4421/1/1822 4420/1/1821
f 4401/1/1802 4402/1/1803 4422/1/1823 4421/1/1822
f 4402/1/1803 4403/1/1804 4423/1/1824 4422/1/1823
f 4403/1/1804 4404/1/1805 4424/1/1825 4423/1/1824
f 4404/1/1805 4385/1/1787 4405/1/1807 4424/1/1825
f 4405/1/1807 4406/1/1806 4426/1/1826 4425/1/1827
f 4406/1/1806 4407/1/1808 4427/1/1828 4426/1/1826
f 4407/1/1808 4408/1/1809 4428/1/1829 4427/1/1828
f 4408/1/1809 4409/1/1810 4429/1/1830 4428/1/1829
f 4409/1/1810 4410/1/1811 4430/1/1831 4429/1/1830
f 4410/1/1811 4411/1/1812 4431/1/1832 4430/1/1831
f 4411/1/1812 4412/1/1813 4432/1/1833 4431/1/1832
f 4412/1/1813 4413/1/1814 4433/1/1834 4432/1/1833
f 4413/1/1814 4414/1/1815 4434/1/1835 4433/1/1834
f 4414/1/1815 4415/1/1816 4435/1/1836 4434/1/1835
f 4415/1/1816 4416/1/1817 4436/1/1837 4435/1/1836
f 4416/1/1817 4417/1/1818 4437/1/1838 4436/1/1837
f 4417/1/1818 4418/1/1819 4438/1/1839 4437/1/1838
f 4418/1/1819 4419/1/1820 4439/1/1840 4438/1/1839
f 4419/1/1820 4420/1/1821 4440/1/1841 4439/1/1840
f 4420/1/1821 4421/1/1822 4441/1/1842 4440/1/1841
f 4421/1/1822 4422/1/1823 4442/1/1843 4441/1/1842
f 4422/1/1823 4423/1/1824 4443/1/1844 4442/1/1843
f 4423/1/1824 4424/1/1825 4444/1/1845 4443/1/1844
f 4424/1/1825 4405/1/1807 4425/1/1827 4444/1/1845
f 4425/1/1827 4426/1/1826 4446/1/1846 4445/1/1847
f 4426/1/1826 4427/1/1828 4447/1/1848 4446/1/1846
f 4427/1/1828 4428/1/1829 4448/1/1849 4447/1/1848
f 4428/1/1829 4429/1/1830 4449/1/1850 4448/1/1849
f 4429/1/1830 4430/1/1831 4450/1/1851 4449/1/1850
f 4430/1/1831 4431/1/1832 4451/1/1852 4450/1/1851
f 4431/1/1832 4432/1/1833 4452/1/1853 4451/1/1852
f 4432/1/1833 4433/1/1834 4453/1/1854 4452/1/1853
f 4433/1/1834 4434/1/1835 4454/1/1855 4453/1/1854
f 4434/1/1835 4435/1/1836 4455/1/1856 4454/1/1855
f 4435/1/1836 4436/1/1837 4456/1/1857 4455/1/1856
f 4436/1/1837 4437/1/1838 4457/1/1858 4456/1/1857
f 4437/1/1838 4438/1/1839 4458/1/1859 4457/1/1858
f 4438/1/1839 4439/1/1840 4459/1/1860 4458/1/1859
f 4439/1/1840 4440/1/1841 4460/1/1861 4459/1/1860
f 4440/1/1841 4441/1/1842 4461/1/1862 4460/1/1861
f 4441/1/1842 4442/1/1843 4462/1/1863 4461/1/1862
f 4442/1/1843 4443/1/1844 4463/1/1864 4462/1/1863
f 4443/1/1844 4444/1/1845 4464/1/1865 4463/1/1864
f 4444/1/1845 4425/1/1827 4445/1/1847 4464/1/1865
f 4445/1/1847 4446/1/1846 4466/1/1866 4465/1/1867
f 4446/1/1846 4447/1/1848 4467/1/1868 4466/1/1866
f 4447/1/1848 4448/1/1849 4468/1/1869 4467/1/1868
f 4448/1/1849 4449/1/1850 4469/1/1870 4468/1/1869
f 4449/1/1850 4450/1/1851 4470/1/1871 4469/1/1870
f 4450/1/1851 4451/1/1852 4471/1/1872 4470/1/1871
f 4451/1/1852 4452/1/1853 4472/1/1873 4471/1/1872
f 4452/1/1853 4453/1/1854 4473/1/1874 4472/1/1873
f 4453/1/1854 4454/1/1855 4474/1/1875 4473/1/1874
f 4454/1/1855 4455/1/1856 4475/1/1876 4474/1/1875
f 4455/1/1856 4456/1/1857 4476/1/1877 4475/1/1876
f 4456/1/1857 4457/1/1858 4477/1/1878 4476/1/1877
f 4457/1/1858 4458/1/1859 4478/1/1879 4477/1/1878
f 4458/1/1859 4459/1/1860 4479/1/1880 4478/1/1879
f 4459/1/1860 4460/1/1861 4480/1/1881 4479/1/1880
f 4460/1/1861 4461/1/1862 4481/1/1882 4480/1/1881
f 4461/1/1862 4462/1/1863 4482/1/1883 4481/1/1882
f 4462/1/1863 4463/1/1864 4483/1/1884 4482/1/1883
f 4463/1/1864 4464/1/1865 4484/1/1885 4483/1/1884
f 4464/1/1865 4445/1/1847 4465/1/1867 4484/1/1885
f 4485/1/297 4326/1/1727 4325/1/1726
f 4485/1/297 4327/1/1730 4326/1/1727
f 4485/1/297 4328/1/1732 4327/1/1730
f 4485/1/297 4329/1/1734 4328/1/1732
f 4485/1/297 4330/1/1736 4329/1/1734
f 4485/1/297 4331/1/1738 4330/1/1736
f 4485/1/297 4332/1/1740 4331/1/1738
f 4485/1/297 4333/1/1742 4332/1/1740
f 4485/1/297 4334/1/1744 4333/1/1742
f 4485/1/297 4335/1/1746 4334/1/1744
f 4485/1/297 4336/1/1748 4335/1/1746
f 4485/1/297 4337/1/1750 4336/1/1748
f 4485/1/297 4338/1/1752 4337/1/1750
f 4485/1/297 4339/1/1754 4338/1/1752
f 4485/1/297 4340/1/1756 4339/1/1754
f 4485/1/297 4341/1/1758 4340/1/1756
f 4485/1/297 4342/1/1760 4341/1/1758
f 4485/1/297 4343/1/1762 4342/1/1760
f 4485/1/297 4344/1/1764 4343/1/1762
f 4485/1/297 4325/1/1726 4344/1/1764
f 4486/1/304 4465/1/1867 4466/1/1866
f 4486/1/304 4466/1/1866 4467/1/1868
f 4486/1/304 4467/1/1868 4468/1/1869
f 4486/1/304 4468/1/1869 4469/1/1870
f 4486/1/304 4469/1/1870 4470/1/1871
f 4486/1/304 4470/1/1871 4471/1/1872
f 4486/1/304 4471/1/1872 4472/1/1873
f 4486/1/304 4472/1/1873 4473/1/1874
f 4486/1/304 4473/1/1874 4474/1/1875
f 4486/1/304 4474/1/1875 4475/1/1876
f 4486/1/304 4475/1/1876 4476/1/1877
f 4486/1/304 4476/1/1877 4477/1/1878
f 4486/1/304 4477/1/1878 4478/1/1879
f 4486/1/304 4478/1/1879 4479/1/1880
f 4486/1/304 4479/1/1880 4480/1/1881
f 4486/1/304 4480/1/1881 4481/1/1882
f 4486/1/304 4481/1/1882 4482/1/1883
f 4486/1/304 4482/1/1883 4483/1/1884
f 4486/1/304 4483/1/1884 4484/1/1885
f 4486/1/304 4484/1/1885 4465/1/1867
